business_id,band
tUFrWirKiKi_TAnsVWINQQ,far
txyXRytGjwOXvS8s4sc-WA,far
eYxGFkxo6m3SYGVTh5m2nQ,far
x9K0RfZaT_zlw6DklBDzjw,far
luGY5CJlb4CJ3LrBcSXMPA,far
9C2rpb56aQvW0ViZHK9sPw,far
E_kLUlU60fzoZYAOxbH_3w,far
E-nhxuu3zbt02oCj_1AFng,near
x8KYhsxbufQiYIK-4MRzHQ,far
X0V_PdBTS_SwNxMY2795ZA,far
h_3oLlQ_CFohwlzsrSZ6xQ,far
8p9euqoMCbT4AIL_Fgqb0g,far
zzUxvYE-8Fj_dWqsPcagNg,far
WcSpc5mcfa7NUZ9GQgx0Tg,near
f82dhKNiUXsDVPMLqKYiIQ,far
2FR-xWttfR8qaODqcuExvw,far
1vmx7_L210UBbOWLzrhepQ,near
KUx_q3nzqUINYgUTrZc9OA,near
Ot4bRWWO681vXZIgnLfjEA,far
5lcumCB7X0nH5PElagz1VA,far
Vk3Up8OlB8h2ygVlvm8tBQ,far
KDcHC6Es_jv4tloj0NP6gA,far
D7z_V6E8cxXghSRcHAmUPg,far
fCRGXD-TTLgNhaC4mVFFJQ,far
rrdSkNz4YG6eDgOq3ov0IQ,far
WZpCnvSQ-YGukju9r4Gd_A,far
adATTqggIQX5xxLDISkFTw,far
XNBExNkAx5fjYM6fjqfzAA,near
nzIx3Wze25rr5k32sDCwaA,far
oO3XXCAzBP4d-2klkkgEcw,far
iRLAkeK4PZGjKB1zmvRByw,far
GduRGjJmz2syYgaL83RInw,far
1gVkgLjul7xSIsJRCZHhmg,far
fEt_J2Lx80kwBy6FYHaT9Q,far
yX-eHIG--H3geTNWZ2Q6SA,far
L9gZiajtCvwr96vCVukNUA,far
PT_24gEkVdGG6ZhYuX7gMg,far
ixj7fzkBZOvwIphmfbyJMg,far
IrDV880tvqNdP9RyYtu2ew,far
2vAqYNN86VWXZiy2E96-TQ,near
wYnM2hu7l83HeRDZCr1HfQ,far
3swM60bulnut1d4AZti80Q,far
AKFahOtdDQA7NVXZyDajCA,far
h-GjLWwP7A0580JTqO-Wpg,far
iNMdSi5bmvGSGeRQiUW4dw,far
a6Q00Q_a8pJX4kd2025zVQ,far
tsTaGk-IL9_j4DY0vDv1JQ,far
oQYZ3j2H758y07p4RpCWug,far
3xqHC4ccVvdcFdn04v7GWA,far
slie9368A_rG70_1Wxe50g,far
C3roKH0ekXBz8l0ZoUIvAA,far
UAi8nZY-tCA758y4_8Meuw,far
tB2Oz-ULaIyPrRTZQXBCeA,far
uICb86NhQh_jKkfkpzFKrA,far
YCEHm8fHee8UwFFRskD6DA,far
Yp7xPdDBcPRNsiEQ6QpRvw,far
IXv-g1iK3Hwsnxp0vT8OgA,far
yL79wjr-9wa6X1BtRbiIhQ,near
oY-YKxfE2Wjq51P16YZ6Cw,far
rEt4M2MpiFzS-nqwzKDymw,far
5N5K-B0pA3as6dvl_ha5BQ,far
kN24lolUy8tdA88LT65cpw,far
-zXuVI8GB6lT4iU6KStOGg,far
bCIZeggW02uPdz2lobSjUA,near
LEjVZUi2th79XWpW-gHmYA,far
A2Sa7mc1cNNrwxLJxCxphw,far
OkguWi_yMeeEYUVXXyaHOg,far
jULv8yx-pqzuVDVJLV438w,far
Y3ZCO17N1_T_Ms1JmswwzA,far
gkh6xzmRJvEjVV63LffsRQ,far
FZFPZehgAPVHart6C9U3Og,far
__yJPcT-C68DuQ4dHdsrmg,far
SLWuzdFqnoaGgd6iLBrjLw,far
sM87il-TCWiluWs2StLHMw,far
1RVzvMS3Xjdfe-eUznJQdw,far
Xd9erl9SNNedkVP-23U4-w,far
V7AcrIBcBiGT6l5_tub_Jw,far
g2vLirrM0mh-dlU-8wF0JQ,far
_9llyHSLPAGEHAcvTWt57Q,far
bc3K8KvLkLNu_XU3RkeeeA,far
a0X8BAm9-HhecZBoTElF0A,near
Q28TlneXws1shf8ymTdxtg,far
cKkxqm_FzbTYHbYm49hJpQ,near
8jAX9NCL-JGh9WNJcTvXZg,far
-3-6BB10tIWNKGEF0Es2BA,far
R9ZtI-fSkarGx8RqmD-AJg,far
BIt2HXhYksM4nReEz-a9tA,near
iXAHb5jmm8tmsGlh-DZNzw,far
CQEriE-BOvuiafpH1lOFKA,far
IVcN2mtVN1Yw3ABRB2Cx0Q,far
4grfwtBDji5tZ7AxYCXCzQ,far
SnLLxr-yA_4pNshdem3UYg,far
jrvTLSMVZrEQt6zBLEb53g,far
owcK-gN5c0JXH3X8cBj5YQ,near
t03mAErURyb_wsZuy7lo5Q,far
UCMSWPqzXjd7QHq7v8PJjQ,far
8HA0FczzYJSHA6mj25-5-Q,far
_8c3ykQczPF77-qaOSks1Q,far
Q-bOKC8ugrwoytTYRPSGRw,far
401JuPDLoSMUewuzG40csw,far
v5T1Q21TT1_S_aY_G8Mf-g,far
Y29oTlO5PtAl8ypLSW9ZLQ,far
1__KKHIK8WuO_3zaXx6PmA,far
tQ7K3kTDMtl6AaBFZJcn-Q,far
Jqwjmp1Y04ZwUidKr5ezIQ,far
qB7z4j5_syaV8-aNosAJIA,far
KmZhhZ-2Rj4D7lQckA5JvA,far
ozD3Qhuiy0ki6IZ7_adDUw,far
K5QTROUbyFCHecjbOzGjBw,far
zoAZydP_v380Yydf-2u3hw,near
2nUxZbcqVCYfljp59gsxwQ,far
by2cxzQntU97-Mq3J8g2Ag,far
HWb4qwO4uA53Dl7OWH8nog,near
Zm3X8i9GsYaxdWHlI-WQwg,near
HUrK63NDjZZs0dHjcbHJmA,far
Cmnb4E1jJ1bisMXEXqmAOA,far
XsYjhffyzrn6YdWtojnPsg,far
J7TZeIXaJFgrSIZzAjQMsw,far
J3hrLEfPx4xeVbssGAXS3w,far
Eq5cqu9pHayge6cRPxiAOg,far
0SGRr9QAH1DLGa17jEz36g,far
MnaLdPRD84Te8D0FnoCaZA,far
qAsPmtzmj3EAUjPSu-dqug,far
Lbx21mBV6W2t4rtTvljBpw,near
oCATFtmf0u9m0kj1Bdr5GA,far
OfI4DC1DVCJ92XcLdFBMFg,far
IzZSPrxML6TucW-iD1PrNw,far
ONKvCIc4eIXG3nutUAFe3w,far
7MS3yezHIx7EX4u1hlJmCA,far
TEH1WZR9579tQqYQKIV9Jw,far
G_JKdNLy-0FQcKk18Aa21A,far
-RWaEQ6EiaDs5rB_jFWzpQ,far
Ck2WcubwhTRc8bgYQyH-SA,far
Ze8KzteA3MK2tODt6kzTcA,far
402dEWTSI6Nxg15oRJ7znQ,far
pZao0vH2yYFGHiG9IIfHwg,far
AEOd0wRdjeLIXb1usSp9hg,far
KEiGlniuU6mMmlagQpZv1g,far
vDhOjSNfgA4eE1Rj88-XDA,far
jg75navc2li2ba6FflRp6g,far
u75fYA_bwkfWK6yvdfveCA,near
L5YVsgOcSfGeZWB0pPFM0w,far
ERl6OCSEIFBOqfjai_jIUg,far
cXAKeC-EgVChIxhS7fscmw,far
VvZOFudu6RQfYkfyD1nIvg,far
blHTn-dKS9q7QhdO0HSKRg,far
a7ZmzKZRhVjKaJBZ7zIGzg,far
IKQwvWasGAcYfOVzaf4YJA,far
bC5RvJlfusOqyq_g6ztoAA,near
CQqYVBiCeYAekDa0H4S6DQ,far
DHm65Nj4kCKkzV86cJCNdg,far
e5zr_YpVmrnZsF_9CX81KA,far
Y6AmQuUO90gDO9JBogXXiA,near
xDLX8o-RHKCgoaaNf73eAQ,far
caGpaptBP4BKJkpH5W6cvA,far
SjjrTfCxmLp0kJgy62sRAg,far
s8zQJgjBhlwE-qcGPKnGsQ,far
f08aeZ_T49CpjeR5847OWA,far
I4iTHe-vG5XV6bm9HAO9gg,far
x6a4OLDfZTODxV8Z9XUYfA,far
zyr9ItPuI5x2XxQ22plsqg,far
63ywjOHvA62YsZzbEK7voQ,far
Azwby99MXxgB8bjaCwXkKg,far
qLrTiIPDlnNX6FYTs29rmg,far
Qx2G3vuLAJmCoNCBG05OlA,far
HpTsMT3mLBQLfREWQvJi2A,near
8YzXYesidVz4EAkWeU1CLw,far
tgWxnsQ8XIFdGeOKWhz1uQ,far
2wEnpf2eu98rcYc540UN3Q,far
VdbnHFYiOZ2r8YjE0roUDw,far
JQP4v0gtMkWa3oBI18RANA,near
7-cD0S7vJlUOuTpF2vQLOQ,far
o6hWaMjS7-CdXq3WzW9d8w,far
ezVZHFWFb-ptn4fjLn9seA,far
vzvm7_QXEDaMTxMOKLBNyQ,far
o-e2U0oDb1TUdUAvoCVSaQ,near
RYyLoLaS9Wm7o5EQi_X2bQ,far
fitSn2LBLb5OXV7hdl86Kw,near
BMdEkwhj9dLI1KHTQ_APSA,far
otQS34_MymijPTdNBoBdCw,far
bXjnfT69E8DJinX-ifOofA,far
4uF4fXn7fJkvpzixZdF0bQ,far
KsTLSwhha1HaeKzYCQ0Q6g,far
5YsyW95SpCiLhpYYuZ3GBQ,far
LQcGL4hfJAeK6bk2ZdhmXw,far
-v0JE4wW_4Xs6C3WT2XgDA,far
78z4uWjRJ-gpeANI6FrRYQ,near
Dr8WII6kVhguMUMF58zchQ,far
uhvlmT8DSb3jPpIy9zJ2lA,far
3JJjv5XhTv4PiWgD07p7rA,far
pvnv9XvTXwYBpfScd29rrQ,far
D2TfxeZkZQHLRLCfjGVZeg,far
egWikvhCIO1vkd-86JUxMw,far
4BbzHEVKSHuctibot056og,near
AtWim1cgkVlvEIsH1O8BKA,far
ucmzlWj0iBowHelE9TGPlA,far
dtkJIiywDljHkKIPCeaCog,far
7OrS8FzIChQmkVgTxOew6w,far
pQsozCPdn90Dq9JU9PNzsQ,far
PwzfqurfUG7DKqQlp-1rsg,far
tPfP6sFPAO2ll7X2VKlebQ,far
KAk07Tbv0UsoY-s7RYfepg,far
XBIgsYQfu-MeX4RRElOJeQ,far
8dEzIcKIHuOkDqLytnK_nA,far
SKgD0jRWVKk3NqOtSs3VFA,far
kTzzgoIa9icNbTZyt3zlFQ,far
SNndBdvDfflgNPKO74LmGw,far
PsnjyN3llgp3BTUA2MYGuA,near
plUxQaoTDXe7BPam9rNRgA,far
CA5BOxKRDPGJgdUQ8OUOpw,near
x_WLcfrwrj2xthDbopfoMg,far
x83J5JvK8BxYd3vs9gAPqQ,near
oC1rO2Nr9yzU7dxF0MwGLw,near
kmHOQdrkxDxq0Sxyt4bwgw,far
GQun5xJ7kr9YAa4oGJSoMA,far
pq8pg05QgtGYTjnHc8gwRw,far
U4unTh0GnXSUJ8zgZkWv0A,far
vwp_SG9FbE7rQkdsBm86fg,far
CoyTdhCmXhDHllp-M-Lc8g,far
AY-M_DxuCITH4Xjn45Rczg,far
wa_bwyY57etHjtJ2Fw0E3g,far
ndSwAPAHeG6NVz8OZVDvhw,near
ygS0u9G_VUeV0nF-iVDRQg,far
PrWr55aodHKyWHoDhyhb8w,far
txGKJkUuTf41e1C8_-P6bw,far
NM338Sk25RGU-nHZYydKEQ,far
2oeIjJJ981288s34A7tJmw,near
ak7Rmz3Mu48qfqnw4ExiTA,near
G1Lp17Kv3j9TPLpHbb5bRQ,far
4iE-M3Oonu83VVYPTMI2LA,far
c1lnt8TTtcxhmeg2R4IKpg,far
KolSKfFcHDODAN49AweaYA,far
Xum0rTPsBZ81VtaP_1CMuQ,far
1GM63iRRlcaxjGbzfPb3Aw,far
23wO6ic61V41UfGz9eCeQQ,far
0jwZeXtZ91OaYP1XjId_Uw,far
KX2170dzDtCi9hb3vMryKQ,far
aiqbuqwA8ZyTuu4W5JaD3g,far
hpfYTeDKmyrB3e5BA5PGPQ,far
-t9dKUGyLHGww3S3L9fj-w,far
wzfhEazaPDgefDfNM7DisQ,far
WF_KgJ1tuhz6rMI4_xZSRw,far
jmwasbZfgj3honf79qKsnA,near
5bBT9M8xCybFd9wVWUYvJA,far
_AStgdcAhL_0GWrA52tLHg,near
-a75AN03TRYEjnxWz_8xeA,far
o2Xb3zoCtkYLBznqHx3G9Q,far
rPKaAsWOJgWvde3aqU5mLQ,far
VF2PtrstMeasOK_4d4VHVA,far
p-oXKlQ_6JUCb1pZKYmq-w,far
bJ4WT0fbOk5zOgtDpT_thg,far
c_OxtZJm3-McbujFyknJiA,far
mV7t_gMffW7C6DjbVw2QVQ,far
rDZwAhD1eL0cCb6n4OMTIA,far
Wd9JBLjCCh5yTF0vPAxCAA,far
ihMMMEO19h18rc-UWXgaTg,far
zSnauQCNDfXyltOH_e1d8w,far
2cpdYwMOeKQtiMDvm39nKg,far
VLVEJw1_DSgocNuqoicswA,far
toLPc-WXfR97rEPLrE_Seg,far
KBw_1ODSmzbFJrtHfz9Tvg,far
CvPp2DcyJ5Lbz3Wvv7ccmw,far
KPI0trKirkXDT8oroNfq3g,far
fgig5QHniA0BKaddQsVFfA,far
VCvEfLdVxEym1bi4k6nbMw,far
Hnm9ZBYyq0VaJTzR0CYnlA,far
8pLHRpAe6YPL0FVOKkyVKw,far
AIjfvtKIpyB2Lam5cEA7Fw,far
vGgAW3kLPjRFQCrndE6l9w,near
Af56BYIwdweK7dbOPqmlZg,far
L4f7DvOdzkqPlltqmwL0Rg,near
eLTKLGnhQ6ibTGaLjxK-0Q,far
dP0ikOU7PzP2an4p-qOALA,far
8qCbeHopky8xpGndJCcr7w,far
S2233x-r73hC5l4s9keI7Q,far
P-VlH8g51TRVru2RGGbCTg,far
Tp_RH-9nUvDr70YlwaQwyQ,far
7L1kXfwU5XM6f6Jxo_L7Yg,far
yyTuqf5DIJG0NAWnwMQiWg,far
iuv_kT2zc_-4KFdUPFd9Xg,far
4kl24gxD80wSNExPZhtGvw,far
L8loDMdmEMcAzgNajXaCzw,far
B10mqANgHvL8gBteo1UhAA,near
zuXlPQ0Jk_5nX6aMsfnLAg,far
LzT90kqhD4qerJUwk8Bs_Q,far
pJch8MuldB4WJtg6gsTU5Q,far
o6M6fFBHl_nsDkYxopZuuw,near
JZTjsww_tdYvE0jaHGz24g,far
i6gX7a9S8aEsgUWH0jBLiA,near
EXSPc33CL-pNsQ_XmalaIw,far
L2VIQKr-td6vRWvs6stzng,near
Lzq-mUgmdLz8mVpb3gGarA,far
8-LPWq0IA5gLSV2Id8nKMQ,far
Ig7rcrzWcQ3MEsJZ2wpw9Q,far
HJK8vhukqGWu_c83V9oVLQ,far
Bb5YSi_C9p4Sp6eD4ZCSVQ,far
V9XlikTxq0My4gE8LULsjw,far
P7qY1cGAPgFzaAk3cSBphw,far
oNb6kqjkA7cSRnJnu0oQ5A,far
WbA5ud4InNWkizW7HE5kRQ,near
jg1YxrBaK9cB4OT1Zx49Hg,near
t3qEUu4EaCKN3WQU7Pq3oA,near
2vPz8WIiRGLyYtqadD4SPw,far
kNA3gcAM7N12wEscMpYh4g,near
G1EanzvwOGLx_J-IwxnwtQ,far
5gAbGJdr0uB8MyFdOAzClQ,near
8djU56gFS-71iMt48K5T7g,far
XJK4_FIg5kegPYVBPvYEXA,near
XDZCIWK9cYZ4JW0fWBacGg,far
YOuhdHxVHt4hfM1GM2TeWg,far
Eb_vVPGB9t4hLau4tzypEg,far
I0053JmJ5DEFUWSJ8pikhA,far
4HCouYRe4_2UdLQuIE72Eg,far
1xeDJerv3yWe9aeHE_3oXg,near
GbJ-uCRqU_2EGUD3sZF9JA,far
RGkyjpmYrnV3OnrpZp9AfA,far
uqA2KDjulHpvls2UoJI26w,far
TUCD-RBJ02xayvzMXRETqg,far
fgTOJRkc703E4XRdcr5zRA,far
n5-1AVcqXiThFojV-eQ_og,far
-DI-vf2wcsalEH1zuaHmyw,near
txD3iYrslYxaoxrS0BaYWA,near
TOymebG3PW73IepwGqypHg,far
arp-UJ5f0kMN47oKuMak3w,far
8RshwVwjfXj6MXDtO9qc4Q,far
ZvN_3pwsnMVQPvtCgl_kkg,far
pIYV5rf6APmubs5F04xiqA,far
FyXNlwJC3T0p8tDCjvL6bQ,far
35KHrtM1ZYtyZs1b6J1K4A,far
zKf8mDlViSH9TC0DI5d1Sg,far
i9yd8EPVhzeV9LvQ0xHaHA,far
gnEyjxoBYQcP9Bz72C95YA,near
LouKUKYCrza_5CIdpdfv5A,far
oFs1TqWW71EM4SKMxSienQ,far
KFfmCw3ODnR_plV8lj_O4w,far
mnSjba8ib9N2WxChYyUc3w,far
wBT9bd-SPICuYl6DdB3wSQ,far
eo-wP1VMVqsSFoDPeRmGuQ,far
SMk29vRP6SjATOXZtFnwYw,far
ekRKDe4i3zYPPsOlpjyd_Q,far
IobVmMIIDUC7tsUWoRPP5A,far
thAwvjCr5Kke4-p56AWNQg,near
rnzHrYDKmxUhSeqOpFwQBA,far
sDtIjlmqRCEq4TWGlqTqjA,near
-D_InZvA0lq497RtoNxofw,far
izjov9AY-0Hmt7v4jnqdEA,far
qoJH8TCkmXor8BXOcgD5zQ,far
qihXOYNjQkAHov0FEWNLJg,far
K9-6BYER3XK5eANRtaiyYg,near
hQcAPRwuYFPAbhbpeNPEgA,far
fxv1yDFmkgwkeFs-O7R5HQ,far
kFa6yxVrrBbh6oKJxVwPOg,far
vdCQoE2il097-vc_gIQzYw,near
3p60SCbWgBMCw7UcREExMw,far
ezqJL5wLn4ibQdl1jgRuGw,far
44chpwVvS7tFYrOluKSz9g,far
OjF3T-VX-DRogh6zz19AnQ,far
frxVia9P7TBQBTNH1WrEhw,far
mV13U2bc3IEPnyaOyFxQGQ,far
wJmyu7W1K9A_gE8Ed4Bc9w,near
W7NxQw8UYFR0HLPrI08tvw,far
uWc9h19N2G8cR7Vo5blL8Q,far
Y1ZdPCfQ4ndVAmj9lx6I7w,far
sFQTyTiBqhTpSvyyB73iYA,far
I_HZRmIqe7xT6ZW95JdR1Q,near
c4P7jdIvKN-9Ol75pAvXpQ,far
z60vRuxzZSQAxqZ3jfBLpA,far
vSZRxp9u-zR5hEvOj4J5zA,far
8zWNYWPw01YFFe-2K7BFMA,far
8i6ila3Nc4jinPNHN1dlrQ,far
n6JMMwYfzy0Qda19-LE1DA,far
-bRfcZpmGDa_oVGmJ0PHKw,far
91GnpMqvdAtztWjIlBCGhA,far
_D1-iD7On9s_k6P1qAZxSw,far
xwKYBPO0ByGlkvNcr8FdqQ,far
V8A0JxgdVetmPKliyVyZgA,far
ch2tRXQLSIFM5GGL-h7_kg,far
ttbLY5Xm6GDvES65XwzUHw,far
fZS5RYYKCXyGIFhJy3Vngw,far
nnoeKWNEPYPoYHqMsPTodg,far
5O09IoKwgQkm3aR_Ir5_2w,far
rkyE7Ru0xySZAJAL2uJ-5Q,far
eZfhvDdol03GkF6PaFWO-A,far
zNkM1payjxacCiIXSQrcDw,far
8s1XOUbY9xlccgh7DZpZEg,near
BhqDHM4nBjXYAaDTa5ykBQ,far
jUyv6KzYbHmdV3KvbiPmvA,far
LQXYptD4go9M3JNZonHMhw,far
dN7sCLA_b_VUMpi2nopi3Q,far
PWzig5TIVhHtyTJKhcFf_g,far
25oFsYCEn6jP4CdJdkEw3A,far
AzMeyPRBmm0M78yUDva-xw,far
2HmOS-rKrbMUPdLkLmUYmg,far
QtsmqZi1ezY-aQS1TkE5OA,far
gt6dgnGtaOXm6HIBBfoFJg,far
ct0CNbZUdGU_RDm8V-oLvA,far
9N2EGZEaZSK52kViRx9GMg,far
T91U3K9eJSZ14TZdaSsAEA,far
26rvYn1RPbJCBW-cW05xnQ,far
t6lT2A-vBhbcJwRiavJZFg,near
QTGUmPWqmojVhl7qIPhi0A,far
7OXqtEjWfILWpaab4EM-YA,far
zt2JwrXrou8PyDELJOOA_w,far
byVXAw7fHDnp54Qt1tRBKA,far
PG9vb6SXpm0a3UBlUqPWTg,far
wPABxiwpUVAvwMvQLDRkcA,far
AQdBRwUcsYY_GKkOTjjEEg,far
b_MIBX3vBfdB2Sz9HqIBfw,near
KHwncPVH4YKRpEPoJpiB1Q,far
_UN1Wy9g4jA2O6lsTvXK4g,far
B73uHrYlkCNOIS6JwGBqYg,near
EFmE-uiATwFD7nAiBWeW9g,far
fJUQ2hB4PfreN9UlNZl4_w,near
dygflr6j51vf3-lM5pUIkw,far
uW8L6awmCyjovD9OhWPo7g,far
QlvRwArDzGNRT_0FAsOSnw,far
i4DpctAkK-KaauKYxCzA4Q,far
_rWSlCuVT6HmKzXLj9r_rQ,far
pvQqt8VOEZu8lOHbl3hkGw,far
SbdL-8NSmTWgSwdGZBa7WQ,far
Uhs_uVUdPpZqGSBTkjPOoA,far
42odv0ka-Bz4yAZJ27wgGw,far
gp9PRGOKR7qiRsy-vxoYVA,far
t9RaK9hkNX5B4C1TRVOLOQ,near
u4P6hqDz6-QG9PR2Pj5KIw,near
3StNEgKAwpCFR1q0urmJrw,far
qoIPlZECW-aI0zZYVZtT8A,near
4pttw53YrhH253K15D9_wg,far
RpMFkxePli-ZG-VJcuOcjA,far
tP8wd-9CrI_RkHK424oifQ,far
ayKkakJwKGx5eBCYboYOHw,far
dUy_useEo2sT8_8aOgJCcA,far
RLI3XcSeNSwIOdxPwBRCxA,far
uEWsfftrJ7ukPv1xyMVcrg,far
JN_sprx6_17CEhtbEK-AJg,far
AsqWM4WNxtA1sh1xa3J_kw,far
m5c_a389Wo6-qlnRH2P6JQ,far
sblBkFisRF2D7sZOi5gh6Q,far
OMnPtRGmbY8qH_wIILfYKA,far
h6XNZ42nIgqWf_rhUkdouw,far
gwNlSSV0hGgNgTqPprj4FQ,far
KDC4yE8av8-A5TxgmjjUiw,far
3-8Trn8cCvHJUqCIYDhphQ,far
glb3kBNiK2dF4ttYxaPS8g,far
0OMGkc4IUS9jSDUm1gGJ9A,far
ATutwWGFf7Wo-xO24LNwAw,far
DgCqXgSG_WjreSgYaxZdVg,far
mlMUCwhGacYGDTFZPZGFCA,far
p3XlbP2aZa-NBRqJ4p3KLw,far
iig1y9LryICt5neY6BNRXw,far
LTtmAHFW3nWLirD--VWAEw,far
wqmAnbS2roEnhKHCHygrSw,far
sa-OzUFCgU_dydphmYOVOQ,near
Cs2dygQDyk_XxRL7uCgqrg,far
zmpNbfRPecNkb1FhNbL1IA,far
mg1wmGkaIF3l8nS0bpWuug,far
LF2nKVz9o8KIkBPkJkZu9w,far
7Ro0gqeX2cM7LxuaV6u1hw,far
-1MhPXk1FglglUAmuPLIGg,far
_5YJq7mUvTasNQhVb192UA,far
xSTd8vgQbBnepyYaq4KeGQ,far
L7gc2coK68xSwqppWEYiSA,far
YIcj7CK3gxhQ07hWxudZ0g,far
9blNvB7AVHmYu7TvmOrQeA,far
kXlgpNeaq4rO_3Oan4OyGg,near
iLrCT1nq3cz5RHJiSkxSzg,far
Yaqg1BsxEH3iuunV4mZXNQ,far
8mTSAomA3GzULAGhroy3Tw,far
MTwiz3yCBDPCaqAFIFSRRQ,far
jeizWBHYh9bYkf-rey3Ekw,far
qVBKNMcWX6X4MWa8edhGdg,far
q3yDSbiVl8No5P1WLLQhjQ,far
AyMbqti2laPCL3LH9U7SNw,far
GuoVl66e0gQUfsDfqbPifw,far
9HWMKDCWFF2sH-wfO3XGcw,far
IOAsf1Q7LJlPKktx0RRWkQ,far
h4Um1Vu4Lpo7I1juWXFIUw,far
Nph82hv9yc8teo_U3gmXTw,far
tUrh1N3cIQmBf3TyVQ91mg,near
D_ikRbZcIPhjeGU-yegz5g,far
ZeyWule27WepTQ-CfYvs7g,far
0Kn5W22UmxOqPj2cjouFNA,near
3_CZbpOMM6BYF609W8U8Iw,far
nUfx921sp44DDiZWa1P3wQ,far
rABScwWmhxRwVwzQ8WaDmg,far
lS1dmSXpAtQqT04eRm9kiA,near
-pRU97z3uPU_M7yUf5yzMg,far
SfuqejYESST6N3zrTiaryA,far
U3aNQ5DsABPYyJQolsCbJg,near
GlYN-RJyL_YwxIqsSDo1ag,far
X3cPMwZXDWa3USsYPsOkAA,far
B4nqUxQ4FQPdZccgD8n6Rw,far
tjI3p27hkAYYhelmHF5AXQ,far
P5wfVQb4kmADp-_4ux2E-Q,far
wHihWMBVeNyr36TK5RSrdg,far
WagOd8uvQIZ7vk0ikzBXHQ,far
ji3RfOArnXi-XXE4X372NQ,far
4t7PVNwxhtnYEGIPam-8sA,far
VOV2kwrrVzLFZTwx-APzSg,far
TLGDPigfdHy_MXpgSCCPjg,far
9oSs0amRgUCWtZEtmUEZNA,far
aw_WRiz84IsViKgzuoD99Q,far
Hj7PkLy88GEYYFhhOTIyjw,near
wZqZRDkBf4IECiiALKV9PQ,far
ACYqszWy-AlxeskqHuiRBg,near
9sJtwo9F5uyey-Xk8zpiRw,far
y846JhE5PrB5ECr1R9L0vQ,far
aXIvwSqYkUK0xyxdBfxtNg,far
9Jji6pmTekl-BXUT-rHOnw,far
WKN2_CHGBNLi6f48t3LyTA,far
q6hWgpMCm2shP60OfJFJ9w,far
9u4_k8-XC4RFETCeiQdO8w,far
FNdfY7ZOavJQMmHiPPBkcg,far
p6zCE-CRFFLtjlrtn6kyCg,far
RltJmR7ALy-qNjwes7s8cw,far
VSjoo6kJ9MU4G0cfO_-CRA,far
qbrnJVMCkvy5ZhiheeArVA,far
dT2qCOVDh0fPrt21YW9DYQ,far
dTlnRzrlnTFMzDWqVKQzIQ,far
DzZvisjM1mvq9kBx5JWbtQ,far
k0DQBEvaUjiJ3KXynmhpDA,far
OHsqlML8Ttaav3fkcLXPqw,far
TsurJeR6kxaZ3N4Enr8dOg,far
TyGQi4q5XW__WOVGsa5oXQ,far
tZR09XLQ2tjOgXhSoxILXA,near
FoA5JXF6hRQhLMxovEpSNg,far
TbnviOpaijW0rjKQPO8dAQ,far
qQeJ6nHr8LaBMp2NTpzJfA,far
jWgx78tW16evyw3r8YGmyg,far
9X36i5avr_dDdsa4v4z89g,far
5DSOl68ua27nwknuiFUHhw,far
FlFUzjxz76TR03CCwOA2sA,near
vTjI8cOEOfyV5-NZi1uXcw,far
_yUEI_Tl6Kk0hG3-yq5yGQ,near
pRqLUBx3LPiKZ5PKU_fwdg,far
v9Ap15_rRtH54cDvZFY6nA,far
GldIUU-hF_Oq_zN4BE9EAg,far
UUP-DfmhHVGXMyKjzgKiSw,far
Hxdc8gjt8MKPJXZ2r3quuw,far
L55x84dRVC5OdQ4Bhji0nw,far
vNzj-6z8UcxG5Kf-bwAayA,far
RQBwDVWNCyhhsLcyD6rkMg,near
AnS7cUS7RzXnEBx6c7y5JA,far
SGk0C8RrR7sPKYq2ZvBDPw,far
iEDofb8oDxQ7UHYEUVR6ow,far
9ezsQ2x-BR-bA8lTYv7YOg,far
Ofi-HNpfyxMUS3jR2i4voA,far
1zH64OW9y9itzJ0kff7elg,far
-6eBL83GDj45MpRmiMN-FQ,far
mNbL-1hr1GuFEzBiKJm9eg,far
LeT_GwcvN4CrAwJ-pgaLYw,far
2nhBFR7J7QFB2AhmcCxQtQ,far
3aB5Lzwi_G00YiKEFU7NPw,far
1aj82SfdQQQ2Bic-4mbAhg,far
Vfqcp-wDVcvKRHwKiL0vmA,far
xuz0y51Zhbw7nAt7JHk-Nw,far
YQhAPNnmKMijkAwjHaLSyQ,far
bxW6TxRFVhzurimah63XKQ,far
4tpBd0o50m07JUSRYJkMvQ,far
k2S_PFKMbkfVBRAy2e8QZg,far
viLDd1Lm8PlNqqAeNH1Ldg,far
whh_h_yJaF2kz-ieB7Dcig,far
3SQBEIHpyEW2AzJ80gLrzg,far
dx8VZzfCfO4IDxg0bsR7bg,far
JMTnxxyG_1SXm-xETNep9Q,far
wbz80cfGqXN6qb2QYHnzFA,far
BqFbMIxqXA0tTVcEnOwuRQ,near
cn9SECA9LNC01GRXCi3wsg,far
1teRq-Q6XG6l-WoinZFX0g,near
XAQsMe3TyEeiF7RD4Ao6KA,near
uAMR2fq6MHTOkpcsvjcGdw,far
6J4APGmwDo58dQe_-tf-6w,near
SVJJIoAiW3vHwoSpVnUcLQ,far
LDTb1F6K0-BLR74QM_xDBQ,far
3rWY7yQkxyeUf1o3KKZSIA,far
T3kAk8h--sp234c1zlCx3A,far
tKQcHvqsntB4tobfh96avQ,near
PuyMaSbbtMGazosQhh4a3w,far
l5ZkmRi0yCYhOurvLwXn6A,far
uRYoY6ycuZUAO88dM6sauw,near
TQ114E0Rg0Y-v7IM114YCg,far
Guz2_vc7q9Z1jrP8xmjpig,far
vz9c0IiCdw92tFtO49tg5w,near
2pXFEFkU3sS_OWlfS0RVOA,far
pHOnnbmrBeQnjKdqZzoMVA,far
W1TLCuBnkxsX_CAepWnDzQ,far
iBnj2wBO5-3moZ7corhp-w,near
1XGwNdBRo_D-4hBkWH_umg,far
4KyhBt7ty6mI0EPOLGCi5A,far
d6bkLVp3_oIZF5FeULLisQ,far
9pNXESLppN18gtarrjHijg,far
EILOpH5vO8vO2zGHXr11hA,far
hTCAEgP0I5OMwY6fCaJOzQ,far
FRFnOnY1qTltGxRHT64AEw,near
73qgTQUpEvFn-JKEDUQ-yQ,far
vHYOWkixIT7G3ig9A9Dasw,far
OPyUVxlegosWoMwFf6VvLA,near
7fWyjBkumemvmAZszZJfKg,far
lAFaAwLLm4jeTzcRgoWCIQ,far
mxw_oSOyBKse1dMdgYOmnA,far
KR871dvepYT35QCRLFV4Xg,far
lLtXkGYzfg-9mZchIvSXPw,near
bLVDpwGtkc5Z-EJ39O0PCg,far
XXRW0yiko-Kt-ODUIgX3Yw,far
9JV-nFMqEmdVyINvkiuEKA,far
w7dxtJm-Edn_p6ASg5HGyA,far
ETF5uO4HLy0BMUUoI0qeuQ,far
6Kpgkix8p3PlFCZ3-ia7fg,far
5ZhRsdaHC2cPh62uhaCidA,near
BvGVVQrmZdlaPoWPxI5MYg,far
2KCu5L7hI1j2PqAVix_Upg,near
EP1yNHZSwG785skEqqqyXA,near
P3WZ8Y7NdY-rlhi6snv8_Q,far
LEjTGR-M_dwJ1ZeAhckduQ,far
L1pH-Nr29r8gHtX0Sv89gQ,far
menJOWV02gjwT-cWy4hdaQ,far
S6H3aQ-EWatBIWulJxv20w,far
Y4Ur3avr_tGMyQaDHMUdhw,far
tM6iDFrnevsqNCMihiSTeA,far
ZNRbukNN8rxj_uHqi-mJ-w,far
W3csC6mg-osw62nrt438ww,near
2MmmxAsuIqY4-zimzJL1ZA,far
OxIvkM2Uf_K4oGge4OgCFw,far
BfxzDqkYgFRwsLhCCVL4vw,far
ZXXGB-xi6n3RE3X1OzRR6g,far
9bWGo9Ss1gIfciVeWVeSow,far
5DxyfxkKd9bzRW1bvGsCeQ,far
ugWrJXt5wYMwc3HQkRwgig,far
Gyp-AjWxzSfVjLnqFh5u-A,far
-xtnwq4VBA2XFobjDGz0Ww,far
T4dc0i0zKmshboj4bTiVSg,far
vHwEU3dniYbravUYNm-GKA,far
a99dxBVgPnfgIS_Dys9w4g,far
kiZVQXhSYZFEK5K5e8Lqrg,far
ZeNivxBPA79MQ6zZM0i5Hw,far
zDKUZcAuCPPeBEbCQ-jmsg,far
3Dkah60nO-O-3MGn19SgqA,far
RuQ9mw1xM61vuYjSOneuWQ,far
HHdGo5Mh0WxnLBEMNaPP2g,far
siSz_6-nxAyXetGESHCVTQ,near
1ROHLAfputpAhqVmCiclnw,far
qjFPkqQ5YqahlgHdFzSruQ,far
grR8jimV3N4EtCN9l5Jq1Q,far
4IcywUTVISsRI6eqyRGaWQ,far
xXLJnKVBEz8hDFh-vSoqMg,far
CF9iY1FXOVqpUhq0KJxP3A,far
jg8DfcobaxdKnWPxJH78TQ,near
xg7rMM6hUSsb3Mg9S6Ee4g,far
OOoxH_7PHboLOZjvLKmt7g,far
1s5eQotc6xV4pdDgHFSoSg,far
oFf0RgssdztH7oj6q8qikA,far
T_I2fxCdXDn6QdE7Qmpi9A,far
ZrSG1C6jJD075rVs_k87fw,far
p7tSGmWpFV246aYhwODgBg,far
RtBhqGKX8UpuiHIaMOGsXg,far
Pc3L8T4l6RKSfE786H08oQ,far
rumPLvjy_ZMekZ5UBSF1ZA,far
E3QSrua1cXWaurPitBhKGQ,far
xdy61kO_r5p6Zw30dsZ-ng,far
b-cUcCrZA3fGahr45zAEVQ,far
wt7Dc464CKCUe0JP642wNw,far
6FvpuAAHD4wvvvhxi7S5IQ,far
80oF0k9Vx3gBhMOmRMsrCA,far
RDChgx8DaaqOnxlpElBsRQ,far
gZ7UG8a_jLhktpJulG7YLw,far
X_87Bx1bAwGPjPmSuiHWHQ,far
y4Aw_TAox_6RPgE_x_TK1g,far
I220i0Sx3jkkO_1EzLo7QA,far
tM_ZLztaq5yfHrSx7t0PUQ,far
VMWg_Hq-H1CRbClqL-CUlg,far
OnMbuZtEOeTfDOeQprUUkQ,near
0EEwORVVpNXCZAoOGNsmZw,near
pCz3D697nyCqHruCjJiHCA,far
aHKS3ADo2GXEpKqhm3AOBw,far
xq7g2AzTzVLCv72NtnCEWA,far
4cPMTfzcUHCZ8cfIn_yowQ,far
089BaC0_Z_iCnhYSa771MQ,near
7ffeihiWyrD_C3hPr5X_tw,far
ilYWcqfx1QZEra-4DjATpg,far
dVyTg965DmxvRRd_zImzbg,far
CzlwiXXkvG2TX91BHqA9mQ,far
LgWlFdHfW2ZD8M-2vaMULg,near
FPmqKtSS2cNXUMLLb9A8yg,far
TuXjhdg-jFAugYslyvmLgw,near
_iABaSzrsm4oJJsSmP1W8g,far
URbT8idfFsvybThWOYC9RQ,far
ch6LnpfVLljabUl3EYi8jg,far
xW7_75Z6vBjk-MNn_Sk-Rw,far
jvGBfZHBL5N70osbHzKQSA,far
GDzJR6fEELNHDiBTjQHxeQ,far
7X7Zp3fOwRzOgswiL6NIcQ,far
w4tqqeE_8xjRToEN-UJ4lg,far
NLV0ppsHTiJk6JVdFSxVAQ,far
8ZBbIWF66WENoew46_FQ9w,far
sE6yVHcG64XBWq8cv9CTYw,far
NO4-Ckytq4f2S8Vmxb1gCQ,far
tUI91XMXk5ilAQB2x6fAXQ,far
l4HUV88q63R2sNTzEkcBlw,far
QO9J1RRipJmDpY9iLv2v4A,near
aDL_KdxbDRT5s51Jtn9V5g,near
jQeThjB6k-q6yc2heVCKSQ,far
x2B34QWTjOt2-HhXXinyjA,far
_VrYvvuXt6m9erFTj__muQ,far
MRw6pOhzCBWD3kpSVIwIDg,far
MrMMI9ZFYQy6r_g6TC4UrQ,near
GeNvBa78LQZDLCOxJ6FTGw,near
eGfgOLsPf5x4r54hRjeCJQ,near
kdwh4bEAb9uYpSP0U7HSjw,far
vuRrmFkoFWEIRV8Sa6EYcw,far
FCL970kvGkOE9WUtOI9Eqw,far
fzTeOVjzdCo9zQopk5mB4A,far
KXk0yuOonpcd11en7vxcfg,far
Nggy_QUDxaLlrcQAQf7GnQ,far
fbKWcur-8_W8oYVq0emvbQ,far
yL1_ly0vKjeIsqSLSppYIQ,far
mnHROkWxHV20ePQ8cf0_xw,far
oeC-dhETKPzAiffoa9E58A,far
2nOMhod2sggZHzKVipP7gw,far
KpGUvt7cGW8GMdsProBMew,far
EX4_wdtB3mnAVpd8n7NsWA,far
FWSrX0STBYk1f_c6FBdFVw,near
XWbZBfrf6-124Y1J2aFqIg,far
yl0yqngQGbW2hPmf5L427g,far
2KxQjQUrONHAD2q334_kbA,far
ehKUaXv20Rx_7mwvp6Q_1A,far
ir-ZYaFU_0YRF5wFEcnGbQ,near
XLOuIa9av6FzWSnfAH2TVw,far
U_e1S2TYFjbTYnOslH86Xw,far
6ITgCUR8aq_vd3kSUekpfg,far
X7MWAvFSYDIXT8B8aXHAAg,near
oAc5qUOcRBUC5aXvWHfFbQ,far
8QcN-VyEiszcuq9pX7vxEA,far
g4NSr9I8ZWGPTwki5q0ArA,near
BeoltbGxYneBCWGS5_0FSg,far
xYd5Lm52-YqZ-1qt5TLeVQ,near
q5dGkkOdk5uTY5nNLJWlqg,far
jQxSzM9Rr8d59XFeAijCTw,near
IHg1383UTuLAbxPS2WHTtQ,far
EkIcCfYvGBotFX4JJG5ZdA,far
UlfRPTunYnP1CI42JoaVUA,far
heYh7-A_agC6BvgAQtFYHA,far
zPT1Jg1MvqaBOMSqsiMF0A,far
uegqsjv7JYqYkG08jPv0jg,far
aUB91CXyrJcJxHoWOC50ww,near
Umr5hzCsI_H7TDQd0-Utmw,far
UzQu3qGgXJpwe63a67VIqQ,far
EdHV7lv4hYiuruLCDspAgA,far
pSP8Wu0AsORY1YQuTdgKxg,far
KaGUyXrDgg-wAYYf-212qw,far
LmZWlvPJBwj5WG2KHV-v1Q,far
tF5jlKi60PzgAvM0hqMpiA,far
3iYX_q5qDNx42JIJa7UJKQ,far
5O9z33gSgSpH41l4-z_psQ,near
yv5YFd4fRbUs3sUd-fxhsQ,near
iayiPTY-TfcwknaQ07diAw,far
4bIWYWFu2OobvS2gz4Lx0g,far
dhnyUCOVn7iH4WrtYptuLw,far
5_o6xAj163sAVnKMzQgxeg,far
C26YgKWFVsW1MM-n7UJnIw,far
tXNMdlULhCAh7MQHFlSe9Q,far
WRZEQEDsZoTB8MfgUex45Q,near
tp2OBYiouhNx0kqRlWklBQ,far
vz9IQ-krXyDOQX397h89cA,far
YHx0sYnffw56obntZXd7hA,near
nrhclOD6qd4q2WahH-d_Tg,far
-Gvzq9_6pulzU5y0HFg7IA,near
dTn1eZ3v_k8royrgpLtYpQ,far
nVWMyPL21DqihNivH1FYsQ,far
UwYmp6vep3HM5iA5yEZXwA,near
5MJMzVITShDQctNtLmCG4Q,near
UcQVa7nRmFPMGMENzk-QIQ,far
VWnAQSII8-5Zr9gJUjcUkQ,far
2IaDZUbJCC_LCkUjvHcbbg,far
WYHGfjXEnShYBljWV8xNsA,near
urV1Ir6TCjSNx_Cvfx7xbQ,far
9STwVAyfD3FrheWIT3OOhg,far
kYtN_3dfcbmInfXv29CF5w,far
bYsdRjL3ePy4TarfzSZozQ,far
VDotHDa4Y2r-X4kgpdrESg,far
E-OOG8C1YvPvAGSCIRipgQ,far
_w6BD5VnJi1RjzegipJAuA,far
lV9Zwwau6ToYrh1_F6Q7cQ,far
PLg74hpooKWnql4IMnX7cw,far
QOQoAsORWmAwam4_iP1MxA,far
Vr6LGRIHCYArFFSsVIWfXQ,far
nEP-AgKGA_-sEpotsTIhjg,far
5Ihb_uAALK_YI1RQ7WdssA,far
8XSW4uA85WqHdQlRirWkQg,far
vpc5PFLMo0oJQzuNZaSlyA,far
_1DZ7WTVME7u4iYfdAgbqw,far
9aKackebVa2n9ZGIghp9TQ,far
wbgU_CefbAzAdWMSixNmwA,far
xjYi_MeJpTugVqc3PwFkcQ,far
9m1JbtVcXPJKglKUnr1_Fg,far
XXaLhPTq4S93GhkhjqozsA,far
LGASThK7vu2gBnAKWZrnWQ,far
FIE91mgVJdzGCW3mus5Hug,far
nfx_TII1Ej6yToivmj0hBg,far
YQT53_5tc_sp3_Xp4c5Ehw,far
1lpLudTOQ_z6zIPyQGQLLA,far
alO-AxaNlgf_b8fOklaLAA,far
biPVZx5C2s1xKIxfQ3UOyA,far
JPL6DDv-XMHOr965ZY8qdg,far
GH3WP_wRZ2oLivJVT6jHWw,far
rmqoJVwujDuCe6cOgdf36Q,far
u8DJ2JJqMuCiIp7AH1kjBA,far
S_vWHU4cr5gk8PuaKJEZhw,far
dQoVHyEMzkw7cTMQVy4r5w,far
EBfiJ_YqFij5rKbzyJC9tw,far
rG1pE-ccCMFvSGW3W4-53g,far
eeZzkbtlnEobcrW8dogiAg,near
8YM2oTP6LZYQlwB6Hk9lLA,far
EsykJrND3IA9xzXC7kV2rw,far
jQW5cj_ApzuXgFsVPpvBRQ,far
-hUrPcaLVHWhXO5kC0EViQ,far
K27PZIAIGK66Dx0mGDaLxw,far
oU4kT1L-2uVLkGA_O9gIMQ,far
KpwH8miTVCjxcJTAqipi3Q,far
E1-62yOxet7Iqo0rEFR1qg,far
SySmQMPGQELEH9GEgEHUxw,near
Huj5x4iaF7IoeYGpENWbpg,near
F437vGqV-OD47ZSCbOikcA,near
CsyTGrDRWpeDJWybUvESXA,far
2q8iaxBfJdSq3SLCi5NAsg,far
pNSix27Vx4hRxRdmZ8_GEQ,far
Wq_MeFAx6VajWrUogYSjQQ,far
IjAjccegjWKQPu41iuMpZQ,far
icS2YOLvo4_cDXrnZ-QFzQ,far
bkcDy-pYECZ4pc5ZRaYmCw,far
TEuicg6AhjyuKvrH4uKD3g,far
a9yU93P0i1QsekNdyQUbUQ,far
pr6hYi_2YI2_jh4kOwGkTQ,far
euNJOK2fN3fOcU9sUKcPGA,far
tX0NDhVwu0SgC4il-GWi8A,far
vXKXoIrBk1Srb4U6KtgXhw,far
8m0OiJSUuHzT872I1PtaGw,far
E66joroQ57qso7Hp_2vPGA,far
wgqJ8MXEts18nPZJbol7bA,far
OHSXdTFepfAsEqXgz_xXGA,far
LMAqSWASePVhhOZkUs2vvQ,near
aY6il4Oq1QMX3-smCOR7XQ,far
_GnEXTiDmy5lT3yxVwbZGw,far
wW8biqysap-Suu1JDLskqA,far
l_ebBzzMSgAN7_u2ivSPBQ,near
pBuIFaJlpi_RM7ZYhGbzhA,far
Cg1fKBF2_bGEdgMAqw8Gnw,far
CydRBqe4IMwa3W4TtX4M3w,far
YJ8pBVZ5jpMPeyvEU6j_aA,far
cQFTkfneA_T4gZ1zXvQ60Q,far
9IwtmNn0iDuRDRxX2xAnoQ,far
g9m3JP-9Ofkwqlh--pf3kQ,near
3B36-VPyR1-mWsHoObtgCQ,far
3ATArK358tYPPSj7gBjERA,far
PhJeX-IL1__Fd9hE6vdxYw,near
-TzFN6nWvbVRARY2B11Epg,far
n3RLMOsTmgetUZqKnXi7OQ,far
sTw_TCuXIVQC481QQ4SmKA,far
q4WUjjNjHlkur9FtdRQ9GA,far
fcPzNkDqkAxn1NWqoqAYuA,far
5oljWG-Mqo3tE1VJuurNRg,far
_qlJlLBeLF17WB0rhrYqxw,far
idmljB1OFHfCnghPUkxSCw,far
h51zQiZjorU2jh9KZnGFkw,far
8E33uSyFgG2DTM3eBRbNEQ,far
AJM_fkgYF_wmimpw8k9OKA,far
tBYALYU80-RzhJufLqnvqg,far
BN3LFoIi1AFQ4IZhvrMXsw,near
RcXWjfhqLQVZK0sqGP2NTA,far
mxo9574ikr1GFwmDP-lQFQ,far
1JeLTkidlEjEi38pJS0JBw,far
ZRMRhCdiSCAivDvxSPoO9w,far
YvyYGXTyhNEYbrgGzHYjDQ,far
dEOKHo8JDHoG9SuQJ2NT1A,near
WBt0yVG8HF73zvUHHNHUNw,near
KiNB06Y8hcrIkTbF3XEexw,near
uSDqsMggdq6b6hTP8wfdWw,far
klr2AR9Y0N4KB-IjqjxbmQ,far
-uIz18anCm62WTR2K2ptfQ,far
HiJUSenGL4KC8xQIMMkCEQ,far
eYS7YwTtodlSnGnDrE1fhw,far
Qzq8RZWhuCZiEMJTzAfEAw,far
Cg8YlLmaLUOyjQ1j72F-Tg,far
2jq_C2zOEye2ac36Q58fCQ,far
wsd8ktgMz9h6X6IU5FwqgA,far
waUKpfvDdyQCbv97V97q8w,far
1T_b-aka5LMYBbq2gG1n2Q,far
kwZ8ddju8nJbP_3X3kHpZQ,far
W70W-8Cd3dnAxwZ9wGCWnA,far
izo9vZ7oFb6c5eC6cBiACA,far
tJ3-bVgH04kfd4Ffj9T8sA,far
A5zTYeL1gBpMKgw_btHF3Q,far
NnRWZRPjm93gYvGS1i5bfQ,far
5SnaNLKnPrD8caGsZbKcRg,far
Z54sOmThwWoGXBlC_gqEww,far
H-OWnaC5tc4Lc0Q1TYx0Pg,far
qBG3wfTzzgb1HOK2OWigaw,far
b0WwZQhtCUvmtPKvlitR7A,far
52dXiSQeMQDRJp8T4yt-Aw,near
7aOtbqA-YP8uixrJK8EURA,far
PprbXx6-6nb7h3pQp52UBQ,far
iLdVQodnexGgwcJYuW3mYw,far
DxPk3YXP2_tdWCoxjH-cFA,far
f_xxwfH2g_WkOdtDq5LFNg,far
MNp-X5PWRT6WBjyD326MgQ,far
1hqfs-7ThL9mTPdvW-5DUg,far
36rz3AMPh8ETMJq7cTG2Rw,far
tQtasVokB4tqidnL2LPv7A,far
xds_aS-YtnNhTxp5tQ5z8A,far
f2KFAhVWZmFm63liyG8rVw,near
wgPpwKJ6oyp3XN0jGUFhOg,far
j_fB8BFZ5j6TStUNiUaH2w,near
0gdnntqYGYhUCTTf0a7Xcg,near
wqKJQHi5Vc-it-g_n7vFTA,near
ArwQffBBYhX3SnIRTiJkRQ,far
ccpOYEv8XErKzODz53zojQ,near
p-pp2F_iClEKk0wybXAaxg,far
99hjUMP0c_IB5nOzZS4_1g,far
G5kWtADcIMy5CgrjUerfnA,far
8BxtqqpvYSdKVTfme32V4g,far
UkOg_vpTNZauufH4Bx4tnA,far
l8rS2GgfMNddTqdXHn45nA,far
SHWhKFCLAMqbwNFdAohcMg,far
Xe6iQk4fD6TzHU9PysLJoQ,far
OdYxQAAVd6wKTkvuFmjZ2w,far
vI-2mPYOgfix5LcaqDOy_g,far
xAReNk3udc6380S8eUxuUw,near
UwvDZ7i5Y04Ctji0Ny64cg,far
1vLZFm0f85DwB5jCeA7Olg,far
_7D1CjVqSSz637-WzDs6kg,far
sSsCNROn_w5OZxlnH-JBng,far
w2zcvd0i8xGy6H_-uXUK7g,far
i3O6jxCt2ahib9gHpdPVJQ,far
g22ex60guzJZp6eP1U08Rg,far
3XRHR2IZ7yd3FDAogps20A,near
-jRykgPCX1O2sFvtARAgsQ,far
OrBM8eBDV8_K4UJp9O-s7g,far
5CX7rtnwYnmqFCihOyWivg,far
LtPMiHSuC9Zvt7HxwXLShg,far
BdfWrBlULBZV-zLUDTfCDQ,far
djz52Qc5Y7anAB220cbr2A,far
X3Aqv8WpZEaaGAc2kRqw8g,far
5E0p6pFnspwCi3DUmEZ6gQ,far
rZ6Dnx_TH4O5suNrSSnlpg,far
vSba-7MjISRt8Sd3kguEhA,far
IdApDqFnbtEvAzUVSrmxDQ,far
v3wh8q3C7l3aKWle2gkYXw,far
fBV_UMtcTlDMk7wAencbrw,far
QNvs2Vzi2b0ZxRnQ-AYSgg,far
hmbR-Umpx4KHkRWgmX61AA,far
rh6E_VxayVwbF4XcEzt33g,far
w9sd3PMBbZUFJin86cnVkQ,far
JRgjDdPh-8t2jbxuDMuKqw,far
ajMOsmaqUn7N1H0Mrd9KyQ,near
z1X6smmg8dIBy86pPA44uw,far
m0XskQQMaEId9-4NfaWBwQ,far
vcYh1Q7xJBHLMaSDbywy5A,far
gKL4QAmlVLA1OGjlTqtaZg,far
J_K_rgs3xZJkd3zAX1JxMw,far
Us3IgZ-egSAAxIHKhbP0Ug,far
roVqoT-hw0r9Szr5gZ_4CA,far
nsWxhtg7XAnl5DtH-_d-vA,far
xA3vkWLwwohPIuEUl9mEjA,far
YAmFD_UJbQz5kUc6dXU7MA,far
3W-qGxMbS6RktWY6L0MtHw,far
wRP6BUNftS6zeAf1FaP92A,far
6OwxdpajDSJi3DkMqkr2sw,far
1MAQQhmUNU0uzHw3KhPczg,far
RHPuM8jCgsN15bnu_DguwQ,far
AsU1uumhVafXcg3LIYYnZw,far
bo_03Xq6RenVdK3yVuDGiA,far
b1nxUFt8ukstKIq-d22icg,far
yY8lIjjlcm2RLo79Ag3mzw,far
qfQAhH8p195UdPRf7R1dYA,far
ZlFYLJV5vbImuud5IhkkeA,far
kYarZEB0hExQ6L9rd9Kq-A,far
_2Z6ZRtVJZ0Xmk2E8Z-b6A,far
8YygfwKHdNAKWTtpjQKwpA,far
ACZjQ_mZflYzzUfXbKrptw,far
GKyfYwZdiSYtzqlGVNl7kQ,far
tJ_dQUc5m--Wgo7NRIjyzA,near
QMo3URjgmyY_jU9GtYfxtA,far
OVKPUDmoS8me5BehMg-n8g,far
CGNY18ncLBJGSnJQYE-sSw,far
nVbZt5NiE8xIBUwm7d9yZQ,far
oMJ1WUhvS5ZTSzwC1jDJ5A,far
TKZqrhQouJfSabqUirDkrA,far
mRPOf9qMPJ9ZewUYiRvLvQ,far
eUoV6GeeP3GPm9Q3LK3apg,far
IG30ztzDNbhFqMHpKc_4bA,far
nTXcWsIA8gPpnNYrmmkhKw,near
2Ri5sS-cdPZLUIZxKzw9aA,far
RsW8a3-8Ymbd1gh7-wbKTQ,far
QUpXtPYh25MwIQBV2-gNOg,far
AHC1KbFvnL2P2yZwmW7zXg,far
am1gQQ0pmY0CwGYfWmdQbg,far
ISu4kRhJXTzTIPUpQ32FqA,far
MX-PvRGhqUSg7qXwbErw2Q,far
CJoO4HYD0tZRXlZqA04wmw,far
ifL9eihynQ97evLsau3f8Q,far
DpcyYgokDObK1ckTl5dcNg,far
DjXZkrvY_FsRVlZD1orVow,near
iJYC4sx5EE1i_aV4Gf7aGA,far
8Ho1ctSlanp9w_-dPmkFSA,far
a1o1Q4LfbSZ0E0y-TpEWWQ,far
tEn81PGPbEUpp2dja3iQqg,far
Noyi9xngHhOW8IsZ74TrZg,far
pnZQOGEV-Ru6vHIYaUuQBw,far
HpmsY3JJ4gIuS8EiVHwMJw,near
3AkDJXQ04-84ulyvoSMBOw,far
2fxvQI_tsgB8W6IqFnVOvw,far
vSS_H_9mEARWnQe7NtFNSg,far
LsURm9QFJCb9kCiZgKtuIg,far
RHhhGUVX7QKLxEEFL3OEWg,far
x25s_8THNkMMtjKxUMHPjw,far
Ha9kyKYPh9g2dk-bgGUikg,far
sViG0sjHxv0oTNHXY-8nrw,far
MxDjb89KPoHY3idf-5VRBw,far
AW9jwV0e9zw33z-17c8oxg,near
j_z9KzF0PxPvniJ4jpmzZw,far
X0DnBHxDTa2vPZnuK2diMA,far
0kEyHYpI6ixtq87LV6I1Aw,far
zAhlMpZlyFRY2fDWKMeQzQ,near
HH8ryCqc2x4-f7ILdDAP1A,far
ccW1MsjPwnoJVMGk4Bvsbw,far
-fARRfcFFpL0br3hTPwe7A,far
0M--IAwPfqJC9yfmI-EiAA,far
gZNgbJfETXO_9uHN-kpwLQ,far
R7Qg22u7toKE2qmfBJiT4Q,near
Pr5TeLRBEc59FlRF_Rc7Vw,far
g7ZpGEeeqdxHZK1aYvbRJg,far
4OMgYNebsGfPXIdAGjX3YQ,far
FYAHfcOPs8W-YQu-txIlOw,far
QvNAAx0DXWBMBMaaCpRu6g,far
XSifFtuHFYS8I1aRleNUPA,far
vYokHYs-HymxkwY7s3fOPQ,near
cA8FRYtYg3YVGpIMS6wnPw,far
rK6BkevI24mrCr26WTZc2g,far
5U0i3BspRYpfEjZchR_HCw,far
o6SEe-dEMsIsR2GjOK1xTw,far
Vhl0ZYmbPACG2FPLtvR5hg,far
yJMjdfo-xuSh43GFtg0Xaw,far
yu8iMYFyi_w-ZJ5idS5sMg,far
aZY-5xtLErY8r1qRXIqJUw,far
J6lwKDhbdstSdBAl6VhvwA,far
EJckfCAhi11Pl1TrIPPjGA,far
6Ws49rhCiPfDuFBLjJPB7g,far
sl8Q0WCneZskxJE9DFiCcw,far
MNOTjUt48QS_Mf_79gr7Cw,far
6uow2D7fiTK3d_wuUmafmw,far
iVLtx376_NFahfqR_v0l1A,far
a8RoTfq2-oCh6w_zpAFmlA,far
K7gGvOX25m7vJIvd4cEG3A,far
RKC0jWoBbDFgg1dK4ZcMrw,far
CXlxG59XZKXQnsb0tVrj5Q,far
k5AJ4gHL9WDGLg04GCUqew,far
u19T9XKma19tc4EBzivqRA,far
cuYMRqzehT24XJk-YSrExw,far
JreLMvu6O-Ul4elrFKDSnA,far
OjgZGDH-qJ92Enr2le7c-w,far
_eJMx6Uwfi5CYcXxPsoZNA,near
DqEPT22GDRn6AxqtihegMw,far
x9VygWFFAYgtynxzOeDzwg,far
Sq6hC7AWm-1DzWpraDQ5wA,far
rnFnmxS66k-N6-xu5-BmJw,far
OuWH-2edxHGOFIwf5HgyDA,far
jS8yeMVrt9zpV3yH0v2Arw,far
VHYVPvTnZDtDheTrf8wOIg,far
5z7N0Ih926XkkRW5-ZljuA,near
KCjJjqSFmrEJSCx6Nb7nzg,far
2NrXShg0DORJUzAz7-6VIg,far
7MgH7P0IYBI7Vq34JZm2Zw,far
Qz3C8vNPH13ao-D4VE5DoA,far
kYfkBk_vXsCeKHzNEV91kw,far
NTQSnuc6kMEIEEz2TCVNEA,far
HaVcXsBw7v6XX3NaF2600g,near
AtBV6cjwO2a87XMRRXzCCw,far
c7EvqF6PiwPwdDJF734Q0A,far
mVHZ64cTv7cUJMpCIu9ytA,far
2ktH_ewcW5LStsslM3QL7A,near
HSXrtq67jwjasp4ECngzuw,far
Q7volAn6495EXjU9MmeVZg,far
T4KbvLAgfeEh50gIPEkrrg,far
moyz4_UeQ_Uus9H8xfiwLQ,far
AJci1jlRv3TWPpI2XRP-ig,far
k7p3gJTU9_YkOVqUArc0Rg,far
5kG1tlS5odFZtf-DEnuhkw,far
ExmUG-RZ0hZ4R4O_Hc2lIw,far
mwUCZ-4ClEqKOZ5Cx8dc8Q,far
9Oc2lwZNZivTFyuAgpI5gA,far
3gtFprVjUKhjV0qfpYB5hQ,far
Te9Jke8UuPSmnSJM-TvhFg,far
8rai515c8bCvpVFMsF937w,far
YSFx1lwL3jFfYsIV6J2KAA,near
z7nc1PoggzyXUK8Fz9-P9g,far
1ARYwbkmil5PKmv2Io-foQ,far
tV46IhCfHbsx_af-pMupiw,near
iouw-Um6QVr6k3q0xsBJ-Q,far
2rTCpBUN36jDhRxid_-Kng,far
o1MdFcGG_OUTlxdbGaKB2Q,far
aHmRr6FCTxlJ7eD1bC4RUQ,far
U6NKHV_-ce1LvVbt4vjIaA,far
H37JbFBmGh3_x0OwR0PgoQ,near
S_s5fiIcgHaRSrJOqZpRvw,far
ZTkV5QCDqsxf9o9jiQzdRg,far
PzsqTLRdQrzTBWQ0aqmKjQ,far
1Xp6b7m7QqTa2KTUv-t2oQ,far
ltmenUcFgNv7fPOU2BiwKw,near
VYJCwY-G5nC7ndcrBAFS_g,far
Spy8F-lusfMJQM1rCfmVhw,far
RQdq7yC4EPv7byb-IIu47Q,far
2VPX222bhizLlWZrLQL3PQ,near
n00RXnAK68siOk8AfQTq0g,far
WXRQpE6eIauUTNyEJl1ggQ,far
OHxxMszRa0EDnN3kdZ_fmQ,far
qYac9YVtxsa2Uh68aNGX3w,far
yT3Qs8rz82wqhKFlfWr1Lg,far
LIcsCCOYqBO9k2tiO4Mrow,far
P4xS-KH7IlD-n-bQewefnA,far
Zt1XV5p_qb3U-3KjMZr3NA,far
7odtKHFKy8fhA8BRDac5XQ,far
QMFx_LSipQGXnRJtz8Bacw,far
9Wq455RePLf5wbp4C4noQA,far
wjdTLHgTtZCgS10AV9JFDw,near
d6hSUQChHHTFNQpUvsc0wA,far
CqBZhQCtHOALsLx9MDR9qQ,far
P79OVp64F9m5_2BUp74Qyw,far
iyT7-eSINLNR4YPBlA2zkg,far
QCPUoVbzkTAu1gkCrZlPaQ,far
xhDaRLEV9TGOzjHAfyUN0A,far
9hfN2Us2rg8wQTsMX_zTkA,far
BxX_9yERyt9A2gF8flnNoQ,far
rgT1MuKGJHgdNqdm1zxJHw,far
U9j8rfUD6mJdtgaZparcPQ,far
IRh7j-5UmzQsq0pOHzpGkA,far
hd3qZI9R9vN6eTGvZ1eueA,near
gwOiwfeHxBemcMV6u1dI_w,far
eeKdz6BAFEWlEJw8d2F2bQ,far
RC3ojSMa9tCP6LFrg9V8zA,far
J0W2PFAS1PS-OzkUdi4Z2Q,far
mmZNU2yCfVuFf_BxtM9Eow,far
phJqlaFcp5DDkKwP1RnBqw,far
80axSVH4khmYUet8i6C5QQ,far
DAMZpi6g3RJoW5_e0QyRrQ,far
NkQQFVlDxIlC88_fAdpVzg,far
4IH5jXj3iDKFdCOZQSEVnw,far
_1OKD3jnwKVFfrq6d4k4lA,far
vNUl3Bn6Zlnqdpbrv91lZw,near
XLdqbdbf8QhKH6n9C5Tkig,far
wrKv_OspdBf9W9vOCdaBKA,far
XR6zkgsFiwnaH2FVkoUVAQ,far
dT4nC5vTH4OBHl6PR28zWg,far
rGfGJhWNJAggoUMXt4EzYQ,far
GLDeniJ20Z0X_ZMbt4Y8Jg,far
gaOzjqlXg5selJ2lOtoUvg,near
tH5V7TAN3hUKKLvs9TalEg,far
_l_AchvpWN8oCD0qrNnyGA,far
J7slPjb6Bir_CQIDoFpzYQ,far
cCbQAPPuJ1yF9tDd5I3ngA,far
-0E708CsutslDLUuuzWGYQ,near
O5wcDzqg5O1pV75BpRTMag,far
ca6AK5mohBcyULBP6_EkaQ,far
vNrt1aP80LrpgPW2qc9odQ,near
bzNVQSA6cwsnsoHHo0oGiA,far
Ur_Vy1jWplP8DG_5ljmgIw,far
EoRwr3QPZMURXy6JVJj-cg,far
pSiYYno-P8vToIDOVf9yXg,far
Iz5rczr7TMxKvBGI-teMXg,far
J_8685V-7YdcSaRC-RimuQ,far
tdaxSGtnZ91SJUktdiiHeQ,far
WprAYHjPNS8rtatUgGg8sQ,far
qIxwj2Ips6GB_WJTChUaiA,near
PXtEhcsZFEpw2ueEr8S-bw,far
SG9_UvGkcsArW6oELZ5XFg,far
9saJJsH4z18H3qeEl9wtsA,far
IWAWR1crVkQL5UH1yFvn0A,far
wT1_27ctaa6H7Me2TDG-Kg,far
leHkOYw5Kv0SftyuT2FFUw,far
WLRMaVzd4LlEvquHgm8wlg,far
BbwN6GeKWxvgWaqXdFWokw,far
SBQKAsXb8O3iEAXX_clRZQ,far
R3k8rXhJZqsrGDQd-oYJ3w,far
fXtjyuUPgeZUOWoiQynFuQ,far
j8feOxyJqlIJWOi8su2qzw,far
tOoVIjCfCAZbiGfiPFLqMA,far
kQ08Z5mCTC75IlcxDctcJg,far
lzub1f4Hm8PSlNSR2UpTBA,far
ZWTaHa3PUhllOcvlCEgybA,far
wWNsibZNI14jKygnsOpu6w,far
1ZCrVPt7mM5yGVjh3WB2BA,far
vH1ryXWg1KILdBinCx7BDA,near
LtG7mDti18NVl3h-hC6BSA,far
aMGknUqZcwYEB01x65ov3g,near
3ekiu6SPjwXvrizZymMqbg,far
7zRNOEwGMY_8BNd40tWuWg,far
8wkPLsDbGU3GcW8CoD-4aA,near
4tOjwGBytC4jPo-bYThBPw,far
BVou6GarpR5u948P9PyAhQ,far
VeodynTzM0rC2OhkEDoQdg,far
XtpbLkNeMD014lxbsZJ8sA,near
rFoJdnb-4vQwvgABlbz_Gw,far
HgykX8tWim5KPzOicvyIFw,far
uKKazAAmCyWjYKtyp0MtKQ,far
l2Le8oulOd30ejsWL8pWFw,far
H5nMeiXJmLpBALeV8A-FeQ,far
N2_aFTLwzw4t_78s3YIKsA,far
Kv6IAyMSTidL3xpFX8SEwQ,far
Xt0BfrNdzrYxw-SBdq5aXA,far
6lXiOczEhZTm3m7LK4KTcg,far
tHFD7jmowhBp1E1ApQHzpA,far
iwYvj1PEp7LmtWRAYWqojQ,far
pg2B5bs2Rv1JUQ0s0rRgFw,far
vL503s1sl9XlJmjgqdCgtQ,far
BbToefL1buX-xJHW9qXzeQ,far
rApszehZejreNYb4yymzTw,near
2VplyB_rOt07atsvDlueXg,far
cyBml_LL3l9p_gGyEH0JoA,near
wBfryhyFBHTUM-HUAGjZOA,near
pOEwV-VyuJHuK53NYXcxCA,far
E7o4aotajsAT0DzB66skyg,far
JlM5Kebo4fiIXx30DMk1mQ,near
4OkgER1bvNQPvy8hfECB7g,far
ZI3j_5yQo63jGLoYj2XfgQ,far
McOqG0Cex2iUOCAk2ad9Tw,far
09S7eWDafAjqZa6AIrPgHg,near
1izWokdCycj9O4FSqTt8Lg,far
cAtgcrqXANpyZzPetYaH-A,far
TWwN0AzD_GhAw9_ikBE7dQ,far
R1a-uOZRb4J781Jur_mGTQ,near
IzMWQq_snLVnB7JiXuflRw,far
ZfeGF3EUUws50reyWblmWA,far
do2EKil27ppweY34hqnMcA,far
0_zkJZc4GbOzZlEMYCaOUQ,far
gtuoRlBPqoTIEPrcfbIP-g,far
qFzB-sX0KwFTugVkStM2aQ,far
VTv9Tm8ubsluMgkvEmvhjw,far
QkoqMmRCzgiQBBHP8-ebUg,far
qftbJ--kQU0jqmn4nNaqDA,far
0_LrYjVKXR1TK7SV4no2_g,near
qU6hIzLYTdSgXkhutUZi7g,far
6GeezpXz_jYeVnt450fOKg,near
kBhu25HU_hfsmhUAAO7x4Q,far
zUSpZ8kVRW-Ulp-xdDvlzQ,far
FzUcYMIKRebF-4NqbUPTEg,far
c8GrZNvchAA7MCJZImzPRA,far
D_vcK5ptgPC85KOD6ZaroQ,far
BZe24ECPAxbNfBjQzG8G7w,far
TmmbBvrTHI_NEQUIAjxyFQ,far
0bLvKEwQaFYovyfpZ0HdJA,far
9AdHhCEiBapXOPbQmcmCRA,far
9zOvOmU2O6WDmhbwrc-QmQ,far
CqOrYHAqC-hlZahkpYFFeQ,far
jx1Qc-qPxIvTYP2ewWkRWg,near
gmYNsG1R5u3e3FueeowAEg,far
9VbMBV6VSyPRHd7IzSFqJA,far
YvflQAHSf3pJhlqoG5wcBw,far
5zvzRSpiHd4p30idGRaomQ,far
s8TE6aXrwEQmODAmYlguUA,far
p76UGLhyXLxUZij1MUsFBA,far
pqHCY2NE8_aVl0EsDRbUtg,far
zchGzLqXeR2pbZg58T1-tw,far
WftO0PbmpAAcRYvwjo0_Ug,far
wLcQnDmCGe-DZY3gZY6myg,far
jU_3btpjDnE7gp8fVwJ2jg,far
ztL7Y-yvUuZZhFvYITBNkA,far
jq9rEWoUplUZihBBwAvMNQ,near
h-5vG2SwsF7P2vpKXQlFoQ,far
MmLt5zeXj3X-k7j7wCGnWA,far
jBF7ROjRFWB6n7smUDlpnQ,far
KWiyIwegBbdUXxNBeZu11Q,far
kdZr-IdMNOUNZxbZDy8TeQ,far
qE6PBhgB7AFtUHTp0nh9zA,far
JkQz12i_Eubd_xQdLLkDxQ,near
C32fy017b5exHYo6x4zQfQ,near
9zlIJ7Q5W4AENjpGgaNSsQ,far
NHiYucNq1wlrYTrtxeIKkQ,far
SB_9ENX9kIlF5ev4Aye-Mg,far
xnj0WnsnxY-XNAiOxcQ6pA,far
_pFNt7jOH2F2NRxeYw72aw,far
DzUjx-kOFMKZTdQ27hhPLA,far
YG1fT80sd9swV0oe1gPh7A,far
UB4A_Z0V-ars4baoQX0Ltw,far
Jcm-2RZWIcF0E4V6kekBsQ,far
cm3AkByn_Vc2vgbcvOTUTg,far
vYKqwc89YskMxQ-Fho40Pg,far
sczJMRhzdeHXi80lRlrGMQ,far
cMGC1z_IacJTIgrGcWXZIg,far
eK-_ahKKaMUQ1b0F1PRgMw,near
2l3OWL0Fy0EIELjGnE6pyQ,far
5bAYnAqoeV1fmzui_9qQOw,near
yALxpy5rxW4-4CkEBgZGoQ,far
3oDAJXwCKfxex0_UxpWxdw,far
4ykhWI_bbzMg2ZXKxxSeGg,far
ZgDoSIa-Hn1z7xrOLVHQkw,near
6XeVd1s1ShRbtmMhI-dlpw,far
mlzUbkIgIvDOzHtA4hhhgA,far
Z5C5lNJTJrKztPEv-Tj_Mg,far
Qusula0NuWTgrEOWowlBvQ,near
C3t83b54TiCf64KdrkTiLQ,far
JWPaKrwH0vyDliVjIfi8jA,far
0ippv_iHML43h38cdTHXXw,far
_aGkp2SPUzNX8-iU-YzEDw,near
D44IBRDtEScaWELey5IfCA,far
jAThITddnlxL0nvfAozr1Q,far
XnKEQBo8X5zgCUP54XRNLQ,far
njPa5t7R4vtkCA2JlQY59Q,far
yF0GaeHHr38Wo9GZf_clXA,near
1QnQcTzRlrQH0l3lClNDtA,far
q6v6-C55kYN0HKh8GXfnYQ,far
A4Btcmpnd_9YkDrMxr8KSw,far
p7uttvbGvTXdrO6A3F7uxA,near
EJIJ-QFdKRiPypfoPAVNBQ,far
0PBML5rIMeXkOieWO1hA4w,far
vuRv6w037WwBbUTBOcnkbA,far
fd8dUaWm4tbbt92IkpkpRw,far
yPK1xpLdh_-ACi5zJGfyNw,far
GGDUYRaRlok6JyvE21PKxA,far
7-ak5mwpt8unpXMr4_l1wA,far
juV_AexECnjxor6uDTJ28Q,far
VFtJll73nuPaWdzYNtT61A,far
yQwVf9kUk0fhm3gkf03zqA,far
g60X8RavQymEWRwIlrXbSg,far
vwl6YkyTZVt035bU-g_0ow,near
qJv5lAqtf1IjcwFqON9btg,far
CtAyhedFk-2rBcbTPJVJyQ,far
IE8L5hPWu5CxY3iO4JqMyw,far
AtUWv6p1Z90832W9DIDOWw,far
Sw4uqDpflo2cHM693sd4WA,far
s4YsSjx2J6UL77IsYwQTPw,far
3qp53RLVDBxH5r3-ak0mHA,far
j4rNqzXWv3vt5n47lRoHYQ,far
zsYxAJqfJhbaB5rydsDrGw,far
2ydEoxXuaMcLtAWNJl4Yxg,far
xmOV2V7MHk8u2IHkLZrU4w,far
nP36fO128PncgslU-KN8PQ,far
yb45m664utgv1-ZVB_ZZ_A,far
RFhDrVSvFvxEWsrG2gNNtw,far
Hhz99HuzUS2XSwsDOyTmFA,far
ac_yPqVd2tTXuHESjH8_UQ,far
zqvJbbg4MU2Qnv2Jhcb7DA,far
Cuzgh_nXSKWanBLKVGM4Lw,near
oF1UsRAffQ5c7cw-1AUvew,far
N_maxwa7CRi4sY7t4TABYQ,far
diKcuTF11thKjScDB0AATg,near
33ij2U3rw_bMRdToCMF_YA,far
wm23rnUccF_3en3NSN7afw,near
qQmIem0AM35BZzv1to9sww,near
TiPBDAUXYrqVt4bAgr4KSA,near
8FrpjioarS4MtFkVytdMQw,far
82xUjCDVNvFAvNjVecz-pw,far
Bl30bysh0eEcOK6eVTcb3g,far
WVZcslV_Nqo6HcDTy7csgA,far
rk8_DXfQaJ1J2HgENp72Kw,far
oYzElD4VoQDMc466UFoN7Q,far
NW12qMIt-EUqSwwWN17F2w,far
xyPDayyt0x7Q6DFBR0e5Yw,far
I8mJJrbXmuYSDA0-hoy02g,far
UyLYrVicM8xTF9E8p-YtXw,far
_IWde8RLdlalBhmlGuI_-A,far
9-VA_4nL0QfvhO8LMcBIfA,far
7h7LKtSIy6Vac6CmjbK6Pw,near
jVGRe8DDy07JtDhyPr5X8A,near
1c93YzZL5pke1sJCFndPGw,near
M5q3xe37FYBT9fBHLRGhEA,far
lveMgQRstQ5RghTwFuQSIg,far
ltqwLjJ2_VP9PctZ55GfnA,far
th9BYRWIxrdqmmiUtOUH7w,far
3jML--7xEZTKMsDUSrEFuw,far
TnB88L2wYnBL6X9axvzg2Q,far
yQ1Htlu3TRT6HMGFt-JEPg,far
sSfV6MmYEKbPa_UqcDhy-g,far
4EhDHmn_C947MhgogMKmqQ,far
Ci7JiHp1eYWKfGm2AYzNow,far
7-FPjrl1RHCiFCIiK_aZeg,far
bTBRqXfF-A1R-ShOsr7kbg,near
qA8AWaflM-Ip8itzGWNBFA,far
NC_CA0KkJ1UVAVgTtxsWFg,near
ITmpZnJ6ltL-5iaRRSYaqw,far
PTnahBSnLT1jeok9tmedHA,far
ukQX8e7o-DDRglKdF9fk4g,far
AdketR6jJTXBVZf1poPpSg,far
008FLyatMEsZzmmKALIgDg,far
n9vyW37fMmKNMag7M2kExQ,far
-DxeodWsu1zuv_4NDvAQaQ,near
YcF_FdG0t05eexa4iALa2w,far
CcAFr6A4IpRqetijI6pYvQ,far
wpHrK6z6eNwG0k9Ke5q8sQ,far
mZUk8GVeFXQA8pBUv8W5gQ,far
xO87Jp6QOLFIPmoVKSJb5A,far
t-abv5g6bjbYwLerN_4VKw,far
vhYqMJa5dxZfDNuRHwVlfA,far
w9qOUs1Nkyyiy0gIyK203A,far
19lISDIwRE-1SVwFQ7cDXQ,far
DNX3nmDuof9l0MzAraxnaQ,far
SpkXstMuyVoeQCEof20oBA,far
kwLEIGs6DI6GD91-ZfN-7A,far
VSDnY0w9FxBBvyqe9hOUfA,far
zj1yDoBJiE5o38C9pW8n4g,far
An_QUi1YfPUf5kXJEgZMeQ,far
3Dmq6hw1YCoXutz3ekKofQ,far
5HaVQGxmrlNHf5eTyKGE6A,far
Ov-61MSpC7et_KKbsepcyQ,far
tXiqCbOIBlxpEFECHG5QPw,far
yb2qd_7GGh31U1RlprGTVg,far
tCSTmkohIv-sKUS94wrB3Q,far
3pamD1Qj7MXrF6dglK_guQ,near
Q83JhbXmv7rtAtZs2QZ0sw,far
4G0x2LAF9lBr7wvgPtTeCQ,far
2vGugBTUGffO-1jMWEGnxQ,far
sOpbk-KjEVVj4p0BpqaQEw,far
1ZUTu5FW0adzrvaz-PvXFA,far
gWiUCJEcv1lnZtMT_d2p5A,far
jinGjmkVxEQF6GVbTvC4Lg,far
Sa07m9l2QIDRBLPmaD8wig,far
jmuVWvpcOb0ahPMz3mSiBg,far
KExyi9KTXqQDdzvk-8Dm5g,near
O-hPYk4hzEI0t3bUm4Tobw,far
MtixIk8m77hHuXP-V039SA,far
68CrobDtaDP-_-aeowSG6A,far
C5nrwVSF4eef4aLqclDQPw,far
RSMU58gMO0qnSMF3aQAxaQ,near
k13sxmrGB3c3DHq8_DwZeA,far
qS_jPtP_Tf8bvodyX04hQQ,far
g4uL2GkFnZf-LkxWz3dtYg,far
n3GNpx2xfhwcBonlS6eLPQ,far
Tx9kwNLX2lYNqr2weKWEqg,far
2Q8VQsRNg4qu1mGnr6h3aA,far
-khkBY25IUe9u_qqJMZjoQ,far
_VNNly2NPtK5h8PoqtJMAA,near
EGVCEwTFzUklOFIWCw3WeA,far
ZO23WWq7mB6WHL8j12LLXw,far
Hi4AgS-uR-lEOF4oZl546g,near
L-wv-QK9VoUZX6zUcJwSSw,far
rI_0TVcaks_PmxXzusRBUA,near
sbopx4LS3btP-lqD6O1UGQ,far
dgwNCOcG5GcyPhZBtBJDzA,far
K_CCcKkdSizxqc9Ixq7EYg,near
23AxYJAXT91d-iV97fsDlQ,near
fEaivzpvZcSdHVM10de8PA,far
JhH-J1pdYKJ2rLlP2PxkEQ,far
yiy1YcNKagzRmrQp4TKyZQ,far
nhXQSFlS2z35PIyTDiVUUA,far
mwhnPkUD4fsitu8vk3Y6CA,far
xn-HnWTxmq5UOpzivbx1jg,far
rK3uRZTVVGR8YVjwJ4-SUg,far
PVLQeXEwffkh6j0zuflo4g,far
5Nk0rPpFeqA7iAXjOuG9FA,far
QpZ3gtudf9T1bxYPhmLTfA,far
Knw1k9BYMv5m4WAhk7qPHg,far
yTP24A4KaFKW2FhGPOgncQ,far
6X_u3_zjvJjqWFtdlOxRfw,far
MZrhsxsB-r9VwSAoXWWoRA,far
gowa-c0fpgvosQnRWF9V3g,near
ZVlSFGoacedJIPGzlZvy6A,far
ucsocd7S9DotNNbH1D9S4Q,far
7HS2Jw0172O5HY-E17h4aQ,far
tTiuOSeCDRsoAUHMlkj-1A,far
0mNtUn-iQyn47cmnZ9mx8g,far
hT75tz6JXdh23CB5EWtCmg,far
6Bd0ochv_1BV6K-nv2dL7g,far
3qvraXJCveV7FVFTIXy1QA,far
GuS94g3NcTCxa-j-m2PQXg,far
AeYR578gDQUm8qzeMnj3AA,far
kjYwWxNJUYZv3G8K0w_SQA,far
YHxcukZ3S0EnyB4cJ9y0EA,far
ngbV-gevFxBVVrOUg1JsJA,far
GaERTArKi0OLWI8X8ZMZPg,far
n5JetMN9n-x-0LiTrEy3dg,near
09vEAcFh1J6l9zeFd7zV8A,far
FjkUYxtGoltrEMgkjsc-UA,far
gMlR5k7ihQLqR4PRCIG94A,far
80bdqTnRzTX2dyti0oatcQ,far
OVR9_hqPGmmNokNZdkAd3g,far
1v0l7UC4woXy--VL7sZN4A,far
lIvcEGN33uY7w_0o_yPpGw,far
eCnIsg8OpeFiLtS4ldzvWw,far
xD-HV7wBSIm4NVq2xlf8MQ,far
hY_cynaIWHbGNHPYc1z4KQ,far
-YZ1R9bhOjJaqrsfH0GZGQ,far
OZL_rllkDUQBd8GO1jZnUg,far
1-i3HD-MALBJ6Fr0m0eMaw,far
yoKm5aPqTUA1HszX4LnXPQ,near
HNtAgJtIod1JvcMnpBWecA,far
CUOI4QSzNgAFj8lnn7ZSeQ,far
s2GPXV30E17juvBRpv3YGw,near
J9K1sfOsknJ7pWbP_zOM2A,far
0RDBWH-rxrhrU5GLOzyOdQ,far
aUpKPm1S6EsRfyGqL49jlw,far
E74vhPREw1KTPIiHJbgcqg,far
MsRYMlmakx7XsmydC3tCSA,far
FtYjfG1IQBMV25p6OKc3jg,far
4hbYQ92o8OiIZPAJPJo8HQ,far
nIitlcVPluCbjA6fbKJhJA,far
WqG7_EVM7KEZzkePlMY1EQ,far
-ilmBO0hvAOj-PiFzVpnMQ,far
89ta-zvOfKDIRSJTU0atsg,far
X-IMyKLRxkspQYLKBed8sA,far
b05wsdAVzpZlf7Tg_Ewpww,far
Yg9oizczdrEaZ5dDeA2uBw,far
76pUnC1WwF_VQw-OiP5k2A,far
gLIeoHvfo6gQq2OOzAoOdQ,far
EsmenQD2lK0u_Z_bra8PnA,far
vDrkfTm2LzFLjQNTVLpxZw,far
VKgaoJO30VPyl_PFGw0S2g,near
DtGOHl5DVYpFHJe13dMiSQ,far
I_IVo5BnueufOWoQo2DLJA,far
rLdLw5oYno4bTLJXjOieLA,far
kNjAfhGCcAPqsYv8F30YaQ,far
-zH42-1AauJru4EF-s7Rgw,far
zzZqlYfZZIcN02C8SLcuBw,far
DrA9rCWBzm4CSZFZCzDhHg,far
ThJFoQ0Bn05UrxUnjKMryA,far
pvRqGsEqQ0Olc_f1tLbmrQ,far
YAMsLxbdtTW4DNS9--NM7A,far
-kcULnMX2mUMTgr-yiHdtA,far
okDYilMUv28OF2kX3iKsdQ,far
k3pIvBwQ1KfLw1hpiy5xfA,far
SudT7_IT2Uqj2pR0fkw5_w,far
WQ3N8iZqMzcUlTFrAmSS-w,far
_lR_qjxjU23NlUX9pT3lfA,far
ly0nkQsbvKkHNUyl5AGdjA,far
lpsrFcHBWY0F63aUdGFD7Q,far
GFUsJfyW-WnE7dIa580dtg,near
1Y3_XkyxqhS2DOK1vSyPCA,far
Ibq0cn7JvAAgRmC6rozWlg,far
MFkPoDTqADvrgkwPgfdkdQ,far
oDyEGHg9nP1IqZ3eeh4Anw,far
7if_7p5BRYEyMAV1RjD06w,near
8MVmEqpMx36UEv9kAaR6bQ,far
aZwqZ_sESXv1CoWJQyBs7A,far
jthFlNFReZpGpojvab3zvQ,far
w8nQCl78oXB83oYvh3KAlw,far
CeMnmX-jTBUjfM05TdErpg,near
lZsAR0PS5cLUqJut-HMtpQ,far
D5LJiGl3rJpO7eMSpZPIRg,far
Po_iQMMnU732WDRqnkW68w,far
piHWXIo_pGoNP0K3GAtwHw,far
s2MEjvBgR6n0rS1klPvDuw,far
BtysWNfk4eGUNbFcyvVOHA,near
0GnmW0__mF3m7_KHRaYcAg,far
HsXZuD-5fZSKeAqkONz_xA,far
szad9yEwckNw0P3L5FGyNQ,far
x2UyXwz4Ox-PhhwJSCjSrw,far
h0tG-xBjEz2cheVsE1VXsg,far
-InGmp9zoHJztgn7_QeM2w,far
OvC4Ecgzk2SI7R8qD0rk9Q,near
iM_nPk5ImQquyLCMRz_asQ,far
D6C6Vm8u6qvgVJ3158IohA,far
g4TyaBwz5Yn_Wm-qePidhw,far
gp7Po29ivBTKHZAgn_Hilg,far
Tf4wA_9b5t2F74IyORZgXg,far
MoCETY_BPnKYLQeswHmurQ,far
iGMS1iM71HLrZN3V_kqd2g,far
ZXd2BWm8yYWgtcZ6gmonFg,far
YIJoJcCQyylSHJO41oys9g,far
-HHBEjgo257YRvix8an2yg,far
LP7k3pv6cHajRSmGnK0GzQ,far
AnFDd2B4rt3J5fiTg3g3wg,far
VWCRuAJPfs2OJ6rdaJNOAg,far
BkoCoWAeI39rHp3iFJEbmg,far
f6ya-1Yl3pCFVQWXKllztw,far
kx4q36jiTkDj9UYBCF4PBg,far
LZzDvgfpkd4nI3E4L9wF1w,near
aQvr3PpQxc3eouKn22SUNg,far
f-kbHt_jVXsnvYj_c1ozjA,far
A9BN_NyIj2nek8qpSlDE2g,near
gf8Xq336qs2Z8eYk-K1W0Q,near
rP3_oAVbKFOIAeRjrYapfg,near
CD1GYaR-_0M75ClnfPq7zA,far
S3cOqKv9Bz-X25gyPbum6A,near
tu_y0SVk9w3rWcAM2ebqng,far
ejKN7GTrJ6TgGbGjKGgTnA,far
KmZuIc9o_PL2BW8j_7gy7w,far
L2noUBbEcj35Ku3kW00tTQ,far
sN0Xg3GXoffflRCsuFRJXA,near
1evB2m7s3E5vdOiF8VcseA,far
lVz4KWYayOac2o2mhT4bgQ,far
Mz1NSmbWMhOORFu98JpJ2A,far
Z-Zzu1plg7wqgWfh4XfVLQ,far
9tiPLf2mrUQKsjwReggD2A,far
XeVO0J8CfodEts59ZAXLig,near
jlJeiaP5i9oWpRqcWqG1GQ,far
_42k0tj-oseoViaTEWb-Dw,far
5chVpnn5crSQ6PL-Z-CSjw,far
OLv_9dEcUGLq6AasZuloQw,far
sRe9cbLtIll2pyg09SGJOg,far
b98wB-PfdElohKVAPZSRcA,far
l8yqThofpWGUs6lxOeIdOA,far
XL0HFkCnXNMmT1-3gxOVYw,far
k5ex1pOjN4aO-rrkDsF0Xg,far
khhLOxDrPpTQgFN666xGDQ,far
f92sJeAkRjk6nSeClZSaOQ,far
rEuy7Hk90X5P7_aV1h73CQ,near
7Y63Pa3gQfxfI0KX2hKExA,far
32YVXczteTFXL9nldL31fQ,far
zj6j2JrNumdATrwMRKDDdQ,far
Iqr0Ysy5cS4j_a3cq_YWXw,near
Xkvfufpnzf-S-sCJiDx-rQ,far
hrBMVSDjH27oj7q7lQqxsg,far
7CAOqfyl6iFsM3hVPaQgcw,far
rdL8TD1kIC47A3x4UiJy1g,far
9660jlJ-Nbj1TVef0UvUUA,far
j_Nb1KFgk5BqTuoMCYKe1A,far
4Zqjjb_nsqbfoBVHuvLYnA,far
iKHCGFs4ckQyj1rI16cz2g,far
gIIZQRP878_yceemj2bK_A,near
jSw46WXlQbJCqbiA9a8cuw,far
T39BdIZL_BotA0IxDmzvNw,far
00KIPQrYs5-5D2I_aRXVgw,near
EkWJepLgM4S_t5Fel_lfjA,far
s9l6gicOZCkTMawmjkYZ0A,near
hL3NIYmHPrXrGqJCZdFHJg,far
z2VVTgZ0aEYmxN4n6RHMJA,far
nVH43ZrPIS-d7ko34VqTtg,near
haYikT8axUlLyNS7k-osng,far
ruzzGcRtR2PsXprXRU29uQ,far
8RIlJ9iDKL_lXb_dZHeooA,far
iXVe-CPPai8Vsbys2QU7zA,near
3QRoFRO1fcK3RqrihQPqlw,far
EaymVqGylEkpuzMt_ajWgQ,far
1uAgni70WHOW2CVOfRMurw,far
ymUWp5o-DZSjCTx01GDxcQ,near
VqN5vj-j-GWRLJgai3keIg,far
UVSEspEuCybQwzjPSh0_IQ,far
b-rKMrHGp-intWsynSsKow,far
8KwTGwTWdw44RV8dpMIVzA,far
WidyQPhYU00EU79bdiPH0g,far
GycV7LeqWXdM-59OGNh12g,far
S3JgmDsT4xEqDb38KrPa5A,near
bMmC-2UzlcvkONENOvX05g,far
ewv_qVqj8oNG6KQITZ-Ebg,far
hDIhfnSNc0IGJPapI_0GiQ,near
xUqf_EDFe7ydQfiJtJ23Aw,far
APcVAYbopRKSoFdCQ4Ja6Q,near
VUPA0aoSemYyPY1UnIV2fA,far
xjKYMg7ePgUQ9qarvJgpiA,far
eIOTwhA5TpBatbkOQUlFRQ,far
Z7efaiM3kCAJtM8P_jTH1Q,far
lpP1NlVnBexyZYMAWY-dFw,far
gN2jJIfZ4pQ-jJF1cmDC5w,near
cVpFHS6TY8RZwM9aM2keSA,far
-CbBGlrmddJsaruk6LdI6A,far
VwoP7WAOamrJqVI0tfLJMg,far
xfjaiQjFHTeDEnzFBdBArA,near
j_jYjLkCPGB-9zfpAHtPsA,far
6SesREFw55Eon8EyL8MKlg,far
QJiwt95fIzDhIIJ24Jq77A,far
vheOR77aRd-fuTG1B5WnNA,far
hYU8STzgkkQ73ynxu2VHOg,far
I6m2ToW_-7mGaX0oY2TG8g,far
a3chKz0NwZcwCEhDqr9MpQ,far
0KULrKCxI5RbRwTIylyHEw,far
h92MBD02Dmx6d5rAdXQgIg,far
uLbPIukhuHLHBMrfRnhDbg,far
zUAkqz-gAKmwzrO_QtI7iA,far
6C0LmxksLA8AU_CS2ezlFA,far
pOOM51u8hl86IlGAkEukJA,far
g5J3EkiaC1AggoxVeXC6xA,near
rpPEURa4SNK1fzebpH3S9g,near
G9FrI7i4cPkeg_kzyc-oiQ,far
Ep87sQJ3O1cH-4hIKvtanQ,far
-HqhsXMw-B_BFbxp0vcpKA,far
02Kx1YpAx6jm2AFKGHd4rg,far
WnDZjL6mo8iOWMYWsDntYw,far
4Lh3RmIM3scml_9DOxY2Sw,far
_rVxte8rB9RcUT1uORHlhg,near
qaABlWyewmE_2VakFyYUtA,far
bVVAyCzS0ry_MjwofVUDTA,near
HOHY5nbnlNHdpgbQ-buDIw,near
8pEJ6XQBY9EOI1iA4wtkuA,near
4QPNbtNHFy3oCop11s0DEQ,far
drGXBdOjpY9UdSQLpZSshA,far
Uz5yIGBp9fPh1k8NXv0Ulw,far
8qT-vpeCPDlGQupol4xYXA,far
9dHVzbUmVJsK_RMYnYFuBQ,far
vWHXJA3NbEgbJfMeK_bhwA,far
6n1jMQXDQM0k8B0KyUXP-A,far
ypYi7ghNw3mHPR57HbhiRw,far
rEeNRMhsz_XMoyFHhcLhxw,near
54fdVRfOUG9kvxV7kv4e0g,far
55uWj7Gv6_KrQNWZCHQAug,far
zVMI0WCqVHtM8i0vdafsNQ,far
HpwhTTK6YMORda5Rfn8mhQ,far
u--02Hg2upy18D8GGKKKcg,near
RqMu6gcUHAAIC04gHBL16Q,far
TSrkkd0Fr-vDEM-In3hiFA,far
xCRyz9r7Fz8d0xTB2B6lcQ,far
QZ8tV8J3w2NVnr7MaWOvMQ,far
4p86_C1Kwud3t_buysHALA,near
skWRxQU2LwbYQK0Dl_FqYw,near
DU2KrvS9kBBV-HwzE2fQrA,far
LFUndZacUo5keXKHNPk-vQ,far
aAgF5FLmqgJaobtcCWMeKA,far
pBjsBzheQh2O-bGaWL6e4A,far
7stknIh9GW-3sUK8zhv5Ow,far
a4X4ETbkIdgOUlx9lSdVtw,far
cROaxH_SXvwnNLcT6f6YCw,far
tYyPdrujUwZCtFCM-78iHg,far
0il-ULLWXkuvZmRpYU4uwg,far
U06ky7tOjrwad_zx05D9yQ,far
pki1NLQ_q2MhnwCXeT-uXw,near
57U9LoV3ZUTpjUMmceRowA,far
6HSro1lYq7rOVVPMSQ1xmA,far
wAvOlavyCWq8HG0tI0zMew,far
sG13h54FVCanFhwgwOMOEA,far
doYGzGF1UH3hgFpSsZl7FQ,far
Bay7lM7slB9RoeiDa0CCuA,far
_Jr-A8HxgTVpRM_muBCf9w,far
enXvNN8pFfz76KT1PZFlPQ,far
z0T25G-eQPCBjyKmXStFTQ,far
lO9Etpj39t9IGew3-tdwXg,near
9x9gvU7hmngD1j0FxWWfcQ,far
imb1A-ip3j6RI0r7g69guA,far
76P2-AeqmZAmyZjF_GgULw,far
vtR2MjFToKkclbUX5DuhlQ,near
T7gVZwArg_qtUaaDSczjEg,near
QsTkV1GYcusaGZDT4G1y3A,far
8gjgyMVAm6CUzNNvgFg5Rw,far
JAXdeLAEuG9r1yqiAqpfjg,far
zw4SkFGlaCmbz9z3uaYa6g,far
cvo-WCqsMy4OGja8IP9y6Q,far
X0gzPtsvfp19XSFfC1NcpQ,near
2LIsSM1ladP1G4Z-6m5wFQ,far
RgRgWud6bTpupU-YS_3LHQ,near
xE9zTyXI0ymJ4WxiZooTaQ,far
zi9FBsY8sBpAKffo2ivSKQ,far
NNWbRH6j3pZah3YTngIkjg,far
E9xPHrBM4W3tgSJeSlsQgA,far
FkyuGxycBYR0kGc2JP_t9Q,far
DAyUhqqjyBPfNCoz5VwMSg,far
WkkfRpq84fyjdqoLU2_S1g,far
hIiBMCeI-aMIVWZceZHG_A,far
bY28Imc81kXPnZpo9ldHnw,far
RwlQjVaQe58dORpDyJMQkw,far
bs7ANxMo-z9b3Ctewol-CQ,far
7UZWPGzrfi494PHa17bwIA,far
Klpb4jqrgCBX9_BnBmkz8g,far
xX254QVi_tfpo3XzdO0s-Q,far
C_5BbHU67-ltpewy5eG7bg,far
YVfBTdgdrqcMDA4O0BsHNg,far
Txszd5t7wutObVyHCjjguA,far
RFWr4uwiVlttlw9MkfDyNg,far
vC2vhaJmX1RpExoHcPOb_A,far
NpnKtL1sjeDVewwzVNQAOA,far
A6t6sup8tOJzwHS5oPwXWw,far
vi58EabaoA3-kHVMb5lBVg,far
oGKmpLv-2uDbRJ_3SRVwqg,far
feWzB9TixzBbLjqxIySKow,far
2zpRtCdPsaScI5Xmd2H8tA,far
cdQyWhZPdKf2W8u2AUbKMw,far
ZCkc45yLiM93rWxroR54_Q,far
N6XQfTjOsThOQGYfVFJbEw,near
Z0hmFrOKFpKaKTWxUeQO1A,far
405F1jCCVes12BU2lUFw3A,far
QW42cH9KsQQ2KR3LOMQ3xw,far
QWVA3gyq2RzEAeo0Fh0fBw,near
nkvRibhBBHvd6s69c-SFbQ,far
QCRLjou6Q_jclARDz0ss5A,near
jAmnB-jWh-ApQ27E3057Aw,near
L183GzI6SgcX29HE1igA9g,far
W5v8S6AGOaF-lQksg-XucQ,far
aiwx9SLQ3UWBHo0htt4nCw,far
9MAkIGXpoZDIcjQZPtydug,far
8YKp80wQFiq0vFfpa7FvTw,far
ihyiAE-CTr7V3HCj9hcQ9A,far
dh1C733vVNx7BaIBmwMwNQ,near
pmF7nFVKzEd6dSsQnDUDcw,near
L1-Ru5s-qMQIKdqiYwb6zg,far
jULirodENiDyCbtOz0v9aA,far
D3uf5hsfdh6jHSaTUaI7Zw,far
YURjQmTSH2Nci8tmegOMbg,far
dmOIhgKMPKEjZe2IFUq5_Q,far
UNFUzqKBh-DgJMCqXphmEA,far
C3dgdbg3OVdA8j_lnUgDXQ,far
ERLhoYSUe7Ce-qj6ca3_KA,far
hwwDbM5v_qgZjS5VKo-ULA,far
k3QAvqctUg4HPUXUjCu-Ng,far
7We1dzK9k5hqxcVPNjHzUg,far
BrRoDEXuv1sPSUJBRcAFlg,far
LLx6iXXDWz205YXs6Puzdg,far
RHdEScVIAQ7xzFFMiQEnAQ,far
qck4pQcuo_Uka552meN09w,far
FNotU1vQKeAeVV5X6_Js1w,far
MJli5aB4fOk-LVmeoKa9SQ,far
ItE8VxyLz6YhYsUC7WpgWw,far
pabMCjMKIJOkM2qadvx6Yg,far
zxa24DWUL8wYng2ekWYXTg,far
wFFVJ4Xrb3o40yNiFJa_4Q,far
VANS_akAro5kFvvBf9jZPg,far
fXtdVEfYorzsq71vWwEWKg,far
DuDSt3THo7_jPkad-eZffg,far
U79sZPAAVH5HyfvIQPsnyA,far
Ocp5q7JgqoK4hmfotLc4JQ,far
9FfJvp2NqQ1wwfeWkUVx-A,far
Y0qRyPlNqqmqnaLwQSvwXw,far
gz9b3mEPMIAoWVj6n5Wccw,far
bd5hnyafpFVuscS5btGvgQ,far
cIONZAM2FvxsDfE97dgRtw,far
CvnZAZQeIeLBY_pDtimewg,far
3tQot8D0xWTpCiZ_PwpC7Q,far
8dZbYgJxNgKd9G3kHWmQ6w,far
eE1o1k4TvwaSqWrjob-KcQ,near
QptMFm6utrhi1YBEDOzHhw,far
hsR9mCzuR5kkRHbLR0WQ3A,far
ZW1ILKt5sqk6yAS5C0YTqw,far
sHOjqR0BzEYo_JqS4qAEbQ,far
ISq-ybzvHbqClKyoZEZb4A,far
LFtSOIo4EDzFmGTdbq8ySQ,far
hkG4fZmMqziE2Q5Sqwvhpw,far
HFe_3DTdx8aI6pKhsXYtoQ,far
ZVR6DiJBtUYPcDzedqxVdA,far
Bpxe7t5M_wsaUqsbxMMpWA,far
qIkrVU7A9nBWFzuOyZhepw,far
MlKob6JaJf2ci6BaPWshuw,far
PY2VMf0N7w2Kl_MuYwMceg,far
fq2r7qCmyxOQ0NHPRjOhlw,far
upf9BnmbiMvTxWUmBSLtog,near
0hAx_XMGnr6ElSARRfgnhw,far
U782dba0FoFLi3cmXbo88Q,far
AhPFSRM9x0mb_z96eHkIvw,far
leHSYWsQh1HpI7m7kTY0dw,far
BERP6TcFl_Ha3UgM28CevQ,far
KpXHQMgHOZdS63WoYuV7ug,far
0EbBAVyrGvhXfmQsZEmlHQ,far
OMT709IPPEwN91CAXpe9dw,near
xG6VAO_Q5WXiL2KajXYexQ,far
aL627cSsMYF3XcepNQMHNA,far
fYAU-OFpPl6oIgtTx9Fhrg,far
_S_lHDFFAHO5v6MVKNGj5A,far
nPMZs2hoBjz7OvpWug4kIQ,near
jMv-WdnEcOP0DD1ltm0xiw,near
0v0OzOuhxmtmv2-SRWJYjQ,far
ovXCLLeR56KBxAMyEdM15w,far
Mghtmrjr8w8VqTnpHY1-HA,far
Efn8pVvf69iA6Fu6g2MCAw,far
5YRHE2foNVmv1n8VIJcb-A,far
lF0nPzA1MXzb07kleA9ATg,near
TTVye3w8qTLI-FlurDzDcA,far
pt5OLElNkkyfgExOetcKrQ,far
qnYp19uOOGeFr21TOhNEHg,far
1fhFVrnlztW5oVF7hev17Q,far
JcdhFD4MFZXYFWvY0FY5TQ,far
h6W7iRkHCQbWUe4H3Xmoyw,far
su8yXzu6GRe1dW6Pt_VMGQ,near
KvN61r5dZvgllP_m6sTrXg,far
IKMAgK2m6WRIViVFB2vAFQ,near
sUys3YPdeI40V_1ud0Z88Q,near
7XXVoBXfG6J4Z9JZZ_5TiA,near
iOFbMitGdfU6i5xm4nZ8Ww,far
QzOagE4RbvOIjnajVS-spA,far
WO0yQ9CweXEw9Yz9W6TGvA,near
_U-hsWBK2O8J3-qahtG2pA,near
o_sNgt7oDVDjJgG0KPNHbA,far
bCc8QzD_nMHHcG3pSD8Geg,near
sOyZ9pcJr91glyDNv4p-kQ,far
jUi9st1XaEd4qNJbKtKU-g,far
z5r59h-c7vCS53k1YKSfxg,far
W8xPZiq5abtwcZADBkYaRg,far
q8xzxQ8tQRWIpcckj7ZKyw,far
lA5jr54yytW9Dawovj5fwQ,far
DGEL8Iau0-PPIgR0u-zDmQ,far
VKFImQWDO_teWXiCOrQs_A,far
535HzcJ9JTj6tCaZbA0uBA,far
CXldbTNwK0r5buwL2m4Mjw,far
cG8EbNKPuIy_4gcxcCHVeg,far
n8kV8lXl7yINHhTq9CX2Lw,far
IAearA2yMTjgSSuhJDKN0A,far
PzncBMh2G3-EjmggfNxl2g,far
rWppV9inuYYRcLuZ7gcfjw,far
_9cSJARldIvFdnOJQ_aAfg,far
VNSgvCg6Wyna8xqA_wCgVQ,far
TJALkf2K7uwErrCtQUZyKQ,far
G8-Ut4dmT8tdSP4O5mfr1A,far
s_lF0MipWnMj1kl0zJyMgQ,far
baoKLnYUkbc4Mr8WelK5Kg,far
iv_tLrLMCamXNZeXj7-JbQ,far
pu_9yoGDdDVn_QWjZhBkfg,near
J0hxmX-pYHqMx2SBD9-oMA,far
ULPjke1WZmMqUDFgDeBbug,far
Wos9mTeuzE06D81lgsVxTg,far
nwF3L8MoXaAMos_DG_vbvw,far
Q74efvG2wo68yernE-hc2A,far
8_fZo4HEM5wDF-E4iwPlZA,near
iHZS9iOMoXywkCzAhz7RYQ,far
Um9XiKb-WDggNar09p53lA,far
UAdFssa5iDi2_ov88qZZ1w,far
u8f9rZjIHNl5hFiqBIIWcg,far
GPOQzwkaGK9i55fibSH_Ew,far
sqR_yAEY5dRbyVg1cWGQ_Q,far
lzCreRMEgzDCwb90GuPmeg,far
6CViKqTkB0BjuFGLm0cgPQ,near
zK1rg7IzEyUHTrpuVgQzGw,far
IFord_tCrfa93Fd0Juyw4w,far
bXTax3bAxbu5YKh-cn-UJg,near
YN5d1Q1oAndalgBb4wmI4A,far
sgFxfI2-OWrhqBB2sgonMQ,far
FqVPkfyDFbBCVTE9ZoUhVQ,far
Vsu5oklNtbxpM7ycMBsVyg,far
L6912HNcx8iFWEyyN4cijg,far
Ghp-D5Gr1i7SsgLz1eouCw,far
dLM4mE0VR8FY2OPLGohaQA,far
HJ59vXwm0gsS-w6lY9MEXA,far
uR9QfKvrDIennbJV3Wv05w,far
Zig7Z_DkizaiQLaesMIvFQ,near
WuyY3cyKyMnu_GG2iPiT1A,far
-3hzdvAPJKolEru6xywWyg,far
R1n-niEKnE6Xk7nP_cpOAw,far
F_a3DmlOK0CgzJEijdCtjQ,far
Mc8kzmoH23eIwRIXp_Nslw,far
yxqBBGFF6hZvVygPXE9o5g,near
u-Drke0-a0ajWio1fYvkoA,far
hD4_A8p1DsupsA1GUCLDbA,far
JCX4onyDxlYucChUTq9_lQ,far
-EfqPXlwRwegck9uNLHadg,far
GZBwUq53gkTy-xowqQzwQQ,far
wXOTfhYoZUow-e_mcYPusw,far
kMlSBzyq8uX1UfyhlGowRg,far
0TPY1j07WR-v3oWPTAa1qw,far
Y8FOzsdtqE7BiWRNCOp2Cw,far
_4AA5f1GhFkBr8mQFkuWug,near
OvPUsGNkPd-h_L9-qC1JQQ,far
LqhBMAyBaea9ZSRyMPeVXg,near
qd6nJLgs98eVGzsXrtfyig,far
JFaWu7P01eVPyZpS3SuuCQ,far
LKZx065SHrJkh2XW6cpt6A,near
J9TnylMqNS62wjKVtnc1ug,near
T3UTk6IbKk9jG9k0qrlZ3w,far
8AaLBx5MzCgr2R9vzoaasg,far
IIP1C6ZhqZNNwcBR044cNA,far
nOjucaxOstFp29SavInxFw,far
-JIeZE7f926mnRNcdnYk6Q,near
GCK2CB_RC2EgeMshiQeJiQ,far
BEpWQ_KQW5BJCIdn_aTHeQ,far
LvKrjWP9qNEFBxgrCf1gTQ,far
43MDfrU28FYjfpamNfL9GA,far
l5bVgJf-VEmZLsu9L994bQ,far
PDX-urhRejDu_-uq6US6xg,far
Ay8nxjYFmeHRADFss6zd7g,far
GynCsmom1gcdsF3RRn9Mxg,far
MsP3uje_QgdR7dNBRhA2MA,far
-JTaRyx51NmieK0HboeCdg,far
uf3strC3s96XPOM502o5lw,near
mAum-FMG31OF-oJq8Xq6tA,far
629Gh-kr6XPp-Ytpc2FfRA,far
cayyI8_WofYefVsqLhiB2w,far
E6GdnCz41V4qFixa-XGLsA,far
HJ9qmwxI5-3YeKRoDbbulA,far
bLhYqfkVhG-rDaka6LH95w,far
TSnzP2pDd403xVXSNXuFFA,far
aX39cZeWIWyZU_ajyCazfg,near
8pR4LFKaqiGkuFFCRi1uyA,far
CiwIQCZ0b5LarMmTiJpivg,far
Q0CZEC6gk6ePWzdLfMoyEg,far
RAHO-HBDp9QbhhO0dZNZsg,far
5vUC-HB3Q78puL5BawuE7w,far
uQgZitYr2ni6ZjL6LPOzBA,far
C4CJBxGxrSTkeKOnEuNYGA,far
ylOEXPM_BRubwzzFeP_-OA,far
zwrgCMuZyFX46mL3piDyjg,near
Ne5jMD7dswQMaZCo1RU4oA,far
EjDWeNqrE53jQm8xplNTxQ,far
vY4USCRUKJD7O8Wbut_JyA,far
gZHxtWdEB5sWE7bXTWNQTw,far
USKBjFZ6rR4MgycpavF5Ag,near
J-Gfo-YKtgFPSgCBZbT88Q,far
66tesXP0FV2oPt3h22NYxg,far
tsqW6mp1zYxU1ZCTuGHh6Q,far
qI2NdIdo3YK5ezlUBLIRlw,near
6eKWSM6hMwqXRe74i2eeJQ,far
Xu2wzTGixa_zSjYQO-GPoQ,far
CAdWca4gHkpiUWVaYbONjQ,far
99w16SSkM_BbluKYzjalhQ,near
nyNTbbgnce9KnInP2pZp4A,far
xIfJF0uh8AQfEXwENwvubg,far
g39VAKIXJSalxCmODW2baQ,far
vVcWWR52bTnFjp-W22COFQ,far
LUCoNxlEeRdDUZKAcuMzMQ,far
ZurXfcYI2WGq-bqZ7rBmmA,far
-5JHievRko1tWNED4IdeDQ,far
Ng5SRBPqTHTevFd8vw6N2g,far
4E099WTgJEGdJKms_rjL6Q,far
TTXqzT7ij7_9bptvZpqLpQ,far
iI5pSuE2-0qzS-VbjoLbSQ,far
jwEHfhS7uLK4TJgGPfnWDw,far
fX8Jgr_TvJsTb1HxX6BRfA,far
kjDXbqCihUxgDvQn1n57hA,near
5HyZY1ei8wBBYb9th4izAg,far
Ps9EEE1QDNAtvUd7wvMGyg,far
Hk9Jbam51yIFjcSvRBK6jg,far
s0NYfUhZ4wa5c1c0EPdlRQ,near
Qs9-V5m7-YVyJaE2u7CzZA,far
KHoNI4liPpChQdtrkDrxeA,far
Omct7HvsAFeWgfTT0ctEtA,far
CY-AgDYASi5LlPR33qYgjg,far
CX0KaZxqggtFGWdRpw-pjw,far
QhkHGMp-6ioVn5-J0cXaPA,near
6c8epNKg-5mZQUIeE7hDAw,near
rIlZr8MAVPwGRCFSqrn9iQ,far
R-uXbjABQHnbvigEiX4eVQ,far
VQ7wTFufN-Nngev6igwOrQ,near
UkA-2QPg6BDzQlmR-4F_fQ,far
2ecYIfR01YKoMwzoh4J02Q,far
ippA8h53pPGHZsNpggEgFw,far
S9w3hD8kv5VIIJZ6t5BvwQ,far
LZfT5TbbqRXEhdtPgc8j7Q,far
U1Ni64-U1o5ylGO_pqNDMw,near
BOeBIWjryCt0EyrlAeqTMA,near
IlxEMj-2ptLnN3HXua7a3g,far
jknR46iySehIOr9Unnfytw,far
VFX2Pil5Alnkh_zbR57dGQ,far
Tb_yLww0NTPOj1QVUF6BcA,far
jedZWzyAzrmLJWl6FRM_8g,far
fnqBFLP47ORvStxq4lOhtg,near
I5RnI9NrhMMQG_jw8o17MA,far
s03tol8GiS6hvFe_Uf_Mmw,far
CjI1Xo8ErIjPtsOpf3wPqg,far
TYfuU-yKmkiYmzoT3aRSbQ,far
DOnEUg_5-0lVJMdIhytlSQ,near
MsNRzRU5pr0cAt3qjmBDFw,far
D6N2WHxTqrqdnwsomJSFRg,near
6tosS1WwfmR835oIiliOhQ,far
fqpupC53BinoZ3C_GIybWw,far
jKNzSbr0LPacdVk4dqozvA,far
_ZmS8g4F2nsOw24hyXcM_w,far
KqSSDZzkWOkOG0w1NUQAKQ,far
wYYsmF6begc6ZcnPGwF9NQ,far
44TegfRnXJwC1kltRiXQVg,far
VJ4Z1gN_gWK2IFQ3Id8Z2w,far
03n4m60mWxQyNaSilKlEkg,far
F7my029Wph_GAbtnjrjVLQ,far
e7adoHmpwT3e5Ei3Pfe4Lg,far
m_ibSiSb_xPQ5cg8XUwpgw,far
m0q9MYAdo5EVb8udaPweLg,far
3MfHt_GALwbCqMWUVbHdtw,far
F02ycUVf4heHonBXO-uw1A,far
1Hk4zEE3j-kTz8kBH_YGpw,far
i4hmtFsITuDYuks3Uv7EnA,far
b8M6RT0jc_haaZVhYCL19A,far
gHaOTs1DuF7KzcV-sFkGEg,far
TDQvRDtiQs33U3TclSWPyw,far
aXHJftE0ky1gMT4X3a6k7A,far
FdvU6_axT1oZcmt7ZNsbKA,far
7EXwY2JuIRcG88Dun2bSkA,near
Gfo-SPfCALtwYmaa4USi6Q,far
HD8QZaZdFkymJwKn8_CVQg,far
dEMzer_93gRNNV8c-ByiSA,near
tVoOgB_lSm7NgUGLYdrIZQ,far
W1m6w_RsTbm4M_z1_c5OPw,far
CAZMPx9seo2c4RdwFL2r7g,far
0pq26RuqXGiGSN7sanZBHA,far
VFNqQHHzvQ71k11WuoZIrg,far
xd8pGFwKA1XYhoMZHKikeA,far
fbgP6JR7ByjTb15ZnLr3Qg,far
DTarBWZg-iEnE709pJYWQQ,far
B4SS2_2Le-ZjjwaSvZQiqA,far
Akmo0AQ5qhbqYlZ2OZnrQA,far
QJpQ8O0x6Nv-CuC46GHY9g,far
g7-sn0P60uwbOJejnoRIQA,near
6EZMByVGL69fuS1tiMzpLg,far
p5Jzj31TlmoQTFWFnGBNfw,far
dCYJQLStBDwa2gN2XO44Ag,far
vyKI1AchzGhqIZxZ9smWMQ,far
SG0GKsdKnlbIwZjekuCkLw,far
F9jfjlNRuFk4WrMPdsr7CA,far
XMROwls95-wIfrCzpskBkg,near
8rEYi-YWwWiFiJRZAKJLVQ,near
PXBQdMYpMPyGqAvnP9UQaQ,far
0ttopbtYsU2ebPBwQ6I21g,far
UhIvRYEzM4yxLzGMdAqu4A,far
x_ioLLi6jhQvWniRifSVpw,far
CJeTW-oq-dJK9dG8I3tqHA,far
kB73mWdcpz4LRL3VzKFRwg,far
z299GQq_KTC46brugOCjQA,far
xReVzv7-wMuWLEX_8XXtcQ,far
cUz09fpK2NcPfWf8UPF17g,far
mbIuuEC8mOXui7v0FBHrxw,far
KbSpEQ_54ovgNxOoxKP79g,near
RUN9SDvbpPufj7GE4bgSRw,far
nvrGDP70Pt01ii5FbxZPcA,far
xO2I5rAr5TTnvPVmi1MYLQ,far
OyUO5U6YDfG66rt7Lv3QhA,far
4ZoDZv9X9YObQJmWpvIM6g,far
SQ3V6oMbHAANZW-wPjMxhg,near
k8mOofdKEfThTwgfVDm6Ig,far
QSHpEVmQsHt0LCUGf3TTBA,near
y3qnicZgcv9gMseetyzbFQ,far
MDnBqOP3OIFvP5XA_V1Ckw,far
oJxPR1uRCbf6QDVqqYcqSA,far
VmcuFXUrXInZat40t-IbDg,far
lC0_e8F1zAstzhj-O3eQZg,near
31cq8FmC_g7TkLom2i4lmg,far
c00WodIcQVAgDslEzq1bXw,far
ClOSV7yS0YOcmdeGsbjEMQ,far
Vb7u6iAIc5z34DofeTIY8A,far
LbAk_Jo4NQ7nMGUmTSF6oA,far
Gh3aHBukmf-VCIlgs9wtuQ,far
idsHf281pHrQ9g8ETvNJbw,far
shB2SSk7SceayEweYSkbVg,far
-vdMs1Rsx_oLAkMsBEMEKg,far
rWBE1binddcwNf-Dz5wM6Q,far
spUWWt64ZHBIRtq6elWCMw,far
ij-pelWkVWumV_5gGCyGOQ,far
fC95hPOODwofLy6PNbU_2Q,far
4DcbElb9dw9exZJF3BnK5w,far
xSp5y_yPW0L5dHTVZTMA4Q,far
eNae9Id83erkq516uyy7oQ,far
AnWzLW18yv4C7Rbz2Tnu4Q,far
yjgG5o-hV43GCCADPwvsiw,far
4BC4bMlxww-lMgmYmZsQvg,far
64Eq_XCngJrqpjWlj2Sn-Q,far
GPC3RmEYIP3fYaNfDWWwFw,far
Czm2pgdL_nLpit3welhsRw,far
zUR2o6lvT9jywe1pRyZiaw,far
qvlcna5bw8Y2C3s1LaFoXw,far
seggCR53fz-qqNJfp_VKGw,near
-PAlQKDKFnvBhE8rBX4Dqw,far
lmXwy1ZyyOFT301-sgRcCA,far
T001ZsGhhFQFrWib3TxXxA,far
eiS5KCPo3dzWOzSmn7K5eg,far
kfkhc8PaFdbk8aQ9suZIfw,near
Gidk8ngDcK5SU3BxEKR7vw,near
_jADWOt1FkWMWGIlz30cew,far
fD-5Pe59oTTL9kQBcDmgCg,far
I2YK4khqKO97B80YEaE44Q,far
m0kloC7qCzUZ2nvtD2ensw,far
5xLGcJKU65Sv7rV8m5gAwQ,far
BtWN23Bg4ME9nllDDkOcbQ,near
Q7QidsieEXP2QNEjJCzkYg,near
m5d7C4ifhqdg-R0LoemOVg,far
ZK7aU8GBJwXhVcyCGeL1iQ,far
NbOCS8vXvtPbxPULC9nF0A,far
YxptNj1VCxgzo_29hCQoDQ,near
JUJpqPjV-ItpoyGcRkXzZw,far
WLXceElT2l87hvOS4nHGwg,far
Qy40pZz9lCKPMPV7_DJN3w,far
97hRbxTMaPvYK8KLrmKgiQ,far
P35nwRGaG1FMn-l8xPEY2Q,far
72OSuyVlo73kf-vnvtXpYw,far
Twgpf9N04OBKJt_veEYj1w,far
PTlZNEFVE9MJq-GAyfaCWQ,far
T_A9vm1m3b-GSZs7Ahdhjg,far
ULCYKMshnsSA2f70wexjew,far
BkLSsEsI4rRvLyjMRtklrg,far
PvClAHXbI_DzGA5mmmUqAg,far
1k5q8CJDRnyTPEkJyypMVQ,far
FYXS0g3L09uaRpYyT-tMBw,far
IpbAyoLSDSfqAGnwpBJsvg,far
ajgvBDXmFllajSfKDIHTGw,near
zXvjFr3lftIlkuFNlY4PRw,far
a9MzHqE4l7uwr_H_99wFbQ,far
vGc7Ej5_5rKBHjqiPORE4g,far
nv3Ojma5lxAq_6R6liCjBw,far
zLj9ROjce-w4YtzY4afUuA,far
ux11HABf4WUG0PYLOjpKcQ,far
tqUrMr12JE4_QfM_qZjOeg,far
na-XMq1_GVYjwiqobCuK6g,far
wyBSJFFBrzWd6WQGTl_wAA,far
lfNp1ibqA93Wu0tfCj3VNg,far
ZU05ujldFVN7hPB0-mq3-w,far
PQBJwrty_33L0XukUTyR0w,far
tSwCMiCiAXgiVzeW68RWfA,far
bL6JBa3Q7c3SQh9vdrrZhw,far
rwmdmXG5oQLgtx-OMrTGBQ,far
g7WfbAnXnMVXVNcc0SBM3A,far
PiVchVrP54M_mMg0VFAVwQ,far
gXQp2-KFOLkFr5JoDa3_9A,far
Ccbj-gDz-3Nonanz8t8Cog,far
c2zfvdiLqExtrHGRJahmTQ,far
elP0Xn9HyP6cRBuzbJdTpw,near
rmmUhScUsA3xXbhDhRlb9A,far
PCU7NfREKrTPmWjFZM-hhg,far
tuapRDl8TrbBqhnHFuvWCQ,far
tkRAxf9Taqn7UpRU2D727w,far
N43iIzsOvF4c8bAF2lwnmQ,far
YCbzJrZen5saLMqUp4xRfg,far
pIBtsrRMpBDZKTiCM3EK-Q,far
kTTzgK-kd0YHDyqg1S8lGQ,far
6V5LvXrMBk_eMLU_5zQ7_g,far
TGakKmmkklBbtC48bbBvxQ,near
kqJFht2-rPBgsMaHXpG9-A,far
2gvTPJ1xA_LVTrCPTazSAQ,far
UUiSxOrZEMVklICnNevWgA,far
H4KA9Di5wlivL9whiR4fsw,near
vrf8cnueAtWNYNvEHUZX6g,far
jJs8DPCWRtOKJBs7EQ5T0g,far
BBoJgbrV80kJv7YIZR5AVg,far
URZ1sSKQ4wVprcgTpg4zMQ,far
hzkeaiW4tG0H_nHG31JuVA,far
Yd8S-L4fLMIun26IB4CFYg,far
8da9PKeUV44KoUUlYNTVOA,far
Daq3EZwjZtEQMOyzXMoc-Q,far
lTJILVJzVZOk-lEwq1AShg,far
1FD1xe-CaYgDFJTV6VJBvA,far
wLybne33jvVt6rs9ji8bww,far
-CTXNz_zxEqh47huMyk1WA,far
3xRzdVJNbUCZcqfJdi5g0Q,far
Zuyza5Lh7JjVJcg-YJSu8Q,far
M5Nd5qnSDVV_wSzTGFtzaA,far
MfkMUNwur9huBERrx0k5lg,far
BdxCGBBXZOEKOwXq3we5gw,far
cQN-pU2TpCcf3fluq9n04Q,far
bROo9EOoOa_pOV6JuPg8ug,far
N1K0uvE1dCoVD1Ekv64P4g,far
5FIi680PpuYgtqxQwlQW8g,near
22VWoNbaGWNCbXI_BO2maQ,far
rLbDPbJPPhwJn-sEZe6hCg,far
2bYOla_j2GKcEOd8j6V11Q,far
nxVLEuXOkarQX2uMGC7nxw,far
l5-v4ttXyiBccg6zaVHoOA,near
FbjmMMlcm_demn-LOlJ_vA,far
2yc3NF_WcyGDl_UjXCxk5Q,near
R9g3QkPpzpInKln0Q-AxLg,far
yg6GkcxEkY9mFX5UsWofWw,far
DpTjwgbbvvkl6gU8YTtliA,far
F7eozhrdTlpY7LLjgL1Wsw,far
tkyHFPJ3dBsjE2hA_tk_sQ,far
H9ylKxjYutbBN6-mOmn5mA,far
MpoVOc5FF3tw62fuff2Avg,far
xVieHMP5NBRupMfVKu7zUg,far
Q4QzxgjJvT4kq_Y6UPbjUQ,far
vEsBq8kDrkQ-Yi3cWJpV6A,far
zfLe3rmxQn4S32p8mto1AQ,far
fjLJhvR3aGd812OsMcziCQ,far
ZYxGiEyHD17kd80zUzaOQA,far
sgYYR8sU-ZLIJtJ9XLiUZA,far
OT7G04Q10QogKluAp8FQ6A,far
Bcg1Xfdx6h5es4Ttysn3Pw,far
siVIAH031BYctpPdd6c2Xw,far
Rp7oVIn5fu8nR4vgsgvBcQ,far
4r6N_Fhiwoqo_FqQ7Mm6mQ,near
vDXMGgnANH3eJixQ4aG7eQ,far
m-lSeKIrnMiewLlI1RMBmw,far
tyz0in2IjN4wfbQZMtMxPA,far
3P5LhYrQDnip0GLtKPnn2A,far
IIC_gGdLTSCbRMtKzg1-ZQ,near
41lLzXlVUUPx8MX7aICkTw,near
1fu1tqtk448kdWG1Wwu8lQ,far
nqcHzJh6zNME3FkrtaFdaw,far
lMWeLgGZslpQlOGx6jVwwQ,far
jonTput2EurEWjsMaVj85w,far
sjuv94xYQZlZFJiEMjEgJg,far
wqRg8cvjxHTi1zIAOrLZ8w,far
W6orXwwTkzkgPBHoFbllag,near
GlFWN7nAQxnb8gxMOX_F6A,far
J78MvkZVvwYqZA52j4NlXw,far
ru4s5W8wK3zU5GS79hWVag,far
h_n6WExuyzPM5l8qOsrLOg,far
UR7mJxtF-_hIin3r8egE2Q,far
HZyMkNKL35RmUqLq-9TaDQ,far
o_Ss6BJQiB83PLICHg1Ccw,far
Qc-rI1MgkfdslTVsdo_pIQ,far
Q6Eg4us_Cq0N7MbyR4dTxg,far
OP5uurWWa_BZdEjmF9qTug,near
DlMC8mxvxbpAshaEL_MPpw,far
LnDlXFbtjqkM_LiQBMeTJg,far
nsh6p0WVqGB8OhnM6_CKLg,far
WzfLerGWxtb6j4xvUBrQwA,far
u7krZpJkl7C-El9Vj2fchw,far
X47H2fVQ_tU2FxT8bJos1w,far
6UR77a5nM0AYUacVHvjKRQ,far
7xWPPF43VJmufeU5F4JkNA,far
w3b8o5uAI6P6xieEWUKYWQ,far
enHBhSnq0jS-xFfOpIZg-Q,far
a11VM444f5w2UCcRYh8WWg,far
3BGfF0d_Cs64RMljgQxr9g,near
Z_soGy_J45U1WFfrkbAyLw,near
IlXR6D01RkziCNZ1ExiFng,far
9haFlHQRUwpYzdktVq60EQ,far
ScR8EViAFzYUyccKQuYaqw,far
-iGzevsRYAi990-Lt-iMoQ,near
btCV4udJp4Hzv7GYv2oHDw,far
JiYtdL-ANhODUwbwsNVJ0g,far
BBhduwX7uyMNJJA6u3OEPA,far
DNkt-2XyvMewe29mjMfA0w,near
CjJaDHMfIHqaIKvBVABAJQ,far
oUnC0Mcl_nozqkOXejTQXQ,far
YuC7ECCG_KTTnthWoeQWOw,far
WP_AgvpNGROc8qoMeXuaCg,far
YzcB9lo8Pami963cn-VL8g,far
vVh5gHqawijtc5358z2W9Q,far
RrLrKSJwdoLXV1DNhVZFOg,far
O4--yth4ZKhKyxrpugnEfg,far
juXdMhEzHTiXBR_SNU2tBg,far
zJpBMqVuAzcBhHZSe0-18w,far
9s0-69sssCrmgNL5cpbXFw,far
n34Ikdgx5gHv5uyN-51_1Q,far
GpUGVKKmWfZieHFtGZQYpQ,far
KyxAss4DMrT_GMzcOLE2yg,far
nXlwz_JaLa4sqc6kbMpo6g,far
FS6WmPOfMBT2MzvkHAX8mA,far
zXNx6wFZsoYPtMAZmdlvWw,far
y5HAkPT1GyqnS0T9nZsPAA,far
K_8YsBq1YpWswAuPO7BLVg,near
uL8-UXfpos77EqwfGTc0og,far
aVxN4BthCaIt_LP1_w0STg,far
9iFhevm1sXBCHh-wx4wguw,far
PGlHVBkiCvfNE9yDes1lOw,far
DHmu53QsKvVcNyyxrzM62g,far
nxf2D6Hw3dPjtmrvj-7g_Q,far
UrGRbxzIc7BL0wzYmwha4g,far
C9PVoSSpmncXgzmAKuLr7A,far
MKclkPsAzwA-KRokbzuf5w,far
nCemO1rpMc__JVy9TlW02w,far
LElUci-oferIH1c19_PdHA,far
QfPYXRO7MTXUIBJKvOEjLA,far
tKprf1d9lnHstE1ZL8EGTg,far
3cfVJp9rrhpLbNUjDYw3-w,far
wK0st2QWGin3shaIYHG0Xg,near
xSBC-kI9aTAvCoL8Pw8tsw,far
vvcB9qtAk6LjbVCAWl_zvQ,far
NdOgiJ3o3xOkXhO9QKfqTQ,far
vDQc-PfKGOiH3J6gJDCBoQ,far
KQIFqMi87dmOyHF8F_Bi0g,far
ACEmlIYHWuRKRD9aoKBruA,far
BUUXa54m_2YyGzgC5W932Q,far
34O0RW7K12gB_og8Xv3M3g,far
-8x48OWU5z7m_DiUDgi-WA,far
KAQT1EGptJDTVMTslyBdwQ,far
czYDh3xu6aA-fLkJXuzSZQ,near
ABige0yh3YWBQ2oyCgpUEg,far
m6gILkoSovYr4yqFzTnROA,near
ZP8IlnYXS4FsEPtpMd_ZSg,far
tmRUnwtUuVbTma-mufAOtA,near
ki8BSEGGxeE6_hA_qAk5Dw,far
YmhwktMXsDJmRuDYDSIoGg,far
6zxPHDdLUNhCSLSeHlCVNg,far
iigot-eFP56UqfG_Ake8Jg,near
N7TdIA1ASyihh-H24IxW1A,near
Flut-RAHgxOwe_4FlkqGSQ,far
xyt8FfA4idSSMLIRQsDPGg,far
4OY5nN6l6eAVDiZZjnJs1w,near
tTWT4ewqkuhI9i200vK5ng,far
A0K-5xalv-kjqt71COUWcQ,far
5s7I0Khg7ReVzfO7niJtKg,far
u2SO_waqiX4tbfPEB47O8Q,far
ckCuUyMMrEcKqcx4u-A8QA,far
PTg9fKkag-ybz9wfkiAgig,far
Kg7498gvwGt8mkFOBtjkNA,near
fUfYaKffNpu2xmTIGV-drQ,far
Yfk6ziuGduG5oSO_idmSmg,far
vimO50oYXHxXMHkrfYL3GA,far
P8Q-tj1uxR1qpBo-9myBrg,far
lJ8SHUetGsnUBOJITRmfRQ,far
lVQAsgNfR3Q5b0lsq6iiTw,far
zL7wVx6Ihf1VEb9Wi7P0bw,near
kI1igvD-m53LZeX-NA85wg,near
1WyBycnEar40S_8WFGvVFw,near
QUFAPyqX-qmlLZ4Jm9nfDw,far
ar3JtUJjUQ0AcQlxdwFT2w,far
bnHd8rTh3CFcxeHCxpYjDw,far
Ph3JMW-vFSA0-qbhywD38A,far
oe_mNXHcqx_NTKL6YCfw4A,near
JzWtjfJKfEp3zRsAhK1PFQ,far
XYphq8PxGbL7l3Prc2Whyw,far
HhAz31Q0htxnfVyo2zoIQQ,far
rJ7cgPY7ONqrff19-1CEZA,far
0kvpwgzNSGwatjzUxFDbsA,far
C_8THGd9ZaZ8mTdJgwKrAw,far
TzaHqnoOUlSDPF2wLjxekQ,far
gKpsoVjBEnrNkzaOfxpOUA,near
TYVbm4d6b1xJjbZwndfHcw,far
6ccvTPhcwC-B37eIlqA8fw,far
X0WSwk8_Tats9pQ4_eJrEA,near
BG4Gd_kdu6_NZwC8jIR5Ow,far
45tVg7JUt-G8yD-9uiwYSQ,near
OG45_q61Atah5oYsm9eTYg,far
ccPc8AlTaBKVH1vpuW4FDQ,near
kLfkz8Rj74XB67w06iV-7Q,far
sHa0clZ1ngXu8P6kpwrSWQ,far
GUyFY1KFlBoRkgXAo4Z8FA,far
W4lBP3lqY4dURJJ1RnzLnQ,far
zGfqgFwC4qWEOxUG2__OZA,far
CF-XPLWAOhaGd5p7XLEm4g,near
B4HUGYHQualkBz5CyZYPdg,near
f3taltnXNqeu2N8ld7-mvg,far
Dk2j_4KAdDxAFPVkhdRhDw,far
htBmaJ-XOEne0DyrBu3eIQ,far
bC9k_7XUDkoqDt2UHJZsmw,far
8IEDA2FJ-BEcs9HHSJkLFQ,far
3TJH3Rbc4dW7L8uwfHPrvA,far
gdblKQ6YeyUWPXYncYvmbQ,far
7XoGgxGkMb8xR3J_AW7fsQ,far
1_2Y_bcq2pVoKiwQ7Yoimw,far
dhnscPjZreHvwwMHplr1zA,far
irbp3bTab2D2OL7p8D0huw,far
tg9O5o4ATQAkL34ORZYFKQ,near
HUsRm7zA-gHSxAPzJQepXQ,far
LZAQGIwGhXLHfkvpx2XjcA,near
CF5Ns_wSyolFNpc2JSKmaw,far
HUZCVLO5YRccUyMt0oIEzA,far
JpyrAWxIXeooPcwcJCw-Ig,far
vOLX2XhdTX6LzzTKxC0CxA,far
M7fXxLpKF5tAVUl4fuzwGA,far
HrqOqWv0RER-ruX5xMip2w,far
8U7-EKNeNUxDc5s66V6FXQ,far
dmL2uJRn8fZ_p9bcUWSi4A,far
SOcYuL35HYCzUQu_Iyje8w,far
e6GbXQsQG5DVsCTdKAg0YQ,far
O2FvVQrUl8WcIYFRH3hIFg,far
nOTkfHeI0MrE37LGF3hFIw,near
_LYVAMVWnR-v1_hnLhhJZw,far
8hRqnH20pOvJmaEyQk_2gQ,far
8fB41ZVGzU-i3fOgKLZdqg,far
Dhu2JeOO0NKIp1A50YkMkA,far
sYhHFlE1l9wWrWmhRjAlxw,far
31lLDAsFtlWvqROMA1bSgw,far
tb1hX2p2X2_UNh56OhFilg,near
KJibkIOx_vZxq1ZHhtLTCg,far
EQHfKyKS8p611flJ9JshMg,far
9fqcpnPlEApBQ9nyjSPiTw,far
BcQo5T7BuSUA4xqh8c3I5g,far
94tDpLUc4_ayqBToT-vKPA,far
o8VCtspd1IOjNUWPS1pq9A,far
aJvR9OBvn8HL6sQHOoWtMQ,far
RgOS8kGmmfGHEVARGjdHEQ,far
uJePc12v-1ymAkPjzZhwQg,far
sh8uiUtRefvAbrKKuw6yiQ,far
4ROchKBwSBww8ftqpGBY2A,far
3u_cGb3avKVZ_HaEuXEJfw,far
Pl6IhajhIKeT1nDKfZHxSQ,near
9Bs4o0N7xOhIaO2Npyj8PQ,far
dNawpzf7Q8mnHIASvFf6LQ,near
GzYQJgKo92mBgISnqbFjhw,far
tWHiUyHzXuGV2TreP6C2ow,far
gJctImPPLma_aRICoi8ZKQ,far
WkK5H0JnMyFNeMovAKerhw,far
bIBO-ityMt1p1RNUj_rjiA,far
PZUllVPyWDTY8vXU5nNkLA,far
x-8cXxNxXQS9VuVYTFFKSw,far
7_1GqlDlbkShY0az7J0XNg,near
oHGPTi_BMJGOuAQqhOa0Qw,far
ixzrG29pZ-0AbEdLGPo_vA,far
DmfvCjhzOAaMz-wxpKZ5mQ,far
rzRipO3M-mguzqu0OY-g7w,far
TFzKrlAKIz7h_TAgLaDW0w,far
JHxfEDW05_KSTfk-SLqXGw,far
C2kdW-ruvrhgWOP9kHr9IQ,far
Sw8uw0pmocFqzBhq0AP5Bw,far
GomeHH2sfdOpBgTG0D-DnA,far
ub4G5dhNnhhZkHKsNXuA8w,far
3cyjdxvskRcADylzLI32cQ,far
swGIOuBedzZeGFvMV7YkJQ,far
-7aDp7JsogemWTKOuZdNTw,far
GNNe6IIccTOi-Fgg-wC_Vg,far
iJD9oRbra_xeD6GQXF1IUA,near
0EkhBu0jOFQ1uenNbrg9aw,far
WXLpEC9h4tlI57Wy26cdrw,far
aD-6NpNI8tHRGCu5EVLdAg,near
HJq6nfiPa6_2FhMX-D8FYQ,far
eTrIVMySUFERsxo2ajRaWg,far
h7wpU50JpFK2nhBwgmUXYw,far
fhCuhid_q2lYDXbH18SSLA,far
j0rlSVLbW1vCnMtfFsGmYQ,far
KVT4RFTRVjSS3zuZ1bmiAA,far
Ni8xo8vLxRWz1YV4CRW3SA,far
c-oGZZ81FYvclXAYIs0mqg,near
WvkAtS_k4oJyVw8KlEEoJQ,far
0OVhJp8cS3fWFLa35SESOQ,far
JIUzfcT2hU9jlXf4eAQ7iA,far
avcD0BzvfPo2HW0t7chdZg,far
412zcnwcAnrsyOb-Pue7nA,far
0bwSWAbtqj6qGmcHrXfgzA,far
8fCovWo4TJKpdOJ0KCZOIg,near
dogcOCiqIr3Q09VW_lFuEQ,far
_qON-b7ttvKYXyRDKN9nmA,far
AwLzbpWKLpnWJKhN0o2xVQ,far
LP2QN9FCHxLiHzRkG64KJw,far
8YBYQir3-iwIN0qd6pG6lQ,far
_sE5Fw4Ui2XbvMLPUL9Bcw,near
4Z-S9aoq33C6uxuLPPF-XA,far
QMRPkCj3SnQN6GQKTKbvHg,far
hTbWrLUG1zanuyfgEiKHpA,far
3g_b9HxZo6EdY-v_CAylAg,far
c3fTGN49JiYCMrCV2q2sRw,far
WJht65g8f3mE13eazyoP_g,far
aopLLH0kReIL7ObivWgiOw,far
tR4ABOCqEd0cQ48tY78fug,far
KFAoYnkUVC-AJY22s8L9Iw,far
zO63I0q1jhMPRA2uucboBQ,far
gaSDfsM2aooYpbAA6IuZNw,far
S7VMACijRMLgUie2Dh99uw,far
xQuStYsGXFy6Jy0Bqfo3AQ,far
eStBQLShT60Z5C3e1BjAOw,far
ntdgwLyMxIwGzB16QVjVzg,far
comOHkHCgjMXJ2nn6khivg,far
K06x9LwDA_WT42BJ1VHbcQ,far
qAY4eJi-r1mXrbpm33YyeQ,far
37NV_nJLSLX7MBjsOmSlMQ,far
TPFy-Bj2HID_gMw_UUxc1A,far
Q0KUiu3fsNkmLQa781EyiA,far
Km3u0N6frMjxGKVraqiwMA,near
8Mzu_wczdzv9dU_Gr6OR8A,far
CPEpeyhiD21wmKXhL-o1gQ,far
glKW0cgvpNgHwMBrsBncbw,far
pfZWuilgNgVD27EyK4TEFg,far
faa2RBePTY293f2Wd5mCvw,near
d3BFYXVDKsLDg72oSpoPlg,near
3L_pPBfD98F9hSMVXnwtNg,far
_3SfdIE0ac8SXxMktIGVsQ,far
ximYlNmBKKBld55fx3POag,far
ZWS2KR0tt_XRdZBEjqXioQ,far
3gqB-N60ePaggR3JzkRgEg,near
45fGMPlGnOGmJZgnb4rGAQ,far
D76aKaw5u9DGBYwJdu_5ug,far
12QDqlSwtNdM2lAkE_5how,far
4n29_s1qDN5HQAYst74ClA,far
yL-xeorNGIryLE2AY8nGnw,far
yPHRgoF4vR61gGFjaztf9g,far
je-qgOboTFBqrbuMvZ3E-w,far
sTeq8rtgijOQ3iKnGfnJEw,far
WAInJdS3M-4JgUyzf_LoQg,far
JhjHlvSgBqD-o8-ahT0ccA,far
h9LJ8_W1FaahpDxcI8jlJA,near
OTP14wxnFN0mbTNFIqR8Qg,far
QQoecfAQTiK9_lS17mRB0Q,far
jY0Ysv837btsFJW0rh0Tkw,far
WrkIhTxSHBiFSZNY3-8gCA,far
YAVSg3082RqgYrIFKhtlig,far
LBTVQfuo74jRvNaxu6Jb3g,far
vRtw_YYSwxszxonseZhWCQ,near
r9eIZl_Mh3BxYjeAquHKhg,near
_CbRZIFNTFVC1OekCbUU9w,far
ozZwTZ9uNZi6J35HSR6-DA,far
_KSF6n7YcHDCOuUTrVODsw,far
11UszgoABJNc9CF-1cS5Tw,far
xnQy0JcBgvvrcYMBCPJe7Q,far
3U7BAuzlY_EX8xNOXfzhcg,far
0THt7q5pk6FBVYjeGsITaA,far
nZJZ6cT3M0A0vawMiytILQ,far
RyJ7h5qPri25mnIXasQsgw,far
voo0rnOhOJcNx31DabyxPA,far
UMAM8Jo_dZbv3ATZ4iONQg,far
D09e8YjzYdh9dFQMfFDVXg,far
ObKsoqI6kR_suT2VWLZ0XA,far
9sVoDoSkl1r48OvjUGTJUw,far
xsHEVf9U3Gp4zYcM64g8kA,far
MDNXo_6wMUkbv2_W3GOW7A,far
cFRRraIn7zhabgKc0zQ2fw,far
j9YvgjesIwLMCBGqDw4TUQ,near
eywANGzJpu3Vkq5YnAXNew,far
FBEKo4Ffv0J5blD5kHSeEg,far
94W90PLwpoFYqtuU-qBEGA,far
wyL5a_6fYguyU-PPjMos9w,far
LKOTUEa0p2Uf7l7TnMpJ3w,far
_9HcunD4KrAKggvz8Un4rA,near
8I0YrYLozT3NPWZgWNWmMQ,far
gya8QCLpcMuTA326zML9aw,far
dHQGFaZHNk6RNSZjHvd9cQ,near
OS6efLK8t8fcOYrDAemrcw,near
hRzopn8JBHI-KrGfa-S0IQ,near
ma9zcqAdxJpMdeg5-UGNLw,far
EEvgUMs2acStgs_wr5kSQw,far
vMbyWrCrngIYo1qQo4T5eQ,far
imVOC0u_b8zWJspgfK2VTw,far
jCzafdhgaDVLYzuozw6BIA,far
rkWQpWSY6C7_ecK3S8gmiw,far
xjZtmVgiPR5S_b5_x-veRw,far
jz7bbaPteO7eYW_6GqTyMQ,far
QchGot7tU3pOrkPAhuS8mQ,far
IsdiMfUyO82J1QWd9FmkXQ,far
vhccnWNZ_fz9SzB2jpnI_w,far
bGK4RLi9oWbbfhXPJhFG1w,far
eR44gUajtqCnVECnjh7Ynw,far
l9ir9IOlpC2zxYtFYQu49Q,far
s1p9pg69MZA7vRiFCewQlQ,near
yi8w-wG4qmISbuad2ItGlQ,far
uZBro63fvSwPi0HOAbpXRA,far
o_SakcQu1eH55j-nWZOtqg,far
lW4TYzo4kRgXPV2FXi7Efg,far
NadnKPeQ0botT7f1a08sDQ,far
l0W_wHLOfr7qHl6EyTbJZg,far
_uDhUdcNBtgiOXPGPWunoQ,far
RH6i-VjNfV_mwprKEG5eAw,far
idxo_dKD3ADgjc0QQNiy3w,far
37HBpNmT60ZTdnNeweWdzg,far
q3QnACbTOrkTo06SvmPHpA,far
5sqtclJu_vo5qxNjIPW33g,far
muxda1cSVtplETqTfYVgZA,near
PyxAkETRbgVmNV_8K4AJtg,far
onq3SBMB8RVSXB6-mC6lDg,far
B80fjlcqX-FuKuZfDX6CuQ,far
-B6fyJ8PoAMr_mH5VGaPjA,far
hUVvL0Jgl12anXKKrk-V1A,near
VtW-N7ELdjvhCzrPuoxQBQ,far
M2jtUXHs3PjcBVUz0VEMkw,far
FcekRqEpGjlpPwzLTYJtCA,far
2WkvkW-kctI1hwDtCzAuNg,far
6LFhb-DEcVDnG3HZfHt1Qw,far
ZIR-Lc0pnaHvnGHen6zuVw,far
Rv8bW3pkzpi5dZu5ckbgtA,far
3wPj0tn1vsSZ38vDl9iYYQ,far
ivt6FegCwAZ8Pg7Q1r1KHw,far
YRCMEwKNXFW4rSD7ScaWig,far
Vy_3IJGcm7LuXv4q1UvC0g,far
7fS4QcD8BfnjaWriVE3uHA,far
yS9fS_oF22N55m6b736TEQ,near
T4E23iml3us2oH_OVGBr4Q,far
KwKnxsrgdF2gxVQiX4kM6w,far
JykoUULAfF60rAp3gjlvVw,far
9XotfKxhAgB40oMnF8yS2Q,far
9G2jNvIzSip30hEwmgdH_w,near
3yfYETTuh2GvyzPQGkvohw,near
4jkH3istYst8zxLxb-QVmg,far
bOJY0VIphUtDkfAlPc-JKw,far
14QP5lOdrTAVVCDDuHIAUg,far
Yg9JLzQMczjakzmBQME5EQ,far
nQUjknMFnm1Egjan6GEw6Q,far
U46GSXgmxoQ4f_Gr9hMQjQ,far
5yjHCLzwHgjKNNHgAaUC8Q,far
9JnOdCWZcO4Uy19luyBhaQ,far
x3HA6SJmjFfvqw0JYFnEQQ,near
reNnl2TAfKshO5j5U2ELyA,far
5nOTwLs2lCpsFwZzHA6Hvg,far
yQEpKmjl_8UpF48kDhsb5g,far
IdVYkCOjBhwli2LtS8rXIw,far
K0pc-kTiSES6BFWCzkisjw,far
PE4iLK0g3Fn3tcd0762I3Q,far
bwvi9jj5UcSfIWSTdry5Sg,far
44iEDjXk-WTI7JQxNh_qfg,far
BTblqXsOHMXjcgcYkdzuqg,near
4PTn9KVKbGxqkO-UT7RuSQ,far
CEb96-FVOb0VpnRKU9e87w,far
SMIZEjMPlmV9wgfnwgErQA,far
ukdojID4ZYPanPtgEqb8IQ,far
BLB_hl0kraqPJd5RzCkBfA,far
bv34rqe2NeDEJnrOEL3aLQ,far
9MUMwFsOov1SpTNJmctIDg,far
z20EZiaFdPf2Sn24tqqT8w,far
MUktmmIzvCyxv03oNG0lww,far
LwtdXwu4Hkl_Vj82dyUmgg,far
ewaaXBGXMGluuTGXOnTkRg,far
5_OsTZrS1jMEj0Qg2wBSBw,near
5Z_KrsEQsPE0ibKwhYn3ZQ,far
pUB625RxV1mYXrsn02puDg,far
hYZ7t15_j8pksHa9NfIEAg,far
RkXnf6KZrucPdClANUcPpg,far
Vytvj5kogtveqRlRtosFfw,far
7xvFSTrr_cYeRWJsY0hokA,far
7ZeZgrlDOASTb7kNfvqRQA,far
ECz-ZdvK3B35NCVUD49bNg,far
I9JC-IV5AZzL7x0BzJqOug,far
YV_20nqs8NaQflupgDdxOw,near
YjaWGrzBWInxTjRynMZsoA,far
PdhnUOxRZmU2iasubZO5JQ,far
AO5zNOGO3EGlAZKeLtgIpg,far
BulzGHxbON4nyVNSwLLhbA,far
_0z0kbLOsVpXmSjKWtrc7w,far
I3i76GEvyyqGf4E0L_0KUw,far
VkAhWzmhMTCQDMoedhI8Vg,far
M-WU5cWLSRe3VoELjoSLKg,far
-6qt8a52bBwMogqwZsooOA,far
BN27-ABW57JY2jQWcgXWTA,far
XxyZkTQuuWURKDFqEdmbHg,far
TYXnIhDH5y_ZcwLG8X9skA,far
BlPwh6Bx3Lufkzi9dYbJkg,far
h6Tf8tRPDRnX4QAdYfsaCQ,far
mUCNeUpWCPWMBKpXODeuBw,far
vfF68C7odKuf1yd1HLX1wQ,far
_hKf7ubeNXoLaYsPTfKsgg,far
9yxwxvdFos1a_PveKEKLCg,far
9zxZz-CN7TrBWx0Kk6btbA,far
jLP3dw3lI-LKL8sLX6VpVQ,far
HGIsIlR8UF7mxf4oQz_PXQ,far
entUQVUKfv521CiqEWYWlA,far
LrwANPu93n4AwUFgWpbrgA,near
usQM3i81380LuUcJuotDDA,far
kUtz8pA_jLiGAaxv5x9i5Q,far
TxKaVOgzvrOxAJLFN8ju0g,far
GC67sOofTrI5nWxZk2_vKA,far
NIjZexpyJwNFNZX7rQslaQ,far
HAQiLrZ6Yb2-_x-YRn2aXg,far
o3woQWQ-0HxFftItIEeNdw,far
_2Ge9Kkch69Xi9A0TvucIg,near
L_-7wYkMhwkRYMjfZHDypA,far
54BswPgCHMBIjYAuxz54-Q,far
-8oD6dtRRUpkIFSkJ46UqA,near
RuWRIZ_QEc1y1lfQdmb7fg,far
uztJW35f7JrCPglOKABgdw,far
-8uatt4iWxUproNMOd1srw,far
9hVDlAouG9J1ORXOlBi44g,far
yYV-ZHLhlxm_0G8xCnp9ig,far
SldGkpfpNeJPscw2VsPf1A,far
RFIHFxmNH9dM0ouz2N8ZjQ,far
rtykgAe3cXao_PuzgT8mPA,near
pKJu-pK6GWgPSaYhaEzZGg,far
p-P6Vwx5TVXgnk6mNcV0zA,far
3USsaqu_Dm2NeAJoW6r6_w,far
dyxT4xKGpf-0bsXZTF0Dpg,far
Qiz4SjmEaE0SLy4ctQoRVA,far
TW--ofc3fcj2LM1Y-UK5rQ,far
B93NCqfALaXMBYxpTHSNPw,far
p8Lbf6wqRJwRasSh12G09Q,far
TEpYV7DTOhRfdwlUgxX3yg,far
JxrmMuDkU10Rb4vPdOGAng,far
U-1tpdTF8Ps18ltVrWuWtg,near
AKtLOAuqcb2GWXuiRW5Www,far
YXkqTOzCciSvl0J-PkkZyw,far
oy90OmKptr51LU2UIj2j9A,far
K71zIUrchsOt87JhUPciPg,far
tW--Ztnu0FEjXkdZHMDKpw,far
XfTvMEWlfF4NrS3r1lvHxQ,far
wu2nJ5lW0tCU3VYa80i8Uw,far
5Fx-CjFzT4PxptU4b3uc9A,far
no8Sj8Eflgka2LFdrYFG_Q,far
9_SjXYZbO2FH3H2hg_bYGw,far
1aZCcmtroOX6sa5PMmT9lg,far
a3V70KFzE9FSg5kCKcPA7A,far
pIAQyVPT5O4c_2yK9T3cVw,near
vJjfXB8jEVkTm1PltypSuw,far
52uM8Yx1DO3o8-w0kYDaGw,far
OrLqnphSlRQlTscTilVIag,far
ob7l3DNNBnFOUmfCtlqsrQ,far
JVkWYv3_5saXDAiRpkSyUQ,near
ptxv18tXQHK_K-ADXMuleQ,far
QdPiEDjZ2N2mOXSCrWHAbw,far
52wBQghQ0jwzSuvLvwe5rA,near
I5x-8qZbzE4Qc_e_FsdQXw,far
YJytisWskjRixDrm7S1flg,far
7lGatKCfpvCnTriVkRPxpQ,far
8RGqaro54LVUOZpiTefWZQ,far
PZSAVdPEbCKTo6H4Fk1ipg,far
JcTObuykScuErzrv6fgy5Q,far
qzw5Q01PGpWcYmZj6t_d2A,far
_uIBgRtXENWehW91n73k2w,near
lA_0Vglno6wrlYmVWAnz_A,far
omeX3sbIEnyijtFRPBauXg,far
Q6aeouDp2UdBUraDwjX7Sg,far
6eqJDrjqMXEDNRf3S6vzZA,far
s4TtrWlESnssZV9qLD2c0Q,far
082JI0CEde_Dxm5luhKpPA,far
CjpKgezPuAOIu4IfO9v-_Q,far
dsWIlerja7OsBxrGBFGOEw,far
2tSWTVynoI7Sc_BhGHsO9Q,far
dPc04D8Wsq9XP5pjfWuJww,far
oTbKCNKSfRDkwf8i0kBpfw,far
-C3uMHgUbV0LxV0rJ7z6EQ,near
EuizWOc4tTUabrpyuUBuXw,far
xGXfUKxBWfEQKna4f1pcJQ,far
yYuKTJxNU-71Nu1SeSP_Pw,far
drJFjqkFqFIiKWRflrWjGA,far
FQv0e443e2QiY0Nn6Xf4rg,far
De1J0bgW-_tOy58rXFFFjw,far
eozOGBBfKsEPfU7fe0n7XA,far
Sw71TvMkZhQIzbCpSJXO3Q,far
8NBb4aIeQvDh3OWRiIXYIA,far
6uP8O1hbIh4c-gEUEgaaWg,far
qMpAph0MX2nrjCMdEgRTxw,near
EBdmAvsfcR0a6Fsi5OE6eg,far
ndSqo-MePLcOLORVxatA3Q,far
WfdJrrDx0sArht3FN4_QQw,far
uxvAlDr9G1KRcCfxn9WZuA,far
zaN2UrXXG2obOSImx7_DTQ,near
XtLp7II4nbDe4SYg5ROFbA,near
tEzX0b0LDOIi_usDzp99fA,far
NhIfTIsTzP8-FRfB8CxnDg,far
3J9bAlYgdZWza20Ui_Yl5A,far
g9X5fQFrRoHUeGjPgXo5EA,far
8cRK62-WVvMoLe6Qf53Xqg,far
fR6WUIlq9RvC_gTC72gg8g,near
wkyVWOUnXt8pCZxpvI2wkw,far
dK10D96iGeHuTQzR8aG90Q,near
IGywZGZSI7aL8kF6mGenlA,far
poi1FLqu9eMVy3hiVZ6n1g,far
uER3ktKdVyvIDTXGzeOwIg,far
jybUNukv42ELCFw4gCmZBw,far
yO8eMVZ0OSHJeo1dgqvWCQ,far
xTu0xLS-lsof0yHsgOQytA,near
-yQIm7RUM9AvRA-ycnejjA,near
NVOHXM060PArDznqnylCkg,far
-7sP9Iyk6XfXRawkcmwEng,far
s59GXXxeCgVWcYUIUnG8mA,far
9nPV43s_xLw4OwDnJnfT_A,far
oBIvlbgJEFk-nXJbAGvCGw,far
mGmC_j5fmxuIMTX6TGqeLA,far
tlmxMUrk9xRvYzH0xo1Olg,far
J5b5ychGcVrNW_8MXPhVmw,far
8XEw2F6zA2Ljf54CnuIF2g,far
LgnOUxA7pdgVPjNdSrawrw,far
uIeOIUfeeboa3c0uur5rWA,far
RBVdbFVZu5MGhE0h9BoCCQ,far
44klPO-2HedNmQc-LMg5jQ,far
PBvzv2e1Y_Rn5uSQ6Miovw,far
6uqCTQ1w5vf3_Xoqg-eE4w,far
dqx6jpekrUIZGj1bewZ26g,far
TqCKiDAs6r4GSo41QHlCHw,near
5pWgwGriPE3LaqADVAtYQg,near
DuazCrDIuzy9hCg448MN5A,far
nu25osyjBXJ5xy2-OAQxgw,far
qJKvhYl28hb6S-jgDyt8KA,far
fXxqXtm7P4ehCuey2EU-Bg,far
-uggmIOSBiYZxiZPL4gLGQ,far
aOrh6h4PxEJcMiMXDorIDA,far
fDwiwk_clfUofWzRluac3w,near
YdZS3QkpjgHU2zIJ_bqy_A,far
z_GKaftTNhQhCbUvrG-2fA,near
EYoA7Zwg92rDj6pMAQQLTA,far
zL7m6Io4qvTCtAFfLfaxYw,far
Zc9vEAWzsQ8G-tn7w28Paw,far
mXqPZavl8dVBgk8nIwTiPg,far
MyUg6rbJxWqspFZmNfHPng,far
9xMDYRurELJTav7-yq8M7g,far
WBmSdUTL3OReyfikv6qk9A,far
hPGUmYikkMpTW9EJNEfVoA,far
LcQrdM4H6lL6feIyWvTsUQ,far
D0bCXoLQHSjm_zR_Tgut2g,far
ptJjGxt-gvxmNjdXst7wkQ,far
JgPUq4FUuWwiD83L6MsQRw,far
WOSD5skVX2U0s9VKt61zLw,far
eMbgk-8MJiTTaHHIon4C3A,far
AtVjKDZyXuVXieVUHAUnMQ,far
v0gslzMuXfGsUlka0BReFw,near
Ek-_41PnfcD8vyyNgF0PrA,far
R2siAiDu9I_s8b-pSa8rSw,far
c_PwLDe27x4UxTbHEUuJoA,far
aFUTUmXyguH9oHRGDOicog,far
RkGG-GnqZXLtEr7ihMuwJw,far
y-HIWD-qFUpePSXob-VIEw,far
AqsdQBCBsqbQrORsT1C52A,far
h2-mPUMYJ5pF_gVurDL3lw,far
IFKdsa-gGCrgt1DmL5ggew,far
mQLLDDJP-kBkFGmOqg7WdQ,far
njxROjP5qBfTxwzlTPkVfg,far
doOpjndHCzO4jM80UDijVA,near
es-32Y-Cb4MmFHskqVJFLg,far
q04MzlR6jbwSjrHLfKzjhg,far
RhaZLe5p6y88Dh2hDiMWZw,far
mrPUYkR6ykiXICvwHfkDUg,far
lcisvzKfw3g04-sIchUkiA,far
wzxaWuQWAMGVl-DVxgKAng,far
eQ7lI7GKhVXYSJVfWaHwZw,near
LepijX5_k2VSeDle-wAKTA,far
AFDATql1l37S5Egw-77toA,far
XlIuTI1NRLzLlp11x-PTHA,near
lVarBEGZL7Q1QSLXKfuEdQ,far
WgCfOUIyZzvTq7bWYcC3Mw,far
vDGWMmrb1ytwQ4FgAfb85w,far
-8f94QxhC2_BNjQ0AS8gPg,far
v43QtzpLvAOB7Z1btygJhg,far
dXmx686sTWcyTHB0vXm5JA,near
LQgCCHnqNOurEEjrqns2YA,far
nXaAXe2uHSAlTSMTEn-7JQ,far
wlUFLxxNlbbVHYg5tupy5g,far
YKFc7TQQOd90KNHcQ7bZhA,far
jNWIn3nQocGSouT7SwCE0w,near
3GMlO4Tdy7Nx6-vUsa4Tmg,far
OsywLdB2SyYBc_Ry5QUwsA,far
QILVJ9Goa3Lujk7B_lPQmw,near
q5xPWJWFnuGWVXLkHBwjVw,near
-zfxK5VPvVbXEPwzG6rz7Q,far
idCTQv1Rhg0qm2HXIHe4YQ,far
2qSLMmcWtgQwTSo42JUfug,far
nmSdISHWPLHy4IEckRRmhw,far
Av2lr9DThZFPXO20TnlHdQ,far
crz0bDyzKXGTApLiKCEZCg,far
3WckxPuododkfMQbvVQ7Iw,far
ySdQRlt_vbWhjcdw2xcAhg,far
R35ixe_LW59hRUryyKYATw,far
b_ZxTlHooKM7DKi0SuA7Rg,far
3Qw6FijzcrHYljUFsowaRA,far
lOGzA2ABSDEsPfJ0P-ctNg,far
hmgdHZZpr5fYKAsxqH71Sg,far
dvk9tdKMOf5CtdlF94ODDw,far
j_ApywNQTLXHGWXIYF8H5g,far
4-PWLvDweauT1927XUOW5Q,near
hPxeshyaUwDYOz-V7tWDQA,far
NmDJjpwRbvSw3U48sfh8cw,far
P3LqNV9rzVH3xJqOJcnFBg,near
GlrpA_iR78s7vAP1j4CI3Q,far
EzjPOiAz1hztNWwimrReUA,far
E6NCDNG49_BUtbNsqgGAyw,far
Eb3oEvnDVYdwWuBKMdsa9w,far
86Mpp2Xlzasg-ntc2fNw7Q,near
F09LFvbRrXbThbGCbX8QJA,near
QfxjSIlcq8OEqySAFXuasA,near
DuxudwwFnsBpF3ISCpqf9g,far
zfDVCjgecRoMi-g_3lI65A,near
LU7WfvB9o5_JSW5IMvGedg,near
NFB1Q0zyy6LS9eraHp-N5A,far
aJQJ45ji82W9gsk1hjnYlw,far
CYTKbtXZmkjwb4peXJ5SsA,far
25N0ldGa2TBiU2OTYifbKg,far
pQiVbGmN4jE8QGTfrra1ew,far
AAWxOn6jTOXThAFSzlXubw,near
7UDYcLwAN_EuPjRIBxMFjQ,far
gOr9nvy1lZNiVQ05WUiIHw,far
8aw1EB02nBK8SaphH2DFGw,far
rBdWlZ22bvi7lbWmkIz8GA,far
3oTCiSxCNlduft7oTejaQg,far
gMgXSvgBkMUsQj02zixUBg,near
Dy4cmOkfS_2e4DNNBx3O9w,far
-0G_6-KFGpCpxTUlVXCMYQ,near
OCR7gJPW3v-F759M3Qcnmw,far
Gp4_TeyGmhmZH0yGc7uCLg,near
o81q7dhLxl7HbPvi12wG_g,far
rMk0dNHVXeUAjrGjrTnCiQ,far
M7d6q4l_kn0KeBo_g9YReg,far
PSpXwP98W7ofZWYwkJSLCA,far
ie-VvFDIPZArMRQRcDT7eA,far
UUIlLejlZB1KpXKVCiT2IQ,far
MbgRp2-3vkr8-td9DKxYzQ,far
k97mvU1TQ0Inr5vJ136ITA,far
mho-nLNu7TudB5Zhs9d3xg,far
HoCO8CHjAPZWP4P2PoTcZg,far
IvrWkkd7B4Pe78uvrW6vzA,far
OqjNss8Qt1V6YZzCWz0RzA,far
ZhMbfAIHSE25FoFEXl9qsw,far
3SciHz0VHsmcpvAlP3kLsg,far
CjotjEjteeBeBsURCPBZxQ,far
jgLy1udEM7xDvt2V6db6Lw,far
d5FgVw-xf_xd1P3guR1PKw,far
4xzxoQSL_pTHUfpTQ9XIQg,far
DV8bcvgJ20v1Z8fib-jjxQ,far
MkN_izm527-4icyzmzWvOw,far
-VEUjwiofZim3ETgbtuVWg,far
OuaqRGlscxMIqUoN4Vw41A,far
Gj-Au3gbGLMHGskVDTQrWg,far
k8-uQ51SXUPKGphE-e0WBQ,far
aAyCUTc7y9ZIN1OZ7tGe6Q,far
f5KJNlxSDDWe5xyTFt7LWw,far
TffxcyCjL6GZJ5NgLvMhrA,far
BpU_KcVoY8QGGB1mShW7PQ,near
x8HCXPbdMMrtOhK9ypvTxw,far
ZmI1lEObSTPwzKJ49KXOMw,far
81FARdQoaeNI107y2cXwhg,far
aRF_msn--nbX2LPIbb13FQ,far
tbfEghMbfkafXsy7oh3ebQ,far
3nM4x6B7a0WKZc51SkA6xA,far
uH3S4x6j9jBRZaijixxzcw,far
8YoeCqahCYB8YjV90YonqA,far
lLfELruYq7pq0MaXafqxiA,far
IXckJ0oOCnjAvYiiSAE9hQ,far
o8EeYU-Wg7J2FzwJg_yfqw,near
ECV1dzJx0T34wRpx445nYw,far
uMzxDvcGIKT9oA45U2iXPQ,far
ncCZhitSVntLiJOODRJwfA,far
yVc5LFrDJXzbfw5GTTC7EQ,far
eM-unjTl2rG-96N46qlveQ,far
Yb_rlDWsGTJ_LExpUeoVtw,far
JfSwHJ2KfWRXHsPSeh_ekQ,far
0YfhMG9kJDQjqH5cgbUYjQ,far
XekExID4mdunrQ-CQN9Fww,far
Sd1-_WUfi2-ULV8F2p4etw,far
-xxPdDMPm80ogHx_hgishw,far
AjhuPa-yUF6VgKuie5g9SA,far
oNMvfzIU8n5jm5Np1oTC7g,far
9kiTjkTXJRuwGABMz46-dQ,far
RCSgRCrSihn9jxLAQ0ynAw,far
CYkIKntKDlct5LKDwJHTqw,far
_6BKEY4ZLO1F6a3-yUWsSg,far
Ni6qLvSlIqZ3wNcoPDa7nQ,far
klr4IxmRJ1oRwK7qNjZr_w,far
SECKL_sd4TOdkh9SMYyN_w,near
vDUPgJdR2Ro1aRE5PXyCjw,far
EJp84gbGidRMndfEaNKZJw,far
yzELPmU5ofI6BBuBoz7z6g,far
lGMD4es20Mq7OMf947TkQw,near
pbOq7LK6lE8gvB_WWxCYkQ,far
LZ99NL-VmMTC6njBgAsMMA,far
ixX2T4b1Ep-LyUB0Oou0pg,far
R4ewU7fWySKYMKD8Mu8PDw,far
FgmrruCcUCGibvxRgUk-5g,far
pMi0ctEhZ8zYoHq5Nnd77g,far
qx3YEYu1uA7i-t-UjZ4Kfw,far
fJIZuz0EdtvvqhwVxF-9Mw,far
E1Ed7TMNJI6JjUj2RA1oLA,far
veZDu2CI4GFQlvbRBGT4gQ,far
PlwFBSPns4aaXTLuP1rlmw,far
Md3W--0UdW0u1O2LlfUZaw,far
zjahEwvJWOgUss5mA5MZeA,near
xx9r5tV6oT8aG8x5MLSJWg,far
dC9S-nqSiO2C9aB4ZLI98g,far
GQYKs9Z0EiT-EmpYWsficA,far
zM6FkAoqgaH22aWKK9TLwQ,far
LN-4avY-F-OhbfNZ11GrZA,far
PhwprusE_9U_iinULuK9Ow,far
UCSG2MmRMu0zQiUVqC7YjQ,far
J0QQMuZkr7ee5ih1H19QsA,far
DeeZSf1I9rnaB4fdZqF-lA,far
W_RXfffCBexcMUcVO_rFRg,far
7VgOHNhhXYVd-k2oOVmVlg,near
O2j1kVM3CGs59pa6Av9H3Q,far
tfK4mEI6BUHTpwoEGyUSVw,far
Y0SnppHca4xcITS1kl9R8g,far
3P7gYfs7n6kbtDRqms8yGg,near
K2-oUualiVhoWBX9rMoLSg,far
9p6Pqiegqii7p2Ig5t5Prw,far
friZeYjzy2klGzu3YQuymg,far
Ar0fToVUt8Xk8xhN1XVfCQ,far
jKp3RsHxwbZkuwQnSqmsqQ,near
ovCO5MGjtFnJxXmpIg7U5g,far
QZo-0Hfe3NTsUOkFPaUgwQ,far
sutJ3yQpdMjqgEVIv5XvOQ,near
bUATqsYjTxKGcti39WZuxw,far
qh6WdsT3NnJyqs2LB93vrQ,near
arpd3IorMV5kd6eS3hwYvw,far
NAVL2KEVWpZCirAb_LwJBw,far
eD7M9vkh3HO22Gah0yju5w,far
5pF_tvpdCsWyWPtcC3IwPw,far
qQyWWrSOpq4OAArTiWuvEg,far
OxBZqeYH5xuusEPp9ml7-g,far
aKkX9smhAdNMpTFbL2HnUg,far
KISVq91dUQLa75m8IqY66g,near
yjcIKn2T2QY_DjXWACsAFw,far
T1E8IfL27VEeVa9jGjnl3w,near
v6T39LGAF10x1ZnMraU4aw,far
n7R288WucXqighzfMwNBcw,near
dOOvB4HW-b0mWDpcvY5h-g,near
XzbIqqa54DSbjZu0O04lAQ,far
5gGLaMLatEP_Cm3y_Isdkw,far
qXjqY9kyEVK8YneqVwNanA,far
OAsh9ye06Bp5jShsnmAyBg,far
jaFGVtpEMSyh8AHi8jh-wA,far
jjMS-fGJNXAn1AzYrOXUSA,far
DT8Er8AClezFAfNpaqMw4w,far
cWCwAkjQxher9oYylYO8sQ,far
kF7nynIYqw5-f2R3hMPVsg,near
A4WD3C9cRQcF3dHpAkanMA,far
ALccdKgIxLKsi--aBprIkg,far
E29l7NtSA3xu_i9zL332Mg,far
PcZ00r97wYVYfvzpc9VEWA,near
xde5sSqRO0Z5BiYvKgCAIg,far
BSiYlzKgfkHn6CZ5svQQgA,far
yL1R-tba-BhDhwp8qYCfDQ,far
X_lgooP330f_DbjpmIHtUQ,far
lf2MLntf_2DgKV6DDVSnrA,far
EoNIiLhdcNabdLFM1fXgyg,far
AnAd5vrCkSn-1yksfDegNw,near
wsRgaK0f7D9Kh6wuS6LuzQ,far
YzZBuoFke7eO-FjZzML2BQ,far
pk5Rkr2eQFvdQhfFf38HcA,far
SJ9sdOyLWtiuULMJs_kLlQ,near
pBEu-SPGmzwM1gqUmQ_rGg,far
-TO-KQXMbQ0_G6v6DJDb4w,far
qBtJsOr0xybAvR54tmBEjw,far
dp0Nm0zIsS7i3czyiPOOuQ,far
sfOsBQzmxnqal8N_PfwpJQ,far
bVGNvnsQCgw4H_V_vM7V_Q,far
0yUjr6ogfj5nmLoBhkmb1A,near
pSl8qRwaDYvVWDWbaOuLcg,far
_HJmhd8_eiSJsG6k26zIfA,far
BDlJjC7ZvwAiOoz1STMCNg,far
yJc3UvQRDkUNLc3urGnpig,near
Lo9z9D_mnY-j8KuhfSErYQ,far
kz28R2_dTlUfT4Wb9A6qDw,far
V6wsP_nWEzm-Nd9T3ck04Q,far
9tlqjMhhie85aX4xng-oOQ,far
uB0XXol1OqcaJJzi40L5iw,far
QAyPzYCrwKKXk35SbOM0kQ,far
YuD-J4q5lKFzLZveO426qA,far
gQ5_wcFqhplc9xrnSCt6-Q,far
NQSf5mfLEuGGGPTbimdlxQ,far
mNB7N7gEf33h9BGWegBHvw,far
1SN4h-NXkj7_qfw_ZTw4WQ,far
SZ7-z5W7u30Z2-N0rGPN9A,far
nXUfI8_N0cSh5rlYjaOx4g,far
NJLSROCKRWPQbltFKTY5jg,near
E3AH8ebmU2kyiog6mqMiMQ,far
wVKHP1LZIaXmH2py2zwFrw,far
g-kS-3nPNZLZPeR11iGl5g,far
71rmc6h_EMr8gIBzRW6MVA,near
lrDebKAgT6b30uhvaaZiKg,far
nC-z2sw5O9AXdaz-3lV8yA,far
yUsr9k42sOq8eGPBwb6G4A,far
COZbEsySsjS1d3mJ6cXeTA,near
wc76B7whIWe4MwwxKP-7Zw,far
OX87a1nuwBMJWClGI0YQog,far
GC75ZzoLxsfeKyk7vA3pXA,far
ktSDiBj6QpHTUgb5ZylbOw,far
i_QLc6DXGXn5GS50tdmVRA,far
5PLTCfyndcWM44-yQH-YRg,near
IdQWoEJV6W6sxRFeWtKGbQ,far
ayvHmWGyyD8b3hjjiZ2vNA,far
crx5gGbwNRg7pzptkF5oog,far
YX5GAkgoHcjMnAZW-4kKoA,far
oy5PaBtnNfPA5KtsbQUAuw,far
jyW4rxjaPoNeuZwhqGq0hg,near
bmo0xM-a9W3Cf6GgOX8pyA,near
HU_CDuYBqsaB0zZDZXi1kg,far
7fiMPEC0hPph7yzgf8Kd2Q,far
X-EC0xDfkIcitk1Ql5hlHQ,near
TFoatsevx4K5GiLP7psmTg,far
OTKDjjsxoiQcPtVN9bHZHg,far
_uvTdEAVbPVch8ESDnvbuA,near
VY1Gxa5ctQyYW6JElOOLJA,far
MQy8I62EjwblsdYfyA3Reg,far
YpnqoMNGZmDaBqUsRpHg-w,near
yxoWbcsUIj5C-FPMgePnJw,far
THS40i9JgqPRm6jZf7Kmeg,far
x6Ics-OHIfqdYonCFO8q0Q,far
Pcp2VYL2dphgYrHZdVX39Q,far
p6AjXlO75t01t3ZX4PEL8Q,far
I-1CX_ZjAAVG6rIOJ1PeCA,far
IRvIMcWgJrOqUNz6VazHVA,far
35I1AoSFszgU2l2_vIj1gw,far
3z2QLrbqRVpjsXioButL-g,far
BeiUwj8kRO1Ybs6bSMAXaQ,far
Z6Bqeiuv2J_UbpG6W2NHYw,far
3TNaIkVUKrHzeeWMo9DMkg,near
Fl_J_42WeHmH6rCczJSbbQ,far
2kLVlnW1NFqpIWn876EhRQ,far
8JJSe4zRLqmJUnjPzUvCEA,near
HdiWY4WV6laZflpfcLyo8A,near
V7Sz11o1G5t-tjFXCkfZjw,far
Q2ClPH3hU17sI6TLmOp5Aw,far
PxaIMhpOqp5r6N-JtL_iuQ,far
QwptQh7cN9NQK3YHaTxe4g,far
0NR1YXbDxd-qShPbvQeMgQ,far
_6jVdQZV-8sFvfJXP-l4FQ,far
o2Noe_xu8B3bCFHfKTbDOg,far
LUs6ltKjOl23WpEpHA3NQA,far
0ZvwD_zqnIS8MyaU95hSqA,near
BzLHoOLyPnpswt7yK9V7DQ,far
bmpuMCPLEf3sO23hbLV7Tw,far
TiH0eenqMUS7YCzimkunAg,far
Sn00sOUJTyhoiZwyC2jHhw,near
dJPTV6ilP1FhayMIyVMN2A,far
npZszvje-mCTRCtzqNIOBw,far
B-b-mm1Ll-qr7n_yMABNZA,far
n6Vx-dcFts6ov0uZo44UsQ,far
AbdydOraLauHTmoI7YQO5Q,far
7RVde_7MH_muKQuoc_8xIA,near
tKckCH7j7hADjnVNWPX0BQ,far
x2fZlW_OBXa97mY5SqtwrQ,far
Zp5E02WIq70qr9LoGzrAUw,far
ePN9IYR2_FSJwglzWfi30g,far
9rVSinEDIjuOLE0rNDh4qA,far
qJ_jI68ai62OL44d2zQP3w,far
Sp809amgH2VEcVkNa0E_Qw,far
rh1CqX_HpxlXh3EG1MuMuw,far
S-a7xsGN0R3cOzftGh42IQ,far
IVrx54rMW0BNJLwBLj5Vmw,far
ZNUmF2BHvp4fovXFTFW9Cw,far
AhjA27jLtnm30f3YxI8hKg,far
GwazWNIdEM898WG914R5Xg,far
eE5w-7yMOwgL2OPsG85Z2w,far
rfsFB_Z4B-CNTBktcUEbmA,far
cKqcH_8rcbhdUvYWZ16JtQ,far
vWouMwwOkvJs3SgnEK79CA,far
ai4gHSJHs-7QLA-7MGCNFQ,far
wJGo01-LBWDGAlbrw4nIHw,far
D55uuencvj3abcS3vMLtZA,far
Stn_8puwaL0upl0nHgyOFg,far
UfdrT9hLipDoJ5Uu9bdNKw,far
HptuA1QLo7Wodco_SOrlDQ,far
8iATYXJf-zIAXCs8z2WVng,far
xBFNCseDehGAf5D--HWG5w,far
6-eFGrQFI7EVnxKtb1Nu4g,far
cpaMPUeMXrlPqPGZRWE6-A,far
OZR1uy0zUVvEFJeSqsxxtg,far
a6G_5I4y0BGu_Xy3Tqjgrw,far
UcQrdMJT4ef0EE-8-aNJUA,far
DXDeGPiep7BxmwAXi8SFgw,far
zny9JlDi2HpZ76VzJkMXRQ,far
SZHJLR-rrw32tJHqkzvRHQ,far
gC73jo09Y0DSim9cH0d4QQ,far
t46HH2ZJvKVPYUe-5qrPfw,far
yb6FghuECyG9qR1pgrVQ1w,far
vjtJ1d6_ad6NWYVjN_jmGw,far
4Qt-KtFm3AJOJnrk61_7JQ,near
8CC7IN8NeWlm5PeZVWvcRQ,far
jveMZyfhkSaf4-EdMdZ_rg,far
YNUj9pShdOIoBWFMHB3Yfg,far
nmkch1Q89DdFRXF1a-OgIg,near
XbQhPllLz2CaaAFJYyBVjQ,far
69OeMTKU1ZO-7Fk4qN5pEA,far
XvEraHG_oGtlOvJxJoTrew,far
oB3eWkb52AQ0hryaQEj_Eg,far
qilnzqVbikmHr4-KtQyu2g,far
b6J4GpjqcHLVJtg_C1yQ1g,far
7mTaOt-dnNyQbm_iqP9gvg,far
L1TzHZ8OXfVXTfyzidstzg,far
1_CHNbr4ukx7HCru-aQipw,far
aoQjk2xVPPTETiKqyivurg,far
_hndEVMKrYKcaX24kS5NZA,far
HnZCbSY0Ipn8Ydg0Ii8xCg,far
GVRE-CRXe9QAkAcqBoosSQ,far
OiDtQZ9OJdhxImSL2kSpvA,far
7r1MwJn510HtgrLch9WtdQ,far
K_lmlGmdSJ-QsGJm-Z3f9g,near
_qidWi35H30-Rjn74a6ORw,near
noLsD3vzg62TyF5RhlIw-g,near
T5rbsS6BpgDip48HfF2tGg,near
RiI4Bqu0UoXxcgORXvY66A,far
d2ZpR8LgC3OB2qKb8txB0w,far
4JqTILJ-Ve_lkZBpkXvpYg,far
VGU-5m_0iR9pFriKyOD54g,far
h8TJV8clolcjqp9aFV4OjQ,far
q1r91z-SV0aZUAQnO7xzIw,far
G56cuTuNvZlOwpPqOlQeeQ,near
iQq4WZJfLkPndsm-Nypoow,far
-Xuj49w-yxbvTXHfoXbnsA,far
tW5RnGlu6KZN9m9M_Uvp9Q,far
Pfx9MmzXSwSJVSeFNF46PA,far
EY8NZ_zr7VvC09Z8EgeHGQ,far
n2qg9e92vZGXJFjWUOikww,far
zXwaR0CzGJgRl6F30KJhnQ,far
iMxWIHjEXeoHsTVMDmMT7A,far
FLzCzE92XojribXSXcWvkQ,far
ZPwFVWoiqFOTbnhfSuK-ZQ,far
qi_NDyiBatmFWBfS2Iid1g,far
TROGo4sXXkAvoZNEVD8d1Q,far
t3Mxvj7ChEsJ5RurnP-nOw,far
yZS87zhsmj_HN8dGuOvV4A,far
K-dohRQcOpaIH5YuFGgbMQ,far
JxOWjXF6DpKw2b35NWwHbw,far
iISd4n_DBHfy7p-0tEGpxQ,far
juz5BOe_kvlrhnE6e2QjDQ,far
s-x4t1yiCRjVXrqM8bQ3aQ,far
9BCn7lvRpCRImlkf8VvfSg,far
dErJi5KZNeEL6ZOXqTAPFg,far
XSwG0sZRiz5lKfAsrXGJ2Q,far
syPo1pvnDU3NymetvMMvig,far
OGa75fgHPrdwtDLPghnHMg,far
6WXHwOhU2AdS07Y5ax7uvA,near
loerTxXYAikXZgiPlNk-5Q,far
MHRtTzAIU9RAnP1GnZr9vw,near
5z1s8s1wEM6hrwcYA95q2g,far
e2B_voi6uU3Db1-T6xjENg,far
qA2axh-_PyFUOsYPVe6JiA,near
Sv44hQ_fAonUGUAx9CRHZw,far
I1CQ8_3tyP6s4zvZtv0sSA,near
G80MhPdCYxMeq4hWk7RMtA,near
Wdb-44Dw9w_L2hwY7WIonw,far
ciKB8wZq7dEckawTT6DZpQ,near
PbpgqV0Jgx2sc9R7m2207Q,far
wzuJNtWzgCF7fp0WneSqnA,far
sG3z318dPnG7zyujS_eqKQ,far
P_aRdrrlI5HnRpMHOwaaIA,far
bW8D7Q1LAEehQshsaypkCg,far
dlOTtFJbcyN1m5PR2IDxOg,far
hUgk2rmteurTh9nRl4J-Kg,far
4v80RWA1_BvIQRfp3XLoFA,far
hDZ9ol_h2___MqnbQ7fbKQ,far
PDLDs0a-XpkjU2tEv3D2rA,near
Vj-d0zxNauItgTTgDiOeIg,far
qVetNhz4fH9po2NTHhwFrQ,far
RSrCpcr3IJRWUjCW0sk7wQ,far
Mr_6cJeb5uRV7R2hlF_kNg,far
Z-eso8exrjmqIIFQsA36aw,far
NyJtL5swtSwJYP0cmotUAQ,far
-l_BGjqL_aIPJgEi1MognQ,far
kGulQ2rQN_ww32Cfymprng,far
fnCkoMLHCNTjdfbobyD7zw,near
9Ijz1mXyXGEFJVSh9o1KCg,far
ZubvufdAF3XhlYGZKdE83Q,far
HvgiEFVKIjXDkxvWnudakA,far
uNrcxIh3EOPunPg2cZ_aIQ,far
HUhlFVMjZOgj1-N0JmCo-g,far
1PfTwzxhUH92WqKBN2bLNQ,far
XWsGepBCqNs4V46r2bXwMg,far
wsFE2fM0SYUFoFMcEXonmg,far
9a4JE2dhwJYdbERXuXHVmg,far
Dz_PHDeay-YwxvBVE837lw,far
-SLwUeAPPU7L98uDOceWxg,far
XTPYu5allMfe80ItHH7JMQ,far
b4l7PXee5O1jguE5wyYk9A,far
dgEkXYANYj2o3dN_bzj4pg,far
yZwlpIhzVRxVdbIkuw9-VA,near
FjRH6l8aQOmfXuo00lheLA,far
_50hNNH69PsOJXrurN2OLw,near
s3l81mHT7aQJpSgv97rKng,far
Y9ddLD_xafEdQv4qo-emyA,far
bkpS0H3igTwHPaBemnkdOg,far
WHW-fLxXL3rCfqEptnucNw,far
ogMSUVr6SkpuBDsU2tkexQ,far
99Fao-CDltGkbccw3c3aPA,far
fXfFbIjFsnMa_OoiL5R2ZA,far
_n5Rg5-C5iBsdv1l6p0RvQ,far
05j45Iu2bFI_-nDPR39bxw,far
uLmtZdcegE9XQzxqhxj-Cg,far
2PmIhlF_5BHcRsVZsCtM0w,far
y29Da2WKi8V4xk4tOacEjQ,far
w9m0gkLgt2c0YFB63lk9gw,far
7vo9nSyNDmZRqhcxQ_M3yw,far
HBgU-7Ga8R-cRDTIs4KeuQ,far
ggCsRP9ahVmz6jH8S5vyIQ,far
_rcG4GiqejSRgJbWoSvjaw,far
qyEGAzLjd8aAgRPC309oJA,near
sfW1CVpED7wueHjYUQZLjA,far
i5BMmo9em3D_DNogtd9l5w,far
tZOibT5Tfzfd6kkCNFJGGA,far
mGrlolrUMbIhc7KGHgzSjg,far
Qv-LXEAx6KYEWjXSqTBvAw,far
Cx9ZWlJ3fZFQ6-BHf60e1g,near
1Ksx9vG_RP5_TIxPONKqow,far
rfBWKSGrl--_BrJBxDQyvg,near
z-xMl5YsS64ogPdjybfKhA,far
SNIvSKfs6cc3EoXYof2iMQ,far
bAoaqkzsAPJ8gZ6Ffw1kGg,far
p3YA779Ju3HnnPQuoxNBXA,far
o8bN7PZAyIZB6BWLZ0kL4w,far
Nxgc84y_3IdWnHobDy_rwg,near
UefZ_ShWlw3EzbJZl9mqoA,far
3pXfwpJy5QvBkmLbTwecjA,far
ULT-tpiZC5MN0cBbXDWGWw,far
rro2hWuIkkfgI3OpttpkzQ,far
OiOr_adxbfSlwfY9NxXDPA,far
ggGiRvlt17Bh1TnMxHMIVA,near
dyAQEkPWlvSItaT7XMnq5Q,far
DeSgE1gWGoRLjX09dBv0xQ,far
qYtNHlcMnyu-xs65g9EgYA,far
IFakj6x0lM6HPZ2eEdOyLg,far
2f5JQR_QxrmqUHSjzpZynQ,near
As0azkGOWA1IuvsaYqZ07A,far
tEfxuLIXGikSCAmHX4bqfg,far
4lZqGcR-VL6HOz52TOLvkg,far
6gzAGl_Itu0gO8VUwU7-pw,far
RjHTlFGxb_GHooFFBZ-jYQ,far
w5EP4myx6z0TTBqAMOtG8A,far
HIE4JTORkwfuc_XO2nRVAQ,far
RXRZC45Ytlf1FpYbNYK4Gg,far
ILWDNYXsTpupwYQTlx6DvA,far
5riUOsssfUGBAl_NdcveaA,far
7Y1bCJLDE8surUcI19Ji_g,far
sR_uU8xJw42mK-ax25j5ew,far
LUmoP2Mr3AJvYVBq1_mOhg,near
d8WKXf599ERVGK_-Kvu6og,far
DsYfGdZXJIFrZukrpSwi8Q,far
I3bujTHGk2scZfz4mMNq3w,far
dxZjHR6LGFnFcSHYJjQ8tg,far
37YfVu9Bu01W_1nh5fkWWQ,far
AXaeGUt_wSPjsLAWHpRFSQ,far
sMEsG9hzLSuxedG_MVR9OQ,far
CtDLQZNSQIHpsQaRHgLP4Q,near
AltuJy5x5rvYCEhj_Ghbrw,far
qujpfyCm_e2l05MPP9zO4A,far
b9fO_23VAH3dH7o3L8siLw,far
Fb-rArAdLAeafWWZyQ19pw,far
Bus3zFiTc2wrd7qy4U3ULQ,far
6pzRJjjbt_q8H3wL6TgIJg,near
SFX-ZH5xy1PzM7jCYR-IqA,far
bPoU-QnlvgbTZWqsENpKpQ,far
dOhqC23XG3a-usgwPDWQ5w,far
A5lh_QGlxWAuYWSTZKH08g,far
AeaJMhdZdkNlRApy7i-UYg,far
p78RnFddEYfKf0B_37tg_A,far
LNATKm9o2MU5jVdnR0BcyQ,far
7yoC5qtsqjBQuPyMBqSFiA,far
uuaT8zced3jFIJ440Adfbw,far
FbqPYOl2RSGSz1NSPul7yw,near
X2pD9DkIn0K6KDOb4RIB5Q,far
nEaTbGFlU7d9eLU2kl6KBw,far
k02wKOYE2KbwVgJtVUoodA,far
mrVkHy4kq1UxAnLGUnts3Q,far
J3X-xm-tWUOf3R24M6icjQ,far
NG25EpTGmtrJiBC06XL3Sg,far
iJZg_KigjWyi5UVXicPk5A,far
Vsj6CenQgSrU2CMAR2VZ7w,far
w_AmdyuAtR0VJvjIwo6dRA,far
HlGwp1VG5Kvqnxy-dJ4cKw,far
CgMqWhMJhTMsMOL-dKNFOw,far
Aqg8j5b3LmAal6GiyynCtQ,far
9dGBwTJfDWGMVp9HbYBNmA,far
pMFkUkVbc0tPPclPFCUMjg,far
JO7AZOaRu9pna7r2Rel7Ng,far
HoIhHogkjUREQ1BRLONVxg,far
9nNGK938S7x4XZFvHXmuJQ,far
IA49pPUin16ZDPyuaoj1VA,far
GnW4InGIHjTPhUlon9TwUQ,far
359vhzJP7x9UXBYmHEqvHA,far
srlb-j1War9Rf-YDTWrqEw,far
h_OvuTPpM3mHaAB2YSrTDA,far
D9wDoZIDkCQO-v1D0JI7Sg,far
-Laxqy_xe75r1onAt9XNaQ,far
USDB4iTXllgS47OsrNn-6Q,far
SgAuIDl0-X8o2ig-n8ghTQ,far
ST1zyPuCtV0RAPtRib84bw,far
BTb19qF2-xFkYe3aGlH-Dg,far
a6tXw_UIenrOyB-fPFdqCQ,near
DqT-nSTobr7qbnMrcJQdng,far
g--5wBbA_0lS3ewqfJnGsQ,far
7xR0yUaF1cmQdJZlPVIENA,far
6RkDnth5xSfGq2_qN0O31g,far
9YvD5DPO6j9lmzLyF8yxOg,far
x0eoomyyX1z7yeRcPglgSQ,far
SsO-upa1JJI2OfbcsHLWmA,far
rTxjTF2FgHpyHdMbhBuMBg,far
Pt5drlOR1p7G9-bJQgVMNA,far
rA-l74ckNajHEYP0zA6c4g,far
js7Rb0HmU3Q7slbA5Nt3fQ,far
xzXcBF-2_JmIlfqYzxM9nw,far
q92IcfNdr392c_XlxASh1A,far
O0REleVPQf8OnTodlFWpcA,far
-O4W0hM64AiDgObhX8xjbg,far
keCQPqiNUZ5F2ehjxn6CQQ,near
boDCs6rfxOA-0NYYmqdE-A,far
PgD2tnZT9pd-SE9fC8ThBg,near
TF-HuYsnqlhNo_-X7IBU2w,near
l5EUAN3WnCrSTft5P4Y2eg,far
MzB5_H9hggJ_8jYG0-mhIw,far
KK4S92wUq5jmenETsDueXA,far
DfQW7U55BM-3ektvM8tvZQ,far
sz2JZRZ-w-CwtUl8pGy8OQ,far
SN49_VOUXb4gcLdtDZ8osQ,far
ZAAtS_bo8xf9d7_huKOOyg,near
VIHakNT4KJ3am6_MGQdXrQ,far
7d5Wbgy_uJeD6HqhVFp1IQ,far
DPDqL_--3SgiXQ4P8U4kdA,far
T78DNDCb78-CNDkFlM1z0g,far
ZVEBhlsQf6MZRwvka4e-Og,far
XBRCTH6zr8IR3MxqPBVvfQ,far
cBuDGcWPgyjhfW3ELOPIOQ,far
fSuNstlOwtnwZJ_fE-oECA,far
pYYNjwSs_pZbMaiBzZJU-Q,far
T5FeogwKrey4QbJHp_rmAw,far
HvEKE3lD6ZgtyaQRzq5d6w,near
58mmFQ8vSPKMbd7J7aUJuQ,far
U2S2_9-3KV6IPbSf-LX4kQ,far
tyBZqnth65uHRwSAV1EEXw,near
KpupDKPMiYVc3gBCDojW3w,far
NvQm1slbhNpyWkgMpJ1UuA,far
nP9ORQplu0mX3JQlm4kygA,far
WANyiYJgedwrNuV63x8s1g,far
ZXe3tsBIb_On8qdhZTT0rw,far
BiTm1h4yCUIbjdMkwb6jpw,near
I_lsPTGnQGxmVqjukRw2Pw,near
5hyIty7KkRfVE_1gCKbUvw,far
QhnUe04buTV3bOeDxAcgyQ,far
zhnLyMbEey9O_PCcFW1lTw,near
6BZ1gasOkF1mNfmUxfYqhA,far
6jhRsozEbvClcRjkDCSHvg,far
m9XoHXuwr_g33QImCQMTQA,far
ta8tixXzHXFogPiYlB2a5A,far
Ecw2EVo27dfhcFzpaaftOg,near
PtgpBXbgBiBwEbaGHqjY3A,far
9Sz6emHpeg80XRCENTl-Vg,far
z0HzwNBmx_BgdiYI4hLk3g,far
wrsN-BY_yxAEu19Cz3Vygw,far
CQ-cDI8i8l7zZv_EHeHrHw,far
TDnAkH_-WVr2IZV_qBeqrA,far
XBhY2uL9rijmAr21bK7cRQ,far
ot-2LJOAwyUHAaxDocot7A,far
imBX5yg4qMLmwgNPxGPveQ,far
dPF2ZERfQCzJ9gnzaXPbCQ,far
k8qJ_EWttMMj2WOLFibLVA,far
9u_j7r1DBCoWLO4T0Ux8bg,far
ADxWQdBMqaIbEMyUC_7Svw,far
C0bhN95AMOQc3qZf9GjSxg,far
bRZFJ92SYTANsneTDRziUw,far
3GmANpv4P-mwORoaWdZ7NQ,far
LXCiqm2XbMKWOw3Rz-qbhQ,far
krdFgf8qQTewyRfw0cGdAw,far
5A0UlwyF0M9u0pJk4HDXlw,far
5JiDLN6spnuAVrEN6csvzw,near
T2CZM0Ga5BiJ5ggbB7fajQ,far
cl_04lq0dSvmu8Btx6Pw7w,far
41fQ1OQVpy_dj5XiMgg8XA,far
0nFFKH591aW_kdPqrCaQ2w,far
lNvF0hh254lyqS4dGcsCOA,far
-OX0MJDPRHV0RCRvwYnvBQ,far
m4KacRCjN1kbkAIc1NBhdg,far
e_HQvwzBoFcdYwzFOpn23g,far
Rm9oXoBpFaOfzjbNe5X5eQ,far
2I32R-rGkRic0B46W_R53Q,far
mffEM30xMjB8peBzybyRaQ,far
3AuDR9LA6a8MvizdqaDvow,far
vGYkPttcrYqJPxHAZQXHFw,far
RQ2T6JFPq4GVsmbql_VwoA,far
xBnQRHwyfixnlKLc67hDqw,far
jLnIvbbXUg4s7CP9G-Whvw,far
oHq807Mx_NjgKiaRadDAcg,far
THoNnFJFVzzjz7hyOIQFkQ,near
dblQr9zBK9ABE3Yi8Znviw,near
jlgAYIItCHNZGfcxCUIjfA,near
UmPhOcWRRkeLdSOH6dv8gQ,far
6ljMqSJNLz2900hJAgyjAA,far
MXMxX2TZhH-2vu_mBZ8J6A,far
y_DL1xHBy4akrtowidfo-w,far
Df2X2TWGo0AQmKcDm2Ufqg,far
w7bsDuxJEd0_bdAObRFuCQ,far
qcfwqxIxl5xL58z2fllNjA,far
mFmL8C26x3TzBBMXxHDR2A,far
qqpMdHsQEmUZwFtEdp63AA,far
NNrhMxGS4yRD3FAim68xLg,near
-qk_J5-zZsHqadhdlzy9jw,far
AJH_WJcOUEbCLxIdaWlmRQ,far
3uLgwr0qeCNMjKenHJwPGQ,far
wHhMY0_VcMgXvDE1cwPHBA,near
hEZcDQnUywPRyEEo9QdH9Q,far
3n8AWxnieasZfc4VmRiOng,far
7KrvWouc4QgsHZlK_xZj-Q,far
oCYYygnWTBax7zlYlxM_1Q,far
QSs7HSsdbMykowSBIsS2gw,far
h-864BALpoq__daq-HiyTA,far
lO8g4FNqE8BC1mcvT0Kxhg,far
8zZOU_404SKSVsBMqyEfqw,far
ajfmcCilbPMKb_VxswIuQQ,near
csLslZTb0cSbvjhzH-BiPA,far
QzhkCaEXlSaThAoDeVKN6A,far
c9NEBbG217iRMns-J1jG3g,far
5ZmtpDISs3R7rnv4dIEl8Q,near
EIsC3shu-RFlRb-LoD1DzA,far
b8jjf7A0lABP3ueWw9fpsQ,far
uGIk2lfXdQGFJxD3xlX2xw,far
sqKxwF3RpvQSqFfbBaeLQQ,near
eBn7pF9u47esYxSNoNzOng,near
tuDmwyx080IEpHsV78tC5A,far
kBVr1oPfJmYh91LU28InSg,near
qmghSVeVlPYdUDK5-PeADA,far
6GB7tn2AoXvVIpjYkeIrkA,far
NAsxzkEOT2iiI3rhxVik9Q,far
oa0jE1VHjuHQe1GEEXTn8w,far
2QM_0ppch1uLtVC9NDcAfQ,far
n3ner0tWOquLkiGBKuSnVw,far
70HV0S-FL7oaiSIN5Iwg-A,far
Q9D0-0bOM41xi6TowEyIcQ,far
M-mSxEpERB0_Lk7J20WjPA,far
5J8GL-vkCzqXM5d4g1OcNg,near
3jEwJEAJIyJwwJRzjqkjiA,near
L1HNEw8NOWGGH3Uyttns4A,far
UOofjT84-g_Ji39oI7vQ3g,far
WO9LekCRkT_O4JaSrcSnqQ,far
6kGZTsqrjCQaU04OPALcsQ,far
7dNu9Tu2uH10KoBb38kLgA,far
uHl5Eho9P0NPTnH4tKtN3w,far
RmShOF-8MxNjlXATWs_2Dg,far
CfxdohoNkQl8D_NJnvnyHg,far
XA8WGwmUlMvbpLvABoC9QA,far
1WYGI3Gw8TdmG7teUQK9ug,far
BKiXa3Fq0D0-eM-pe8HCRg,far
nO8_adCStCgHLKlIjHZrtA,near
bfLmzEJ5TiI1pAr5uyEoKQ,far
GBHde_6yhhVZbiJO2wJMhg,far
hnLCA5zbbVtMVGUa9lkuwA,far
WO-HfxBXKoth1hYXpHtmfA,far
OhlZX4c1Ov1-UEZeahDkGw,far
0b0jO-8ls3YtWLxdrFTV0w,far
DPUU1KAOuKC8DiRAlKmdhg,far
DY0sJFS2Z-_4FFGYNts9mQ,far
rQIP1EvBsMc9OxAjWiLCVA,far
V9pRN33AC0VXB8XcXiChHw,far
S3FdoCkGXLWAV_A-M424-w,far
-lpzHW5Y-tPxqjW86Pxnzw,far
LzRRTx-b_LJGnP_eiowvhg,far
cqrrpWJH5c_OaP1oXiDqcA,far
pBlTmaGkjb0juaJQEZHQQA,near
_yZXKtgRt7HgjAb0F0eU6g,far
eyS5P5wYR6KcGLCY992JgQ,far
NQ6v9hMwtfS5mn2a0vQr1Q,far
bEBwterK09XhUd9TJppU3w,far
mabF2emQIQUf0QX2QA9LsA,far
n2My6nPit8i_xZbtlILB3A,far
SIFHiyg1FActOQ2RtDWF-Q,far
mjU9xi_PUVl-GNTlEijwGQ,far
QBFK3SR1WHyN3FvgFy19tA,far
seI96tX2Wg2MxBF0XytgOA,far
wbnhCsXHxW1Tm7g28XZg_A,far
9EShDFClM3S2D3BC9UZdMg,far
0OT8IEWGDi_LjIeZcCrcxQ,far
RBvHrSFIpEcvZH_16HYgzg,far
nFKHu5DJMMXktBsSrOpU2w,near
4pGLDquCs7gybgdWnDurjg,near
ZxroTGXXvt_D3KsiAsBIwg,far
A_uglHtO_QQNHCRLnOPskw,far
QFbKCvNM-RDAXgneleHG2A,far
fRFNQNoVRDI3YFhiGyqZxA,far
YtkeBFGVDcZxlRwwj6vy2w,far
_lKecLTU9C1tnU_RYzUQ2g,far
xBqQl05mJkAQs_vTj_yGqQ,far
cLFM9yxCWtxRxlYHrz5lkA,far
DNMdZVVfhus2H-dH0mI3HA,near
jqORv2_yR-9bjPHXMzbhdA,far
33lNGXDtGs83e_F1n5Ws5w,far
MUOCeTGhL5llXe8GAuqOMA,near
DHQuifxPOe8EBF2wmuEHLA,far
hzfkiAxeXuR3jhmhaAN-EQ,far
fC8DHXpbNzlVTDo3ROboXg,far
H03t-5azT0cc2Jh_Pfit2Q,far
ZIwn-7d3JOBEmUb7ELMr7A,far
Y-3mIT7ftmm_MMK64RPoxQ,near
7E4n5byN3zMwRQgWPgvDkw,far
bfpwNZp1TprfhORDNh6iTw,near
YAcsbjkjJg-eEhUmDhW2EQ,far
hxwr1oXrCt3kG0eAlpcs_g,far
WmbvPF_9MOOdY_ReMsNMOQ,far
sItrRXO8vo9YQi_AV2INsw,near
78c0LRo34yNcbTIPIbjISg,far
1ijuKWjqn4rJ0jsP4QRGpw,far
uTk8P16bWwjvu-xekGqdhA,far
vNLLqMsUUb08N7wFFK7AYw,near
OeIvFoDrylaiF8kJDw-GcQ,near
q6HaBDtVLApz8f2L9UluNA,far
wstNWbkW_sKzSBWj_bOf4A,far
vJdsF2pRH6pZZ16snLHSaw,far
Bgv4BhVzBOPkbcgNUzdgcA,far
u7KrCynVp9ljOh1wADWDcA,far
q_fvK1U95dwKebz6JDRSxg,far
XQd5ioq6ovjK5SWMJir-fQ,far
Pg0hiekdrof4LlwZtU47Kg,far
BTNpPpba6BEs6qTeyEvMDQ,far
-0yr__Vo4hOCZwvzRWd1zA,far
ueNdkyU0IO91jEvtZOcr1Q,far
830UNCekU38jF25ertWzdA,far
Eu4v2EkfpwGmz6UTOxCocQ,far
LpuMOJG8A8g_2ECFsrSwrw,far
ywhVf3P5m8RQQP2Z3jathA,far
bWfOKWnCwUM_sa_A2nOjhg,far
na13a7A_Jy8_6v1R7Ly04Q,far
aTzcH8G1-x0VVeQWJ9o6Vw,far
GZmnohuFCBX2gZMiL4SSlA,far
cVQs3xrarORC9AEU_f6NVQ,far
So0_waXjSCDPbRPDem4hzA,near
mwMc3SIrslgQiIDfccwclQ,far
3JLhKp8GCfzypYdGYnFMwA,far
6A5XwT85wWCzJUGnDDUA6A,far
x2ILIoH7NLPHuYKSItNPTw,far
1nNYcxl_ItIZ61pO2ruNaA,far
2ujCdG_hX9t7PDEFMPgZiQ,far
wW-DkGJMX8qf6cSJm2eHhA,far
41y5lHRrm8DbryVpIYSNeQ,far
Ef0pBKrPUNBS5RFz8we9eg,far
-Ah16__ceG91aXtrbkhkxQ,far
uMRJu1yhVw2celVNEq0klQ,far
ZFrwqV3mSDwko7Zkig1dhA,far
c6XuUMhVEkUndcgJnMLT0A,far
k_AcP_k0CqjstNNe5QrJSg,far
9BKv2wL8K6QRiZ1rklR4rg,far
Qb04abWbrqByq5v7ksW-KQ,near
cxt6yUH2B0gjMjfm5PT9MQ,far
w7VnmwZ7E6_YDtJUcht3Qg,far
OKpDNWOd-XdMKY5_rLlx8w,far
CCyxjMT5CgeYYWo2SQZtqg,far
aXfDfldscicSTzdJBc1dcw,far
CidJUkKcmmCwy-X91lC3Tw,near
DRQ1dB-5j4hgoPxkzQicMQ,near
oh9NA43TH5oAomQxbig5gA,far
8lU-E0MrhXSACUSelEjyzA,far
uc1u8XwLEeP9xLW7jGGGAA,far
GbRXtlTnyd6IrgoKkH3OSw,far
j0ZmJnbvPCBdi419Qx_ZCg,far
5BKoBlat3aRv0IaaPuScBw,near
V83KkmOgTx_h1LDA_A1kow,far
ktsm4b60eWQCr61IIQ0jGg,far
d4KsON0RFG0izz3z0M3ViA,far
3VbNEAk5DGWI07chJxQbhg,far
W2zF6nz0Lam-dhE6_cZqfQ,near
tcmFtDXMdP13nnokz34gdA,far
1bMUTek2YB1QsFDRyK5GKQ,far
5YFqjdNj7HCkDwYjvwG50g,far
ClGkMASGsW3IwkvLeRkv1A,near
IIXTGceES647KfTrCbijYA,far
cruFIu6U8IHNF1CvRtMP5A,far
n5CpgN1eQ-bXfDDARJfODw,near
-sklwqSRVRKfc53iQL02iw,far
_c-TzNu-sTCgG_7ggrWEZA,near
Sfc6seMKbgxdY3knAtsinA,far
SgTZIh4nFftQxoXqX1eJcQ,far
Jes_SGtqipgHk92AgrBw3Q,far
68gkUO3uC78aDdrhJLtXvA,far
QF0zm2uDPlZ8hI938d1keQ,far
U1eEm_sI3lK-qzisMxil-w,far
VLywOc6hgwwUjks8_7QvbA,far
KTsxmvnUT3fzOlshZbI27A,far
9hP3h-Gc0MaChmxi_V0KBQ,near
fUQs0Zys254Xu01fctbuKw,far
pvGVIQV2F3DJgVbQE-ZCzw,far
Dokh4OOjKPmtywRcYguH4A,far
NCTztT8Acb3NOybF0yGFIQ,far
5YSE-OJHLC9aGdlirZwj9A,far
-1w9JMktu9oWTXwNqtZQoA,far
thdvDmFzSl3pVZ4N1I174w,far
qSNNp5tHz3SPn1gvOobAIw,far
tFd5sZnTjEao_5g-Rlliuw,near
cVHni7x9ZGwyGLsHRsQI8w,near
jZTh09dPWL4i_jNs4PF1DQ,far
AQ3wyzugPs0_Wcs60w3n3g,near
eS47zFS_fEJZHDW0DGj5mw,far
RdOfczOGawEkwKbWn4SGhA,far
R8tmRzfmYX9Dx5HaLeYbUA,far
6dKO8dfJbeHEXkOwX52LLg,far
H0eEJ1o4CqGjwgIaEZeg4g,far
I57yd52bG6P253EoDBSbxA,far
3Myk3oAOJq6Cps2SDYQZhA,near
i3k1luXdsi_cShv-agBxGg,near
vPSRs9RRGbv4Y4nNWyw5Vw,far
Qj-WaDJmLewFlzp6ozck1w,near
0ghzROkZWKWwQKDt1fkPAQ,far
E5xEerfTOlEZFRhPsE2zwA,far
kcEDlXLTxKR5D028RS_-9w,far
YCU16wQbm-3RA_j2srt29w,far
8M6-ldwE8TFgglsJASP9VQ,far
ORlO0BQgrSIjABOJlGsXMQ,far
G05cYU51x6Ujt0fXvy1eHg,far
kH0lPM3DO51Pk4JaTRXlgQ,far
fPRWQu3gNJPdcAPRNEZk9g,near
miC32R3ogV-c82I1U_XFlA,far
ae1mjuaLmdYq5K5ltCO5Ww,far
wlpyZddrMN90Y44HT0P9-g,far
I2EF0UAt_3bJ1_27k2t5dw,near
EIUH3PzGBqe-fv--B26zCw,far
dVOqlDlJJgFCI1vNPOgtQQ,far
ENh1fvRaeMkAh03cCBonUQ,far
3oC7DxshHVJ-eBqcU6t4WA,near
jItMOeANnoYpEVwVr5capA,far
ZzOq90WOenz1nouI3F5EZg,far
0lKyaC8N_QfP_h9AInljHQ,far
GXFsbYYK76zQ5oESrL0bRw,far
21yxDXf3SaEcEZNKvsMLMw,near
BxRHz-iSQGCGSuAGwkeUsw,far
Wo0e6hQthYCGdgs0Nee8Lw,far
lIBo_W65f7E8rETfkZOncQ,near
qToJbCncPGBnEoHqp4Vr2g,far
CkS_OsB3np5rTv3QWtZXOg,far
cGjhHFsS0civznOjJqUpIQ,far
bf5oyM3oQk-Av3Jaqg2yog,near
kiaq0pTa1rlJ-Tb64O2hlQ,far
0sN6IHavECAB_rBWkjPxVQ,far
KHkOgc6G_K7jUiEUv9bB6A,far
jldL6UDJL_H0EIsfGEqvKg,far
eaNouTpxnIu7M80xdeLxFw,far
7znuVDPDpjh4nkJ_xxb-5Q,near
t7N2kb78WucTM3U2RFCJCw,far
ug1yRKDPLDSLu2PXYhyJ9w,far
CYcgrrufo4IU44qezlfRPA,far
WN8icQ2p9_uUZosXg--jNw,near
RqDsj0UkoDmjuR4QDW4erQ,near
BDuV0AdFbvAlaVr10xFlAA,far
b1XPt7HN84-614x38VF5Ew,far
Il-HHUogpakzHoOj9V7FyQ,near
yeKa_aMBmoXRvyjy98dHgg,far
HQoSOV_-fISJY-_io9kP-Q,near
ESUwN81iNYvm0yqYCxSivg,far
Bn89wzlM7Yx0hWWm4sWjKw,far
0ZXYAbuALfV8BhC2FP2bCQ,far
v37aBARO1sO5LhNE8InnhA,far
v1MPaMh9QVv_dM8uObIjHQ,far
lhScxcy2g9t4L52hNISqJA,far
PvotmOD_IGPj6QVlZvXMWQ,near
QoYI5XOJ7dE5elb7rdAwiA,far
q3E5jp4frFj1Et73_TH-Lg,far
rkvril-JWJGLEV2C_i2NSg,far
L7HqDGVSyNIYtmxGD8xfiw,far
yFfr4Lv0rHs3ff8S1rBRhg,far
Z9wqI0YZbbBtgzHBeTgPuw,far
nPKZDWrQxkNU8TYjEicgfw,far
vjscHGen0aMOn5NAKuItrA,far
2Xlaed4m4K9KVd7G2Blwqw,far
C1KDzYfbw10CNpHAsckv8Q,far
3SG61XA5Gg3IhitOQ49RAA,far
nLZh_-z9cMpCxSIumEXwrg,far
RMdFwixigcN-9_INV3LlqA,far
f98PPpklXHWxFG-7hUUzoA,near
-HDeVWww4221hWqQyGaQlA,far
o-OcJo7rEJcZ6xTdJWz8KQ,far
Q-2GSbo95WXqkZSgO6ILrw,far
zjI6_ATv7kghg6uacHXCpw,far
HNNhf8jFm7z4aHlN-AopgQ,far
8uZKcv3ZTzoM-YYyKKaRTw,far
wW5vhwrEHrncilGva_63fQ,near
G6jI6zpypv7B08vWQLaJWg,far
n2MMGm0z7bfYIlvOKv6XZg,far
J-Go00lYW4f4a3lLLtoh_A,far
paf9A2QkCjTCV-e_TT44Mg,far
eeO1dNAdgsQzw1qK9RVbfw,far
s8noWMKaopfZiY1VsyDNUA,far
M36QMPYhtXEHQ9sRT6cbNw,far
0dr3WOs0rxg2HFy-M78QYw,far
jOx68EVL7ZVgZlJCtFUdqg,far
TJjNYbywWSXTGbGjj0G49w,far
qW26x0gxiy-GlGf_0GUtDA,far
G9_5y6nmer_704P93Fk0HA,far
P2Ms7txdSGipp21olGQwyg,far
g7Hc3L7vk91_ljSdQFzZVQ,far
RUzuCYgqEv93BSUfkAhMiA,far
zFWfR5YZIu8JD5Dq3QOw3Q,far
fACKkPsVKqtt-JVScRpzbA,far
wHkVy0Bd1HJPXXAhxTP8Zw,far
oS91GprO3PRFDd2La4nz4Q,far
6_VyFZ68mdQijA5rxVWeDg,far
8ZOSBkGeHuScwwHaI7bxQQ,far
L2UUC_1l1DMSeMwfzOK-qA,far
5U6M5mdJ4CMUefBpsIrcSw,far
B2fibZ80WW-DRXCO6tZsuQ,far
urWi4bSRI9Bfg3AFXECE9g,near
iLtnmQ7H_Sj-rOEgcpWHxQ,far
gus6t8E-KBZYlkPNqsOUEw,near
6XMZRrelWSqNI5rhHAt-fA,far
EKlZ-i4UvJ32jVFYCGUDsw,far
qN6i_kCvdHfWjS4Vy0S4dA,far
zdXhmcOnxlqloE6Y_O8Fpg,far
yVB7Usr55NnaUKs7K6xDTQ,far
Vw9G3ykD5OILEhseBa1I4w,far
L-l1aTt6vDk1oDs95DpHoA,far
W-x2VH57aQ6MTMoehOxnlA,far
wKtnM7hxhuTx6NvPSj5N6A,far
DT4Rx92kydGNgaCkI-5Omw,far
SrwRWKcYzKQiDJ_ZSRFrIg,far
5TeMk9SftHUbhQCTevsfhw,near
vnEpznJh2EGVIFElOqBkZw,near
nzH5hLyf31TAmDlN3f35dQ,far
miMA1sF2UGA90CrHut-bAw,far
h-s0BQNL2foUKCsPq8VM1w,far
57RdhT0hjc_eg81ThUplpA,far
onTPbNZxM5M3xTzEFWnaDg,far
-nevBq_Pb678f_r8w8UhtQ,far
a8q8Kd7KubA-qHpPAAH81g,far
I42Ebt8haptL_Wew3r9wLA,near
ZWQKlFu_fFzMkkn5mWkfSQ,far
oLg8-n1KhLt5MDONJ_7xMQ,far
H4TRBw7XJkz7JJFZbwDdfw,far
chDD2XzrL-014F7j9Ew-ag,near
kSarvPRdd0wkk-3CzzSm1w,far
i6V0AA-gW6oiCo4cUnQo5w,far
9WC2zkCRKQHIF99T8l64RA,far
DA5Mecz4auAhTTlFWNh33Q,near
61fpOTemnqINdb1I3ka7jA,far
pFF08k5Y6g7AWO1SodlTPQ,far
zkKqDE1MR2wmLZ2OsplPtg,near
dIDWFzEvVzaAwadlCFuM5A,far
MemYJRUaOYyfK_yaGZ8E6w,far
52yHny8Tx6Z-k1QOojISSg,far
2nKnm6EtBcZ81PJRLmHNXw,far
JrdsCRLsZTFIh7UnhQB5WQ,far
j54PSNy6JtuNVChfFPJ5NA,far
tZKIgkZ7qL3XGY9de76t9w,far
yVnIzIQERMrFNJFXrY6M8A,far
IZAEkqtVNomnrIvwCQaDGw,near
aI58hxqbyOX6irFfljXfQA,near
kvXcCaX6zvlvkyMWqfX9Wg,far
_sOrrftHYAgEi0Y2KV89hw,far
m254A9d-dpd0AuVCIo_JVw,far
KmQjg_cR8HSF6MzX-vsTAQ,far
Kgbj_vB2pfxdClrLhfnlbQ,near
8alA_WHd-q2q6cI7F0b1vw,far
t3yNTcIYyCreySnwVl5tjw,far
FJaTscLjWpDdcnnCslOW8g,far
sxlVrEVcuMmWYPEX2qf_0g,far
Uhel0c_UnMDHNI6gnVSkMA,far
xBgwL3CFM-LNHcFlh8mwyA,far
zh0uAkKDQhcxcNox9k7WmA,far
f1ExfzC0Tj6uJgWvve1Pow,far
x_63ZZ7gUGg5Tf5xhMhqeA,far
Gcq0ZwMp8pCZy6JbCuG5GQ,far
SlguPBbNhhlAp-i9VlRNSg,far
qsXIt8wRUWnVhGdvfLByog,far
YFmI-4ohcMPB-vW4qc9Wjg,far
K0wpNOpjgq4fzdFzSXI1jg,far
GsW1wssbd_jbBhzIYqr0xQ,far
j84ImpAuCDMsPHxCxzd22g,far
fsN_2_fPp3b6W9RFpHAKjg,far
1Bnoe81eTYmXlxw0fJ3T5Q,far
bZ0vrAVW6OHni-HtzBQorw,far
oVCqaOG9SUNsn01e3zpofA,far
4hbmYgjfDcfFoH249IzJAA,far
8cUZO6oZj7sMMlU_oBaPrQ,far
vreEd-TFicNaYkHRgpZDbQ,far
lyu7Oyly7swCQswbdsm1MQ,far
bMcDtFj0fDjSD1TqF_v0SQ,far
PrVxUo7g46GNf_1uusxaqQ,near
7_2O7S0_jpKAjQp-iETYXA,far
fX507_tk2sTXu0ETuBWypA,far
f-vOLKppIGshofFvXVNu2A,far
OqlS-8YMlwaBx7edyaCwCg,far
2dmRWseZdMrWlcmH2BoKpw,far
yLlMtg6rpJYy46Q-xLClDA,far
HRqW4YVbS1qo8hJUf3PbxA,far
z_QrtWRi9QPKpa9T6kI0lQ,far
SC086a5QGyNVAA9RSuhuQA,far
CNHWpQ6ARdJ3AFU1oafIsA,far
dA6ArvvZYNS7NUQ1_v7ngA,far
n27SxISfVxNPWZARYIYwzQ,far
yC3n7-DaQEH2epdVO4wqWQ,far
Y3zJm24LqnJ7BxEiv8xmgg,far
0Loni9olv_2PDCUXMKmIlQ,far
AXsm8nU0rnudg3e14jTBDA,far
cxZTcJUHXRbDpJZUZsYTfA,near
Knsv6NTfHQ2diqbVQ-JBhg,far
6OsGIDwQZ4liTfOdMCyJeg,far
3Xy_bGaLfaAahckoK527Bw,far
n1WkbTPRU3RL5kFOmFOuxw,far
gciMEyy9sIcwSMREEvNiXA,far
mmSdrb5S0emz3q4kWcIXzA,far
KCpO2BB2ib2S2bzMlwPgxA,far
xcMVrq5q1MTbNNLg-w0gCQ,far
no_6nhDezYA2T_EDk6beIw,far
bHAi95wL252H8Zt5wv_POQ,far
_vwnAL8mXsf1xPDsljllvg,far
miFHUoHRREa31NIhZihyUw,far
yknrZPcoy2mvZKJPiVKKZg,far
lySRYMCeVCacAeiEL65iBg,far
Gkg9pCCoyYpqGt_EejOi2A,near
XF2L4h5cpjIX-0wv9yGVLA,far
ux-J7vplDb6n-E_XHBtASA,far
l_L68b0RCBKArH-h9kCwOg,near
1QNGVBU2NwG1vSFUerRi7A,far
dAx0yy5dqOEqx696RDrUIw,far
UMLpPE8Ut-VQPRohqm1HFQ,near
9Ue0NTSsStu85mxuv-qMtQ,near
Fy9boTsBlDIGTTEzyckn0g,far
mIcl0RvzKWSpo3MsFyUAtg,near
BKFiIK83S7j_NNjOOAXYCw,far
ytEp-6TXEJrMtnca_adRog,far
stua79fXiKpPmFSfLzA9lg,far
gObIZC2lTwGOxIx_7izuiA,far
Sx6ziB2fm3M1OqWI_4JWHQ,far
L3yhZyB1Y2U1dYVxTnpQvg,far
4RW-OKMcymYLUIIODhty-w,far
asuAMmOFQb8KeKEU7bO0Rg,far
G0mFgbgH80o3IXtHymGxFA,far
-66jJ8Hl0vLV5PMxySNbXA,far
89h8yJNnYEs5MiRogltPJw,far
DIYYdIv1REBV5TNqKvpf8g,far
5KFHoTjetnCvj4jtNZUIqg,far
GGqgQNHnjeV19ewOMRmAEA,near
LtH43ufxtYgdNi8LgtpfMg,far
bJDtdMQQ-eSnQk_UjBMxaQ,far
mF0i0Hv-dXRJGc-amdP8Bw,far
PbwoKSYzDu5a5eLyeaTCeA,near
N40dc_YE6N_cgxOkWZIgmg,far
--9osgUCSDUWUkoTLdvYhQ,far
16NLWLrRLAE_y34IreNlfA,far
R1V5rUSlggF59tWB-pctFw,far
1vtI5aA07QE3c7f-g1Bppw,far
1TrMq97fs9u3Tw45AO5oqA,near
VeG4rsuoaLEQt1hAdlu7Sg,far
SUeBN67m2KP7sKKtRPzCHQ,far
NFuPH1XrddG7YZ77mPYK0Q,near
wTMI6HY7au7eZZC6dJDqiw,far
Uyxn8gWPmrCI94UiHDL_qQ,far
F41ZJHZBLjOCYNRcrJXHfg,far
FvJdcxM_F2vcN4l-Xqf_Eg,far
Ov7AZSlmyltXOdXLgsV2Bg,near
h6kRhmy42Wxqp5i62S-log,far
MxY6P_CulHGMKzKIc4Snkw,far
7x6jfAwMgYJsGvrTrlO_bg,far
sDUNW9dXc92gQlHKgT_WgA,far
4MXnrz1I99c13tsv4aDkFA,far
RIpw8ktw_EySO46aEMClyQ,far
IOuhAgo65tGS-dhNj7GD7w,far
Ejnr5le2brgmpxXTiE5bAg,far
JXNUyycQEl6pTDkbN0XjXw,far
OQtiglitfleC-roso3jXDw,far
yZVm-kuSC6AgLc4FtT45cw,near
yASPJNKsM9xHHj2Zi4wLaw,far
IjU_rVGEJCXTtz2VgjcTzQ,far
S7rJIJK9lrXGzc1mfBfYmQ,near
qUHOwXHHY1zj44t9Ap00Uw,far
67gnSHwFRKgtXlzHzuyGMQ,far
rU0_mD4oCO2aUovlxIOMpw,near
K9-5TIK0LfB4wEvjNzL2_w,far
kgUfcotKrs1nSzApZ9uZTA,far
1dB08iL0k37RsevU2uJxvQ,far
FngQkbva6LBPmhlzvwbJcQ,far
dqvu-_sIZw7bx0DLX0vC9A,far
D17gTqd11OdMYBC6i6pORw,far
ZdGUUqBqajOxL7BgLaXMQw,far
SUNLeG5GaVFWEZlvqKIn5A,far
ZShmDmtZCgK0rvXiao2ngw,far
Kn1HWrywGDlURSsp8el5iA,near
ljLzbz98sItM5k_2jFXJLA,near
YV3SiBGvmyTVljDuC7zhYA,far
iWxFyXOSvDoFomwA8X_UEA,far
xEJgZaiU4UzxAnW11yQkfg,near
L98nS5xyqhP7JAWRQngATg,far
NAWRnkItWXSo47tVKH2DNA,far
nVjqpr-xYHDDGF08z4Kx3A,far
nnckgi02sL3lzdb0v-CDMw,far
ytLkBGwFc4G4z6oxJYXoWA,far
tgGOj3rNDsUB2RksDim7fg,far
6BZ92UTEa9VmisvJERnNqQ,far
e-KXrmLR0s5BQZpQozrUrw,far
RDOzSI4XIbuHJblTsp3t1A,near
vDdInLMIxQpCIrTtHoud5Q,far
_iHV--nOdqTMbINQtMehzQ,far
C06FNnSa2cYEXyoxPZRg0A,far
RwwdvQOjeEkRsESCx634RA,far
RBF2sf9sy3VJbfOGxz1Beg,far
n9mvAPvzNjEE3qmly4vOLg,far
YdHCC_pv5RziQxKM0FrpdQ,far
q7oRo-Tlyde25_Lq5deyMQ,far
D720u4Go3DCgRc3UCJNCBw,far
tmFxU-YTPB-LklQGVdiyeg,far
JYl8Q7wTxH0ExdBRXnjunA,far
u5FV7F0Hjk6W-NGvxWqPRg,far
kwGHblC_bsQA_cNWJ6DESw,far
CLiO_AfkMAXnF5IMpkidCQ,far
DQ600J0ghZe62HYpYO4pNg,far
K7Nqa4MGKfp7bwgpUWWn5Q,far
2MbKLzJtF-qTlQOV6hh0IA,far
dwXWSsfxFm07Y4Bjy-ydbA,far
V5ZphGhik_VWkwAS71d9kA,far
2MRHYhG67pbkpnoole0NRQ,far
raSUzxhibemWsOKljsYJjg,far
iAg7ZevRl2AC5coKpITRYg,far
U0w-AhU5nPFTchiZWJ3gDQ,far
PQ7sOybwQrnXTmHRsC9X7w,far
OnnFnvYSg9x6bbmsl2di2Q,far
l76jYo-ZOINyrhyyE5qjSg,far
APNZfy1kupakJ2tCtEaNjA,far
GEdrmeb5ubO2Gq5MgMxDtQ,far
VSNM_GVpBS7OBJZ166XhwA,far
cqqD5DcBAnJOMYV5cEe1ow,near
YmVueFcpVEFdGfJyT7rvtQ,far
n4dyGj6iMGWhNevjNZ_a-w,far
iGlLQF5evP_4CoIb1b8c0A,near
kcz1aULlfllI85LwjtiSSw,far
m3GT2DUYizZhjyuCsRIjbQ,far
KLMKTu4IqYLHJjoB9hyoDw,far
Y0C_WXKmGIM_uihQtopGxA,far
6Xbz3M_a1Nx1KdndinxXYw,near
5OucQMJtsGGh8PLnjedHUQ,far
j8cRObifexGwyPJcOvtOFQ,near
JfX-gUMcUEJDsJeFwpxIrQ,near
d4CNQ-iXlzVHNOV5EDfskQ,far
dd-bURL3s6rVzggWcM4G3Q,far
9-D8B9U3PS7l-fE1bPXwTQ,far
zE3a5pneBomiZ_0A2-KfXw,far
ssJRUdsSUdRLFOdvMxZhkw,far
C0N7JMYF53oDQ6wLCCG9YQ,far
P4E9K06zwOrQU3nyyEVHTg,far
V5wqGto1Lyv_CUdoRsfCwA,near
5EYSSqpUmVqaQCcRKT2ZWQ,far
rwZ_nSNpRtkgzuc2ah27wA,far
qGuP8uIBBo3Bzhwy7lGlKg,far
as8ray_zWCh5f3Jy16NYjQ,far
v8Cw_BK8z8Mb1A691WP9aw,far
JbW4N2L96aklyzdfRF4vkg,near
eXH8AvpSarvyO7PCE9K-jg,far
qTOZYUyeYwnsyaAcNMIZlw,far
nPg6JqRZ5Ao-PxmK6iqVgw,near
auI8_gf5d2zNXBH4rYZyKQ,far
0oMhkdKQ31aKWjvtHblVxw,far
IHqKCVkwppqTae3JaSwuOg,near
ifyEubnOcGPm1FTVegl6nQ,near
IBc4kLgjLMJUglm9wuYxGw,far
S0W6HvaAthTIBT2IE80nDQ,far
Pc5AyrvG6uAkPls5r4mEjQ,far
aQnKKZVcIzJhkvGX0QuEpg,far
cENuyQcDssB1sYaFbHBWoA,far
H9oAwtXzutWye8RBCp2K-w,far
myNnGDtWtbbxpupXEo2Cog,near
ji39xA6YAn1TyL_7vMkCqg,far
HUNja54hC16w8jWPKVQqHA,near
0EAOJCapF8aQgXChl-kQfw,far
0Mz-OeOGTEFzqWXZPMu3Rw,far
vHY4SOqWhJKP0DQTrt_EKw,far
OumUF_mWfeHudiBiWUe8-Q,far
JpDBncYbvpDVMhFARRXZAQ,far
1gvBUQyLvxA6qO4k4ORV9w,far
YL-Tfi81Gbkxvc3CXB076w,far
iXgxSAMODvvs-raopVEESw,far
IvJ_ruCdWdFXsfyf-B6VzA,far
Nvuesvi9UBTBdm6K-UdnWw,far
cHEHjDU4biZxiEyglZL9lw,far
aukEFbMkpUbTC6ak-yYi0g,far
Xv5QKR3DMOhIS4V187yj2Q,far
c2BqDQRXa9JEchGp2YP4Lw,far
GYXaLeC3S3SnZctBD_iSDQ,far
ULOJDadAZsjUy9nYWjTwgA,near
Mfss88nOCGdyHkZZCfXNBw,far
4xsfnA6lXXa5dgqOxiubdQ,near
450dgxdtJSHfeMbwAurhCw,far
Y6bid7bcGpq4qk02RRjcUA,far
XwDII8-8d0GGJBqG840KsA,near
A_FQ4aLTCrJ3Et20UPgJtw,far
CRG4zjLMwVKqqbO0SC07qQ,far
MUAWe0hMJhW3QI8hN4vKVA,near
_lqV-CF8ddTtgOf87II1GQ,near
k7kG_FS7nXHdxv5fi3IWfQ,far
20mRQGn-NP1xPMkR9Cr0XA,far
TU27RTn3hNa8YnPFaRcctg,far
p7SWtHx7-OKEbFzkkLs8fg,far
fvFwR_g2QJtARHQkG2Im_w,far
s0yeUo7oiJVgYqeRmmtYZQ,far
-Tbn8E_F6FUPunNOlR-rCw,far
mKvwzCN_VeL7MPXHmnzzTg,far
AMyvu3chtlq_YpJ5Gx8SSQ,far
kzdfNm3KZKQuCq55zvfrBA,near
AiJ3tc5vH7h6QjsPICpTlQ,far
cwERkpnPopn589ugym6ucg,near
RxhJ5QLQO1FXWme9yrS-Yg,far
L4t6TTxTJi6IAQdndFho2A,far
ZXhTFMADU3v3hYzXJrz6fw,far
iVNUimtmS4xM147KZDPTDQ,near
ifUNpLaJarQA-W71Qa951Q,far
Nit7oji_POMoRxZ3q2ichg,near
x3zE3qaujt6t6lU1mb_9ZQ,far
l0wDfeiBX22Yrv9p1Z31ng,far
e28EYYiOKb-zEU-EX206OQ,far
zAyW2wVmDcxmhb32G76PAg,far
g7fczpUxtVVQ_bGmqnY7oQ,far
3GKTVK73DnbKWuP3i1WiqQ,far
pi2zDx3OswnnK-s3eg9MhA,far
IL2uya7BoZHrYJ-aOIt7Ig,far
nFkxEPdfAUCUgNM1QiATzQ,far
HAwx3Fglna-8xztagh1GSg,far
MSKQTsQvBKfLRtkni9icSA,far
ldl07_ChIuG5R1HhjueR6A,far
goLd9V10BdEHTxRK8OD7Zw,far
EB-salzXDZKX0_X9lvZ7Vw,far
mek1cOKTK6hLLKzmutyqbQ,far
-cKgRIQ09S9Ya3rB6H1gNw,far
uZ8RZ9oDbMansOP5wj9P_w,far
xJcMPZEUXC2higFYSGuO0w,near
lSK92KDJgwoKPn0pNTvgLQ,far
8HzHY0w3b7UOEofnNU0szw,far
Y-1ZW_2X4uxW8Mn6-RDhZQ,far
-l8JEaZzlzIJy0F4B8sBbA,far
TXjK5UYoFL66y4VnfMVZPA,far
cQqvJhYJZpx2lL_EGzcBQg,far
jIeO8C06SFSXpeivv6pnPQ,far
q6tOT5JAhJ5fE_W06uA98w,far
kfcTjikmBxLnlQRucYTogw,near
yPu3r8yXtTl53bI9JNjBVg,far
2xDKbDq_xsO3ZByssDB1bw,near
NaSHQ2nbgjHqSUp7yMsizA,far
QtQHkTLvPHWpQgGLfI7jVQ,near
aaiZiqgkxQI77HUUT-y8VQ,near
QS6fgF1QGHC9lABq8S395w,near
kbLMftopyrdxcoKytiCRIg,far
b5BsyP6CCrkHUSexsOvd1A,far
dEMsUFNB4ckBFdB90jKLEA,near
O1UNQYwhEmVTOjpgHYUWaQ,far
r6J7LYeY0xMUPCFi51ZMXA,far
WhD9lOd_Dj9WAprIHzAIHA,far
xtutpML4xjPY9C4VILvK4w,far
p86gxGhlZEE9I9icCyJqFA,far
ltrHVdyI4Z35R5f0MZofvA,far
Jhzz-wGYDiJsMU2EeCgBWw,far
08Tevbnf5sSmfHtSIjXJBg,near
02nEo_IEb3ZMzygv5cqtYg,far
utJbQdm48JxR39EWnZ6k_w,far
3AlGSkWdkOoZ04RwTNSNQg,far
K5zbuIW7n2n9DEfubAyMNg,far
kdBHMNNdHilEThqcfpk3DA,near
Ljj1SOjdw56Yu5VftvzjdA,far
SGqFldAEiAl0EcCmpRNJVQ,far
kxvW5Mfebywb0L1HTHdX3g,far
6qmPT71FIVrtKhqWitSHoQ,near
KYKoLLnvP8KQKrC7060prw,far
h1OkRUd0uV6yE6PwUOUonw,far
-PSnlsTBF0eEsjyJTemvuQ,far
SeoZOmHb5LNlQ75SwqVQtg,far
v8Rbf1WF1PJp_H71YKQAyg,far
aADg-4d6ZepuMCRbPQQ5gA,far
MOjcUPDD2XdXMviYM-eV8w,far
WDbx7bQ4qmDCps_Z_V7XmQ,far
MIa98132AMzx5lMBok2whA,far
KfjcZikWgYu2Paxt9XNSfg,far
E6XP3DOCHEKqsfPLtp5q0Q,near
0bCz0MVN1lyq5tNp4JXSuA,far
SftHAjLYVrl5ixGRg4l9jw,far
NVg6G1jpsPM91hb7049gcg,far
xswW7D1jVZWXFarZQmv8UQ,far
gjE910roUM9U12UJhHy2kg,far
16SfCQaKjDK1xr_Knz7WaA,far
xW_6A3oMSPB8d31oUdZt0A,far
OIk04H1TkUKjvtbGPOjcPg,near
6pVVwtFmd7VBsgyFPHvU_w,far
_OkmuIOg-kJEBNAGsTjLhg,far
kzJApOZQiYiDCRNshBP0qA,far
YclqvgzeRGP7Qf68vgDXAw,far
WsWBKgebaHDTaXBZqxoaPA,far
CUz0n5KEyjkVR2Rbwb2h9A,far
iw8XoZbbO2UmFDtAo6NewQ,far
e5gOtAH36l70fexYypnG5Q,far
swaFsUDehhJrq5HA06lCYA,far
DcGhBv1dWXvB3kcRS2ml8Q,far
5dvr9JQc6iWAxeQhFAOB6g,far
gGNWbHg7jGu-vaeqqglZ-g,near
7oa4AvckVTyj_h5qGcBWbg,far
eP-qr9WjtfDpTlisqV718w,far
xsl0AUM8xsN01dQg2oFKRw,far
MWF4gX0G0_Z0zis4R584lA,far
VpzwDyYIZT9VIBVBhV1yjA,far
5B2u4LP1D5q8DW5w1tTH9A,far
7aXV1Hg2keU51gCvL9M5PA,far
87ypDkG0umOYxnDI0eqxAA,far
t-glQoLtC57XTatIMzUDVA,far
nw1yMZN28crFjJmw4H-A6w,far
vvJ0DPrCFnANMS91R7cuzQ,far
vLwjG93PE8GlfezzP7hJ3A,far
s4Tm70fVtkD5UGKpJMrmPw,far
3qsHL1xuMPlPqQciHNYkeg,near
90YSYkeocJdZwwSo5mAqow,far
wX-1pDB-eUnlMmv1EI2MPA,far
wo6RAA4c8I5trN331y8SIw,far
SR13fgnT5gCTRY9en4fJVQ,near
ugVSpIDzVg-fNvsTSfLYyA,far
CQY-Gk_dhgoZ5GxFJx9YSQ,far
3I7UuJdYmLjXPxGK154OVw,near
cbCJxKFGRhOCh7hr6BL8wA,far
YSRM9nWQn40eg49tSiI-_Q,far
O9BT1_bCcfttjapFEFNXTQ,far
yJZbNhVoTdhcI9dYVzLJuQ,near
QbuGWg1EvFjiSmcpBaFgug,near
KtVUlLT5mjciM979InZGYw,far
lIwn-mgsXiTtJLz6b9qmDQ,far
TGkyT73AzwVHvlPiVMOmvA,far
Feaiht40tHLC9rdSX0R2VA,far
KDVAIeGPm1aEddky6j41Qw,far
CaBaTMKTI0PpFcT4NpzpRw,far
lMBeEk83Kf8R-k_qD5s8tw,far
vd7LTCGyxHOeO8FnWVbHzw,far
ekHV0l_EPQVlfi9TvfplbA,far
VP6khoAuw4HWtHUUhw7gkQ,far
_Lh_aMl_J8VHibVIsJLZbw,near
C0ioE--kV9xzak0yDSRXfg,far
TjNDbVaAkhjV6aCkVs10aQ,near
Wm9KaSwGZYJytJCzXDAjQQ,near
URztf8rkLr0Cfwf6sZNJHQ,far
igsMUT1w2LvUTyFwkgRJJg,far
692Q-P38KNJk1O-sO6lGaA,far
twWIgjNzgC6YkPOKC3gVrQ,far
fKXU_HMU09PJfTHjtInN0Q,far
zYHNg8o_YZyfx3-DEpmGRw,far
G7E-ovmiBVbzg2abbWwKDA,near
C3GTGVvlJ0DhPxMTxCI3lQ,far
jBgqs-BymSqFZWXPhdeJSQ,far
a6Fm8Hl3O_pLGUjkzDludQ,far
3e7p9w4R3wvPD0PNSGZQBA,far
-aqGVf1nA_pwTHwrASaDHQ,far
cOWDuWvdyX_P_a3pqvXqpA,near
qcrVFLEAHpW3ccC4eO64Vw,far
-U6HFRzeZZ1Sc9fAl3fQfw,near
XBgF8emvIncdwnK-YzyOPA,far
gw3EEsP4q6rZEJoTmxg0tQ,far
OsLUv0MHUYQbQnu_67S5DQ,far
NkRoTlUX5gcEw54Mzo7O5A,far
8rDGnCauqWuqrGHhuDayHQ,far
P9bVgTIERuwZ9E7YbH0mRQ,far
WaE6sNd8xMmI_2OP7uQPoQ,far
A3AqdFhAujteznsMOwdGLg,far
qcr8K3tZkCK6jWnNZ0bADA,far
u5TrBiIOqsNUFrTTvZXudg,far
DadnCMDdFEct8m4rf5H9YA,far
RpY32D_zRYFQPYHlrkDi9Q,far
EO0fgL5ozwQP3FpSkDK8rg,far
rB9RDJYEsp4akUNwywBJxw,far
WQfme88jS02gPu3Z6bmn3A,far
HHMrnJQriuqcOGmUhUDpmw,far
oQCqWfw_6CSaH3M_k_oZ0w,far
S5K7RGeDB9OXwzn-5oUDfA,far
j3IyjaJKcX9EFeRUc92Qkg,far
309c5IrY2M89dB3fKKhq0Q,far
K6ORcbEU1vpC0E7F3qes3Q,near
FxIOaZ5Zk7QHtQy8WV2yzA,far
8sQfivFuLhoNjyWu6RRV9Q,far
CaNeDiBEyQyQgo_MGOMMqg,near
1nFf-smaCqo3G2ANiJRVzw,far
qQpT0b9oa8nMu7V_Myt8uA,far
cy9hiedMJxMoxOnYCgHaLw,near
tpCNnYqLMGjkRU5hL1DNtg,far
83k-SVfSvGyuVtSkkrhGzg,far
iwyMYJxTnwKLKBlOiR4Z0A,far
q0XiTnXYWMIKhz-juD7seA,far
anAzjZbf71F7yFELCP1Xog,near
HgdSnKQFabVxjBYMEugjLQ,far
oclbTXTYfi4X_GMcIH376w,far
A-5IN85MwL9F8wJRsDna6g,far
QTrzA9rgZkWabD9FR2Z7YA,near
7ic0dAvTrKhKeM0bA4O8Tw,far
iVNGTZnc9RWf_i2iCsuNIA,far
c8kCy8ZwXaOhOgPbFLa4ow,near
wqohggEOO8Ul4GMWQmIW4Q,far
14s5gko9slJn9vkjPOiTHA,far
nCEPJTQz1fFqHD5SeBXjAg,far
0BZdcQAJjI-Kw97mQW_TPg,far
tN5Q82mcwOeVJVWVo_2AFA,far
fnbAGfCJAf8nYE3KkRviDw,far
9RRApd34BgwxG_ozwleR1g,far
xC_iWMHh27LMNONgv2eCYA,far
K5VZ3gyJy22KzB_yFeVFcA,far
d2xkRbdUJP-6zr0yYlbBPg,far
GGVjh32ZYQmon1mM1-6ZXQ,far
A-J4oCKxiwBV6xV1AGyAyA,far
M-yMkg-fNptD5ZwHmG5iAQ,far
tpvHimO4BBn1QMPQL02B7A,far
FI4pb2c5CizlSdj6PI-_Ew,near
MRANmFLBso31ZIshSjB7EA,far
jLggDKmP-2Mjeoqm5DYxYQ,far
0kR-k_s8r8RiglKd9f0Ycw,far
6Cs52T0ItZ5TQ5Qx-UGaMw,far
2WLlAH-W6ef_DAYNmXjpxQ,near
lXSGimuTBadjJSsolFT-7g,far
XXNY-bUHgZMwkhLqQ1sxiA,far
DLcwOj2rYBkropGycXWkhw,far
Y9EYaxXXoP9E1d8oE84kDA,far
EIKbEHnsVg6dcsWopW4lkg,near
4kTeF5mHEkXzO-q1sxHZ2A,near
HZnPrlY7el8M2TA0ed2l3Q,far
nmx4jVbkxkx2izkUVoRjQw,far
cc21X3IJofZc3AUG1k645A,far
U5SrrYl_0iQhCBWJb5XSmA,far
O-J8l_KT4lulqnK4DIIj3w,far
_KcupJ16B-oFAkKbA9r0ng,far
8WqNRlva4sgGaATAR4Junw,far
6ZfLLDC5RNkBZnQaOCMW3w,far
CSQm4TolNkOMWg2c0oBnKA,far
mu9ZHU1c3kjNH0ZEkD2p7Q,far
vRle3eQO4T767azL09rFnA,far
sPi0aLVwXpHrP_K4jlCiDw,near
t3HpsSsT3F-c42lCmGxeJw,far
y97gxo7_RJgJ6NwdmRW_kQ,far
0uYImtGN3Pqc8qL3_CmU1A,far
lh-Mu8wZQW0E_wVsLx90nQ,far
cI1DL38iYTaYongejLk4HA,far
OZT2_Mwn31f_8yaPfU-vAg,far
xahrwVG6OwcUNsfBTJ6dvA,far
6jgvOJ6HbbhspNmp8crrVA,far
-A7I5CQcKkxH_CUyG3PVQA,near
6SirmO9WW6SC1_ROwunQ1Q,near
88SHVIQHyUlLu7hCVQPZvg,far
zkV3MI66iuO6L-lRH8NtBw,far
7CyEhpsj57oXxJw4oESC9w,near
BTugXJxmEpRSxla9kLsHIg,far
y2lnmMtSXBjktsD-OJed6w,far
mdhJSgmZktFHPwRWkxkV2Q,far
Wth3QglxE2fET2U8ZoH9NQ,far
kK5Pbwz6uuwwD1lE-Zy2YQ,far
j_ZsjpdxZu0l9x9G9J_cnQ,far
530S8y3j5-pUEg9498cSOw,far
YaHHB8tLp8Mtwf0L6oBSBg,far
d7TWHwAS6q60OWMf-0SPdQ,far
GHX1IQhYSMkPUZ6dR5eyuA,far
JW96Qy44JewhfFJLGFcB3w,far
KC49N2P4g9_EJ-NV7vE_8w,far
NI3or7gqS-lFOqWDARgk3g,near
szAYOuKSQ587TsEl3-wDRg,far
VE-OzA9thb_nyjI87Lwulw,far
vsgBRBaaTfhK6gvdKmafFQ,far
DQe-Dm0wyif7p7W-RiKGLg,far
Vtup5hTJQ7V8GKnWnsN_Ow,far
XZbbNSQNLs0RGBHKJ-Ze4g,far
Y2dmx4QFveqLcYmw2Q3H8w,near
KuCGHxrIpx16EG0LEGYzdQ,near
QyWd40LdGd3p22oTUIOlJg,far
KE52QVtE2WzAFnXp8oQIpA,far
2h0D_jeKy81uZgpZGZmGPA,far
5Ts1DPAcgegaGIJR2mI-Vg,far
VymPe2QIxLcb3KO0xqRd8A,far
jPJ2L_B31tsWbGWf4zSEhw,far
hDe7iHOUXPzhGc8SZYi6kA,far
CLRBO-aQB3DJ3Np5PcHgWw,far
ZCF-HvfbITnNcaomqT5XRw,near
If-yTejZ8bkKM2GqhixKcg,far
DzeenrwKuNR2sN5tBnT7EQ,far
xJHlL9FkyiG0Gn9GDnFTvA,far
IQRBoWYc43CrJ77PGYt6-Q,far
-GGnh7IZ5roLO5PdgVnuHQ,far
jBKMejuTtUVT5hWDNTeEHA,far
JFezno9uXGekgdudQX-yfQ,far
a6z7dJX3k1AUsC7rSoH_Mw,far
jrbiSBf8_0QcgYu3m6cOAQ,far
u2yc9zHYx8mdPPdpK0gwjQ,far
FMLrzIBYlEB70KjwTMQMEw,far
WXXkG18K7Izjq3-5PJrODQ,far
3QwQ6FAUi5i76gErx89dnA,far
611rIC_5_z7yiJVCLJmAYw,far
O2d9MwefVhkvg4WXsKO7jg,far
cGHRiW3ObFO1eOMUTBBM_Q,far
K1B_k_Gk6TNTeKRFJG5BQQ,far
cLr2EAm1waVZT_0ugco8gw,near
r_D6psFJAFuMjK2Lymfp5g,far
ZIEsQhl0jSNruf52l35_WA,far
rGe39yq8BB3zTEhBJK264Q,far
isWVCH1tog0Zq9CrPTgwmA,far
Q_PYyRMZ8gyy5a4l3V9glQ,far
aG8hPEpOm4OtqR-M12C7WA,far
iduwiPMfbqLT5rmFRLCakQ,near
rLiG5i1Ct2q8qEbqZWwG4Q,far
-PWMFYv5BtxukEY8DMlIRg,far
ST3J3p_nnsvliEHFbSAYGg,far
vv95tpQbfIILRcb31as49Q,far
IcpcOVLepvCkosjpM_VsEw,far
oWeKqQaFrYqPZsSwOviP2A,far
JScwBceI16rmYgATz5jLng,far
TLT604auMwiH18EKh4J-aQ,far
W6vwziguhzk5C--fufalDg,far
idekntNwqK5JFC7Eo6TVCw,far
-jX5QPtzBlTZSL1DDDb0Mg,far
tvXS_0gRf7vHhMId7Hqtaw,far
bv5ati0UQD8icjFOVoKvcg,far
l3UoJKGKU0222pmQJM4eEg,far
uYR3tQVMN92ergmp5WsnOg,near
5GgCRUSQ4_ejE8YpjDYuEQ,far
tBWjMqUc0yP5lRElCfDaKg,near
74Q1c61h7sUOme26UAH2IQ,far
ydBXIQhUTjiVfhI-X9Lbuw,far
l6ilG-3jakpirpfCS_LciQ,near
lfOWutDX2myrahvtCzyO5w,far
WsNSU2o35vvVTMZe7ve-Cg,far
tAxlYYgoQ_-h_8FpDXDZZg,far
R3ZhCvJjhegRWi-9c9pD8A,far
iKLhnstKcsUILIaOHwhJ8Q,far
WBwTDb0QL1JXFmcEpWC2NQ,far
SpeR_7Gf3OLEWAHK4p3bMg,far
CK3PIJYmsliDs6v7VmwcEQ,far
DDLd5Pv6tQzRcEGHPJMMmQ,near
mRF3D9O_RVxYuThUkqzqSQ,far
SVXW9ufki_0JSFvS1hApwg,far
Usj0t1Ts3zoTBnjhi-WA3A,near
kjnEPxEUOUqO91ERPP2IVA,far
EzAmzFU_oGjAhAkyjUvINg,far
q6je9aM9Dranj-FDxQOqgg,far
e75wnGhnZfGajDXXpY-UNg,far
Jzc4UGwKPja7wFHH4h1_IA,far
UgEjt7G0nlcnxQqgg-InNw,far
UtVrrnZjUh29lcZZz7gFmQ,near
9r-sVEHe8BQn518XgJvzPA,far
BoekXPBySQXWwKzlohRfaA,far
UKmRqGJMV3-s4uIP9jtjGg,near
b5H36PkmOLBFLNJonRDPhw,far
sU3vtzSMeO6EeJ-CrkjgCw,far
MK0OMY_u9unl8xSqjPLtMw,near
mmCtH6CvNFJguqcKrwZM1Q,far
aDdo8sX-MnTG8Gb9nbyASQ,far
tsa8CBbBOcLfMYeUqIMovg,far
kAfD6UH02XhNKpKcbHpzqA,far
5yeFxRs-dqURicElPevJmw,far
6iOk5AkwJLHNRHlySGfjVg,far
-PdjCH0YHOJaYfVGr9KBxg,far
efUN2qmz92agKLs2qvXH2A,near
njr36V7uWn463ExDKt5rVA,near
JxGtdLGLnbKQX6spzqkJOQ,far
FoKBE8Qqg1siJ1H8QtuJaA,far
JzThj9V-_VeKiprRTa4QyA,far
pOj_1POoELz4Ac_f9n1xKw,far
dImPrkvJRnv3hR2WphMPog,far
Bkxkv4CkP-0MpPLGEnbJbA,far
mNOqS5vLlxBRsC1zagxfZQ,far
jh8j-DWqgWkbRe_a2XtKFQ,far
geWUsomkOnF5LF4jdpJw0w,far
uet5UHlAYRn9CxC0-oD0Hg,far
wIRnrnk65_odDRmkaGjEvA,far
3AjE3ncLXaLz26_hAC0Xrg,far
h-aRt_LceoUc7pmgNBOJHw,far
0pjv7o97ZoYPWuPRpfHDPw,far
bo6oxshUZdNAi-6zuumOtQ,far
UdaINJ79Go0z4GdDgaVL2Q,far
syU0MAXPm5zBC5n1bqKOAA,far
t_fm_mMoVyArU9bzR4YPng,near
ipuqQwkxzfJndsyesQ41_g,far
acLymxN18Y83rxKbmaCm4Q,far
Z4f1JEezhS0AfvhB8Z8gKg,far
4GMHypXwSyX792Q6p4qLeQ,far
vtVCIaeQlgcKYSjhs2PGvA,far
kxjuC-oR5jyvpPqTm7XbXg,far
9xndvdKagPMWyLxDq2yDUw,far
WUH4XuoSwzaFABouEr8lxA,far
I7pOwwlIpoJk4YVD7Aod9w,near
5Z9OI20sgoJ7poWhlvyV1w,far
V7-CjG7MpBAOnZr2biNjHA,far
5RobApbIYpB4vA19yWORwA,far
va0yjjOMfnX_L1P0mWZg8A,far
xFc_FBt5j-ljp7JpkocV5w,far
ce3FUIiK5FfRSbUGUn3WOw,far
_I4XwQ46MBYMeGgzf1tyHA,far
iNAyFvDsFd0iWQU2Oz1uxA,far
M9u3lvTUrM9wBUfssdOnjw,far
qZ6IfKw_fBQGrtXlau2C6Q,far
MTXCybZ3sVqfW3qAHcYSug,far
RMZV34XwR6FdSlhF7nTaBQ,far
IWRg2QAqkMfyb3M078sCCw,far
y4SxiSjI0Sz-BKjtWtpyJA,far
EfyoNYnyOOmpFM3jPNtMfA,far
ExLMpAqncFZDOpGck-yJYg,near
awL3WNrsNiSzXtvrmFgekQ,near
kldw3rf8_T6J2LxsetQ5UA,far
-ZHqw0AYXzYedxFBICgboQ,far
TOGGCJcfK2KY8_Pnjrk5FA,near
KCYkj-4js1n30ZfB3Yf09w,far
l8TwOIhrltADiDwND3RYKw,near
qxWTFD8rAOEgJo5SlgkgUg,far
IrXBlTX4wzaEe27_I8NR9g,far
CjiVvfnVyX64QGsOKuQk1A,far
iX3wwGUix6uO8G8iJ-IHWQ,far
1rXs5PJHfRosMP38Wq9h1Q,far
Ruc9mHL5JkOE6PHWghx2gQ,near
mbMoYffmMHpFye-4uS2JkA,far
A93_XS0xZu1OtfQPTIJeqw,far
QDysk9VQYcT1p6Z8C2Um-g,far
YNf5RdKCEhBGIAzOzLgirg,far
isl76zjJElJ-AYq4Mry2sQ,far
ddhf_gQYSU9nAtvmstn_gQ,far
KGgzX_24FRFsVuej5ADvAA,far
eF1KimEcczCB2EucBeyF_A,far
avOguH0zawBto1OHLAC0Sg,far
TlvK0vNWea6eb9G-uzLTRA,far
_iYVIKWUsUP9ORCkvNGC5Q,far
mzkbeCqBBdvgb342yunIlA,far
oVDs23d3Q4J0fj30q_7tUw,far
gegjm1ZM-0CVakWFtT-tqA,far
qDAvzOfwQTO71UG1NDW62g,far
kSpMJuG9dFNxsmJfJZoqNg,far
QAloVTcrQjE3QOJvYo03xw,far
YhZl_p9qlMEWhQP36VydMA,far
5ZGGxjJtugCBlfV449VC2Q,far
wnWQK_ITkFG8jCZXskKbqQ,far
moK7MTU1kYfeXVX2KgPl_A,far
Ktfl6gzqp4kWBYCpa2r35g,near
Nm0qOV7M8_83tchoT3aMew,far
6Xz2WptZTvEmWhgGNl5CTA,far
0GFPaYRNpXd_Qg17m0lT7Q,far
QRD2Z64iphFXMdf0EJT-lw,far
tiNJaJqbIsBrzGOtJJhgTw,near
9ubQAHmhBHJ9GhDUzhAIjA,far
9sH0hn2dKy2JbtdFJ6NuIg,far
6yUWxpmITzA3Bw5FEYTX3w,far
mzcC8OPdnkKbfimmvqedOg,far
REnj289CpukULaGTX82XaA,far
zZ01WQlcpI1_n806WKV3bA,far
cj2nJHZLeiMxEQmyAH8BBA,far
ZvEKfGV3S06lqQ1xo_AWiw,far
frkdRWMpN70bO3jFWdMKeg,far
eS0b58kcXfPzYtzPa-TILQ,far
T2Ph4sdwbKOyH2OvoLo6xQ,near
v5HkVr-QDnOprbmo22weQQ,far
HidTb1RASAEoQzJjlzi9iA,far
cGSzV7rhpySDoc_ONBZjEw,far
-5qdNqCsREZCQpy9HU3sRw,far
iq-in65w8qmfJB59OG0Maw,far
JFShrvfR86GnWUaITaGRkA,far
A6oLn-9f7X_hN682AkVQQw,far
hVOaJqKr9DnaejHsF6lDhQ,far
txY7RhFCerkB-oxAMutpXA,far
rFh6ee6XhJxv5s9SKP5AOA,far
HXPO2aCEmTY9-REIjffsUg,far
DhGSD9oyVf_ikZwBctSXiw,far
_0BBv2YQEgxugriq2CF3jg,far
8Vk_2t7hQI02IhpcRnfAIw,near
q4sI8dkd3QaGQ4qY-GQa2A,far
y1bpqyV8Kr2JaJintHdvCw,far
LRr-aw58xVMkUu0OSL_BpQ,near
LYSyuSLDwygdFS46wimD6g,far
eGbP6J-NvldlbRsL-U-r1Q,far
o10gySGM0o_sS4wvgjLXOA,far
CepvOEU3FxgYWMkpzS12mA,far
l7FKRYrgvkFQhTLAC4ZOWw,far
1thgGNE5BSrj9lhKEwcfWw,far
iLum72LQ1LkfUuTkQPbsTw,near
-UEuWmF0ZKLQIBqiG8lUgw,far
EwWcloIMj8zflH5Dc16-nw,far
ve_RMimhKsA28N9ta7bRAw,far
wWJVZ6khYDeCgbch6ap39g,far
HZ258LeyjU669YuCdAt9TQ,far
_uQDN5IYJF5XmLd1KaV6Ew,far
yGvaIruh-JIm8FFZLCWoYg,far
-R2VetdBl4qR9kZQ_Xx5Og,far
g7Z4Sy_Uzd-TaRrBzpT88Q,far
1n2g1gjBcrXMBX4uc4XqFA,far
E2uAzmg3tDenxiZa15E5IQ,far
Z6hbNhyrrDoDth-N-v2IRg,far
PGCWN8JYSFoNAOqIFwTJUA,far
tErqAxC-kFXHghLXKY5_AQ,near
oPazCPt5KWO5CmlG5tjl8A,far
nX8vR_aDiU1iqMySpIAjkw,far
i5B1Huwg7pHMiZiJGWds9Q,far
djC_zQ1Uinpad3zLYIxplQ,far
wnzznLsYS_Xar0cqwEcRTw,far
ycZBeLwXxwZN__X0JlO1uA,far
0mkWBczOhKj1QUkQvG86lQ,far
a0XDE0hTp4e9t4I1X1tBsQ,far
ajixAPiRCGINY_3KRJD_xQ,far
QtiMxq1SJs0kG8fg5qxfsQ,far
JFteGsQlrJeJjur6cA1RhA,far
9rbgB_kZx2ZBbRWqjwPYSA,near
pQUkKWZOtU_fstXoMxdqcA,far
8NInldLrOL3FtVuZbFW9Cw,far
1bTMyRgKbWK9mkOR3VSCZQ,near
2eJssjitKUEKoZn2h1FJKg,near
UjCziQmdwb2NrD-SWiWaAg,far
XD32ijW7RqkVeaTvOty_Kw,far
eMUXEPKllxw6FhWVoxkKXQ,far
3oxlWgUlq7gN7-qXhOpLpg,far
dTQuBfkQtKKUAcImvweE5g,near
Z6AhfI5tojWNO-L2G8cPjg,far
chVG60N4vrOG9DNCdHS4Mw,far
5402f8XMNoSSCpeYzydZzw,far
XWRigNnjeN5laZ5n0KKSLQ,far
0NsAFbMqOcyaeAvGiwo1NQ,far
hY37vCcu0NAi9xC0izC3_Q,far
jMStvE-tQzSpRCAO0nAE6g,far
6aOv1d4zD5nAmVmsE873Aw,far
3KQ0iVCS3KrzZ8dc6x3IVQ,far
k-E4nU-rd5wlnRWCVX5BuA,near
_oDFaD6FdhFRvHXfwpG4OA,far
XHKCS37UqU4cUoaKAuQ2pQ,near
BcKlspU8oWv31Q4TuRoBVQ,far
IpY3EPVWXEqJO55JECOMkw,far
xLZM_06R0caJFelk9ZHBSQ,far
jrvBrQ3L8ROB43D3OT8vhg,far
-ET245ZYhupdwBSwiivFLg,far
EYNHli3Gxd8BKmsLMQIt3Q,far
tZ7aeO0IuF_rAALD-kMEFQ,far
gPOaMqqZwGNDUHW5SeRA_Q,far
RbOJzmzPeSF8-0yqxcOfkg,far
DzGdgyDMqXWEUeRYi7THpA,far
yqxi-ozb86YZHLUBFAUBLg,far
CWDfJ5U68pFRuRKm5HtnjA,far
WJHnl1Hlob1ehzFEHM_OzA,far
NUQvH9BtLnbjMXSrzU-ZfA,far
lY-h6qDbHVnMqbMtpAsmuQ,far
sIOfdFI0J9eWx0gBdP17Fw,far
gv7pM4PoCtUAUFAGw6dwXA,far
buKjTbT8XXoccgIvuUyk9A,far
0FlDXVxuY5uuEOVhPDXZhw,far
_0RfzLMX2eou1E24i1Vr2g,near
bFoumHxOGQPhmxYLa1460w,far
frGG1oR9I38hF7mo3O5WQQ,far
QqDz0hQ7iPpHJAd9JOTudQ,far
F4Lb6YFsKSbUFQBgOghXng,far
9IDb6wRS6FcV5X7n4WEv_g,far
O7C0B4vvYGLA4eITgQTpdQ,far
odyMXeqkEDGdqI3ntd16KA,far
t4GpHgKQlw27e9HrZNVTng,far
1yw4V0Hqm1DiMqefTDmqbg,far
cB00fmNTuWi07IXS6kOX1Q,far
9AElHsT3yD2Bk-_99YUI0A,far
UKImUPq5l6yHn_JO8DQZng,far
M0Gkv0uvZRxhOcDqQXi74g,far
HBBABW6kLjxTMb_W0zbn-w,far
L0Ld-zPCOSyRWx4UxZz_mw,far
70wh_E7HNEKlxFAE0VejXA,far
EhFJgjgn9Kzo_gu03DVkRg,far
QaRDIApHRxtPrzaIxXmnJQ,near
8_7HvKnMgkO2p7EDc74f2Q,near
xFk-YQHQ7bkRdwEdWPlsUA,far
BDxZyPRvfo1ZjrI13d9Dhw,far
yR9i0ajH3RCMJwPw7b36ug,far
TD56PeOcDao2bppvLB4h_g,far
zUPXkrKHz3bm6su69qQ-QQ,far
chO_jbEp_L_9xzS4EZgksA,far
PIw7PIcKrxJq0qhNZJ9YCQ,far
eXO1fhsX3fniYSmQx4B8BA,near
F4Pk3sNtkPCYLColKYpuwQ,far
vFhrYudjF7R-4UHgvu7G6g,far
fkulULDsfXAGth6tpwqHsQ,far
IbMKtvHeXPRdbj6BGgZMqQ,near
KUYp0N5cxNokULUYQmUJPA,far
o1rAFM3LSS1eftbQ-yZbaQ,far
5p4p5DknrjuxIUDokYZE9w,far
fvxMs49LB4_ZhBTvtyDgWg,far
_7849WzN9IkhmO-CRjWctg,far
6vAUAQbXlu3mGz-cXBDlMA,far
Dre9C0gng2Z2yo57r41uDg,near
qnHI3dqtO1tqKI5LvPk-Jg,far
sqPVNzFKLs6bkGnbISAxVw,far
xSEo6D44jUGWpBv9nJcNOA,far
yo9RPH5xAUk_tZ_2hBoo7A,far
qJsbIEtjZfQKVC2viOWn4A,far
oZ8f_EetOvNwSxkflHBlXw,far
3PA4Hc6G7ON6i_lyTpNf9Q,near
BeyHm-6fhejseYAc0YDtjA,far
laLe8xk4pgTBLFfKlatFYw,far
lmpff2n1s6UER5TMRZAqkg,near
x2GJf-ooT8CCtkr-ddUCNA,far
KE2-bGwPXezBjsjCO7qhvA,far
9IGKHnZLa_bvzR2qS7xpuQ,far
NMEbgipe1SelnzxyjZ6sAw,far
4rQY-6rTKcWYygqsjrp-CA,far
eYRJ_JHHQJ_jSoHLMDoNXw,near
6JhaHt80h2cqRaO3f0TQvQ,near
SbBkXpXdEDUVi7UhQYq36g,far
XAQ2WN1SzQAEws8OQptiYQ,far
87VwYvPSzvEx6UdEri1FWA,far
bdZNJUZgKscEROU_ROL2TA,far
mVYX6uPPGAlxoPj5MSQ0fw,far
hR2glGj6ubTizTtNX4dfRQ,far
78hTYnw6YRckvzmT6FOZaA,far
PBVd6ibsenSrHJScf98o5Q,far
3WarBsfWF9KxjJ32BeXyKA,near
TUZl2jY1_j19TcvWC6U8wg,far
Jrug3oaTi4t_YgWjs4lTBQ,far
c4Y_RZKBXsXENA9y7JIBaQ,far
AOzSin66P3h4sRRIspx5Zw,near
vwEtHYbmavDPNzd19mqsLw,far
fEK-43XEHJXn18b9HC3m0w,far
FFwBixILS4V1touqQWlB5Q,far
6qCzf3DVAcHL7hKrn6sifg,far
M2ZtTbp-4iXW94OWmn9KJA,far
2Hda-1IgcoT9y8tqJp_7Nw,far
-vhKv50sVOVURRGxY0PMGA,far
q6TLg-2s7QCF7qJY9QAuPg,far
VbbFuMERz5arm4sukDRQzQ,far
quUA8NfVP85FvYh4be8C0Q,far
-xCLfmAg89uz-XrYCakJ4A,far
eCb0ftqvFZ5_6iOLWhMtgg,far
08mW6JldYBCHYYvxNHX5XA,far
pXiI4tOyvep6sm5mQhr0Kg,far
bgloiCRJdF1AgAdLfYHjlg,far
wR8CclqKdPlpbaMJTsylLw,far
9ZLRAg2VmdZxznU4CY3F8w,far
FRr2a55hbdZBUMQTE1blHA,near
hNR5TVXjWmXzFi5NjW5ung,far
a6xVOZGl4qyt0U3cL-zCBA,far
IDUubP5NwHud75ZnZvKCTw,far
1Ox_UpyDdlhh_msUAExzsQ,far
bVuF8nU33qP0zxTWyW7aGQ,near
bkDuONiCvpgMzRPbNwfDFA,far
q-oZ7Bz4QAbQHmgoB7WclA,far
z99C9uYanRWZpTbyQ6yHnA,near
Ou1VLAY5SXVuMfrCEmf5KQ,far
pkq0_n7jX5VwaWa01O2V1g,far
B_7j8vhTfKr4k43Uf94COg,far
4ST-lxbx9osBdiUSwetqYg,far
BC5uo2aCYI9DPUJNNIwS1g,far
u8lh_cwnJusmXAvuG-yMuQ,near
J5a2ebSvwIStqCDZEp2E_g,far
iam4_Q-Vf-n4x_b2Wn9pcQ,near
0ZLZW5jaGBFlEPutkVPG5Q,far
eN-Zrz1orLoqIb7D6mUMbg,near
z9hZDUYoPxyACNE8cvhEHw,far
Hv200QppR5SqakWYbbWx_g,far
fNhCfVS2UISxpI4019Cfeg,near
3SUw2PyXq8t4CAat1tRzgw,far
lJJyPTLza8K_uEifyK2Ueg,far
GiIkDWHFl_0cyG5BdTWeRg,near
Z56KCCG4wRBy0zAafFaltA,near
z6RKE8onEd0iVwn6vluu8g,far
doLt-mki5AEA6L5TlsTe6w,far
G3zw1-mc-slTVFkXWyq9jw,far
xkFCzHvxHCyT91SqUusp3A,far
nPnY8PWKFWXYXXS4s-Mo9Q,far
ApbYcGdqcxY60ogO-FBDtQ,near
kMm_7LjV7tlPZJAWDFc52w,far
liM5S5on5kfRDeaR14Wbvg,near
iBLKNXSeYZunmh4bTg7CdA,near
Xk6xNPphQASrflSb4fF7GQ,far
a3fmt5WkWb9NIIZ924G8Tg,far
JvWJEhifmVsNOK2Sjnq4Tg,far
QG7CW7s3VUkxtaax6Fu2sQ,far
DXRqeWMtCr4hhsM8z3XiNA,far
LMfG69oT0EJNvzexIKGgEQ,far
1W657uKWvcMKIHaOmEOc-g,near
38eNjgunRER22TTukYfjgg,far
NvaLV6FYt0bax2iKvuYYZQ,far
o7BuL-DtXJoW3K2xkLc2ZA,far
h_hwuftiOMvdRe5HjmFwBw,far
xSABPmuS0yu3ZrNZG5nUnA,far
YK-uJeETM8vj6zlYRGxgiw,far
dEyUSBypFJ-hnup6NsG2ew,far
AXoq_ze4DyyPDjJk-Ba9Pw,far
JjRnv5YQxp_GD0SkITTs4w,far
UOD7JBqQGIB9Whh8jCr6hw,far
y01dnpHcQuCK8ZxYxkQtYg,far
lT2oqpqVsi7iZ0Pfq0NMqg,far
-4jxTEaNONDDsC0Xzzp1UQ,near
lWLOAuAJ-8e0pSTYRasHhw,near
zRWjTtC4ivpDpm44_qJx3A,far
ksPrToJk9Y09FUxujN_ZPQ,far
NbNIxOxOtddU6cg4ixA1ww,far
rr4w9-qM0Ns4CecPwMVXkA,far
Dl87vbrc0W-NKaOKXm2Bgw,near
U66dmfIV-CXQ_1Cbw1jF2A,far
AV4YTyD49J2wMKNhymfkOQ,far
7z13l8TtlblGjUal9ahgAA,far
FWaU544E0DNj3mkjlKif_Q,far
khrzymFuQuvkrvM-hfyMUQ,far
BWCXOZUIh1IpePqq6GtLKg,far
zfdytD6RrAdHQZLYfL7ORQ,far
V3610Rrw7vfZFfELt-feLg,near
FUSDnuOK0G_bp72G9UhgXQ,far
7V75oDIjKMHLIs2mkQFYgw,far
DVXYDfwlYpyh371YsL37bQ,far
8lfRMOaf-DKRCHWsP6Y8PA,near
kUhu0UoVoPn0uR5WRDmRUQ,far
jcTnVI3arAucyE3OMl8dcw,far
iNSyPyfUPwyeKdMI6aAiYA,far
WnHq5ZvXnHqG1kd76Ko1LQ,far
6jAW2CnfT3LlF3i4H8V27Q,far
GhY-NvTYa-DT-xHfc-7Dgw,far
3tmHyqSbtlYQOdBbQLaARA,far
QwiuLU-XdFiGHNJU-dhnBA,far
yXP3IojU26Ms94i0RXIjKA,near
5RADqPoqnt4UCsO1fbaQcQ,far
2PvPsZ3KRFCtHbQkNHvGpg,far
57Vny0AxGdEQBETfd7xU4A,far
pHoP6SXp7u1FpTPPmDCQWg,near
05ggMuCnmkLDRLno-5Euyw,far
9cprwS3LV5qygQ1l7XLzDA,far
IsNSy2AYiIdi9Fjn_KW1nQ,far
uNEe6px0HeEh7uLjoQAlTA,near
z97W4y6ZOCH-5LyXJQI5TA,far
g6Oh3MmmKLZa3UitMqAt_g,far
-NujuNgOnQA2cMZogNIJnw,far
pAQpP076l31SkQpvCgplPA,far
JtPbX5_SNyyqEjJLq4mIVg,far
qHyXH1bvVu9wF6ai9XUj9A,far
gL8rqcYrygR9_fybD4QThQ,near
bLdE7pGiI10doPXMQpfnjQ,far
4nkbXXzgUn-tViXzuoKR1Q,near
QsSA6MC9-CoElSrXPDrIKA,far
9-hinODYdb3naN7t1sLPAA,far
4hy7oXCp9INnwBNCMYfOqA,far
IychAUDWFpPBdoyW1FTxVw,far
UjoHOYVZNTlf01X-IHtxQQ,far
9wzoI8SzoVDM5ee1gUqXbg,far
I122ySOwY77Y9ihiRyV8cA,far
WnUm6q-zuE6zkYxj1I-Q2w,far
7RVrX1Y_X7NXJoFLe7c5dQ,far
OUjISvf-zceQAg2uvuPLWw,near
N_sw04WGUSmOD-lzLsyxRw,far
ouXwzUhtm3hnVUo79IebLw,far
UNMTu-K0XQfjDJ5i1JBl3g,far
Xv4gBnKDd4-OP5m0tl34wQ,far
lHMfst0311jkKU1DEOzhZg,far
RGTX7OL9zgfvZCwWd_vZwQ,far
nJY40PAD0Op_jJN-zPxb8g,far
7UtXB89Hm_DVK8I0KBagnQ,far
GxuxCctcz3Hyk0wnuly7vQ,far
2njTjQ35skXN171KoobeGg,far
jE3xF9iPPrxVFmM09WxCPg,far
65Ic8dBYboDW9lm4Fe19jQ,far
dtWFuvupLrMmPb09uy6wVw,near
zuDhc0Em-h_o4erj4OatVw,far
ZNOc9LErlBDtJF3Y7LQtwA,far
DmiIz2fm7LivQFBjR1DZaw,far
CIWUkxxLGFUJYktrguIsGA,far
v6lCu7SRb6WD18XbLk4N_g,far
vObYiXMtpn5OwjhgCcdaDg,far
NXMDJh-qT16g7ULcqIW5Gw,far
OSfJufsdaYaLsBZu_HKzXA,far
YKjXa9oj9qDOuTDYiv8X9g,far
kBB6X2bVD7xAS1C7eMqXyg,far
QbZV8ljPEhdcRRRxd4OCFw,far
pwVtGBlC_kweTR_dqDrgwA,far
FrOZFs5gtkYQKdTGBTKx3A,far
PtehC6OlP6py7ZktCi4Yug,far
ZjK6-LaGCehoB4Z_s9Lc1A,far
YdIHh5_AgLZGMYyxsumpDA,far
kURPPbhrJ2j3MtpD66HR3Q,far
-m3rDIxCvM8tFGZJSnVffQ,far
hnIKiH4KZQPZA4d6-qqP1Q,far
kgVGIAendXrZ0150zdw-Yw,far
W3qnf-5sNMAgCWfSPSH78g,far
ck0PpuchJLrKdxW5xND1lg,far
Vj34DxTO7P7-kxX5Q-FPNw,far
1qTcIvOQpD7BMQhMpJoKiw,near
7hvWuxP4SKXBmVHwt6WFlg,far
kEVptUKa_OUPn_50sTmoTQ,far
eiEYNtCvlTftcgA6PmDK_Q,near
CB_dHicpMxuWiuszbcPjfQ,near
6okGf-6HAN8nkRxA8ihImw,far
Vk4AsKa0Eg0QIO5cL0GFkg,far
nwdfY9ZuvqShLc4otGlxtw,far
Z5dNPG6xJgwNAPJqo4du-Q,far
M_QKzr9l2flZELWXt2M0tw,far
chG1cEdToLhbcyVhrkBw0Q,far
tXHlNT_Oyk-bsjboX3cTSg,far
LyXPjc6fpEpnI4Ksh3QH1Q,far
k0s3RZjFsP7L6QFOBWHOTA,far
NHz8uMabvQ2nXk6CddCK4w,far
pxDN_UAHs5TmxrJvAN-eIA,far
2WHneHwnqnWssxOLXbwyLQ,far
Tbddu6wnyPprpSDHxYlLig,far
2h8xC12BytQ3N45TluDDsQ,far
zQf9eCQE5qxf9oLDiJS7KA,far
EO0ZCmJv2ldtmI2E0DF59w,far
A0-S0UG8P00_T5RavArH3g,far
KOLBi4q2StQ5MY_AneeELw,far
N7WyPYDxidWTWyn_3jlNmA,far
9SiWivBDa2fU5Tnb2TQ22Q,far
7L29TWb_tsIbqe8F3T_rsA,far
qhoPBAD0RP6F9bWKo6mjcA,near
LeQG96ePDzQW_PcnnIVqug,near
MmywNLqOVtunXM9k8EwPcw,far
v0j8vmdc_w7wSKTZHa0vAw,far
aGOXuqO6yhN66tLYI61Thg,far
kwwKAjMvZk4uANTzgltT-g,far
iYd-OZDRt0MHa6VWQkBUQA,far
eWZC0Rz52GX49eoYPQ8ASA,far
K_kRU8j8th6yBeLbI94pJQ,far
Fqg3sac6ubGkoMJbs19wZQ,far
danrUx6V6o68nAybLhrJ7A,far
zzW99n4VJr1Atte1Uhub1A,far
vb7t5_4aZ9yDgOMmFGYKgw,far
IeSD0nMKRFYUTnR5nZH1CQ,near
ftktEa20LdO6DHcZRXspTA,far
