zip,metro,quarter,polarity,compound,stars,text,has_community_voice,has_commercial_voice,community_aspects,commercial_aspects,access_transit,surroundings_safety,cleanliness_public_space,food_drinks,service_staff,price_value
19107,Philadelphia,2012Q3,positive,0.9395,4,"…ck n try more dishes. Staff very pleasant, n restaurant appeared clean n bathroom likewise. Hot tea was good too. Only downfall for location is lack of nearby parking. But enjoy!",True,True,access_transit|cleanliness_public_space,food_drinks|service_staff,True,False,True,True,True,False
19107,Philadelphia,2012Q3,positive,0.992,4,"…cks inside is pretty good as we got some drinks there, also nice bathrooms. Descent parking out front and conviniently located right downtown in walking distance to great and beautiful sights. We didn't do any shopping here, its just your…",True,True,access_transit,food_drinks,True,False,False,True,False,False
85705,Tucson,2014Q4,positive,0.9346,5,"…great every state I've been to one in. I've never received poor service, and this one was no different. Our server was there immediately when I ran out of my mixed drink to bring me another. I have kids. I was at the mall. I absolutely nee…",False,True,,food_drinks|service_staff,False,False,False,True,True,False
85715,Tucson,2014Q2,positive,0.8762,2,…on a Sunday morning and it was crowded and very warm inside. The server was super nice. Our meals of pancakes and Belgium waffles were nothing special and nothing we couldn't make at home. The potato pancakes were bland. Our meals came with…,False,True,,food_drinks|service_staff,False,False,False,True,True,False
85712,Tucson,2014Q4,positive,0.9588,5,"This was a fantastic restaurant. The service was great and the food was even better. I had the tawook plate which had marinated grilled chicken, lightly seasoned curry rice and delicious hummus. This place cannot be beat. I was throughly i…",False,True,,food_drinks|service_staff,False,False,False,True,True,False
85710,Tucson,2014Q4,positive,0.9713,4,…hat isn't the guess what. The guess what is Baja Cafe is just as delicious for lunch as it is for breakfast. I had the Baja burger and it was good. A hot mess of green chile jalapeño bacon cheesy drip down your chin and hit your gut burger…,False,True,,food_drinks,False,False,False,True,False,False
19123,Philadelphia,2015Q3,positive,0.7269,3,…only because I wasn't that hungry. I like the mix of vietnamese food and seafood. Sports in the background tvs and monitors added to the laid back atmosphere. Food was tasty and service was good. I will have to come back here to try other…,False,True,,food_drinks|service_staff,False,False,False,True,True,False
19118,Philadelphia,2015Q4,positive,0.9719,5,"…eat gluten, and I appreciate that The Night Kitchen offers truly delicious GF items, like their flourless chocolate cake and almond macarons.",False,True,,food_drinks,False,False,False,True,False,False
70116,NewOrleans,2017Q3,positive,0.9126,3,Food was very okay not saying it was bad just wasn't for me but the atmosphere was great the live band and the staff is great,False,True,,food_drinks|service_staff,False,False,False,True,True,False
70130,NewOrleans,2017Q2,positive,0.9441,5,"Really good food at a great price. I had the 1/2 pro boy and a side of ettoufee, it was excellent. Service was great, and the manager came to everyone's table asking how their dining experience was found. I would dine here again",False,True,,food_drinks|service_staff|price_value,False,False,False,True,True,True
70130,NewOrleans,2015Q1,positive,0.9153,4,"…was pleasantly surprised during my stay here. The room was nice, clean, and quiet. The room came with a mini fridge, microwave oven, and a coffee maker. I picked this place because it was located very far away from all of the craziness of…",True,True,cleanliness_public_space,food_drinks,False,False,True,True,False,False
70116,NewOrleans,2015Q4,positive,0.0765,2,"…e food was very very basic, lacking of taste and served on quite dirty area and tables. It was one of the only place opened for TG day, I would not recommend it otherwise.",True,True,surroundings_safety|cleanliness_public_space,food_drinks,False,True,True,True,False,False
70130,NewOrleans,2015Q3,positive,0.9871,5,"Camp bow wow is absolutely incredible! The prices are pretty reasonable and the staff is always super friendly. I have a hyper one year old Australian Shepherd named Westen, who really needs play time. Unlike other kennels, camp bow wow let…",False,True,,service_staff|price_value,False,False,False,False,True,True
70118,NewOrleans,2015Q2,positive,0.4389,4,"…f you want the authentic New Orleans (Christmas) experience with cheap drinks in a very crowded bar, this is the place!",False,True,,food_drinks|price_value,False,False,False,True,False,True
19147,Philadelphia,2013Q2,positive,0.6721,1,"…w more dollars elsewhere but it's well worth it and for the same price you can even get much, much better at Taqueria la Veracruzana on Wash Ave.",False,True,,price_value,False,False,False,False,False,True
19126,Philadelphia,2013Q1,positive,0.818,5,"…n taste preferences, offerings from sour to bland to spicy. Very affordable, no fuss korean comfort food.",False,True,,food_drinks|price_value,False,False,False,True,False,True
19107,Philadelphia,2013Q4,positive,0.9512,3,"I loved the atmosphere and the staff but the food was not where it should have been for the price. Not a long menu though a good selection of meat including duck and quail. Unfortunately, I don't think any of it was particularly great. The…",False,True,,food_drinks|service_staff|price_value,False,False,False,True,True,True
19107,Philadelphia,2013Q1,positive,0.9828,5,…shes are always incredibly fresh. The decor is beautiful and the service is prompt and sweet without being interruptive.,False,True,,service_staff,False,False,False,False,True,False
19107,Philadelphia,2013Q2,positive,0.1923,1,"TERRIBLE SERVICE. When we asked for a drink menu, we were told by the waitress that it was too busy, and she couldn't provide one...WTF? Ordered food...one of the dinners isn't brought out, were told it will be out in 2 minutes...25 minut…",False,True,,food_drinks|service_staff,False,False,False,True,True,False
19125,Philadelphia,2013Q4,positive,0.9911,4,…he short ribs special and the buttermilk dessert raved about her dishes. The vegan wings were way too heavy and I won't order them again but the Brussels sprouts were Delish! This is a place I would gladly gladly go back in a heartbeat i…,False,True,,food_drinks,False,False,False,True,False,False
33618,TampaBay,2016Q2,positive,0.91,5,…h like that they list the calories for each item. The place was clean and inviting and their offer to sell me a bakery item with my sandwich for only 99 cents tempting. You order at one place and pick up your food at another. They gave u…,True,True,cleanliness_public_space,food_drinks,False,False,True,True,False,False
33715,TampaBay,2016Q3,positive,0.9796,5,…ey actually gives it a level of exclusivity and the beach was so clean and really not busy at all. There's so much to do here and a half-day wasn't enough. Next time we plan to take the ferry over to Egmont Key - didn't realize prior that…,True,False,cleanliness_public_space,,False,False,True,False,False,False
70112,NewOrleans,2016Q2,negative,-0.5078,3,…Once during the day and once Late at night (3 am). The day time server was awesome and really polite. The night time server was rude and condescending to my friends and myself. The food itself is real good but I don't want to go there agai…,False,True,,food_drinks|service_staff,False,False,False,True,True,False
70130,NewOrleans,2016Q1,negative,-0.7477,1,"…party after Endymion and I'm giving them one star based off the customer service and food. The girl that was taking orders was extremely rude, impatient, and not friendly at all. To top it off, I got a hair in my egg roll and I'm not sure…",False,True,,food_drinks|service_staff,False,False,False,True,True,False
70130,NewOrleans,2016Q2,negative,-0.7882,1,"…rket boiled ham. The gumbo and etoufee were hot, but had little flavor beyond the hot sauce I felt compelled to use. You order your food at the counter and go find a table with your receipt. Our waitress introduced herself nicely saying s…",False,True,,food_drinks|service_staff,False,False,False,True,True,False
70130,NewOrleans,2016Q2,negative,-0.7243,1,…nd no attention to detail...then they tried to charge me for the food...this place is a hot mess,False,True,,food_drinks,False,False,False,True,False,False
37207,Nashville,2015Q2,positive,0.9843,3,"…ht and it was perfect. Love the ambiance, love the vibe, and the staff was incredibly friendly and likeable. I had the chicken pot pie soup and that was delicious. Only thing that was not good is that the service was a little slow for bein…",False,True,,food_drinks|service_staff,False,False,False,True,True,False
37215,Nashville,2015Q2,positive,0.9894,4,"Not the newest location, but very good. Service was great. Breakfast had a surprising good selection. Rooms clean and comfortable. Excellent proximity to good restaurants and mall. Easy to get downtown, lower price than downtown locations.",True,True,cleanliness_public_space,service_staff|price_value,False,False,True,False,True,True
37203,Nashville,2015Q2,positive,0.9822,5,"…ered the prime rib and it was amazing. Great portion size, great flavor.. The works. Emily was our bartender, she was very humble and happy to serve us on Easter morning, she treated everyone at the bar like family ( I'm from California, so…",False,True,,food_drinks|service_staff,False,False,False,True,True,False
37203,Nashville,2015Q2,positive,0.9689,5,…pie excellent...chocolate pie with baked meringue topping looked delicious too! They have different menu daily... I would love to go back on Chicken N Dumplings day. I'm sure they are excellent! We are from Chicago and will definitely go ba…,False,True,,food_drinks,False,False,False,True,False,False
37214,Nashville,2013Q1,positive,0.8885,4,"…gates are too much of a walk- they even have an Admiral's Club. Food choices are acceptable as well for an airport of this size. Overall, not bad. Of course, you probably wouldn't come here unless you need to go to Nashville....",True,True,access_transit,food_drinks,True,False,False,True,False,False
37203,Nashville,2013Q4,positive,0.9843,4,"…, but it moved fast and there were places to sit when we got our food. Everything tastes great, from the veggies to the mashed potatoes, to the fried chicken - I was there in a group of three, and we all tried different things and couldn't…",False,True,,food_drinks,False,False,False,True,False,False
19107,Philadelphia,2018Q2,positive,0.4494,3,"…continue. However on this visit, I needed some necessities, junk food and tampons. So luckily This was here. Nothing fancy about it. The clerk didn't judge my choices and even gave me a sympathetic look. We've all had those nights.",False,True,,food_drinks,False,False,False,True,False,False
19125,Philadelphia,2018Q3,positive,0.9696,4,"My friends and I decided on this spot after coming across their menu online. It was relatively crowded for a rainy Saturday, however there were plenty of available seats at the bar. The drinks were pretty good, the mac and cheese was amazin…",False,True,,food_drinks,False,False,False,True,False,False
19124,Philadelphia,2015Q2,positive,0.9957,4,"It took a long time for a waitress to get to us and our table didn't have menus, but it was a Sunday brunch, so I'm sure she was slammed. I was excited we were able to sit right away. It's a total family spot. Decorated sparsely with a f…",False,True,,service_staff,False,False,False,False,True,False
19106,Philadelphia,2015Q2,positive,0.8481,5,"…ve a great beer selection, quality food, and a knowledgeable bar staff. A must visit if your coming from out of town.",False,True,,food_drinks|service_staff,False,False,False,True,True,False
70123,NewOrleans,2013Q2,positive,0.8596,3,"Fast, friendly service. Very clean and orderly. Pretty good prices for what you get. It is a sandwich shop, after all. I'm not sure if this was an option, but I think my sandwich could have used some toasting...I will have to see if that'…",True,True,cleanliness_public_space,food_drinks|service_staff|price_value,False,False,True,True,True,True
70130,NewOrleans,2013Q2,positive,0.9432,5,"…hased an EDT or Carnaval for $30. EDPs, as usual, are much more expensive. Since the perfumes are noticeably stronger than department store fragrances, the EDT suited me just fine. The perfumes make for a great gift or a souvenir for you…",False,True,,price_value,False,False,False,False,False,True
70113,NewOrleans,2013Q4,positive,0.0644,1,"Friendly service and good drinks but avoid the food. Shrimp was over cooked, al pastor not tender, and overall bland.",False,True,,food_drinks|service_staff,False,False,False,True,True,False
70118,NewOrleans,2013Q4,positive,0.8824,5,…l neat place with a authentic neighborhood New Orleans vibe. The food is great!,True,True,surroundings_safety,food_drinks,False,True,False,True,False,False
70112,NewOrleans,2014Q1,positive,0.9575,5,"…was hard to get of it for check out time. The room was extremely clean as was the bathroom. The shower was like a religious experience as it had side shower heads. This place is really expensive, but if you can afford it, it's definitely…",True,True,cleanliness_public_space,price_value,False,False,True,False,False,True
70130,NewOrleans,2014Q4,positive,0.9826,5,"…ith the soft pork shreds on the inside with the subtle flavor of dirty rice. - Bourbon cocktails: they have a really good selection of bourbon and house made bitters. - Ciders: Great selection of ciders too. We ordered a Crispin pear cider,…",True,True,cleanliness_public_space,food_drinks,False,False,True,True,False,False
70115,NewOrleans,2014Q4,positive,0.9112,5,"I liked this place a lot!! Service was excellent and atmosphere was cool. Had the tuna ceviche appetizer as well as guacamole which were both tasty. They specialize in rums, so tried a flight of El Dorado rums. They were all awesome, just l…",False,True,,food_drinks|service_staff,False,False,False,True,True,False
70117,NewOrleans,2014Q1,positive,0.9954,5,"…y party was cold and hungry, and when we walked in the door, the staff were extremely welcoming and had us at a table right away. I ordered the garden quiche, which was almost perfect. I could've used a little less asparagus, but I adored t…",False,True,,service_staff,False,False,False,False,True,False
70127,NewOrleans,2014Q2,positive,0.978,5,I LOVE this place! Everything is delicious! Sometimes they don't have the first thing you order but that is because the insist on using only the freshest of ingredients. My fiancé adores the chile rellenos and orders them every single tim…,False,True,,food_drinks,False,False,False,True,False,False
70130,NewOrleans,2014Q3,positive,0.9861,3,"…y should be called a tongue teaser. Four butterflied shrimp to a dish. It was good but not extraordinary, because there's really nothing more to it other than butter, garlic, Parmesan, & shrimp. Carpaccio (14$). Delicious! Beautifully pre…",False,True,,food_drinks,False,False,False,True,False,False
70130,NewOrleans,2018Q2,positive,0.9285,5,…ur mouths was pure perfection and all at an amazingly reasonable price!,False,True,,price_value,False,False,False,False,False,True
70112,NewOrleans,2018Q2,positive,0.7876,4,"…epes were very good, and relative to other spots in New Orleans, prices are good, too.",False,True,,price_value,False,False,False,False,False,True
70112,NewOrleans,2018Q3,positive,0.9297,5,"…helorette trip and Broussard's was our favorite of the week! The food was delicious, we were happy to finally have a bottomless option to pair with our brunch, and the jazz band serenaded our bride with ""Going to the Chapel"" - highly recomm…",False,True,,food_drinks,False,False,False,True,False,False
70116,NewOrleans,2018Q3,positive,0.9968,5,"…ll start this review by saying, bless the hands that makes their food. Li'l Dizzy's is soo dang good. It is a family establishment which is so nice. You really feel the warmth of the establishment. Also, Dizzy is named after the owner's, W…",False,True,,food_drinks,False,False,False,True,False,False
19128,Philadelphia,2014Q2,positive,0.9492,5,"…ng to pick him up to make him go in; which is huge! The entire staff is very friendly and I always have peace of mind knowing my dog is there with them instead of being alone all day, at home. My dog is especially attached to Dana. He is…",False,True,,service_staff,False,False,False,False,True,False
19148,Philadelphia,2014Q1,positive,0.9105,5,…acity. Their single Male/Female bathroom is large and clean. Our waitress was friendly and helpful. The Sweet Pea Wonton we had was delicious. I am on a hot mission to try and find a similar or exact replica of this dish online so I could m…,True,True,cleanliness_public_space,food_drinks|service_staff,False,False,True,True,True,False
19103,Philadelphia,2014Q4,positive,0.9076,5,"Excellent food and service. We come here at least once a month and have never had a bad dish. It's very comfortable, but feels like a special occasion spot.",False,True,,food_drinks|service_staff,False,False,False,True,True,False
19107,Philadelphia,2014Q3,positive,0.9968,5,"…Sum might not be what you think of when you picture what comfort food looks like, to me, it is. Anytime I'm in need of a little solace in the form of food, Dim Sum Garden is where I go. I order the same thing every time I go, because, why…",False,True,,food_drinks,False,False,False,True,False,False
19102,Philadelphia,2016Q2,positive,0.9882,4,"…I enjoyed the Monk's Café as much for the atmosphere as for the food and beer. Very limited menu, so don't expect a huge amount. They do run specials from time to time, so make sure you ask the server, if you are eating. I would love to t…",False,True,,food_drinks|service_staff,False,False,False,True,True,False
19123,Philadelphia,2016Q4,positive,0.9882,4,…t go to rotation. The anitpasti and the meatball were absolutely delicious as well. Oh did I mention its BYOB?,False,True,,food_drinks,False,False,False,True,False,False
37221,Nashville,2016Q4,positive,0.7901,5,Food was spectacular and the service was good. Blackberry preserves and biscuits with gravy were amazing!,False,True,,food_drinks|service_staff,False,False,False,True,True,False
37214,Nashville,2016Q2,positive,0.9751,5,"…with a sample. OF coarse, or how else would you know how great a product is without having a test??? The products I have a little pricey but overall the service and sales/skin specialist are very knowledgeable and tell you what is best for…",False,True,,service_staff,False,False,False,False,True,False
37203,Nashville,2012Q3,negative,-0.3587,1,"…the food is decent (when they have it) albeit tiny portions and overpriced, but I've since sworn this place off and others in the area are doing the same. Not going back until there is a huge ""under new management"" sign in the window.",True,True,surroundings_safety,food_drinks|service_staff|price_value,False,True,False,True,True,True
37203,Nashville,2012Q4,negative,-0.6359,1,"…'s not much of a selection at all. The beer that they do have is expensive too. This review is based on my arriving at 8 pm for dinner and drinks. The live performers were good, when they did get started. They spent 20-30 minutes warming…",False,True,,food_drinks|price_value,False,False,False,True,False,True
70130,NewOrleans,2016Q4,positive,0.9933,5,"…ng you notice is all the great art everywhere . then we met our server , david ...... he was really the best part of the whole trip . he was SUPER entertaining ! the place was packed and everyone was laughing and joking between tables .. w…",False,True,,service_staff,False,False,False,False,True,False
70116,NewOrleans,2016Q2,positive,0.9466,3,…kend. We started waiting in line at around 8 and got sat at 830. Service was good and relatively fast.,False,True,,service_staff,False,False,False,False,True,False
70113,NewOrleans,2016Q2,positive,0.9893,5,"…tentious than Martin's or Swirl. The selection is wonderful, the prices are competitive, and the staff feel like old friends. Even though it's further away from me, from now on I will make Brady's my wine shopping spot.",False,True,,food_drinks|service_staff|price_value,False,False,False,True,True,True
70121,NewOrleans,2016Q4,positive,0.2139,3,…ttttt the houses are very intricate and well put together. Food prices seemed reasonable.,False,True,,food_drinks|price_value,False,False,False,True,False,True
70115,NewOrleans,2016Q4,positive,0.983,5,"…thiest it's ever been thanks to Mandy, her custom treatments and product routine advice! She is kind and extremely knowledgeable on skin care. The spa is welcoming, super cute and clean. Highly recommend if you are looking to give your mind…",True,False,cleanliness_public_space,,False,False,True,False,False,False
70116,NewOrleans,2016Q2,positive,0.9749,3,…rty but they got us in pretty quickly - took our orders and both food and drink came out fast - food was pretty touristy but I appreciate how fast it came out for a busy restaurant - if you need some quick food that won't kill you come on i…,False,True,,food_drinks,False,False,False,True,False,False
33759,TampaBay,2016Q1,positive,0.8871,5,"…e this place... I never order from the menu, but instead ask the waiter to surprise us... Every meal is a fantastic discovery of flavors!",False,True,,food_drinks|service_staff,False,False,False,True,True,False
33607,TampaBay,2016Q3,positive,0.9531,5,…delicious. This has to be one of the best restaurants in Tampa. Waitress Maria is cool.,False,True,,food_drinks|service_staff,False,False,False,True,True,False
85741,Tucson,2014Q4,positive,0.795,1,"…if we wanted to sit at a high top table we could. They were all filthy. We cleared off the paper and table cloth for the waiter/bartender and waited. A man came over and grabbed the stuff. I smiled and told him thank you, he ignored me.…",True,True,cleanliness_public_space,service_staff,False,False,True,False,True,False
85712,Tucson,2014Q2,positive,0.9923,5,"…heir calzones and you won't be disappointed. The place is always clean and the consistency is unbelievable, I have gone their dozens of times and have never had anything short of delicious no matter what I buy. They have some t.v.s around t…",True,True,cleanliness_public_space,food_drinks,False,False,True,True,False,False
85757,Tucson,2014Q3,positive,0.8697,3,Decent food and prices for a casino restaurant. Service is sometimes a little slow but not horrible. Serving size is excellent if your the hungry type.,False,True,,food_drinks|service_staff|price_value,False,False,False,True,True,True
85745,Tucson,2014Q2,positive,0.898,5,"…ot kept awake at night from college parties, and my apartment is affordable. The apartments are old in general and are bound to have various minor issues, but the staff jumps to help fix any problems. The best place I've lived in Tucson dur…",False,True,,service_staff|price_value,False,False,False,False,True,True
19136,Philadelphia,2016Q3,positive,0.3182,5,I go nowhere else. Service is outstanding. You get the personalized attention you remember for your pharmacy. Jason takes his time to answer all your questions and will go out of his way to handle any problems with your medication. I driv…,False,True,,service_staff,False,False,False,False,True,False
19153,Philadelphia,2016Q4,positive,0.5175,2,"…ding my early flight like other Hilton owned hotels. I found the staff pretty rude and stiff and due to how they acted, likely will chose another hotel to stay in instead the next time i am in the area.",True,True,surroundings_safety,service_staff,False,True,False,False,True,False
37204,Nashville,2014Q4,positive,0.9869,2,"…-alcoholic drink, I'm going to expect amazing food and top notch service. Service was.... attentive when we did not need it and completely absent when we did need it. We waited a while to get our food and then waited even longer to get ou…",False,True,,food_drinks|service_staff,False,False,False,True,True,False
37209,Nashville,2014Q2,positive,0.9901,5,"…good, even as you indulge with yummy food and good times. The service was wonderful, the food delicious (see my photos), and the space was bright and comfortable. I cannot think of how the experience could have been better. I'm looking f…",False,True,,food_drinks|service_staff,False,False,False,True,True,False
37210,Nashville,2014Q2,positive,0.9445,5,"Hot and delicious! Gas station isn't generally appealing, but this little gem shines brightly inside the Lebanon Rd Shell station. Went for lunch last week and Katie hooked me up with one of the best burgers I've had in ages. I will definit…",False,True,,food_drinks,False,False,False,True,False,False
37208,Nashville,2014Q1,positive,0.6629,5,"…th another group. I don't mind family style, but out of personal taste I prefer to have my own group only at my table. It made conversation hard to have to share.",False,True,,food_drinks,False,False,False,True,False,False
33701,TampaBay,2018Q1,negative,-0.7096,1,"…/brunch and when we tried to order from the children's menu, the waiter said the new sous chef would only do the children's menu at night. There was another family sitting next to us and they had the same issue. The waiter was nice and ex…",False,True,,food_drinks|service_staff,False,False,False,True,True,False
33759,TampaBay,2018Q3,negative,-0.7251,1,"…wife, our 2 boys and myself got there about 4:15 finally saw our waitress about 4:30 ordered drinks and an appetizer she came back about 4:45 to take our order for our food then 5:10 came around no food, no waitress, nothing I went and foun…",False,True,,food_drinks|service_staff,False,False,False,True,True,False
70112,NewOrleans,2018Q2,positive,0.7371,5,"…e wanted to do. About 1/2 mike to Bourbon Street. Had to pay for parking, but better than having to pay for parking just anywhere and having to move. $30/ day at parking garage, not bad.",True,False,access_transit|surroundings_safety,,True,True,False,False,False,False
70119,NewOrleans,2018Q1,positive,0.9905,5,"…always so accommodating and friendly. Wonderful atmosphere, easy parking on the street or you can valet, if you wish, & during the week they have a superb piano player!",True,True,access_transit|surroundings_safety,service_staff,True,True,False,False,True,False
70130,NewOrleans,2015Q3,positive,0.9909,2,"…rying new places and coming back if it was both a great food and service experience. Our waiter was not very talkative, he just took the order and brought the food. That is totally fine with me. But when we put our napkins down, and sat for…",False,True,,food_drinks|service_staff,False,False,False,True,True,False
70195,NewOrleans,2015Q4,positive,0.9619,5,"…which was cooked perfectly and also so delicious. Jasper was our server, ask for him! He is above and beyond and made the experience all the better. And of course do not leave there without having the bananas foster for dessert....seriously…",False,True,,food_drinks|service_staff,False,False,False,True,True,False
70130,NewOrleans,2015Q3,positive,0.9679,2,Pretty disappointed. Food was as good as anywhere half the price. Duck spring rolls were alright. Bacon wrapped shrimp was tough. Oysters were deep fried to the point you wouldn't know there was an oyster under there. Asked for medium rare…,False,True,,food_drinks|price_value,False,False,False,True,False,True
70130,NewOrleans,2015Q3,positive,0.9217,2,"…was beautiful, the server was great and the wine we ordered was delicious. The food, however, was just average which was surprising. The gumbo was below average, the shrimp and grits were just ok and the dessert was unmemorable. All in all…",False,True,,food_drinks|service_staff,False,False,False,True,True,False
85701,Tucson,2012Q4,positive,0.9524,4,"…eral home turned pizza brewpub. It was an excellent choice. Good service, excellent food. The speck and egg pizza was the first time outside Italy I have seen an egg on a pizza. I'm sure someone else does one, I just haven't run into it. It…",False,True,,food_drinks|service_staff,False,False,False,True,True,False
85706,Tucson,2012Q1,positive,0.6124,3,"…wasn't really expecting much. It's actually surprisingly decent. Service was fast, we got our food quickly. I had the Italia, mozzarella panini with basil and tomatoes. My friend had the special, homemade lasagna. Open Saturday and Sunday.",False,True,,food_drinks|service_staff,False,False,False,True,True,False
33606,TampaBay,2017Q2,positive,0.9184,5,"…election. One star off for cold hostess and 5 stars for our lead server, Trebor.",False,True,,service_staff,False,False,False,False,True,False
33767,TampaBay,2017Q2,positive,0.848,1,"…ronment, over priced burgers, homemade house chips (aka crumbs), servers that dont pay attention, and a lot of tvs, this is the place for you. Otherwise skip this joint...because that is the only thing that could make it worthwhile.",False,True,,service_staff,False,False,False,False,True,False
33781,TampaBay,2017Q2,positive,0.9358,5,Service was great and the food was better! The specials were amazing and the whole family had an enjoyable evening!,False,True,,food_drinks|service_staff,False,False,False,True,True,False
33602,TampaBay,2017Q4,positive,0.9689,1,…ks (full price- bc we didn't care for what was on the happy hour menu) and went outside to sit and eat. We sat for over 30 minutes without anyone approaching us to serve us or even check to see that we were good. We fully intended to eat a…,False,True,,food_drinks|price_value,False,False,False,True,False,True
33605,TampaBay,2013Q4,negative,-0.6249,1,Worst pizza and service I've had in Ybor.,False,True,,food_drinks|service_staff,False,False,False,True,True,False
33611,TampaBay,2013Q3,negative,-0.3284,1,"…r first time coming here and we are less than impressed with the service. We seated ourselves and waited for what seemed like forever for the one waitress to take our order. She never did. As we were waiting, 3 more people came in and sat d…",False,True,,service_staff,False,False,False,False,True,False
33706,TampaBay,2013Q4,negative,-0.5562,2,"Food - Blech!!! Never again. Pictures, however, were priceless. We all ordered one - was the highlight of our evening considering both food and drink blew and let's not even go into what we paid for the flim-flam on our plates. So disappoin…",False,True,,food_drinks,False,False,False,True,False,False
33701,TampaBay,2013Q3,negative,-0.3226,1,"…up, the owner was just starting to ice the frozen cupcakes. The flavor was fine but we had several cupcakes with large pieces of eggshell in them. I can understand that you might get small pieces of shell during the process, but these pie…",False,True,,food_drinks,False,False,False,True,False,False
19107,Philadelphia,2017Q1,positive,0.8858,5,"…hing. I purchased a coat for my husband and received outstanding customer service from Ira. I am a frequent shopper at this Macy's, and usually receive good service, but never received such professional, knowledgeable service as I received…",False,True,,service_staff,False,False,False,False,True,False
19103,Philadelphia,2017Q3,positive,0.9923,5,"…nt here for lunch with a friend. Cozy little place with friendly staff and tasty vegan interpretations of Latin food We had: Watermelon and jicama salad (3/5) - a very pretty dish but ultimately the watermelon was not very ripe, the jicama…",False,True,,food_drinks|service_staff,False,False,False,True,True,False
19104,Philadelphia,2017Q4,positive,0.9882,5,"Delicious!! Fresh and super flavorful, make sure you grab something from this truck if you happen to see it! The staff who run the truck are super friendly and fun! Price is very inexpensive, about $5 for one byrek, and $9 for two...plus…",False,True,,food_drinks|service_staff|price_value,False,False,False,True,True,True
19147,Philadelphia,2017Q2,positive,0.9013,4,"…to restaurant tonight. I had dinner here about 2 months ago. The food is consistently delicious. I tried the vegetarian quesadillas and guacamole & chips this time and was not disappointed. I had the Blue Corn pastor tacos, nopales salad, a…",False,True,,food_drinks,False,False,False,True,False,False
37209,Nashville,2016Q1,positive,0.9569,5,"Great service and great beer selection! Amazing prices on fresh breakfast, gas, oil change and a fresh growler for tonight!!!",False,True,,food_drinks|service_staff|price_value,False,False,False,True,True,True
37206,Nashville,2016Q4,positive,0.9952,5,"…al theme. On top of it all, and perhaps most notably of all, the service is phenomenal. There is this chill, friendly, neighborly small business service that makes for an all-around fantastic experience. I can usually find a place with good…",False,True,,service_staff,False,False,False,False,True,False
19107,Philadelphia,2012Q4,positive,0.9759,4,"…licious happy hour bites, well made cocktails, and adorably nice staff. Favorites include the shrimp & lobster dumplings served in miso broth and the juicy kobe slider. Ask to sit at the chef's bar -- it's super neat to watch the food prep.…",False,True,,food_drinks|service_staff,False,False,False,True,True,False
19148,Philadelphia,2012Q1,positive,0.6171,1,"…write another bad review. The high point of the evening was the service, which was pleasant and attentive. It was packed but we were seated promptly and the food came out quickly. Unfortunately, the food was aggressively mediocre. Fine…",False,True,,food_drinks|service_staff,False,False,False,True,True,False
19107,Philadelphia,2012Q1,positive,0.9935,3,"…ear anniversary. We were told BYO and that it was a three course meal. It cost us $175 but we figured we are learning how to cook, we are going to cook and enjoy a meal. Anna and her assistant were really nice, I really liked her but thing…",False,True,,food_drinks|price_value,False,False,False,True,False,True
19154,Philadelphia,2012Q2,positive,0.8922,2,"…on a Saturday night. First we ate then went to the arcade. The food was horrible, and the games can use some improvements, but we made the best of it and had fun.",False,True,,food_drinks,False,False,False,True,False,False
37207,Nashville,2018Q3,positive,0.6075,5,"…over 10 years without incident. The individuals who pick up the trash are always helpful, friendly and go above and beyond when I need extra help. They have come into my garage and remove items too large for me to bring to the curb. I read…",True,True,access_transit|cleanliness_public_space,service_staff,True,False,True,False,True,False
37211,Nashville,2018Q2,positive,0.9671,4,"…it's supposed to be good for a body. This version of the tea was clean and crisp w/light, pleasant sweetening (as requested). Menu indicates free refills, but one glass is plenty. The Sesame Cole Slaw is fairly sublime--gentle sesame flavo…",True,True,cleanliness_public_space,food_drinks,False,False,True,True,False,False
37214,Nashville,2018Q4,positive,0.2633,2,"Pretty disappointing. Service was not great, food was not good, family of three were there 2 hours and left hungry because we couldn't eat the food. The atmosphere was fun and the thunder storm was exciting but that is all this place has go…",False,True,,food_drinks|service_staff,False,False,False,True,True,False
37203,Nashville,2018Q4,positive,0.9711,4,The shrimp and grits was excellent! Flavorful and delicious. It was a nice treat to come during a Wednesday evening with live music (no cover). The restaurant is pretty big. It's close to the Music Hall and the JW Marriott where I was stayi…,False,True,,food_drinks,False,False,False,True,False,False
85712,Tucson,2014Q4,negative,-0.9237,1,"…now who he was yet, so when he was no longer at this office, the staff scheduled me with another doctor there. When he saw me, he had no idea what was wrong with me. He recommended a treatment and actually said, ""I don't know why it works b…",False,True,,service_staff,False,False,False,False,True,False
85750,Tucson,2014Q1,negative,-0.9013,2,…amiliar with any of the amenities upon the odd check-in. - Room service was mediocre but fast. - Hair on the bathroom floor. Dead bugs on the carpet.,False,True,,service_staff|price_value,False,False,False,False,True,True
70130,NewOrleans,2017Q3,positive,0.9175,1,"DO NOT GO! This owner treats his employees like shit in front of the customers!! First off, the workers here are AMAZING. Absolutely wonderful. They are everything you would want in an employee. Hard-working, polite, and busting their ass…",False,True,,service_staff,False,False,False,False,True,False
70116,NewOrleans,2017Q4,positive,0.9819,5,"…o be eating it for the rest of the day I'm sure. Kenneth was our waiter and he really made the experience so much more enjoyable with his sunny attitude and great jokes. We leave tomorrow, but I may need to pop back in if I have time and tr…",False,True,,service_staff,False,False,False,False,True,False
37201,Nashville,2014Q3,positive,0.9818,5,"…ly nice, the rooms were gorgeous and everything had that squeaky-clean feeling that you want in a hotel. We loved that Broadway and our favorite bars / restaurants were a short walk away from us, and the breakfast included in our stay was b…",True,False,access_transit|cleanliness_public_space,,True,False,True,False,False,False
37203,Nashville,2014Q1,positive,0.9706,2,…ing lot and then the tenant told me to just park in front of the trash can so I did. (of course then two spots opened up.) If you know it's going to be busy then I recommend snagging a reservation - we didn't thinking we didn't need one si…,True,False,cleanliness_public_space,,False,False,True,False,False,False
37219,Nashville,2014Q1,positive,0.9987,4,…ery good on my visit; the staff was friendly and polite. Ticket prices are reasonable and can be a real value depending on who is performing though there is very short notice on a lot of the performers. Live music is a major part of the N…,False,True,,service_staff|price_value,False,False,False,False,True,True
37204,Nashville,2014Q3,positive,0.9441,5,"…designer items, nicer than a thrift store choice for sure. The prices are higher, but for the brands and selection I think it makes perfect sense. Really enjoyed my visit.",False,True,,price_value,False,False,False,False,False,True
33767,TampaBay,2013Q3,positive,0.9583,4,"…suite had two balconies looking on to the ocean. There were two restrooms, a living room, and a kitchenette. It was very spacious and perfect for the bachelorette party we were hosting.",False,False,,,False,False,False,False,False,False
33702,TampaBay,2013Q3,positive,0.9899,3,"…anage this better. Everyone was very friendly, service was good, clean restaurant, and FABULOUSLY FRESH donuts! So once I bit into my donut I have to admit I forgot how long it took to get my order in hand. It was SO good!!",True,True,cleanliness_public_space,service_staff,False,False,True,False,True,False
33604,TampaBay,2013Q2,positive,0.9845,4,"…me ""Sweetie"". Love places like this but have to expect that the food will be mediocre but served in large portions for more or less than $10 bucks. My server was attentive and made my experience pleasurable enough for a repeat visit the fo…",False,True,,food_drinks|service_staff,False,False,False,True,True,False
33765,TampaBay,2013Q2,positive,0.9665,4,"…was cooked perfectly, and my wife had the fried shrimp. Overall food was very good, and the service was excellent. Our server, Devyn, clearly knew the menu and was able to answer any question we had and was accomodating to any special req…",False,True,,food_drinks|service_staff,False,False,False,True,True,False
33611,TampaBay,2018Q4,positive,0.8805,5,"…and a combo. Must try the Baked Hummus app, Friendly, helpful servers, too!",False,True,,service_staff,False,False,False,False,True,False
33606,TampaBay,2018Q4,positive,0.988,4,"…atmosphere and certainly a hidden gem! Enjoyed the music, great service and food. Food portions were a little smaller than we would have liked only because we were starving tonight. Our waiter was sweet but she was in training and has only…",False,True,,food_drinks|service_staff,False,False,False,True,True,False
33602,TampaBay,2018Q4,positive,0.908,5,"Cool bar and food dining arears. Best sets are Floor, it's easy accessible and quick exists. The bathrooms are clean!",True,True,access_transit|cleanliness_public_space,food_drinks,True,False,True,True,False,False
33701,TampaBay,2018Q1,positive,0.9972,5,"…the salon is clean and well -decorated, and they have great hair products. The services are a little pricey, but you're getting five-star treatment. Therefore it's totally worth it. Every stylist that I've seen/watched does a fabulous job o…",True,True,cleanliness_public_space,price_value,False,False,True,False,False,True
33637,TampaBay,2017Q1,positive,0.9808,5,"…lace is also a grocery store but I don't go here for that. Their prices are awesome. For 2 large cafe con leches and the sandwich it's less than $10. $9.61 for a filling, delicious breakfast for 2 people? Hell yes. But even if I had to pay…",False,True,,food_drinks|price_value,False,False,False,True,False,True
33612,TampaBay,2017Q2,positive,0.9912,5,"…y, flavor, service, variety, friendliness, cleanliness, and even pricing. For anyone looking for the real deal as so many people always ask me where to eat in Tampa for the best Chinese food, start here for Sichuan cuisine You may need…",True,True,cleanliness_public_space,food_drinks|service_staff|price_value,False,False,True,True,True,True
70116,NewOrleans,2013Q1,positive,0.9751,5,"…d non alcoholic beverages, along with yogurts, fruits, snacks. Parking is FREE!! Finally, the customer service is wonderful: I am clearly a 'visitor'...I had the nicest man carry my bag for me just because.",True,True,access_transit,service_staff,True,False,False,False,True,False
70130,NewOrleans,2013Q3,positive,0.9446,3,"…t night, and I didn't like the fact that my room view was of the parking lot. With that being said I enjoyed my stay overall.",True,False,access_transit,,True,False,False,False,False,False
37204,Nashville,2012Q3,positive,0.9926,4,"…eer whilst you wait. Not a place for those in a hurry. My fave neighborhood hangout on a pretty night---and the front porch heaters are nice and toasty in the winter. Great pesto, smoked chicken is a delight, fresh fish ceviche for a cle…",True,True,surroundings_safety,food_drinks,False,True,False,True,False,False
37206,Nashville,2012Q2,positive,0.8777,5,"3 Crow is the perfect neighborhood bar. Friendly staff, cheap drinks and really good food.",True,True,surroundings_safety,food_drinks|service_staff|price_value,False,True,False,True,True,True
70118,NewOrleans,2018Q1,positive,0.9642,5,…ch OJ and not enough champagne ). The food was delicious and the service was great. I'll certainly be back again!,False,True,,food_drinks|service_staff,False,False,False,True,True,False
70130,NewOrleans,2018Q4,positive,0.8881,5,"…eller Oysters and the seafood platter with a salad. Romy was our waitress, she was awesome! See you soon. Thanks Charles and Tee",False,True,,food_drinks|service_staff,False,False,False,True,True,False
37201,Nashville,2018Q2,positive,0.0877,3,"…were here. The bar is about average, drink selection is good and prices are average for the downtown area. Food selection was again about average for downtown. We had the fried pickles and they were good. Worst part about this bar is the ba…",True,True,surroundings_safety,food_drinks|price_value,False,True,False,True,False,True
37203,Nashville,2018Q4,positive,0.9432,1,"…on the gravy. $40 for 2 plates and a dessert is a little on the expensive side to me, but that's what happens when a place gets hyped like this one. Good atmosphere, nice staff, and fast service once you're in the door, but definitely ove…",False,True,,service_staff|price_value,False,False,False,False,True,True
85710,Tucson,2015Q3,positive,0.9493,2,"First, I want to start by saying that the customer service was great. We were seated right away despite it being Sunday brunch time. Our waitress, Crystal, was super nice. BUT, the food quality was sub par. I had the Simple & Fit Vegetabl…",False,True,,food_drinks|service_staff,False,False,False,True,True,False
85741,Tucson,2015Q3,positive,0.417,4,…up a couple body lotions for less than $4 can't beat that deal! Employees were very nice and checkout was quick!,False,True,,service_staff|price_value,False,False,False,False,True,True
85710,Tucson,2015Q3,positive,0.9955,5,…o the time to ask extra questions about how my fiancé wanted his food which really made us feel even more welcomed. Seriously it was all so delicious! We ended our meal with some fried ice cream. The serving was so big it could have easil…,False,True,,food_drinks,False,False,False,True,False,False
85706,Tucson,2015Q3,positive,0.9986,5,"…vorite place to eat and drink after work. Let's start with the food. There's a lot of back-and-forth about the best burger in Tucson, but I think Amigo's has it. Their burgers are top notch. The meat itself is nicely seasoned and juicy, a…",False,True,,food_drinks,False,False,False,True,False,False
19147,Philadelphia,2014Q2,negative,-0.8176,1,Service sucks. Awful place. Don't ever go here. My waitress was rude also.,False,True,,service_staff,False,False,False,False,True,False
19106,Philadelphia,2014Q2,negative,-0.9285,1,"…ght on a sofa bed as if we were in college was far too much. The staff said there was nothing else they could do. I had to ASK for them to comp us for an additional nights stay at a later date, to which they complied. I had to ASK for them…",False,True,,service_staff,False,False,False,False,True,False
19104,Philadelphia,2014Q4,negative,-0.25,3,"4.5 stars for Tonkotsu chashu ramen and 3.5 stars for other food. They should really work on the smell of the restaurant. Probably because of the open kitchen and bad ventilation, I smelled like tempura all over every time after eating ther…",False,True,,food_drinks,False,False,False,True,False,False
19107,Philadelphia,2014Q3,negative,-0.7506,1,Worst fro yo bar I've been to. The flavor selection is minimal and toppings are boring. They have plenty of other options on their menu. I would never go back for fro yo.,False,True,,food_drinks,False,False,False,True,False,False
33605,TampaBay,2015Q4,positive,0.8698,5,"Wonderful evening of great food, service and dessert! My boys said the bread pudding was the best ever! We loved the history and olde world Spanish decor. Our first visit, as we just moved to Tampa, but now a place we plan on taking guests…",False,True,,food_drinks|service_staff,False,False,False,True,True,False
33604,TampaBay,2015Q1,positive,0.9264,5,"This place is great! Atmosphere, food, and service are outstanding. I am a Seminole Heights resident and I'm so happy to have this local business within blocks from my house!",False,True,,food_drinks|service_staff,False,False,False,True,True,False
85706,Tucson,2013Q4,positive,0.9371,3,"…more of a lame plate of nachos. Oh well, to each their own. Good value for lunch here!",False,True,,price_value,False,False,False,False,False,True
85714,Tucson,2013Q1,positive,0.807,4,"Hidden gem!. Great food, even better prices.",False,True,,food_drinks|price_value,False,False,False,True,False,True
85716,Tucson,2013Q2,positive,0.9521,5,very very Delicious i had the jerk burger and the tacos also the jerk chicken it is all amazingly Delicious! and the service is great oh and I cant forget the coleslaw is so good . I highly recommend,False,True,,food_drinks|service_staff,False,False,False,True,True,False
85701,Tucson,2013Q1,positive,0.9606,5,Food was excellent! Very tasty and magnificant presentation. They have a different menu for lunch and dinner everyday so you don't know what will be served until you get there. The ambiance is beautiful and the service was excellent. I wo…,False,True,,food_drinks|service_staff,False,False,False,True,True,False
19102,Philadelphia,2014Q1,positive,0.986,3,"…n't ours. I know it's a chain and all, but not too bad for the price. I think this place is better for dessert than the food. I highly recommend their bonbons for gifts or a cute gift for a loved one. Very decadent!",False,True,,food_drinks|price_value,False,False,False,True,False,True
19106,Philadelphia,2014Q1,positive,0.9908,4,…r Center. You don't need a ticket and there isn't any admission price. The line may look long- but it moves rather quickly. Security check point as soon as you get in the building.* Before you get to the Bell there's plenty of histor…,False,True,,price_value,False,False,False,False,False,True
33767,TampaBay,2015Q3,positive,0.9699,4,"…nd they offer a free continental breakfast. The rooms are large, clean and the bathroom is spacious as well. You can request connecting rooms. The views from either side are nice. Either the boats in the marina or the gulf. You can watch th…",True,False,cleanliness_public_space,,False,False,True,False,False,False
33609,TampaBay,2015Q2,positive,0.9931,4,"…there are salads, hot dogs, and soups. Service = 10 Food = 8 Cleanliness = 10 Seating = 10 Vibe = 10 Overall 9!! Outstanding ! Definitely recommend.",True,True,cleanliness_public_space,food_drinks|service_staff,False,False,True,True,True,False
33605,TampaBay,2015Q1,positive,0.9408,4,"…ers were delicious. The reason for four stars is because of the price... I understand craft beer is more expensive but after about 2 1/2 hours our tab was $85 for three of us... I'll be back, but with those prices, prob not very son...",False,True,,food_drinks|price_value,False,False,False,True,False,True
33611,TampaBay,2015Q1,positive,0.6956,3,Spa Jardin is nice but expensive in South Tampa. Melt Out for walkin pedicures is good concept for busy schedules.,False,True,,price_value,False,False,False,False,False,True
33629,TampaBay,2015Q1,positive,0.8934,5,"Great place, great food. Not much parking - figure on the street somewhere. Always busy. Would recommend.",True,True,access_transit|surroundings_safety,food_drinks,True,True,False,True,False,False
33613,TampaBay,2015Q3,positive,0.9454,5,"The food was great and the $1 sake shots were pretty good too. Go for happy hour, you won't regret it.",False,True,,food_drinks,False,False,False,True,False,False
19148,Philadelphia,2015Q4,positive,0.4738,1,"…and he then claimed he could not come because there would be no parking. I went out side and told him I was holding a spot and he should make a pass of the street and see for him self. No trucks drove by, and after 30 minutes later I got…",True,False,access_transit|surroundings_safety,,True,True,False,False,False,False
19106,Philadelphia,2015Q3,positive,0.9488,4,"Stayed for my friend b-day celebration in Philly, the parking is 30$ a night so since we only stayed one night on a Saturday we parked on the street since its free on Sunday. The hotel is very nice, clean kind of ""upscale."" It's pricey so…",True,False,access_transit|surroundings_safety|cleanliness_public_space,,True,True,True,False,False,False
85710,Tucson,2017Q3,positive,0.9949,5,…ze has got me through two bikini fitness competitions. I've seen staff come and go. The walls have changed color. Different personal trainers now work here. But the positives have continued to stay the same. Here are my top 5 favorite thin…,False,True,,service_staff,False,False,False,False,True,False
85701,Tucson,2017Q3,positive,0.9487,5,…not a long wait. u get free chips plus really good salsas. good service so all in all 5 stars..,False,True,,service_staff,False,False,False,False,True,False
85719,Tucson,2017Q4,positive,0.9906,5,"…he Christmas holidays. It's been a few years since I last had a meal in the restaurant. The gift shop is delightful. There's gifts for all ages. There's a beautiful porch to enjoy breakfast or lunch, look out to the manicured landscaping a…",True,True,cleanliness_public_space,food_drinks,False,False,True,True,False,False
85750,Tucson,2017Q1,positive,0.3247,2,"…different people came and checked on us and got us started with food and drinks. The drinks were good, and my husband's grilled cheese was good, but I ordered the special, a fresh veggie pasta, which was terrible: bland and mushy. Then our…",False,True,,food_drinks,False,False,False,True,False,False
37209,Nashville,2013Q1,positive,0.998,5,…ey have a nice selection of different styles and a wide range of prices. The staff is the nicest around. Make this your first stop and you won't need to go anywhere else.,False,True,,service_staff|price_value,False,False,False,False,True,True
37215,Nashville,2013Q4,positive,0.9623,5,"…needs. It blows the competition out of the water with its lower prices. They have most anything for every occasion, and a balloon to match. The helpful and friendly staff is a welcome change from the chain party stores around town. The qua…",False,True,,service_staff|price_value,False,False,False,False,True,True
33785,TampaBay,2016Q2,positive,0.7346,2,"…ere. I had the grouper with vegetables and roasted potatoes. The food was quite good. Service however was lacking. Over 5 minutes after seated before greeted by server. Drink order was slow. Actually, everything was slow, even getting the c…",False,True,,food_drinks|service_staff,False,False,False,True,True,False
33763,TampaBay,2016Q3,positive,0.9731,5,"What an improvement from the Brown Boxer! Food is great and creative. Football Sundays are fun! Management nice and very accommodating! Our server was fun and efficient ! Will be back! Today , in fact! Go Giants!",False,True,,food_drinks|service_staff,False,False,False,True,True,False
37215,Nashville,2015Q3,negative,-0.6087,1,"…of the most disappointing dining experiences I have ever had. Food: Worst Chinese food ever :( I ordered General Tso's chicken with white meat, and they gave us a full plate of greasy dough pieces with a heap of sauce all over it. The fr…",False,True,,food_drinks,False,False,False,True,False,False
37214,Nashville,2015Q4,negative,-0.5848,2,…or a family dinner and it was terrible. The trout was bland - no taste! The rosemary roasted chicken was two over cooked breast in some kind of tasteless gravy. Limited menu with only a few choices. Only the desert was edible. It also took…,False,True,,food_drinks,False,False,False,True,False,False
33607,TampaBay,2014Q4,positive,0.9864,4,…e drinks they were alright nothing spectacular the food is great service was great we were there for a birthday and they really made it special including the front page of the menu which was A happy birthday page. Also included a free birth…,False,True,,food_drinks|service_staff,False,False,False,True,True,False
33767,TampaBay,2014Q4,positive,0.9858,5,"…e best part was Jimmy's. Pittsburgh Jason at the bar provided A+ service and the live music every night was excellent. Great food at a good price. Highly recommend the Clam Chowder. Already looking forward to our next visit, and we defini…",False,True,,food_drinks|service_staff|price_value,False,False,False,True,True,True
33617,TampaBay,2014Q3,positive,0.9868,4,"…he injera (bread) ultimately seemed more sanitary than sharing a dish using a knife and fork. And it was fun! The spices were well-balanced, and I actually loved the cabbage dish. The nicest touch was the birthday surprise they brought out…",False,True,,food_drinks,False,False,False,True,False,False
33607,TampaBay,2014Q2,positive,0.7269,3,"…nothing is exceptional, but if you are looking for a cheap cuban food fix, this will do the trick. I ordered grilled chicken with black beans and yellow rice. Each item came out in it's own dish: a large plate for a full chicken breast, a p…",False,True,,food_drinks|price_value,False,False,False,True,False,True
19107,Philadelphia,2017Q2,negative,-0.8805,1,"…d inappropriate, which must be the norm because we had the worst service from our server too. I've never experienced a server that made me feel like I was bothering them because we wanted to order food and drink . Very disappointed. Food ca…",False,True,,food_drinks|service_staff,False,False,False,True,True,False
19125,Philadelphia,2017Q4,negative,-0.4826,1,…ke it even edible. The fries were ok but way over priced! The service was terrible with the young lady taking my order was yelling and throwing things at her coworker while I'm in front of her. After the sandwich was made it was given…,False,True,,food_drinks|service_staff,False,False,False,True,True,False
19153,Philadelphia,2017Q3,negative,-0.2163,1,"…d got a $10 Caesar salad and it was very basic. Very high priced food here. $9 for a cup of soup. The beer tasted like they haven't clean the tap lines in so long. That taste of stale beer. The waitress never asked us how everything was, so…",True,True,cleanliness_public_space,food_drinks|service_staff,False,False,True,True,True,False
19152,Philadelphia,2017Q3,negative,-0.3378,2,…oon as possible but my wife insisted so we stayed and everything taste like it was cooked with pork and not good pork.,False,True,,food_drinks,False,False,False,True,False,False
85748,Tucson,2017Q1,positive,0.9428,5,"…. Very nicely decorated, great service and good food. Reasonable prices also.",False,True,,food_drinks|service_staff|price_value,False,False,False,True,True,True
85718,Tucson,2017Q3,positive,0.9908,3,"…lish muffin). Overall, a nice atmosphere, good drinks and fair prices, but a few shortcomings that need resolved. I'd been here in the past for wine and snacks. I think in the future, I'll stick to that. 3.5 stars.",False,True,,food_drinks|price_value,False,False,False,True,False,True
33764,TampaBay,2016Q2,positive,0.9382,5,…oducts. Chris went out of his way to located it for me at a good price.These people care about the customer. Thank you for the Great customer service. You made my day...,False,True,,service_staff|price_value,False,False,False,False,True,True
33605,TampaBay,2016Q2,positive,0.8999,3,…d gave us plenty of time to finish our drinks. Plus they had 1/2 price wells so no complaints on price. Looking forward to checking it out again.,False,True,,food_drinks|price_value,False,False,False,True,False,True
85704,Tucson,2016Q1,negative,-0.3513,1,…three rooms for 12 nights as we are working at the gem show. My employees room was robbed by house keeping. The staff was not very helpful or caring and the manager Lucas has yet to get back to me about a refund for our stay. We checked…,False,True,,service_staff,False,False,False,False,True,False
85741,Tucson,2016Q3,negative,-0.5048,3,The bagels are super good but the service is awful. The employees don't seem like they want to help you. The short girl with the long black hair is rude.,False,True,,service_staff,False,False,False,False,True,False
85704,Tucson,2016Q2,positive,0.9931,5,"…e interior of the Indian Bistro is very beautiful and clean! The menu (both tablet and hardcopy) contained lots of variety (along with pictures). Although the dishes are on the pricier side, it's worth it in my opinion. What stood out the…",True,True,cleanliness_public_space,food_drinks|price_value,False,False,True,True,False,True
85712,Tucson,2016Q3,positive,0.8674,3,…rom my Lox European style sandwich. The Lox was too salty for my taste and I would have like more cream cheese in my sandwich than what was given. My husband had the Gyro and he said it was alright. So overall it was just ok not a place I…,False,True,,food_drinks,False,False,False,True,False,False
85705,Tucson,2015Q4,negative,-0.9417,1,…se people are the absolute worst when it comes to anything. The service department employees must be trained in how to upset a customer to the best of their ability. They will try to get you for every penny you have even if a problem does…,False,True,,service_staff,False,False,False,False,True,False
85706,Tucson,2015Q3,negative,-0.7588,1,…n at a lot of Denny's locations and this one is the worst ever! Server was rude. I actually had to hunt her down to get more iced tea and when she brought our food (after 30 minutes) she basically dropped my plate on the table since I had…,False,True,,food_drinks|service_staff,False,False,False,True,True,False
85719,Tucson,2015Q4,negative,-0.1882,2,"…s the entire group behind me who ordered after me received their food, and finally received my pizza. Got home, since I ordered it to go, looked at it, and the olives were gone! My only guess is that they jumped off the pizza in the oven.…",False,True,,food_drinks,False,False,False,True,False,False
85711,Tucson,2015Q1,negative,-0.6691,1,…. We let our server know that we already mentioned we wanted our food to be cooked at table and she got mad at us. She started to complain about us with other customers at other tables. Really!?!?! Is this how you make tips? How do you exp…,False,True,,food_drinks|service_staff,False,False,False,True,True,False
37214,Nashville,2016Q2,positive,0.9817,5,…p off). They cook their fried rice better than places double the price or more in town. The owner of the place is such a sweet lady and pretty much runs the joint single-handedly. I think her husband is the cook/chef and she pretty much doe…,False,True,,price_value,False,False,False,False,False,True
37203,Nashville,2016Q4,positive,0.9806,5,"…, walk away with 3x more than you planned in getting because the prices are great and it all looks awesome! Mark (one of the owners) was fantastic. You could tell he really cared about the customer experience, wanted us to have a great tim…",True,True,access_transit,price_value,True,False,False,False,False,True
33706,TampaBay,2017Q2,positive,0.973,4,"…) was a bit noisy the second bedroom wasn't efficiently cleaned, bathroom door had toothpaste on it and dirt was all over the other entrance to the bathroom. There was/ is a water leak in the ceiling. The balcony was nice place to eat and…",False,False,,,False,False,False,False,False,False
33619,TampaBay,2017Q1,positive,0.9382,4,Very nice and clean spot to get together after work to have fun and watch sports ( golf) and hit golf balls. The food comes out real fast . The staff is friendly and always serving the customers and there are a lot of them next time I come…,True,True,cleanliness_public_space,food_drinks|service_staff,False,False,True,True,True,False
70130,NewOrleans,2012Q4,positive,0.9243,5,Awesome happy hour specials! delicious wings!!,False,True,,food_drinks,False,False,False,True,False,False
70115,NewOrleans,2012Q2,positive,0.9902,5,"…e of orange juice. all well worth it to enjoy mimosas during our meal. I ordered the juevos rancheros ""shaunna style"" which was SO good. their black beans were done right, the ranchero sauce tasted excellent and the pulled pork was spot on…",False,True,,food_drinks|price_value,False,False,False,True,False,True
37203,Nashville,2018Q4,positive,0.9781,5,"…e were looking for something new and we certainly found it. The staff were fantastic from the moment we walked in the doors, although the guys in suits could look a little happier. The food was excellent, especially the cod and the cauli…",False,True,,food_drinks|service_staff,False,False,False,True,True,False
37206,Nashville,2018Q1,positive,0.8122,4,…Hopefully the owners can take note and have them go through some customer service training.,False,True,,service_staff,False,False,False,False,True,False
33602,TampaBay,2018Q2,positive,0.0516,2,"…ble parking situation, the terrible seating arangements, and way overpriced food. The food is no where near worth the price your paying. The best thing its got going is the bars inside with a decent selection.",True,True,access_transit,food_drinks|price_value,True,False,False,True,False,True
33626,TampaBay,2018Q2,positive,0.9806,2,"…s 2 dollars, and the steak was $3(worth it) but it made the base price of the bowl $16. I appreciate their health conscious aspect , but I think its a bit much. Poke has sushi fish in it so I Can understand that being expensive, but even th…",False,True,,price_value,False,False,False,False,False,True
37203,Nashville,2017Q2,positive,0.9493,4,…s on Texas toast! Another nice thing is that they have their own parking lot!,True,False,access_transit,,True,False,False,False,False,False
37204,Nashville,2017Q3,positive,0.612,1,"…d. They guy on the phone allowed me to do it and I drove 15 min, parked in the limited parking there and walked into the restaurant to find a buffet. When I asked for my order the guy with a mustache was rude and said I could not order anyt…",True,True,access_transit,service_staff,True,False,False,False,True,False
37215,Nashville,2017Q3,positive,0.907,5,"…es here have been nothing but great. The staff is friendly, it's clean, and they always make sure you are comfortable. I had a filling done today for a cavity, but it was totally pain free.",True,True,cleanliness_public_space,service_staff,False,False,True,False,True,False
37207,Nashville,2017Q3,positive,0.8519,4,"…g to come out. Ever. Besides that, the food was excellent, cool, dirty South, but super-friendly vibe inside. Enjoyed the diversity, saw frat boys, locals, a bachelorette party, families, people on dates, foodies from across the country, et…",True,True,cleanliness_public_space,food_drinks|service_staff,False,False,True,True,True,False
33605,TampaBay,2012Q4,positive,0.9766,4,Great ambiance. Good service for sure. A group of 5 of us went for business lunch. We had a pizza for an app and it was fantastic. I had a caesar salad and the Salmon. It was great. The portions were good size and the lunch menu is ve…,False,True,,food_drinks|service_staff,False,False,False,True,True,False
33761,TampaBay,2012Q1,positive,0.8847,3,…80 (clean and modern stand alone in shopping field) Service 80 (professional and courteous) Food 80 (good for what it is) Value 75 Not a reason to eat…,True,True,cleanliness_public_space,food_drinks|service_staff|price_value,False,False,True,True,True,True
33609,TampaBay,2012Q3,positive,0.9336,3,…maybe a little more but I was still hungry. What you see on the menu on the ipad that you place your orders in makes it look big on the menu but when you get it you will be disapponted at how small your food is portion wise like everyone a…,False,True,,food_drinks,False,False,False,True,False,False
33606,TampaBay,2012Q3,positive,0.9714,4,…it really didn't need anything else. My Toasty Roasty was just tasty and unforgettable. The one thing I wish was different was that everything was ala carte. Chips were separate from the sandwich entrees. It's definitely a nice wee…,False,True,,food_drinks,False,False,False,True,False,False
19146,Philadelphia,2015Q2,negative,-0.919,1,"…he asked a worker how much it was, he kept telling him different prices... This place is wack, dont waste your money here. Never going back again.",False,True,,price_value,False,False,False,False,False,True
19147,Philadelphia,2015Q1,negative,-0.4019,1,"overpriced greasy bar food with snobby service, stay away",False,True,,food_drinks|service_staff|price_value,False,False,False,True,True,True
33617,TampaBay,2014Q1,positive,0.7234,1,"…s going to wind up handing me my food and ringing me up with his filthy hands. No thanks. I'm a freak about cleanliness and if it's not up to par, I'm out. I got up and as I walked towards the door, the lady said but it's ready. How cou…",True,True,cleanliness_public_space,food_drinks,False,False,True,True,False,False
33708,TampaBay,2014Q3,positive,0.9894,4,…hing it was truly a great time for dinner. The place seemed very clean and everyone was really super nice.,True,False,cleanliness_public_space,,False,False,True,False,False,False
33604,TampaBay,2014Q3,positive,0.9141,5,"…ith the folks here at the Famous Tate on Armenia, they gave me a price that included inside delivery and setup for not too much more, even with tax factored in. This is also not just a matter of dragging some appliances from the curb to th…",False,True,,price_value,False,False,False,False,False,True
33706,TampaBay,2014Q4,positive,0.9845,5,"…igh end hotel. It is what it is. But, what it is, is awesome. An affordable motel, on the off side of the beach, a little older, but what a deal. What makes it a deal? People like Andy, Sara, and Darlene. People that understand that thy re…",False,True,,price_value,False,False,False,False,False,True
37215,Nashville,2013Q2,positive,0.8519,5,"Great service and the drinks are very consistent. The #1 thing I love about this location is they have more than enough outlets for anyone who needs to charge their laptops. They also have plenty of inside and outside tables, which I think…",False,True,,food_drinks|service_staff,False,False,False,True,True,False
37219,Nashville,2013Q4,positive,0.8422,2,"…t. Not saying it WAS, but that's sure what it made me think of. Service was good- quick and friendly. No gripes there. Maybe I just ordered a less-than dish today.",False,True,,food_drinks|service_staff,False,False,False,True,True,False
19103,Philadelphia,2012Q4,positive,0.9635,4,"…s. The seaweed salad was good, but very small portion for the $6 price tag. Huge menu, lots of specialty rolls, noodle dishes (pad thai, etc). Overall, I enjoyed my experience here and would definitely go back!",False,True,,food_drinks|price_value,False,False,False,True,False,True
19147,Philadelphia,2012Q3,positive,0.8644,5,…s looking for: -A timely response for a quote -Relatively good pricing -No hidden fees after the move was completed -No damaged stuff -A crew that conducted themselves in an efficient and professional manner. Gary and Everette were all t…,False,True,,price_value,False,False,False,False,False,True
37214,Nashville,2017Q4,positive,0.9062,4,…ant. Never been randomly closed for breakfast or out of certain menu items (which I have encountered at several other locations). Probably your best bet for an eastern Nashville Taco Bell.,False,True,,food_drinks,False,False,False,True,False,False
37209,Nashville,2017Q1,positive,0.5364,2,…e. It was not worth driving across town that's for sure. The food was good but service is very disorganized. It would have been better if you could order a drink from the bartender but I was ignored.,False,True,,food_drinks|service_staff|price_value,False,False,False,True,True,True
70130,NewOrleans,2013Q4,negative,-0.8623,1,"The waitress showed us a table and asked us to sit, unfortunately, there was food all over the chairs. The wait staff uses their hands to put straws in the drink, right at the tip where you are supposed to drink from. The floor was disgus…",False,True,,food_drinks|service_staff,False,False,False,True,True,False
70130,NewOrleans,2013Q2,negative,-0.1402,3,"…re ok. It looked like a bunch of seafood mush into french bread. Service was friendly and appetizers were good but aside from that, we weren't very impressed.",False,True,,service_staff,False,False,False,False,True,False
70116,NewOrleans,2013Q1,negative,-0.2124,1,"This restaurant is a waste of space. The food here is overpriced crap and the service was bad. Unfortunately, we had time constraints and we had to go to a restaurant with no lines. The older waiter was rude and slow and he would just gr…",False,True,,food_drinks|service_staff|price_value,False,False,False,True,True,True
70112,NewOrleans,2013Q1,negative,-0.2894,1,"…imes but no one answered. They're closed now, and I never got my food or my refund.",False,True,,food_drinks,False,False,False,True,False,False
33605,TampaBay,2012Q1,positive,0.9949,5,"…ioning treatment. Yes, please! I fully expected this to up the price, but everything (conditioning treatment, cut, blow-dry and style) came to $25!!! Talk about customer service! Lauren was fabulous, and gave me an amazing hair-cut (it…",False,True,,service_staff|price_value,False,False,False,False,True,True
33705,TampaBay,2012Q3,positive,0.9501,5,"Five stars for value, service, friendliness, and quality of the food. I had the chipped beef, which was downhome yummy. We tried the fried green tomatoes and fried green beans to start, and both of them were great -- fantastic cornmeal br…",False,True,,food_drinks|service_staff|price_value,False,False,False,True,True,True
19148,Philadelphia,2017Q2,positive,0.9779,4,"…t feels like a small satellite of a real Target. It is extremely clean and neat, and there are plenty of employees on hand to answer questions and offer their assistance, which is a huge plus. However, it just does not seem to have the sel…",True,True,cleanliness_public_space,service_staff,False,False,True,False,True,False
19125,Philadelphia,2017Q3,positive,0.9972,5,This salon is wonderful. It's clean and nicely decorated. I scheduled an appointment for my mother and I for her birthday through Yelp and got a reply very quickly from the owner Vy. We came in from out of town and I was really pleased whe…,True,False,cleanliness_public_space,,False,False,True,False,False,False
37201,Nashville,2015Q3,negative,-0.8116,2,"…s place in yelp. Very nice ambiance with live entertainment. Our waitress recommended deviled eggs, they were horrible! The catfish and fries were so greasy! Maybe we ordered the wrong thing but, it was horrible!",False,True,,service_staff,False,False,False,False,True,False
37211,Nashville,2015Q4,negative,-0.8507,1,"Terrible service, ordered 50 boneless wings and got 50 bone wings and when we said something to the waitress she said""let me go get my manager"" after waiting a while she came back and said that they would take off half of the bill. We said…",False,True,,service_staff|price_value,False,False,False,False,True,True
37201,Nashville,2017Q4,positive,0.9182,4,"…ade reservations second I purchased tickets, rates were good not price gouging like a few other downtown places. Valet parking only option, staff was friendly , check in / check out was easy . Room was clean , very spacious , plenty of towe…",True,True,access_transit|cleanliness_public_space,service_staff|price_value,True,False,True,False,True,True
37243,Nashville,2017Q3,positive,0.9891,5,…he staff is awesome very friendly and the service was quick. The price was very reasonable too. No disappointments here. Enjoy.,False,True,,service_staff|price_value,False,False,False,False,True,True
37208,Nashville,2017Q1,positive,0.8122,5,"Every visit is fantastic service, and great food. It's a shame that they went from wax to oil for their candles. Recommend it for anyone!",False,True,,food_drinks|service_staff,False,False,False,True,True,False
37203,Nashville,2017Q3,positive,0.9796,5,"…he Hilton Garden Inn - West End last night and will say that the staff is super friendly! From the moment I stepped through the front door, I was greeted with smiles and outgoing personalities. Service was quick, efficient and additional l…",False,True,,service_staff,False,False,False,False,True,False
70114,NewOrleans,2016Q3,positive,0.9646,4,…some for sale. Food was great and they offer Wi-Fi. I'm told the neighborhood is a bit sketchy but that early in the morning (around 7) there were few people out and about. Frequent locals were in and out (order at counter then you sit). I…,True,True,surroundings_safety,food_drinks,False,True,False,True,False,False
70119,NewOrleans,2016Q1,positive,0.9543,4,…o delish.. Come here. That is it.. See you around.. You friendly neighborhood Yelper Jim..,True,True,surroundings_safety,service_staff,False,True,False,False,True,False
85710,Tucson,2016Q2,positive,0.9519,5,…variety to select from in order to slither the donuts down. Her prices boggle the mind that she can offer her offerings so affordable even to the unemployed. Don't be surprised if she just gives you one. Enjoy a bite of bliss sugar land st…,False,True,,price_value,False,False,False,False,False,True
85701,Tucson,2016Q2,positive,0.8442,5,…ing to listen to your ideas and show you how it can be done. His pricing is very reasonable and affordable. Larry W.,False,True,,price_value,False,False,False,False,False,True
19153,Philadelphia,2013Q2,positive,0.8922,3,"…but the hotel does a good job at serving its purpose: A decent, clean room that you can relax in between a flight or just a few days in Philly. There is almost a 200 dollar price jump to stay at a downtown hotel, while the Airport Hilton i…",True,True,cleanliness_public_space,price_value,False,False,True,False,False,True
19127,Philadelphia,2013Q4,positive,0.9716,5,…d not wait since we made an APPOINTMENT. Euphoria is always very clean and I can't say the same for other nail salons close by.,True,False,cleanliness_public_space,,False,False,True,False,False,False
33611,TampaBay,2018Q2,neutral,-0.0299,1,…ot look like lobster and was some form of shredded seafood. It taste like lobster flavored. I threw it away after a bite. Ordered the NE chowder and that was also not good. Will never come back. This does not represent Boston seafood…,False,True,,food_drinks,False,False,False,True,False,False
33701,TampaBay,2018Q1,neutral,-0.0387,1,…ce getting an apology for moving us all over the restaurant. The food was good but service and management are horrible and we will definitely not be returning,False,True,,food_drinks|service_staff,False,False,False,True,True,False
37203,Nashville,2017Q2,positive,0.8791,3,"…'ve done some updating recently and parts of it were still under construction. They have an outdoor pool (it was too cold for me to use it when I was there), a small cafe to grab a quick breakfast or lunch, and a cute little business center…",True,False,surroundings_safety,,False,True,False,False,False,False
37214,Nashville,2017Q3,positive,0.6168,4,…sleep from 2am-9am since we took a red eye. The hotel is under construction but it wasn't a big deal. The room was cozy but semi updated yet the bathroom was pretty bare bones. The worst part of the night was that the room smelled like…,True,True,surroundings_safety,price_value,False,True,False,False,False,True
70125,NewOrleans,2017Q3,positive,0.9142,5,"Solid take our Chinese. Delicious, cheap, fast! Never had a bad experience here. I like the Sesame chicken and general chicken. Really like that you can get a combo with fried rice and egg roll at dinner.",False,True,,food_drinks|price_value,False,False,False,True,False,True
70116,NewOrleans,2017Q4,positive,0.4301,4,"…, but didn't seem too popular at a couple of the okaces. Groupon pricing is the only way to go.",False,True,,price_value,False,False,False,False,False,True
19148,Philadelphia,2015Q4,positive,0.9966,1,"…we truly liked were add-ons, not even part of the normal menu. Price-wise, the whole thing was $400+ for four people...and that was at a BYOB, and with tiny, tiny dishes. That's perfectly fine for amazing food, but this was far, *far* fr…",False,True,,food_drinks|price_value,False,False,False,True,False,True
19131,Philadelphia,2015Q2,positive,0.972,4,"…e twists in under five hours with no drama and charged me a fair price. A few months later I scheduled another appointment for more of the same. I really wish I could give a 5-star review because my first time was so great. But this time, I…",False,True,,price_value,False,False,False,False,False,True
70122,NewOrleans,2012Q3,positive,0.6588,5,Great food & fast service. This place has rockin lunch specials!,False,True,,food_drinks|service_staff,False,False,False,True,True,False
70130,NewOrleans,2012Q3,positive,0.9675,3,"…en more convenient and inviting at 10am on a Sunday morning. Our waiter, while delayed a little, couldn't have been more pleasant and prompt. We decided we wanted to start with Beignets and they came out warm, covered in powdered sugar and…",False,True,,service_staff,False,False,False,False,True,False
85701,Tucson,2016Q2,negative,-0.9458,1,"…id it was not edible. When I approached the owner telling him my food was too hot he asked the young man working the counter if he had told me chile was in it, then he said I can make you one without chile. I said no thank you as my stomac…",False,True,,food_drinks,False,False,False,True,False,False
85701,Tucson,2016Q3,negative,-0.1279,3,Service was wonderful. Food was ok. The pad thai our friend had was well flavored but noodles were a lump that had to be tossed about to get some moisture distributed and the shrimp was devoid of any seasoning. Other two dishes were very ta…,False,True,,food_drinks|service_staff,False,False,False,True,True,False
85742,Tucson,2012Q1,positive,0.9961,5,"…lf a favor and visit these guys. They're awesome. Very friendly, cheap prices, food and drinks, and they even have little tables setup if you wanna sit under a mesquite tree and enjoy your fatdog. All in all, five stars. I'm a customer for…",False,True,,food_drinks|service_staff|price_value,False,False,False,True,True,True
85711,Tucson,2012Q1,positive,0.9062,4,…eater. It's comfortable and the screens are great. Too bad the prices don't match I still love my dollar theaters here in town.,False,True,,price_value,False,False,False,False,False,True
85714,Tucson,2012Q1,positive,0.9968,3,"…seemed pretty fresh at the time, the rice had great texture and flavor. I ended up eating only half of it since they'd also given me edamame while I was waiting on it to come out. They were really working to provide good service, almos…",False,True,,food_drinks|service_staff,False,False,False,True,True,False
85719,Tucson,2012Q4,positive,0.6908,3,"BK's offers good Mexican food at a decent price. Try the Sonoran Dog or a caramelo, two of my favorites here. They also serve alcohol.",False,True,,food_drinks|price_value,False,False,False,True,False,True
19106,Philadelphia,2014Q3,positive,0.9807,4,…so we could spend time together. The rooms were always nice and clean. The beds were always comfortable. The bathrooms smelled nice. Check in/out was simple and fast. What more could you want? We ALWAYS had a beautiful view of the water o…,True,True,cleanliness_public_space,price_value,False,False,True,False,False,True
19123,Philadelphia,2014Q3,positive,0.8958,5,…to this place because it was close to my house and looked pretty clean from the outside. I ordered shrimp fried rice and shrimp rolls to-go and my expectations have been far exceeded! Large portions! Pure deliciousness! I will def be back!…,True,False,cleanliness_public_space,,False,False,True,False,False,False
85716,Tucson,2015Q3,positive,0.8271,4,A typical Walmart Supercenter. Clean open aisles. When we went it was not too busy and the staff was friendly and helpful.,True,True,cleanliness_public_space,service_staff,False,False,True,False,True,False
85711,Tucson,2015Q4,positive,0.9781,4,…h we left a little more full. The service was great and it was clean. I think we'll visit again.,True,True,cleanliness_public_space,service_staff,False,False,True,False,True,False
85714,Tucson,2015Q2,positive,0.7343,4,"…las are not bad, but not the best. Good kids menu options, great pricing and authentic food overall.",False,True,,food_drinks|price_value,False,False,False,True,False,True
85742,Tucson,2015Q4,positive,0.933,5,Foods really good not for a bad price either. Really authentic Mexican food in northwest tucson. Great Mexican environment that reminds me of my nanas kitchen. Strongly recommend coming here if you want a taste for Mexican.,False,True,,food_drinks|price_value,False,False,False,True,False,True
19103,Philadelphia,2016Q1,positive,0.7876,2,"…but I am not going to bother anymore, especially considering the prices.",False,True,,price_value,False,False,False,False,False,True
19134,Philadelphia,2016Q3,positive,0.9818,5,"…on Thumbtack, and chose it because of its positive reviews. The price was reasonable and the process to book it was simple. The moving crew, Ray, John, and James, was great! They were professional, friendly and respectful. (And very patien…",False,True,,service_staff|price_value,False,False,False,False,True,True
33705,TampaBay,2016Q3,positive,0.9667,5,"…ce first if you're looking for a great burger! Oh yes, plenty of parking in back!",True,True,access_transit,food_drinks,True,False,False,True,False,False
33701,TampaBay,2016Q4,positive,0.9467,5,…r car. Their valet company Courtesy valet smashed my Jaguar on a parking guardrail and they denied responsibility. It ended up being a very expensive dinner!,True,True,access_transit,price_value,True,False,False,False,False,True
19103,Philadelphia,2016Q2,negative,-0.8356,1,I was in the mood for a Friday's meal so I went in and only stayed 2 minutes before I left. The acoustics in that restaurant are so horrible that it hurt my ears to sit in there. The only noise was from the people in the restaurant. You w…,False,True,,food_drinks,False,False,False,True,False,False
19103,Philadelphia,2016Q4,negative,-0.584,3,"…I thought I should try a new place. Delivery was on time. The food was ok. Scallion pancakes were horrible. It was very thick, hard and chewy. I threw it all out. The house lo mein and chicken broccoli were not bad. Im not giving…",False,True,,food_drinks,False,False,False,True,False,False
19102,Philadelphia,2018Q1,positive,0.859,4,"Positives: our waiter was so nice, professional and very knowledgeable. I enjoyed my sparking wine and my friend enjoyed her drink which had elderberry flower in it. My friend enjoyed the pizza. The Brussels sprouts were tasty. I did not h…",False,True,,food_drinks|service_staff,False,False,False,True,True,False
19147,Philadelphia,2018Q2,positive,0.9161,4,"…riety. I only tried one flavor but will be back to try more. The service was great and its conveniently located next door to Blackbird (vegan pizza). The decor could use a little life, maybe some pictures or artwork on the walls. Other than…",False,True,,food_drinks|service_staff,False,False,False,True,True,False
70112,NewOrleans,2015Q1,negative,-0.9801,1,"…ve them another shot, this was the worst mistake of my life. The prices had gone up tremendously but the portions were quite a bit smaller then before. The fish was old and the wrap didn't contain any of the ingredients I'd ordered. The nex…",False,True,,price_value,False,False,False,False,False,True
70130,NewOrleans,2015Q1,negative,-0.7609,1,"…t of town or if it's because they're in a mall, but this was not worth the money. If I'm ever back in new Orleans i will not be going back.",False,True,,price_value,False,False,False,False,False,True
70130,NewOrleans,2015Q4,negative,-0.6714,2,The spices were not impressive. The food was overall nothing to write home about. A little disappointed.,False,True,,food_drinks,False,False,False,True,False,False
70116,NewOrleans,2015Q3,negative,-0.2607,2,"The food is good. The bartenders are usually friendly. The reason I don't go there anymore is that the restaurant management is rude about enforcing strict rules. If you want a table, you have to stand in line outside; you can't sit at the…",False,True,,food_drinks|service_staff,False,False,False,True,True,False
37203,Nashville,2014Q2,negative,-0.9572,2,…tion for a quick bagel. Don't try to branch out into their other menu offerings.,False,True,,food_drinks,False,False,False,True,False,False
37214,Nashville,2014Q4,negative,-0.4404,1,It was okay. Food was kind of bland. Hostess staff unfriendly. Everyone seemed to be bothered by us being there. Slow service.,False,True,,food_drinks|service_staff,False,False,False,True,True,False
85704,Tucson,2016Q4,negative,-0.8543,2,"…both times very underwhelmed. First time the salad i ordered was expensive and yet the freens were not drwsh, the dressing tasted commerical and the 6 small nuggets of beet were overcooked to the point of being chewy and nasty. Second time…",False,True,,food_drinks|price_value,False,False,False,True,False,True
85712,Tucson,2016Q2,negative,-0.4686,1,"…e salad is just iceberg lettuce- which has the least nutritional value. My friend and I were visiting from out of town and we were both disappointed. One employee came up and asked how our meal was, my friend explained her disappointment, a…",False,True,,food_drinks|service_staff|price_value,False,False,False,True,True,True
85718,Tucson,2016Q2,positive,0.714,5,…fish sandwich and a pecan and fudge one scoop sundae. Very nice service. Clean dining room. Really good food. Too bad that a$10 lunch is more than an hour's pay in Obama's economy,True,True,cleanliness_public_space,food_drinks|service_staff,False,False,True,True,True,False
85711,Tucson,2016Q3,positive,0.9709,5,"…s. All very good, exceptional even. The grounds are terrific, staff nice, food good and beer cold. ....high marks by me.",False,True,,food_drinks|service_staff,False,False,False,True,True,False
70115,NewOrleans,2017Q3,positive,0.9022,5,"…ook him home :( he is a needy cat that has to have special food, litter, and receive medicine daily. They made sure all his needs were met. I will definitely take him back here when I have to go out of town and would highly recommend them t…",True,True,cleanliness_public_space,food_drinks,False,False,True,True,False,False
70127,NewOrleans,2017Q3,positive,0.9926,5,"…lks allow this business to remain PROFITABLE. Keep the facility clean & don't vandalize it. I can speak to this, I live about 3.2 miles from this location & I am painfully aware of the state of NEW ORLEANS EAST. Praise God for this fac…",True,False,cleanliness_public_space,,False,False,True,False,False,False
70126,NewOrleans,2013Q3,positive,0.6187,4,…s to and from the French Quarter. Our only problem was the wi-fi service which I was assured was working fine when I made our reservation. When we tried it on Sat. am it was out and the girl in the office did not know how to get it up and d…,False,True,,service_staff,False,False,False,False,True,False
70130,NewOrleans,2013Q1,positive,0.9804,5,"…re is really great. Good for dates or groups. Second, the wait staff was extremely attentive. And then there is the food. Wonderful. The sauce the fried alligator came in is amazing. And the pork cheeks where moist and delicious. If…",False,True,,food_drinks|service_staff,False,False,False,True,True,False
33759,TampaBay,2017Q3,negative,-0.8611,1,horrible service. i called and asked about bleaching my hair (chin length bob with bangs) and was told $25-60. i came in and once all of the bleach was in (they use walgreens level products. i personally bleach and dye my hair myself most o…,False,True,,service_staff,False,False,False,False,True,False
33618,TampaBay,2017Q2,negative,-0.2415,1,…ns order was not what he asked for and the chicken was dry. The waitress never came to refill or ask how everything was. I paid $42.00 for 3 with two waters and a soda. I was shocked. I was better off at McDonald's...... Not recommend,False,True,,food_drinks|service_staff,False,False,False,True,True,False
33634,TampaBay,2017Q3,negative,-0.2627,1,"…cause I paid the $38 to do so. I saw a cockroach climbing on the food stations, and the dishes weren't very clean. I'm hoping I don't get sick from the food. I lost my appetite there, but almost felt obligated to eat due to the money I spen…",True,True,cleanliness_public_space,food_drinks,False,False,True,True,False,False
33713,TampaBay,2017Q3,negative,-0.1665,2,Not impressed. Over priced cold food. I won't go back. The buffalo cauliflower should be served warm not ice cold. It's suppose to be a knock off chicken wing. The vegan patty I got was also cold. It had some sort of red sauce and mushrooms…,False,True,,food_drinks,False,False,False,True,False,False
37219,Nashville,2018Q2,positive,0.9814,4,"…e rare occasions that I see the Cousins Maine Lobster food truck parked around Nashville I jump at the chance to get one of their tasty lobster rolls! Their truck boasts the logos of all of the TV shows they have been featured on, which jus…",True,True,access_transit,food_drinks,True,False,False,True,False,False
37210,Nashville,2018Q1,positive,0.9906,4,"…ether you are a local or paying an upcoming visit to Nashville. Parking is free immediately in front of the venue. There is a parking lot next door that sometimes charges $5, but usually not. Uber is easy as this venue is right near downto…",True,False,access_transit,,True,False,False,False,False,False
37203,Nashville,2018Q3,positive,0.9992,5,"Humphreys Street is a new coffee shop in the Wedgehood/Houston neighborhood and let me tell you: it's delicious, it's beautiful, it has friendly service, and it's all for a great cause! I love knowing that my money is going towards a good c…",True,True,surroundings_safety,food_drinks|service_staff,False,True,False,True,True,False
37221,Nashville,2018Q1,positive,0.9869,3,This is our neighborhood Chinese spot and it does the job... definitely not as good as where I'm from (east coast Chinese is really delicious and much more authentic) but they have a pretty solid wonton soup and pork lo mein. I also like th…,True,True,surroundings_safety,food_drinks,False,True,False,True,False,False
19123,Philadelphia,2015Q3,positive,0.9925,5,"…ere were more women than men, people who are casual and from the neighborhood, and others who are stylish and done up to come out and have a mimosa, maybe even a tourist or two. I can see why--because the menu is full of sensible and delici…",True,True,surroundings_safety,food_drinks,False,True,False,True,False,False
19147,Philadelphia,2015Q3,positive,0.9612,5,"…Burmese, Malaysian, and Thai cuisines. A great addition to the neighborhood!",True,False,surroundings_safety,,False,True,False,False,False,False
33624,TampaBay,2018Q2,negative,-0.3686,3,Needs through cleaning - water fountains and bathrooms disgusting and the entire place had a overwhelming air freshener smell. Very unpleasant. Sorry we came. The kids had fun but we will not be returning.,False,False,,,False,False,False,False,False,False
33625,TampaBay,2018Q3,negative,-0.4529,1,"…e is terrible. Terrible service, terrible food, and the place is dirty beyond reason. Really hope I don't have food poisoning after eating here, but I wouldn't bet on it.",True,True,cleanliness_public_space,food_drinks|service_staff,False,False,True,True,True,False
85706,Tucson,2018Q1,positive,0.4136,4,"We went in when it wasn't busy. The store was very clean and the staff greeted us when we walked in and were pleasant. We ordered a 6"" cold Italian sandwich. It was good, but nothing special. I thought $10 was a bit expensive though. I'd g…",True,True,cleanliness_public_space,food_drinks|service_staff|price_value,False,False,True,True,True,True
85704,Tucson,2018Q3,positive,0.9721,5,"…nywhere else! They are now like family to us! Facility is always clean and kept. They also offer great appt times incase we need before school starts, which I appreciate tons!",True,False,cleanliness_public_space,,False,False,True,False,False,False
85710,Tucson,2018Q1,positive,0.9685,3,…he best in the business so you can't complain plus with a coupon prices are better than KFC,False,True,,price_value,False,False,False,False,False,True
85712,Tucson,2018Q2,positive,0.9887,5,…all to give me a quote first thing Monday morning. Quote/Final price: The quote and final price was great and did not vary at all from what I received via phone. Appointment: When I called to make an appointment I assumed I would have a…,False,True,,price_value,False,False,False,False,False,True
85718,Tucson,2018Q1,positive,0.9909,3,"…e in nannies-- so you can usually find someone you like. Cons: Customer service from office staff and owner isn't always great, and can always be improved. The agency doesn't seem to value their customers very much (my personal opinion).…",False,True,,service_staff|price_value,False,False,False,False,True,True
85711,Tucson,2018Q4,positive,0.9827,5,"…a really good ""education"" on gas fireplaces from Sarah and other staff there. We ordered a new fireplace based on their guidance. A schedule for installation was established and Val, the owner, showed up exactly on time and removed the o…",False,True,,service_staff,False,False,False,False,True,False
70116,NewOrleans,2015Q1,positive,0.872,5,…point. Cool little spot that is definitely recommended. Street parking can be a hassle.,True,False,access_transit|surroundings_safety,,True,True,False,False,False,False
70130,NewOrleans,2015Q3,positive,0.9969,5,"…e place in its new venture. You also wanna note it's only street parking around here, i recommend coming after 6pm so you don't have to pay a meter. I ordered the Kyoto coctail which was easily the best choice on the drink menu, but it'll…",True,True,access_transit|surroundings_safety,food_drinks,True,True,False,True,False,False
33707,TampaBay,2015Q4,negative,-0.6842,1,"The worst customer service ever. My center brake light broke during the wash. When I spoke to Jamie, the owner, he rudely looked at me and said ""not our fault, call the police if you want."" He then just walked away. I had to yell to him th…",False,True,,service_staff,False,False,False,False,True,False
33781,TampaBay,2015Q1,negative,-0.8238,1,"…d companies, and the difference is remarkable. In addition, the customer service provided by ETM is terrible. The people working in the office are rude and completely inappropriate. Much better options - avoid this company.",False,True,,service_staff,False,False,False,False,True,False
33701,TampaBay,2012Q4,positive,0.9841,5,"I'm a reg. at this place. I love love love their dirty nachos and the Reuben egg rolls. OMG so delishhh! You should pair it with their banana bread beer on tap--AMAZING. Make sure you ask for Brittany to serve you, she's an awesome server!…",True,True,cleanliness_public_space,food_drinks|service_staff,False,False,True,True,True,False
33703,TampaBay,2012Q4,positive,0.9878,4,"…d and I both walked away feeling like it was worth it. It's very clean and beautiful inside, the staff was friendly and quick (how could they not be? There were about fifteen of them back there!) and the food was EXCELLENT. Far and above Ch…",True,True,cleanliness_public_space,food_drinks|service_staff|price_value,False,False,True,True,True,True
19104,Philadelphia,2016Q2,negative,-0.7087,1,"In short late service, mediocre food, and horrible hospitality. If I could give this restaurant less than one star I 100% would. I ordered food at 10:30 on a Sunday. I expected the food to take a bit of time due to it being Sunday. But I d…",False,True,,food_drinks|service_staff,False,False,False,True,True,False
19147,Philadelphia,2016Q2,negative,-0.91,1,…for this crap. Basic ass overpriced sandwich. Doesn't take cash. Cashier gets mad because you take more than 2 seconds to answer what type of cheese you want. Left out some condiments on my sandwich which i asked for in the beginning. Just…,False,True,,food_drinks|service_staff|price_value,False,False,False,True,True,True
19122,Philadelphia,2015Q3,positive,0.9503,5,"…Store Decor, 4 stars ""but who cares it's the good that matters "" Cleanliness 4.5 stars",True,False,cleanliness_public_space,,False,False,True,False,False,False
19107,Philadelphia,2015Q1,positive,0.86,3,"…aces above 60°. Possibly even colder than that. The floor in my bathroom, like most is tile, and it is an ice cube. Even with the heat in my room cranked to nearly 80° which is sweltering, the bathroom is freezing. I believe it may be abov…",False,False,,,False,False,False,False,False,False
70116,NewOrleans,2013Q2,positive,0.9886,5,"…yourself a favor, visit the creepy voodoo museum and see if the neighborhood kid, Andrew, will lead you to this little gem. (Then go back to the museum for a tarot reading)",True,False,surroundings_safety,,False,True,False,False,False,False
70118,NewOrleans,2013Q1,positive,0.9955,5,"…n. -Easily accessible from side streets: You can walk around the neighborhood and make your way back here. The homes within a couple blocks each direction are GOR-geous, so go have a look. -People watching: Always interesting people to see…",True,False,access_transit|surroundings_safety,,True,True,False,False,False,False
19103,Philadelphia,2012Q3,neutral,0.0284,3,"…ore going and was expecting more. I was prepared for the average price of a sandwhich, which is $8.00. The place was busy and I neglected to ask what menu items were vegan. I ended up having the tofu curry wrap. It was good and filling, but…",False,True,,food_drinks|price_value,False,False,False,True,False,True
19123,Philadelphia,2012Q1,neutral,-0.0486,4,…cucpakes are amazing. But they are also EXTREMELY RIDICULOUSLY overpriced and more or less represent everything that has gone wrong with the good things in the Northern Liberties.,False,True,,price_value,False,False,False,False,False,True
85718,Tucson,2017Q4,negative,-0.7585,2,"…ome within minutes of drinking it. Third, every time you ask the service bar to heat anything up it always comes out cold - forcing me to just take the food home and heat it myself (if you ask them to reheat it's still not hot and they just…",False,True,,food_drinks|service_staff,False,False,False,True,True,False
85719,Tucson,2017Q1,negative,-0.224,1,"…though they said they dont put anything sweet in there. Horrible service, they were waiting on everyone else in a timely manner except for us. We asked for 3 soups waiter only brought out 2. I asked for an extra plate and hiisen sauce. Wait…",False,True,,service_staff,False,False,False,False,True,False
19107,Philadelphia,2017Q3,positive,0.9901,4,"…enough that I brought some home to my family. It was a hit. The price can't really be beaten. For those wondering, you can sub out rice and beans for some fries... or maybe some other side they're offering. What issues did I have? You ca…",False,True,,price_value,False,False,False,False,False,True
19146,Philadelphia,2017Q1,positive,0.8955,4,…options and what he would do. Work was completed quickly and the price was fair. I would recommend them to my friends.,False,True,,price_value,False,False,False,False,False,True
33609,TampaBay,2013Q3,positive,0.8378,3,"…ts about the staff. The drinks & food... Like any theatre, the prices of the food and drinks is ridiculous. For $9, I got a water bottle and a pack of Twizzlers. They are very adamant about banning outside food and drinks. Overall, I am…",False,True,,food_drinks|service_staff|price_value,False,False,False,True,True,True
33716,TampaBay,2013Q2,positive,0.9428,4,"…ers for my breakfast. Skyway Jacks serves up hearty portions at cheap prices and the menu is huge. I can get my eggs, bacon, corn muffin, strong coffee AND a side of pancakes here on the cheap. I'm not ashamed! I want it all when it com…",False,True,,food_drinks|price_value,False,False,False,True,False,True
33617,TampaBay,2013Q1,positive,0.9825,5,"…ys go with my wife and two young daughters and have a blast. The staff is super nice and helpful (Yes, I've seen the reviews of the other three people that say that the staff was rude to them, but the only thing I can think of is that they…",False,True,,service_staff,False,False,False,False,True,False
33602,TampaBay,2013Q4,positive,0.9695,4,"…area was clean and comfortable and had a small bar on site. The staff were friendly and customer-centered. One evening, the fire alarm was activated and we had to step outside of the building for a short time. Unfortunately, the elevators…",True,True,surroundings_safety|cleanliness_public_space,service_staff,False,True,True,False,True,False
70116,NewOrleans,2017Q1,positive,0.9531,5,"…place has about 12 tables and a long bar. The place looks like a neighborhood bar, but the food is so good I may call it a restaurant that also has a bar. Definitely a must visit stop. Get there early as they are a quite popular place in th…",True,True,surroundings_safety,food_drinks,False,True,False,True,False,False
70124,NewOrleans,2017Q2,positive,0.9531,4,…ntenance or storage buildings that were padlocked and covered in graffiti.,True,False,surroundings_safety,,False,True,False,False,False,False
19107,Philadelphia,2016Q2,negative,-0.5778,1,…w advertised. I explained to the service rep that I only wanted pricing and was not sure if I was 100%. He basically lied and swindled me and said that installation wouldn't be possible for 2 months if I didn't give him some personal info…,False,True,,service_staff|price_value,False,False,False,False,True,True
19107,Philadelphia,2016Q3,negative,-0.0772,4,"…which they kindly found room for split between two tables. Drink prices were fair and our waitress was wicked sweet. I loved my turkey sandwich, but was disappointed by the size of the menu. They offer pretty limited options so you have to…",False,True,,food_drinks|service_staff|price_value,False,False,False,True,True,True
19102,Philadelphia,2018Q2,positive,0.9689,5,"…eryone busy. Overall had an awesome time and highly recommend. Prices aren't too bad either, especially if you utilize the Groupon deals. Also, shout out to our game master, Chrissy (or Christy?)! She was so much fun and patient with us.…",False,True,,price_value,False,False,False,False,False,True
19151,Philadelphia,2018Q4,positive,0.9728,5,…y taste and feel you get at any run-of-the-mill lunch place. The prices are very reasonable and the people are exceptionally friendly and want you to have a quality food experience. I am glad I discovered Ferrantes and you should too.,False,True,,food_drinks|service_staff|price_value,False,False,False,True,True,True
37204,Nashville,2014Q2,positive,0.9774,5,…al exam; lil nervous after reading a negative review. So far the parking lot was tricky with my big truck but staff seems nice & knowledgable. I love the big fish tank in the waiting area for kids. I did have to wait a long time to be seen;…,True,True,access_transit|surroundings_safety,service_staff,True,True,False,False,True,False
37203,Nashville,2014Q3,positive,0.9774,5,"…my three decades on this planet. The stage is perfectly set -- accessible to a GA crowd with excellent site lines. The sound system was great, though the drums/bass can easily overpower the higher register instruments and vocals in space…",True,False,access_transit,,True,False,False,False,False,False
33612,TampaBay,2012Q1,negative,-0.8654,1,…we observed was COCKROACH on the floor by buffet tables.....also bathroom was stinking sooo bad....really need to inspect this place who knows the cockroach might have been on food too....ewww......never going again.,False,True,,food_drinks,False,False,False,True,False,False
33612,TampaBay,2012Q3,negative,-0.7085,1,…e earned it. It's like walking into a rave without the fun. Very dirty in here staff very rude. Way to crowded was pretty sure we were going to see a brawl break out any moment. We went in to grab 3 items took 20 to cash out will not go bac…,True,True,access_transit|cleanliness_public_space,service_staff,True,False,True,False,True,False
33611,TampaBay,2012Q1,negative,-0.7879,3,"…the inside out. The food is not the best to me. Distasteful, the prices online were different from inside the actually resturant. I usually order the Burrito Supreme not the best tasting burrito just plain to me. The service is ok not the b…",False,True,,food_drinks|service_staff|price_value,False,False,False,True,True,True
33785,TampaBay,2012Q1,negative,-0.4359,4,"…king for a story to tell, catch some live music or simply grab a cheap tall, cool one, this is your shack! All killer, no filler!",False,True,,price_value,False,False,False,False,False,True
33602,TampaBay,2012Q2,negative,-0.6133,1,…do this. My coworkers and I ate there this past Thursday. The service was slow and horrible. The one thing that topped it off was a burnt hamburger. I really don't understand I've had very good service every other time I visited this p…,False,True,,service_staff,False,False,False,False,True,False
33612,TampaBay,2012Q3,negative,-0.1027,1,"Ghetto-mart, the customer service is the worst. Don't go here expecting any knowledgable staff to assist you at all. They're more concerned on restocking shelves then helping customers. I was shopping one day and two sales associates were t…",False,True,,service_staff,False,False,False,False,True,False
33629,TampaBay,2012Q1,negative,-0.3318,1,"…ut, pieces was totally tasteless. Lemon square, almost no lemon flavor. My husband, who eats almost anything, tossed it in the trash. It just wasn't worth the calories. Macaroon, also large but almost no flavor! What a dissappoint, this u…",True,True,cleanliness_public_space,food_drinks|price_value,False,False,True,True,False,True
33610,TampaBay,2012Q3,negative,-0.7596,1,"…all personal preference aside, the service is depressing and the food/drinks are overpriced and not very good, once you're here there's not much to do besides slots and a few card tables, neither of which will ever pay out much and the mach…",False,True,,food_drinks|service_staff|price_value,False,False,False,True,True,True
19103,Philadelphia,2014Q2,positive,0.9842,3,…g and walls making for a lively (louder) ambiance. Some metered parking in the area; structured parking lots abound if you're willing to pay for it.,True,False,access_transit|surroundings_safety,,True,True,False,False,False,False
19103,Philadelphia,2014Q3,positive,0.9924,4,…f wine with friends (or alone if you so choose). Also handicap accessible...I know how important that is. Try it ASAP. They're great people.,True,True,access_transit,food_drinks,True,False,False,True,False,False
33604,TampaBay,2014Q2,positive,0.915,3,"…nia, just south of Sligh. It is in a strip mall with difficult parking and is tiny, with tight seating for less than 20 They advertise Honduran and Costa Rican apps and dishes. Had an interesting (no meat) honduran breakfast/lunch with…",True,True,access_transit,food_drinks,True,False,False,True,False,False
33708,TampaBay,2014Q3,positive,0.8173,5,"…d a great time renting jet skis from Woodys. They have their own parking and make getting on the jet skis simple and quick. Staff is very helpful and pricing is upfront, no guessing or games. Recommend making a reservation if you go.",True,True,access_transit,service_staff|price_value,True,False,False,False,True,True
85750,Tucson,2015Q1,positive,0.9913,2,"…ry when he arrived. The staff was outstanding, the gentleman who parked Big Larry's Racing Honda Pilot was super friendly and courteous as well as knowledgeable about property, as well as the surrounding Tucson area. Baggage dude the same.…",True,True,access_transit|surroundings_safety,service_staff,True,True,False,False,True,False
85712,Tucson,2015Q2,positive,0.9187,1,"…ave stayed in place had I not gone over the cement bumper in the parking lot ONE TIME. But that should not have even been an issue. So, when I went to the service center to have it looked at, the ""Mechanic"" had the audacity to tell me that…",True,True,access_transit,service_staff,True,False,False,False,True,False
33767,TampaBay,2015Q2,positive,0.9921,5,"…days only could stay 3 but wish we could've stay entire time. we parked which is not shown to be 15 per night, but we walked everywhere, never needed our car. beach across street, great restaurants, great nightlife, pirate ship and other…",True,False,access_transit|surroundings_safety,,True,True,False,False,False,False
33609,TampaBay,2015Q2,positive,0.9452,4,"Parking is pretty awful here, but the food and service is worth the hassle. I asked for sweet tea which they don't serve, but the waitress said she could make me some! I was surprised as NO ONE has ever offered to do that if they didn't s…",True,True,access_transit,food_drinks|service_staff|price_value,True,False,False,True,True,True
70115,NewOrleans,2012Q3,positive,0.9942,1,"…or patron Hair Gourmet. As an aside, the menu is uninspired and overpriced. Use caution, inspect your food, and watch for bicyclists. happy eating, -the irish channel choppas and en_oh_pd.",False,True,,food_drinks|price_value,False,False,False,True,False,True
70130,NewOrleans,2012Q4,positive,0.9885,3,…hetta was interesting. It was just warm garlicky bread. Decent prices and beautiful building with outdoor seating for dinner,True,True,cleanliness_public_space,price_value,False,False,True,False,False,True
37206,Nashville,2013Q1,negative,-0.7816,2,"Pepperfire has decent customer service, and is certainly clean and friendly. However when I am craving Hot Chicken, I couldn't care less about useless services like that I am there for the chicken. Pepperfire is trying to cash in on the l…",True,True,cleanliness_public_space,food_drinks|service_staff,False,False,True,True,True,False
37203,Nashville,2013Q4,negative,-0.9651,2,"…his, but it truly reminded me of a soup kitchen. The tables were dirty, it was crowded, and the crowd looked dodgy! When I finally get to the food they ran out of the Meat loaf, so I tried the BBQ chicken and Mash Potatoes. The food did…",True,True,cleanliness_public_space,food_drinks,False,False,True,True,False,False
37214,Nashville,2013Q1,negative,-0.9298,1,…staying practically next door at the Wyndham resort. Bought some food products to find one had been opened by the time we were back home. I contacted the store and they couldn't resolve it without gouging me so I figured I'd give them the…,False,True,,food_drinks,False,False,False,True,False,False
37203,Nashville,2013Q3,negative,-0.8621,1,"…ball, and I get it you probably gave us a discount. . .whatever. Food was HORRIBLE chicken was raw, NO not undercooked, not to ""our"" liking RAW. One piece was still bleeding and when it was brought to manager? supervisor? S attention we did…",False,True,,food_drinks|price_value,False,False,False,True,False,True
33765,TampaBay,2014Q2,negative,-0.0752,1,…were trying to cover it up with too much air freshener. The male server was ok he really pushed the most expensive items on the menu. We won't ever go back to this place. DO NOT go here if you want good Mexican & a larger selection of food.…,False,True,,food_drinks|service_staff|price_value,False,False,False,True,True,True
33607,TampaBay,2014Q4,negative,-0.8196,1,…d to be on time from 10 min. to 15 min. waiting but lately their service went all the way down the last couple of times i use A-1 I had to wait 45 min. 5 economy parking bus service passed by no A-1 Bus showed up . very disappointing,True,True,access_transit,service_staff,True,False,False,False,True,False
70130,NewOrleans,2017Q4,negative,-0.9101,1,"…The cabin was what's to be expected on a cruise...functional and clean! However, the towels very more gray than white and the complimentary bath robes were cheap quality , stiff and coasre. The rest of the trip went downhill and fast. Form…",True,True,cleanliness_public_space,price_value,False,False,True,False,False,True
70116,NewOrleans,2017Q1,negative,-0.9888,1,"…lastic cover. No drawers or closet for your clothes. Sink in the bathroom was hanging off the wall, area rug by the bed was cut in half! Tiny space heater in corner, a/c had duct tape around it, Computer monitors are bigger than the tiny tv…",True,False,surroundings_safety,,False,True,False,False,False,False
70130,NewOrleans,2017Q4,negative,-0.5364,4,"…rox 15-20 minutes on a busy Sunday afternoon. After we were sat, server took awhile to take our order but when she finally did, was very nice. Food came out quick and server checked on us multiple times. I ordered the shrimp po boy. The san…",False,True,,food_drinks|service_staff,False,False,False,True,True,False
70112,NewOrleans,2017Q3,negative,-0.9766,1,"…d I had to excuse myself from the situation and call Budget. The customer service representative that I spoke with was unhelpful, short, and unwilling to problem solve for my situation. They informed me that this does happen frequently, and…",False,True,,service_staff,False,False,False,False,True,False
19102,Philadelphia,2012Q2,negative,-0.296,2,"…d ingredients,""fancy"" setting CONS: Everything else, almost The food could be better. The lobster risotto and seafood hot pot contained fine ingredients. Alas, the combination/execution of ingredients was terrible. The flavors and textures…",False,True,,food_drinks,False,False,False,True,False,False
19114,Philadelphia,2012Q2,negative,-0.6351,2,"The food wasn't very good (french onion soup and roast beef sandwich)- not sure how you can mess that up, and at a very expensive price. The only thing worth coming here for is the monkey bread.",False,True,,food_drinks|price_value,False,False,False,True,False,True
37203,Nashville,2016Q1,negative,-0.1856,4,"…ir vast menu. Her suggestion was a delicious beer! The cons: PARKING. I paid $12 to park there for 2 hours. That's frustrating. While I appreciate their lot being available and also so large, it's a bit of a pain having to pay so much m…",True,True,access_transit|cleanliness_public_space,food_drinks,True,False,True,True,False,False
37203,Nashville,2016Q4,negative,-0.1813,4,"…on corn tortillas. Park in the lot across the street, because parking is the worst part of the experience.",True,False,access_transit|surroundings_safety|cleanliness_public_space,,True,True,True,False,False,False
37205,Nashville,2016Q1,negative,-0.8775,2,…tomato. The sandwiches are pre-made at who the f**k knows. They taste like sh*t! No more!,False,True,,food_drinks,False,False,False,True,False,False
37204,Nashville,2016Q4,negative,-0.1969,1,…ter but we weren't. I asked for more water when they brought our food and my friend asked for hot sauce. Neither were brought to us. I had to flag down someone to ask for them. I also asked for salt and pepper at that time (those items shou…,False,True,,food_drinks,False,False,False,True,False,False
70118,NewOrleans,2014Q2,positive,0.9894,4,…g establishment. The food is tasty and flavorful at reasonable prices and served with a staff of genuine people who do everything to make sure you pass a good time. Breakfast is served at all open hours. The menu covers a diverse selectio…,False,True,,food_drinks|service_staff|price_value,False,False,False,True,True,True
70115,NewOrleans,2014Q2,positive,0.8329,2,"OVERPRICED NOT COMPETITIVE POOR VALUE TOO EXPENSIVE THE NUMBERS: a 12"" Carni Italiane (think MeatZZa )* is $18 at AMICI**; that's 38.46% higher than LA DOLCE VITA ($13) 24.13% higher than SLICE ($14.50***) 20.0% higher than PIZZA DOME…",False,True,,food_drinks|price_value,False,False,False,True,False,True
19147,Philadelphia,2016Q3,positive,0.9849,5,"…intage. The place Has huge floor to ceiling doors open to a wide sidewalk and al fresco seating, sort of like a Hawaiian lanai. You enter the place and it's like a modern rendition of Architectural Digest. Clean as a whistle. The barista,…",True,False,access_transit|cleanliness_public_space,,True,False,True,False,False,False
19147,Philadelphia,2016Q1,positive,0.8286,2,"…er and commercials, I have no complaints about the theatre. Free Parking near Center City, price consistent with other movie chains, comfortable theatres. Not a seat was taken in the front half of our theatre, because everyone sat in the ba…",True,True,access_transit,price_value,True,False,False,False,False,True
85705,Tucson,2014Q1,negative,-0.5449,1,"…t), and it smells terrible. The worse smell comes from the men's bathroom, and they always leave the door open to try to air it out, but it seems more like a serious plumbing issue that needs to be resolved. The smell mixes with the food, a…",False,True,,food_drinks,False,False,False,True,False,False
85718,Tucson,2014Q3,negative,-0.5093,1,…ion error that had me return to both pharmacy and urgent care to clean it up. What a time suck... I spent an extra hour to hour and a half getting the prescription adjusted and filled again. Indeed GO SOMEWHERE ELSE! I should have listened…,True,False,cleanliness_public_space,,False,False,True,False,False,False
85704,Tucson,2018Q3,positive,0.9642,5,…minutes which wasn't bad on a Saturday at 6:30. The items in the menu are perfect portions. There were a few of us so we ordered the following. The food was to die for and I'll return a million more times. Steak and Frittes- the sauce on…,False,True,,food_drinks,False,False,False,True,False,False
85701,Tucson,2018Q1,positive,0.9605,5,"This is by far the absolute best Mexican meal I have EVER had in my life. The Burrito was amazing. The flavors of chicken, cheese, chilis were so perfect with cheese melted and it just had an explosion of flavor in my mout. There were Vegan…",False,True,,food_drinks,False,False,False,True,False,False
33705,TampaBay,2013Q3,negative,-0.8126,1,"…ed in the depth of my mistake became apparent. One there is ""NO"" parking i mean (none) at all they don't have a useable parking lot. Something that may seem not that big of a deal. every resident here has gotten towed at least 4-5 times (pl…",True,True,access_transit,price_value,True,False,False,False,False,True
33626,TampaBay,2013Q4,negative,-0.8691,4,"…even caps each end of the street at each intersection for easily accessible snack trips, but only if you are on the right side of the street. If not, prepare to enter uncertain legal U-Turn HELL. They are trying to sell hot pizza now. I h…",True,True,access_transit|surroundings_safety,food_drinks,True,True,False,True,False,False
19107,Philadelphia,2015Q1,negative,-0.9714,1,"…people (at least 15+), including myself, got violently ill from food poisoning. It is now March 3 and I have not fully recovered. Not sure what got us ill, but vegetarians didn't get sick which lead us to believe it was the meat. This wa…",False,True,,food_drinks,False,False,False,True,False,False
19130,Philadelphia,2015Q2,negative,-0.3818,2,"…ntive & lackadaisical to say the least. For the only half decent food in Fairmount (which took way too long after ordering at a slow time in the restaurant), they should really work on service & speed.",False,True,,food_drinks|service_staff,False,False,False,True,True,False
37203,Nashville,2016Q1,positive,0.9603,5,…will be back. The only bad thing I will say is there isn't much parking and they do offer valet so be prepared to pay for parking.,True,False,access_transit,,True,False,False,False,False,False
37211,Nashville,2016Q2,positive,0.9652,5,"…o anything but unlock the car. John was even able to transfer my parking decal from the old windshield to the new. New windshield looks perfect, and they gave me a can of glass cleaner/polisher to boot. Great experience overall, and I'd def…",True,False,access_transit,,True,False,False,False,False,False
85705,Tucson,2016Q4,neutral,0.0,3,…scheduled oil change and tire rotation at a steeper than normal price.,False,True,,price_value,False,False,False,False,False,True
85705,Tucson,2016Q3,neutral,0.0129,5,"…ve been with them ever since through two other cars. They're not cheap, but they're fair, the work is always done right, and they don't try to sell you extra services. A couple of times, Joe has even come over to jump my car so I could get…",False,True,,price_value,False,False,False,False,False,True
37211,Nashville,2017Q2,negative,-0.5946,1,"…made major moves 14 times in my life. This was one of the most expensive and most certainly the very worst Update: in his response to this review he claims to have given me $3K off this move. Well, I paid almost $3K. Is a $6000 moving job…",False,True,,price_value,False,False,False,False,False,True
37203,Nashville,2017Q2,negative,-0.1149,2,"…is rated as highly as it is. This may be the most overrated and overpriced place in Nashville. I ordered a Bloody Mary (for $10.50), it was made with a mix from Kroger. Not kidding, it was the $7 zing zing mix with the green label. I'm not…",False,True,,price_value,False,False,False,False,False,True
37211,Nashville,2017Q2,negative,-0.9513,1,"…e. It was a bother for her to smile, take our order, bring our meals, say your welcome, or anything. Being treated that way ruined our meal. I was going to ask to speak to the manager, but I thought that if they allow her to work there…",False,True,,food_drinks,False,False,False,True,False,False
37221,Nashville,2017Q2,negative,-0.6124,1,…de it to my table. Waiter had the wrong cheese dip and the salsa taste like ketchup obviously canned. The only good thing was the sprite. This place is a no go on my list,False,True,,food_drinks|service_staff,False,False,False,True,True,False
19107,Philadelphia,2017Q3,positive,0.9941,5,…y find yourself a sticker shock as a whole fish can start in the neighborhood of $50. However if you come in a group and share the meal and add a number of vegetables to the sauce and you can eat a very filling meal for a low cost per perso…,True,True,surroundings_safety,food_drinks|price_value,False,True,False,True,False,True
19125,Philadelphia,2017Q1,positive,0.9126,5,…r her birthday and she mentioned this new spray tan place in her neighborhood. I was a little hesitant because I've had bad experiences in the past but we booked appointments none the less. Best spray tan I have ever gotten! They made me fe…,True,False,surroundings_safety,,False,True,False,False,False,False
70112,NewOrleans,2018Q1,positive,0.9473,3,"…. He could have at least grabbed a manager. Also the tables were filthy. Other than that, the red beans and rice and the sausage that comes with them were a great meal. I'd go back for that, alone. Right in the heart of the French Quarter",True,True,cleanliness_public_space,food_drinks,False,False,True,True,False,False
70112,NewOrleans,2018Q2,positive,0.5583,4,Electric lemonade was great. Bartender guy was nice. Bathrooms are not great. Floor and table was sticky.,False,True,,service_staff,False,False,False,False,True,False
37203,Nashville,2015Q4,positive,0.9192,4,…. I'll likely be back next weekend. Pro tip: there is another bathroom in the back of the bar. Use that one instead of waiting in line for the john in the main bar area.,True,False,surroundings_safety,,False,True,False,False,False,False
37210,Nashville,2015Q3,positive,0.9874,3,"…aff, lots of hired help, lots of people to keep it organized and clean. Aisles are wide so no one knocks into the other. It's spacious and cavernous. I'm not sure about the menu. Nothing really popped out at us, and we weren't looking t…",True,True,cleanliness_public_space,food_drinks,False,False,True,True,False,False
19127,Philadelphia,2015Q3,negative,-0.681,1,…physician twice. Don't trust them with your medical records. The staff was unfriendly and aloof.,False,True,,service_staff,False,False,False,False,True,False
19103,Philadelphia,2015Q2,negative,-0.8471,1,"…and tasted like nothing. I ate one spoonful. That's it. Told server the soup was not good. He said sorry to hear that, took away the full bowl of soup, brought us the bill and left the soup on the tab. We asked why it was still on the…",False,True,,service_staff|price_value,False,False,False,False,True,True
70119,NewOrleans,2014Q4,positive,0.8931,4,"…d birdwatchers, it's some nice digs. Nice, clean bathrooms, bike parking just outside, no private lot but there's ample street parking so there shouldn't be much of an issue with that. If you're into carrot cake, try the carrot cake, it's…",True,False,access_transit|surroundings_safety|cleanliness_public_space,,True,True,True,False,False,False
70115,NewOrleans,2014Q3,positive,0.9811,4,…easily missed. The sign is not on the actual building but on a sidewalk marquee. I drove by a few times because I wasn't sure since the building is another restaurant. Once I walked up I almost decided against NOLA-Q because it was com…,True,False,access_transit,,True,False,False,False,False,False
33701,TampaBay,2018Q1,positive,0.996,5,"…e, it can be easily distinguished because not many houses have a parking lot. Old Southeast Market can be described as a hidden gem. The staff are friendly and helpful and the location is welcoming, very neighborhood-friendly. The market i…",True,True,access_transit|surroundings_safety,service_staff,True,True,False,False,True,False
33607,TampaBay,2018Q4,positive,0.794,4,…ually really good. Turkey was fresh and the bread was excellent. Parking lot is small and tight but we managed to do ok.,True,False,access_transit,,True,False,False,False,False,False
70130,NewOrleans,2018Q2,negative,-0.9579,1,…ing sound that no one can sleep through. Really!? 4. The pool bathrooms...there is only ONE that bith men and women have to share ...one super crappy shower with a flimsy shower curtain so no privacy (you have to keep your suit on) and o…,False,False,,,False,False,False,False,False,False
70118,NewOrleans,2018Q3,negative,-0.4019,2,"Biscuits were good. Service was garbage. Food came out lukewarm, as did the coffee. Crab omelette was inedible. Mustachioed waiter came to see us only once to get our order and once to take our check. Intentionally avoided eye contact to av…",True,True,cleanliness_public_space,food_drinks|service_staff|price_value,False,False,True,True,True,True
70130,NewOrleans,2018Q4,negative,-0.8171,2,…ally did our research and we really looking forward to this. The food was great but bad customer service is hard to forget completely ruined the experience. The servers name was Emily,False,True,,food_drinks|service_staff,False,False,False,True,True,False
70112,NewOrleans,2018Q2,negative,-0.9817,1,"…issed so much! But we are only two of the 78,138 people tonight. Food is expensive, mediocre, so eat before you get here. (MY OPINION AND EXPERIENCE).",False,True,,food_drinks|price_value,False,False,False,True,False,True
37203,Nashville,2012Q3,positive,0.7351,3,…a. They don't tell you that they charge you because it's on the menu under appetizers. Loved the ribs and Mac and cheese. Fries are ok and the brisket was average.,False,True,,food_drinks,False,False,False,True,False,False
37201,Nashville,2012Q4,positive,0.9634,4,"…hotel included in the price; different styles of eggs, sausage, delicious fresh hot biscuits, make your own waffles and fruit just to name a few things. We also enjoyed some time in the large indoor pool and hot tub. Our room was extremely…",False,True,,food_drinks|price_value,False,False,False,True,False,True
70130,NewOrleans,2017Q3,positive,0.9667,5,"…us - this place is BUSY. Like ""30 people standing outside on the sidewalk"" busy. The Ruby Slipper has a good-sized menu with lots of choices, from Southern specials to standard-fare pancakes and bacon. Our waitress Julie was excellent- one…",True,True,access_transit,food_drinks|service_staff,True,False,False,True,True,False
70121,NewOrleans,2017Q4,positive,0.9439,4,…and he is on this seasons The Voice! #teamadampearce #thevoice Parking is take it if you see it and not too hard to find. Be prepared to walk. You can buy a drink at the bar while waiting in the long line for the House of Shock. #dontlik…,True,True,access_transit,food_drinks,True,False,False,True,False,False
19153,Philadelphia,2018Q2,positive,0.7921,1,"Disgusting! Don't do it! I threw it in the trash. Steak was tough enough to use as shoe leather. Bread not toasted, cheese not melted, raw onion chunks were completely uncooked, forgot my mushrooms. You can see the employees have a total ""I…",True,True,cleanliness_public_space,service_staff,False,False,True,False,True,False
19107,Philadelphia,2018Q2,positive,0.9849,5,"…5 star. From relaxed to good times at the bar, it's up to you. Cleanliness- 4 star",True,False,cleanliness_public_space,,False,False,True,False,False,False
19107,Philadelphia,2018Q2,negative,-0.63,4,"Fast, fresh, cheap, and delicious. Service is fast but not friendly. Place could be cleaner, but no one there seems to mind. Table turnover is nuts. Get the bok choy.",False,True,,food_drinks|service_staff|price_value,False,False,False,True,True,True
19130,Philadelphia,2018Q3,negative,-0.1779,3,Tasty food. Friendly people. Prices reasonable. Accessibility was horrible. They have a portable ramp that is too steep. It also hard to navigate through the restaurant. If it were more inclusive I would have rated 4 stars.,True,True,access_transit,food_drinks|service_staff|price_value,True,False,False,True,True,True
19125,Philadelphia,2018Q1,negative,-0.9957,2,"…nd of culinary/cultural epiphany, but I figured ""Hell, maybe the servers are feral. I can cook meat on a rock!"" So, off we set. Nothing could have prepared me for the reality of this place. The truck out front is pretty cool i guess. No…",False,True,,service_staff,False,False,False,False,True,False
19103,Philadelphia,2018Q4,negative,-0.1466,1,"…w, no information relayed from opentable. I am appalled at this customer service. If anyone has information on why this happened I would be VERY interested to know why they didn't feel the need to let their patrons know.",False,True,,service_staff,False,False,False,False,True,False
19122,Philadelphia,2018Q2,negative,-0.4767,1,I'd give this place a big fat zero. Food takes forever to make and the bathrooms are gross.,False,True,,food_drinks,False,False,False,True,False,False
19126,Philadelphia,2018Q4,negative,-0.4182,5,…half so I always choose soy sauce and spicy. I had sweet chili flavor but I didn't like it as much because it made the rings a bit soggy and not spicy enough. Both the soy sauce and spicy are soooooo tasty that I want some more as I'm wr…,False,True,,food_drinks,False,False,False,True,False,False
37221,Nashville,2016Q2,negative,-0.7482,1,"This is a terribly run restaurant. The waiter, Joel R, took forever to get to my table. When he finally did, he just asked for my order. Then later he gave me the bill, he didn't ask if I wanted anything else or another drink. He was so awk…",False,True,,food_drinks|service_staff|price_value,False,False,False,True,True,True
37201,Nashville,2016Q2,negative,-0.9371,1,"…n ...never have I experienced such a horrible and unprofessional waitress. She was acting on behalf of the owner, but was downright awful to us. She wouldn't serve us. Normally I would offer an explanation but there is none. There isn't eve…",False,True,,service_staff,False,False,False,False,True,False
33703,TampaBay,2013Q4,positive,0.9907,4,"…en mood. DON'T FEAR THE LOCATION Yes, it's in a neighborhood. I parked along the street easily and didn't have any neighbors trying to push my car away. Even on a ""busy"" night I was still able to park less than a block away. Definitely go…",True,False,access_transit|surroundings_safety|cleanliness_public_space,,True,True,True,False,False,False
33701,TampaBay,2013Q2,positive,0.8225,4,Sidewalk seating is the way to go on a nice weekend day. Live acoustic guitar playing next door. Shrimp PoBoy is touted as one of the best....,True,False,access_transit,,True,False,False,False,False,False
19131,Philadelphia,2016Q4,positive,0.9528,4,"…'ve never eaten in the restaurant, but I can imagine it's good - clean, lots of seating, and attentive staff.",True,True,cleanliness_public_space,service_staff,False,False,True,False,True,False
19103,Philadelphia,2016Q4,positive,0.9699,4,"…e we got into the building and up to the 5th floor the space was clean, bright and welcoming. We signed waivers and were escorted into the treatment room. We changed into robes, socks, gloves, and ugg boots for the feet, all of which they p…",True,False,cleanliness_public_space,,False,False,True,False,False,False
33771,TampaBay,2016Q2,negative,-0.8395,2,…em to the register where I waited and waited and waited until an employee (who was very rude and aggressive btw) ran out from the back. She then weighed my items which were heavier than what the other scale showed. NOT COOL! In summary: R…,False,True,,service_staff,False,False,False,False,True,False
33701,TampaBay,2016Q1,negative,-0.886,1,"Horrible service. Came here for a bachelorette party and waited over 3 hours for a table. Once we finally got a table, we had the world's rudest server. Hurried us through our food orders and never brought us chips and salsa. We asked to sp…",False,True,,food_drinks|service_staff,False,False,False,True,True,False
70115,NewOrleans,2013Q1,positive,0.9488,3,"…you can even get an alligator dog here so go wild and explore! Bathrooms are out on the patio which make it easy for a ""pit stop"" even if you are not buying anything. Drinks went in ""to go"" cups and we were back on our tour. But Dat Dog…",True,True,cleanliness_public_space,food_drinks,False,False,True,True,False,False
70116,NewOrleans,2013Q1,positive,0.9969,4,…d the third room (#23) for the last couple was large with a HUGE bathroom! The courtyard was super cute and filled with tables and chairs for hanging out. There is also a hot tub should you need to soothe aching legs and feet from walking…,True,False,access_transit,,True,False,False,False,False,False
33606,TampaBay,2018Q3,positive,0.945,4,"…ning, studying, to event hosting, etc. The restaurant has a nice clean and industrial aesthetic to it. They serve simple American dishes like salad and sandwiches. We came for lunch and ordered fried brussels sprouts, seasonal chopped salad…",True,True,cleanliness_public_space,food_drinks,False,False,True,True,False,False
33635,TampaBay,2018Q2,positive,0.9436,5,…. Had Lance the last 2 times and will always request him! It's a clean comfortable atmosphere. I've never had a facial so next time going to give it a try next time along with a massage ofcourse :),True,False,cleanliness_public_space,,False,False,True,False,False,False
33716,TampaBay,2017Q1,negative,-0.3235,1,"…st wanted to let you know your neighbor was digging through your trash last night."" When my washing machine broke it took them over THREE weeks to get someone to come look at it after I called in multiple times. Don't live here it's not wor…",True,False,cleanliness_public_space,,False,False,True,False,False,False
33612,TampaBay,2017Q2,negative,-0.8094,1,"Sold me a car with bald tires, dirty as sin, and miscellaneous broken pieces (tail lights, threading, switches, etc.). Was told nothing was wrong with car and OEM white gloss. Came painted matte white and OEM yellow. UnSat!",True,False,cleanliness_public_space,,False,False,True,False,False,False
85710,Tucson,2016Q3,positive,0.9968,5,"…this McDonalds location. (22nd/Kolb) Everything about it. The parking is easy to get in and out of, the lay out of the building and playground are nice, the menu board, the seats, place is ALWAYS CLEAN .... And the people that work here…",True,True,access_transit|cleanliness_public_space,food_drinks,True,False,True,True,False,False
85712,Tucson,2016Q2,positive,0.9621,5,…f it has been delightful! It is always busy and there is limited parking so be wary of that. One of the best Mediterranean places in town for sure! I would highly recommend this place but if you are going at peak lunch or dinner times you m…,True,False,access_transit,,True,False,False,False,False,False
85743,Tucson,2016Q3,positive,0.9536,5,…s ready for pickup. Great lunch specials for like $6. It is very clean and you are able to see the kitchen so you know where your food is coming from. Also there is no msg in their food,True,True,cleanliness_public_space,food_drinks,False,False,True,True,False,False
85712,Tucson,2016Q3,positive,0.9778,5,"…l bar, great cheesesteaks... love to go here for lunch. Place is clean, bathrooms are clean, and service is great. Check it out! It's a tucson must visit!",True,True,cleanliness_public_space,service_staff|price_value,False,False,True,False,True,True
33612,TampaBay,2015Q2,negative,-0.1531,1,"My food was not hot when I got it, the sandwich and pizza were both cold, hard and dry. I'm truly disappointed and will never order from here again.",False,True,,food_drinks,False,False,False,True,False,False
33605,TampaBay,2015Q1,negative,-0.7421,1,Worst food ever. No joke. Sobered me quick. It seriously tasted like a 3rd grade Elmer's glue project...and over priced. You were warned.,False,True,,food_drinks,False,False,False,True,False,False
33625,TampaBay,2012Q1,neutral,0.0,1,There's a point when pushing a sale trumps customer service . Over priced tea that is served as sugar water.,False,True,,service_staff,False,False,False,False,True,False
33705,TampaBay,2012Q3,neutral,0.0258,4,…e able to order a drink. Non-smokers beware and there is no food service,False,True,,food_drinks|service_staff,False,False,False,True,True,False
33614,TampaBay,2012Q3,neutral,0.0258,4,A nice alternative to fast food burgers and pizza nonsense,False,True,,food_drinks,False,False,False,True,False,False
33629,TampaBay,2012Q4,neutral,-0.0243,2,"…more patience than I do - I was about to head out the door). The food was good, not great. And the horrible service kinda set the tone for the whole meal.",False,True,,food_drinks|service_staff,False,False,False,True,True,False
19103,Philadelphia,2012Q2,negative,-0.5022,2,"Not impressed at all. The service was absolutely terrible. We were waiting for a friend to join us and until then we couldn't order an appetizer or get any service. Once we ordered our food, it took a very long time to arrive. Then , only…",False,True,,food_drinks|service_staff,False,False,False,True,True,False
19106,Philadelphia,2012Q2,negative,-0.69,2,"…went there yesterday and because of the heat we sat inside. The waiter sat us and brought one, yes only one, set of utensils. We didn't get the second set until we asked 10 mins later. I didn't mind that much because I knew their food wa…",False,True,,food_drinks|service_staff,False,False,False,True,True,False
19114,Philadelphia,2016Q4,positive,0.9348,4,…e Anna enough for two meals. The salads are gigantic. A quaint neighborhood bar and restaurant. Well definitely have dinner here again,True,True,surroundings_safety,food_drinks,False,True,False,True,False,False
19119,Philadelphia,2016Q4,positive,0.8689,5,"Great neighborhood spot. We've been regulars since the Diner opened, for solid breakfast and creative dinner options. Fave menu item: pecan encrusted chicken over greens. My son would say the burgers & chocolate shake.",True,True,surroundings_safety,food_drinks,False,True,False,True,False,False
37211,Nashville,2018Q3,negative,-0.9437,1,…f my issues have been with ProCraft Cabinetry and their terrible customer service/warehousing. The cabinets have seemed to be of good quality (those of which I actually received). First the order showed up with over 15 items missing as wel…,False,True,,service_staff,False,False,False,False,True,False
37217,Nashville,2018Q2,negative,-0.0736,2,"…ng on a plate. Beyond the food, there are basic issues with the service and facilities. The bathrooms were out of order. I'm not sure if you can operate a restaurant with no place for customers to use the facilities. Our order was effectiv…",False,True,,food_drinks|service_staff,False,False,False,True,True,False
85702,Tucson,2014Q4,positive,0.9134,4,"…stand by the 6th Ave. underpass. It was very dark this year, the street lights went on and off. It was hard to see all the marchers. Love the Mariachi dancers and players. Some great props, miss the UofA marching band this year. Great event…",True,False,surroundings_safety,,False,True,False,False,False,False
85750,Tucson,2014Q2,positive,0.563,2,…ore time at Abbey with so many reliably excellent choices in the neighborhood.,True,False,surroundings_safety,,False,True,False,False,False,False
85741,Tucson,2017Q2,positive,0.9824,3,"…we walked in, was a musky odor. I even went down the hall to the bathroom and the odor got a bit stronger. To be quite honest, the whole place needs a facelift. Next, we had a coupon that was still good. But I presented it upfront to the…",False,False,,,False,False,False,False,False,False
85718,Tucson,2017Q2,positive,0.9947,5,"…rom this salon in the future as well, which I will. The salon is clean and the decor is nice. Definitely a nice first experience here.",True,False,cleanliness_public_space,,False,False,True,False,False,False
19102,Philadelphia,2013Q1,negative,-0.4811,3,"…r. The food wasn't spectacular, but it also never let me down. Prices were reasonable: you could get a decent meal and 2 beers + tip for about $20. In short, I wanted to like it. However, I have one giant problem with Ladder 15: the emb…",False,True,,food_drinks|price_value,False,False,False,True,False,True
19148,Philadelphia,2013Q4,negative,-0.1779,3,"…y offer a wide variety of quality dancewear products at a decent price, but don't have many options for any one kind of product, at least not for men's dancewear. The location's convenient if you live in the city, and I always stop by here…",False,True,,price_value,False,False,False,False,False,True
19130,Philadelphia,2013Q4,negative,-0.7172,3,"Food and pastries are okay - not great. They LOOK great, but looks can be deceiving. The people who work there - some are super friendly and nice, some are obviously bored. Never know what to expect. The prices are a little high. Main…",False,True,,food_drinks|service_staff|price_value,False,False,False,True,True,True
19147,Philadelphia,2013Q4,negative,-0.429,3,"…e eats instead! Chart House offers free valet parking with your meal, but otherwise below average and slow service. Beyond those views, it offers what appears to be a solid menu, especially for seafood lovers. Having dined with a large p…",True,True,access_transit,food_drinks|service_staff,True,False,False,True,True,False
33625,TampaBay,2018Q2,negative,-0.8225,1,"…t order wrong because they let their young kids take the order. Food is inconsistent, different cook every week. This week they got the ice wrong, the broccoli wrong, no extra sauce on the side, and other sauce was unedible. The only good…",False,True,,food_drinks,False,False,False,True,False,False
33771,TampaBay,2018Q3,negative,-0.5423,1,Bright and colorful decor bit restaurant is dirty and food is poor quality. Chicken is dry and rice is dry and hard.,True,True,cleanliness_public_space,food_drinks,False,False,True,True,False,False
37208,Nashville,2015Q4,positive,0.6521,4,"…nd I will be back as it's a cool spot just outside of the 37206. Parking can be tight like everywhere, however they have valet available.",True,False,access_transit,,True,False,False,False,False,False
37203,Nashville,2015Q1,positive,0.9743,2,"…bar was ""too busy"". PRICE: Pricing for shows is competitive. PARKING: Valet - I've been charged $5 sometimes then they didn't collect payment another time..not sure what the deal is, but they never seem to have enough attendants working…",True,True,access_transit,price_value,True,False,False,False,False,True
19103,Philadelphia,2014Q2,positive,0.9312,5,…ally have decent specials too. They are also the only bar in the neighborhood with a dart board which is alway fun. I bring all of my out of town friends there. No better bar around.,True,False,surroundings_safety,,False,True,False,False,False,False
19147,Philadelphia,2014Q4,positive,0.9967,3,"…of chocolate and chocolate-covered-things. No music, no friendly neighborhood greeting, no frills other than the chocolate views taken in by every patron. What I ordered: Having seen more chocolate covered pretzels and pizzelles than anyth…",True,True,surroundings_safety,service_staff,False,True,False,False,True,False
70130,NewOrleans,2016Q2,negative,-0.3182,1,…ould give zero stars. They gave us new fries but charged us full price for our meal. Should have walked out. Don't go here...,False,True,,food_drinks|price_value,False,False,False,True,False,True
70130,NewOrleans,2016Q4,negative,-0.9108,2,"…toppings and meat across your whole sandwich is asking too much. Overpriced for the quality of food and the server was rude. We will stick with Drago's for charbroiled oysters, theirs are a million times better!",False,True,,food_drinks|service_staff|price_value,False,False,False,True,True,True
33606,TampaBay,2013Q1,positive,0.9743,5,…Yelp has made it so much easier when stepping out of comfortable neighborhood. I had an eye doctor appointment at the Optic Shop and we decided to eat here for breakfast. It was amazing!!! The eggs benedict were by far the best I have e…,True,False,surroundings_safety,,False,True,False,False,False,False
33629,TampaBay,2013Q1,positive,0.9543,4,"…are all different age groups. Its hard to find hipsters in this neighborhood. Who knows. Either way, my waitress was very friendly and super patient. I had lots of questions. They have a couple beers on tap as well as a pretty good bottl…",True,True,surroundings_safety,service_staff,False,True,False,False,True,False
33606,TampaBay,2017Q2,negative,-0.1097,1,…se had a very weird taste to it. This place in my opinion is way overpriced for the quality of the danish I ate. What a waste of calories. I do wish I was able to try something else but unfortunately they ran out of every single thing. I do…,False,True,,food_drinks|price_value,False,False,False,True,False,True
33647,TampaBay,2017Q4,negative,-0.9242,1,…ting on a gem in THIS area (much needed in New Tampa) but having prices and more so rude ppl like this work there is a huge mistake.,True,True,surroundings_safety,service_staff|price_value,False,True,False,False,True,True
19145,Philadelphia,2013Q3,negative,-0.7092,1,"…lined probably hadn't been cleaned in recent months either. The restroom was also a disgrace. Maybe if it were 11pm on a Saturday night I would have dismissed this, but it was almost noon. We didn't order food because we had plans for th…",False,True,,food_drinks,False,False,False,True,False,False
19104,Philadelphia,2013Q2,negative,-0.6596,2,"…rticularly spoiled, with a mild but noticeable rotting aroma, of garbage. It was so bad that the first I caught a whiff of it, I wondered if someone was taking garbage out in the kitchen...but upon smelling items on the table, I realized t…",True,False,cleanliness_public_space,,False,False,True,False,False,False
19107,Philadelphia,2013Q2,negative,-0.9521,3,"…ure, and this time was a bit disappointed in the attitude of the staff. When I came in I immediately felt the disapproving eyes of servers who were wary of me. As I've often pointed out this usually comes from how I appear (casually dressed…",False,True,,service_staff,False,False,False,False,True,False
19130,Philadelphia,2013Q3,negative,-0.9742,1,Worst customer service ever!!! No interest in to save their lives. My friend who lives in the neighborhood placed a pick up order. 30minutes later I go to pick it up only to be told they had no phone order. I'm standing there thinking t…,True,True,surroundings_safety,service_staff,False,True,False,False,True,False
19107,Philadelphia,2018Q1,negative,-0.7184,2,…y; lobster with ginger and scallions was mediocre. The floor was dirty and smelly. I picked the wrong place for a business dinner.,True,False,cleanliness_public_space,,False,False,True,False,False,False
19140,Philadelphia,2018Q2,negative,-0.9118,1,"This place is absolute trash. I had gone here multiple times and there is always something wrong with the location. The final time I went there, I got home and I had chilli cheese fries missing from my order which I paid for. Another time,…",True,False,cleanliness_public_space,,False,False,True,False,False,False
70130,NewOrleans,2017Q4,negative,-0.6594,1,…rab dip (forgot what it was called)...at $15 had NO crab I could taste or see. Hubby did enjoy the shrimp and grits but barely touched his jambalaya! It was our first meal in NOLA and just so disappointing. They did comp us for the fried ch…,False,True,,food_drinks,False,False,False,True,False,False
70130,NewOrleans,2017Q4,negative,-0.128,1,"If you like overpriced, pretentious food with a side of rude customer service then this place if for you.",False,True,,food_drinks|service_staff|price_value,False,False,False,True,True,True
85711,Tucson,2017Q1,negative,-0.9846,1,"…o old couples; not a good sign. I placed a to-go order. Half the menu wasn't showing to the to-go area (I knew this because I looked at the menu on their website beforehand), so I had to ask if they had the chicken penne pasta (they did.) T…",True,True,surroundings_safety,food_drinks,False,True,False,True,False,False
85705,Tucson,2017Q4,negative,-0.1043,5,…This time I had ants getting into the house and eating the dogs food. All I had to do was mention dog food and they took me directly to an aisle with several options. Air tight and weather proof containers big enough to hold up to 50 lbs o…,False,True,,food_drinks,False,False,False,True,False,False
85705,Tucson,2018Q1,negative,-0.7812,1,"…charge."" really meant that he just wanted us to be aware of the products they have for sale in case we wanted to buy one. Well, the rains have come and we have a leak on our roof. We had a man up there to look and he found that the roof…",False,False,,,False,False,False,False,False,False
85745,Tucson,2018Q3,negative,-0.8536,1,"…ily special to be - cold & warm in places, no lettuce shreds, no flavor, rice blah, & a meager dollop of beans. Chips and salsa are REALLY lacking any deliciousness. Blah & not worth those calories! Disappointment. Fellow companion had c…",False,True,,food_drinks|price_value,False,False,False,True,False,True
37203,Nashville,2018Q3,negative,-0.6652,3,"Excellent food and atmosphere. I was confused as to why I was told at my 11am reservation that the patio wasn't open as I requested. However when my date and I left, the patio was open. Again, great food and atmosphere but the server was wa…",True,True,cleanliness_public_space,food_drinks|service_staff,False,False,True,True,True,False
37206,Nashville,2018Q3,negative,-0.3734,3,…ce. Servers act like you don't exist. They all eat while serving food and sushi roller is on his phone in between each sushi roll. Sad since the food is so good. Only come here if you have hours to kill,False,True,,food_drinks|service_staff,False,False,False,True,True,False
70130,NewOrleans,2012Q2,positive,0.976,4,"…didn't care much, as it wasn't something that signaled a lack of cleanliness. But, they swooped on in without a word, took my plate, and dashed off. The manager swung by, and apologized profusely, swearing that everything was 'taken care of…",True,False,cleanliness_public_space,,False,False,True,False,False,False
70115,NewOrleans,2012Q1,positive,0.9771,5,"Nice clean store, great selection, and friendly employees! I stumbled in there not looking for anything in particular and this really cute employee, Savannah asked me what kinda music I was into and after a second was able to pick out some…",True,True,cleanliness_public_space,service_staff,False,False,True,False,True,False
33618,TampaBay,2016Q2,negative,-0.2033,3,…e where the seat I was about to sit in was filled with water and food from the previous guests. Thankfully I noticed it before I sat down and had the hostess move us to a booth instead. We ordered our meals and the food came promptly. I or…,False,True,,food_drinks,False,False,False,True,False,False
33781,TampaBay,2016Q2,negative,-0.0516,4,…od. Ban mei sandwich was as well. They have a few beers on the menu and the prices were ridiculously low. Service was good and u can tell it's authentic by the patrons thay come here. I hit it up everytime I can,False,True,,food_drinks|service_staff|price_value,False,False,False,True,True,True
37208,Nashville,2016Q3,positive,0.9809,5,"…borhood. It is such a great quaint coffee spot. Inside was very clean and modern, yet still felt homey. I had coffee with butterscotch. The butterscotch is made in house. The barista narrowed down what I would like and he hit the nail on…",True,True,cleanliness_public_space,food_drinks,False,False,True,True,False,False
37203,Nashville,2016Q4,positive,0.9897,5,…out of his way to help us and i will be forever grateful. Very clean and good location. We will be back! Also love love love the pet policy.,True,False,cleanliness_public_space,,False,False,True,False,False,False
37212,Nashville,2013Q3,positive,0.9688,4,"…for a jog, you'll come across Burger Up nestled in the 12 South Neighborhood, serving up some of tastiest burger creations this side of ""The Pharmacy"". This restaurant specializes in using super high quality local meat/ingredients, and yo…",True,True,surroundings_safety,food_drinks,False,True,False,True,False,False
37206,Nashville,2013Q4,positive,0.8729,4,Nice neighborhood place. Away from the more congested areas of east Nashville. Some corner lots that gave ample parking despite Friday 8 pm reservation. Service not rushed. Smaller establishment and noise can carry. More casual atmosphere.…,True,True,access_transit|surroundings_safety,service_staff,True,True,False,False,True,False
19103,Philadelphia,2016Q4,negative,-0.9474,1,"This Company owns the NJ Transit Parking lot, I'm not sure how they get it , but they are not good at it. They only has so limited spots and they gave me a ticket even I'm not parking in there parking lot, my car was parked by a tree surrou…",True,False,access_transit,,True,False,False,False,False,False
19103,Philadelphia,2016Q2,negative,-0.7084,1,"…ANYWHERE ELSE. Hopefully it will go out of business and become a parking lot...or even abandoned lot - it would be a better use of space. An ABANDONED LOT would be a better use of space. Yours truly, Giancarlo",True,False,access_transit,,True,False,False,False,False,False
70118,NewOrleans,2012Q4,positive,0.5498,3,"…either use public transportation, or if you must drive, carpool. Parking within 10 blocks becomes non-existent after 11am.",True,False,access_transit,,True,False,False,False,False,False
70118,NewOrleans,2012Q4,positive,0.9763,5,"…ice on house wines by the glass. REALLY tiny though, and street parking only.",True,False,access_transit|surroundings_safety,,True,True,False,False,False,False
19114,Philadelphia,2018Q4,negative,-0.966,1,…inform me that Body Magic basically ripped me off and created an unsafe driving situation for my family and myself. It was reported to me that the wrong parts were put on my car and they were glued on rather than being installed correctly.…,True,False,surroundings_safety,,False,True,False,False,False,False
19103,Philadelphia,2018Q4,negative,-0.4404,3,"…e out the door & down the street in 25 degree weather. The whole neighborhood was slammed with people. 'A' found this place on Yelp. This place is more of a bar&grill than a traditional cheesesteak joint. We both got the ""Block"", your basi…",True,False,surroundings_safety,,False,True,False,False,False,False
85701,Tucson,2013Q3,positive,0.9396,1,…I said and did. I will stand by what I wrote. What you and your employee did to me was very unprofessional and rude. I've NEVER EVER been so humiliated in my life. If I was as drunk as you made it seemed then this post would've never made…,False,True,,service_staff,False,False,False,False,True,False
85706,Tucson,2013Q1,positive,0.9563,4,"…tropical/marine decor is a hoot and adds to the experience. The waitresses are friendly, though were overwhelmed on one visit by the lunch crush. Had to go up and get my check myself, that kind of overwhelmed. But certainly a great littl…",False,True,,service_staff|price_value,False,False,False,False,True,True
19107,Philadelphia,2017Q2,negative,-0.973,3,"…od is disappointing. furthermore, the electrical outlets in the bathroom were horrible, HORRIBLE!! I would plug in my electric shaver and the electric outlests were so wide it would not stay in there. Even trying to make the blades on my…",False,False,,,False,False,False,False,False,False
19153,Philadelphia,2017Q2,negative,-0.7184,3,"…ay between philly and Boston. There were no snacks, beverages or restrooms so it didn't work for me at all in this instance. It took the attendant a couple tries to find me an unoccupied space which must have been awkward and annoying for t…",False,False,,,False,False,False,False,False,False
37219,Nashville,2017Q2,negative,-0.8748,1,…tour which we found out once we got on our tour(and we told the cashier that we had a tour at 10:30). We definitely had the B Team this morning so sad this was how our Ryman experience started out.,False,True,,service_staff,False,False,False,False,True,False
37214,Nashville,2017Q2,negative,-0.7579,2,I would give it a one but our waiter Kyle and the cashier Sam gave it a extra star. The manger Sean made my list of worst manger ever. To boot the food which is normal good was bearly edible tonight. Once again Sean failed there too. I woul…,False,True,,food_drinks|service_staff,False,False,False,True,True,False
19106,Philadelphia,2015Q2,neutral,0.0258,1,"Pretty much an overpriced tourist trap. Spent $50 on two beers and some obviously frozen foodservice appetizers. The 'cash only' restriction was just another annoyance. The ATM inside also rips you off. We were the only people there, and…",False,True,,price_value,False,False,False,False,False,True
19107,Philadelphia,2015Q1,neutral,-0.0018,4,…arly to avoid them. They seek everything and the fruit is really cheap.,False,True,,price_value,False,False,False,False,False,True
19130,Philadelphia,2013Q1,positive,0.9656,4,"…s (sampler for two, artichoke vegetarian dish, shrimp poseidon). Parking was very easy also right across the street. My suggestion is bring a great bottle of wine and eat your dinner here, then go down the street to the coffee or pastry sho…",True,True,access_transit|surroundings_safety,food_drinks,True,True,False,True,False,False
19145,Philadelphia,2013Q1,positive,0.4886,2,"…try to sneak in to the lower levels when they didn't pay for it. Parking is $15, which is another complete rip-off. If you live in the city or have easy access to the subway, there is a stop right outside the facility.",True,False,access_transit,,True,False,False,False,False,False
85741,Tucson,2016Q1,negative,-0.5004,1,"…n attitude the entire time and even cursed at me from inside the bathroom when I checked the door to see if it was locked. It hurts to say, but I'd rather hit up Starbucks than this place because at least they treat you like they want you t…",False,False,,,False,False,False,False,False,False
85701,Tucson,2016Q1,negative,-0.8807,1,"…g like what was viewed on their website; the room was absolutely filthy, the bathroom was equivalent to that from a truck stop, there were more appliances than available electrical outlets, there was obvious poor management, as we made nume…",True,True,cleanliness_public_space,service_staff,False,False,True,False,True,False
85712,Tucson,2014Q4,negative,-0.9217,1,"We were so disappointed. Prices are very high; poor value. Six people had steaks, one was good - the filet. Others were horrible cuts of meat. The bone in sirloin which was hard sold by the waiter was terrible. Avoid this place at all c…",False,True,,service_staff|price_value,False,False,False,False,True,True
85704,Tucson,2014Q2,negative,-0.5034,1,"…that it is my problem and hanged up the phone in my face. The price of the apartments is extremely high for such a place -- they are increasing the fees for the next year. In fact, instead of paying so much money, I think it is the best…",False,True,,price_value,False,False,False,False,False,True
85705,Tucson,2014Q2,negative,-0.9592,1,"…f alcohol and had a bad attitude because we complained about the dish. He told us that he will replace it and when we said ok, he brought us another one and swiftly put it down at our table as if he was being bothered about our complaint.…",False,True,,food_drinks,False,False,False,True,False,False
85741,Tucson,2014Q3,negative,-0.8688,1,"…y needs there are other shops in Tucson with friendly staff, and products that are in good shape.",False,True,,service_staff,False,False,False,False,True,False
19103,Philadelphia,2014Q3,negative,-0.1655,5,"…tered between rating this four stars or five, but given the low prices and selection I opted for the later.",False,True,,price_value,False,False,False,False,False,True
19120,Philadelphia,2014Q2,negative,-0.9652,1,"…usiness. So all these careless behavior led to 3 different final prices( can you believe that?!) and I had to ask her to start it over. Long story short, she was not happy and dumped all my things out from the bags. Eggs and mushrooms were…",False,True,,price_value,False,False,False,False,False,True
70125,NewOrleans,2014Q1,positive,0.8852,5,"…- the actual restaurant isn't in the most convenient location or neighborhood, and the space is a little small. The Hibachi options are passable and the anime poster decor is...interesting. Even so, I don't plan on going anywhere else for…",True,False,surroundings_safety,,False,True,False,False,False,False
70116,NewOrleans,2014Q1,positive,0.9455,5,"…ot bother me. It is small; more like what we might expect from a neighborhood restaurant and that is OK with me. The salad was mediocre, but the lamb made up for it. Waters were helpful and attentive. Cash only, but an ATM is onsite. It is…",True,True,surroundings_safety,food_drinks|service_staff,False,True,False,True,True,False
37213,Nashville,2012Q1,positive,0.9833,5,…Service is extremely friendly and accurate. There is plenty of parking for lunch in their lot and it is one of the easier places to get in and out of in the downtown area during lunch rush. I want to try more of their menu as there are t…,True,True,access_transit|surroundings_safety,food_drinks|service_staff,True,True,False,True,True,False
37212,Nashville,2012Q1,positive,0.9964,4,"I really like this place. Negatives are the parking situation and having to pay for chips. But other than that, I enjoy taco mamacitas! I really like the General Homeboy taco. It is unlike any taco I have had. I also love the Memphis briske…",True,False,access_transit,,True,False,False,False,False,False
19146,Philadelphia,2012Q4,positive,0.9153,4,…but good music nonetheless. I'm surprised to find it right in my neighborhood and just recently discovering it. A well kept secret.,True,False,surroundings_safety,,False,True,False,False,False,False
19146,Philadelphia,2012Q4,positive,0.9761,4,"Randomly located along a strip of Washington Ave construction and contractor warehouses, one wouldn't think to stop here, or to even venture here to SIT DOWN for a meal. As we approached, I was fairly certain it was takeout only. Also, I mu…",True,True,surroundings_safety,food_drinks,False,True,False,True,False,False
85750,Tucson,2017Q2,positive,0.9585,3,"…I'd enjoy the salad at least. The patio is outside, facing the parking lot, and it's as nice as a patio facing a parking lot can be, actually a little removed from the frat of traffic, etcetera. My gyro meat, however, was a tiny bit on t…",True,True,access_transit|cleanliness_public_space,food_drinks,True,False,True,True,False,False
85712,Tucson,2017Q2,positive,0.9531,4,"…t nervous with an ""under new management sign"" and no cars in the parking lot but I gave it a shot anyways and man am I happy I did. I ordered the fish tacos with all rice and no beans. They have assorted Mexican bottled drinks as well. Ch…",True,True,access_transit,food_drinks|service_staff,True,False,False,True,True,False
33602,TampaBay,2016Q3,negative,-0.9736,4,"…s complaints but at the same time I can also sympathize with the garbage men and the company. Most of the time only one person is working at a time, and this one individual has to run up and down stairs; door- to-door, for a 275 unit compl…",True,False,cleanliness_public_space,,False,False,True,False,False,False
33606,TampaBay,2016Q3,negative,-0.7379,1,"…n bar is from 9 to 10pm so by the time you get in, and go to the bathroom to dry off, and try to get a drink it's 10pm. It was near impossible to get a drink all night as folks hunker down at the bar because there is no where else to stand…",False,True,,food_drinks,False,False,False,True,False,False
33771,TampaBay,2016Q2,negative,-0.8382,1,"…on their website. Any other store would have gladly adjusted the price if they wanted return customers. This was clearly a lack of common sense customer service. In conclusion, I would not recommend this store to anybody.",False,True,,service_staff|price_value,False,False,False,False,True,True
33703,TampaBay,2016Q4,negative,-0.8562,2,"…ve been taking our dog, here for almost 2 years. They have great prices but I have noticed more and more inconsistency. I have not been very happy how they been grooming my dog lately. First i always ask for a puppy cut, short on the ears a…",False,True,,price_value,False,False,False,False,False,True
37206,Nashville,2017Q4,neutral,0.0,2,Chicken breast is dry. The grouper is too spicy. The price is quite expensive. I would not come back.,False,True,,food_drinks|price_value,False,False,False,True,False,True
37207,Nashville,2017Q1,neutral,-0.0454,5,"…uld take around two weeks, it ended up taking four. However, the price was beyond reasonable and the guitar came back perfect. I could not be happier with the result.",False,True,,price_value,False,False,False,False,False,True
70128,NewOrleans,2016Q1,negative,-0.9413,1,"…s refused. The room felt moldy. The corridor and elevator looked dirty and need remodeling. Only reason I got into this hotel was, its close to the office I have to drive to. Will not use this hotel again.",True,False,cleanliness_public_space,,False,False,True,False,False,False
70118,NewOrleans,2016Q4,negative,-0.9668,1,…ly took them to a reputable shop and the problem was they didn't clean off the rims before putting the tires on. Sealing surface didn't seal. In addition I had them replace the leaking valve stem in my spare tire. Couple months go by and…,True,False,cleanliness_public_space,,False,False,True,False,False,False
37204,Nashville,2013Q3,neutral,0.0409,2,…-because the food isn't quite worth going for. It is edibile but overpriced. The only thing that's bending the envelope on the menu is the dessert prices at $14. I suppose you could grab drinks here on a nice day. I have had bug (flies) p…,False,True,,food_drinks|price_value,False,False,False,True,False,True
37205,Nashville,2013Q3,neutral,0.0,1,Overpriced for small quantities of barely decent food. Guess I'm not a soccer mom.,False,True,,food_drinks|price_value,False,False,False,True,False,True
37205,Nashville,2013Q3,neutral,-0.0305,3,"Not a great experience. Attentive service gets two stars, but the bar was slow, the kitchen was slow, and the bathrooms were dirty. The food was not timed well - the kids' fruit cups got warmed by the lights and my ""creamy"" soup had separat…",True,True,cleanliness_public_space,food_drinks|service_staff,False,False,True,True,True,False
37214,Nashville,2013Q3,neutral,-0.0353,3,…t night for dancing and had a great time with the DJ and the bar service. I recently returned with my husband for a late lunch fix. I was disappointed they wouldn't let us order to go at the front and we had to walk in. With the amount o…,True,True,access_transit,service_staff,True,False,False,False,True,False
85745,Tucson,2015Q4,positive,0.9982,4,"…one in less than 10 minutes. Later, I saw a fella sitting in his construction van out front, eating a burrito and listening to Christian talk radio. Other items on the menu include cheese crisps and taco salads. Plus, they have numerous op…",True,True,surroundings_safety,food_drinks,False,True,False,True,False,False
85749,Tucson,2015Q3,positive,0.34,3,Great food but the service is awful. We live in the neighborhood and would eat here a lot more if the service was better.,True,True,surroundings_safety,food_drinks|service_staff,False,True,False,True,True,False
19103,Philadelphia,2012Q2,negative,-0.8908,3,"…ramen here is very okay with a decent miso broth and reasonable price. Comments: (1) The chashu was done well overall, but a little chewier than what I am used to. To each his/her own, but I guess I prefer more tenderness to my chashu. I…",False,True,,price_value,False,False,False,False,False,True
19104,Philadelphia,2012Q2,negative,-0.3336,1,"A good used book store should have moderate-low prices on their books, fair prices for books you bring to trade, a friendly staff well versed in the available stock, and a selection that inspires browsing and allows you to find books you mi…",False,True,,service_staff|price_value,False,False,False,False,True,True
70112,NewOrleans,2015Q4,negative,-0.5019,4,"…Got seafood combo to go, see picture. Oysters good, not great, service fair, gumbo not so great (but ample on sea food).",False,True,,food_drinks|service_staff,False,False,False,True,True,False
70130,NewOrleans,2015Q1,negative,-0.1167,2,"…as you could just buy it there. The food all looked very mushy, waiters looked bored and grim. The music was ""nice"" but uninspiring.",False,True,,food_drinks|service_staff,False,False,False,True,True,False
37212,Nashville,2015Q1,positive,0.9942,3,"…nitely had some flavor to it and goes well with the dish. The pricing is a bit higher than I expected honestly, although I'm guessing it's because it's closer to the city than most of the places I eat at for breakfast. I'm not sure th…",False,True,,food_drinks|price_value,False,False,False,True,False,True
37210,Nashville,2015Q4,positive,0.6542,3,…y breakfast just cookies and coffee Nice view to the bridge Not cheap - 2 coffees plus cookie and avocado toast cost 18$,False,True,,food_drinks|price_value,False,False,False,True,False,True
33773,TampaBay,2017Q1,positive,0.997,4,Every Neighborhood Should have a Good Italian Restaurant Bellissimo has new owners for three months now. I can't even remember seeing it before and didn't hear anything about it. So it was all new to me. We were there for an early dinne…,True,False,surroundings_safety,,False,True,False,False,False,False
33607,TampaBay,2017Q1,positive,0.8835,1,"…ver had unfortunate luck to converse with. We love our house and neighborhood, but we will absolutely not be signing another lease with Progress Residential EVER AGAIN. I wish I could rate 0 stars.",True,False,surroundings_safety,,False,True,False,False,False,False
33611,TampaBay,2017Q1,neutral,0.0,5,Food was cold. Sent it back. Still under cooked the second time. Left without eating . Will never go back.,False,True,,food_drinks,False,False,False,True,False,False
33701,TampaBay,2017Q2,neutral,-0.0129,2,…s German and she can have a real German beer. The quality of the food is not what is was even 6 months ago and the service was average. It was not a very busy night and the servers seemed bored and ours kept disappearing. She could not tell…,False,True,,food_drinks|service_staff,False,False,False,True,True,False
70112,NewOrleans,2016Q4,positive,0.9293,4,…e people at the front desk were friendly. Our room was basic and clean which is the most important. The beds are comfortable and we had no problems. We would stay again!,True,True,cleanliness_public_space,service_staff,False,False,True,False,True,False
70130,NewOrleans,2016Q2,positive,0.9375,1,To every yelper this place is truly garbage!!!! I only save my garbage descriptions to real garbage..... 4 nights!!! Room did not get serviced!!!! Phone never worked!!! The desk person was the worse they are not worth your money. His nam…,True,True,cleanliness_public_space,price_value,False,False,True,False,False,True
70116,NewOrleans,2018Q1,negative,-0.944,1,…we looked at the shirts! It was absolutely insane and the worst customer service I've ever experienced. Avoid,False,True,,service_staff,False,False,False,False,True,False
70130,NewOrleans,2018Q4,negative,-0.8147,2,"Service is ABSOLUTELY lousy. They stuck in attitude, disposition, and attentiveness. No southern hospitality here! Slow and unbusiness like. Won't do it again.",False,True,,service_staff,False,False,False,False,True,False
85719,Tucson,2012Q4,positive,0.7992,2,…ssed out by the flies buzzing around. It's good to take out the garbage sometimes. Just a thought.,True,False,cleanliness_public_space,,False,False,True,False,False,False
85705,Tucson,2012Q2,positive,0.9642,4,"…playing with the kids after all the adults got worn out. Set up, clean up - they did everything. We were more or less guests at our son's party - it reminded me a bit like having our wedding coordinator! But you pay for the convenience. O…",True,False,cleanliness_public_space,,False,False,True,False,False,False
85716,Tucson,2013Q4,positive,0.9742,5,"…kplace efficiency. This is why I wasn't surprised to see a very clean shop. It's obvious to me that management doesn't take any shortcuts when it comes to ensuring a phenomenal customer experience. The staff presented themselves well, very…",True,True,cleanliness_public_space,service_staff,False,False,True,False,True,False
85710,Tucson,2013Q4,positive,0.5907,2,"…d pancakes were ice cold, eggs luke warm. My wife had to use the restroom big mistake it was not clean had to go outside to get to. We will not be returning, we will drive the extra five miles to our favorite breakfast spot.",True,False,cleanliness_public_space,,False,False,True,False,False,False
37201,Nashville,2012Q3,positive,0.9115,4,"…his cute little homemade ice cream shop has some really friendly employees... and delicious ice cream (with a consistency that's on the softer side)! One scoop of chocolate on a sugar cone ($3.44) hit the spot on this humid day. Sidenote,…",False,True,,food_drinks|service_staff,False,False,False,True,True,False
37203,Nashville,2012Q2,positive,0.9964,5,"…with crisp white tablecloths and exposed concrete pillars. The service was spectacular. Our waitress, Patricia, was friendly and helpful with an impressive knowledge of wine and food and gave great suggestions for entrees and appetizers.…",False,True,,food_drinks|service_staff,False,False,False,True,True,False
37207,Nashville,2014Q2,positive,0.9648,1,"…cheap and get the ""steal/discount"". This place is so ghetto and unsafe I wouldn't stay there if they told me it was free. Luckily they do have nice staff because after calling the booking.com sales associate, who then called the hotel, th…",True,True,surroundings_safety,service_staff|price_value,False,True,False,False,True,True
37206,Nashville,2014Q3,positive,0.9837,5,…se and dusted with powdered sugar. It was so worth prowling the neighborhood to find it!!!,True,True,surroundings_safety,price_value,False,True,False,False,False,True
33607,TampaBay,2015Q3,negative,-0.5106,1,Rented a car for 3 days. Dropped car off and went to the parking lot. Noticed that I had left my seeing glasses. I called them up and told the National rep that I was coming back to get them. They told me when I got to the front desk tha…,True,False,access_transit,,True,False,False,False,False,False
33602,TampaBay,2015Q2,negative,-0.8369,5,"…pick it up and then forgot to listen to the message altogether. Parked my car in front of the building to unload the grocery bags, as the front desk man (one of the kindest men I had ever JUST met) walked toward me with apprehensive eyes.…",True,False,access_transit,,True,False,False,False,False,False
70118,NewOrleans,2014Q2,negative,-0.9057,1,"…on for the better. Very unprofessional! Dear Shannon, I am the waitress you took time to complain in detail about. Let me begin my response to your harsh review. First of all, I apologize for the bad experience that you had at the resta…",False,True,,service_staff,False,False,False,False,True,False
70116,NewOrleans,2014Q4,negative,-0.8949,1,…rate for a quick bite and sat at the bar to place an order. The staff looked like they haven't showered in weeks and the food we saw people eating around us looked like vomit in a bowl. We cancelled our order before it arrived and left as…,False,True,,food_drinks|service_staff,False,False,False,True,True,False
33710,TampaBay,2018Q4,positive,0.966,5,"…s eager to tell you the history of Florida and the Jungle Pravda neighborhood. It was fascinating to see the shell-strewn midden, the natural fauna, and the pea fowl that are long time squatters on the property!",True,False,surroundings_safety,,False,True,False,False,False,False
33711,TampaBay,2018Q3,positive,0.4581,4,"…rina and the main road that connected to them was closed to only construction traffic to rebuild the bridge. It took seven years to rebuild the bridge, so the move of the Skyway Jacks business and many others was necessary to survive. The…",True,False,surroundings_safety,,False,True,False,False,False,False
19123,Philadelphia,2017Q1,negative,-0.1761,4,"…t you've had although it's far from the worst. It's your local, neighborhood pizza place. Nothing more, nothing less.",True,True,surroundings_safety,food_drinks,False,True,False,True,False,False
19121,Philadelphia,2017Q2,negative,-0.2304,1,"…so I've been dying for a restaurant bar of note to move into the neighborhood for some time!! Each time I've been to Flying Fish the beer was warm from the tap. When I asked why the beer was warm , I was told the tap was acting funny today.…",True,True,surroundings_safety,food_drinks,False,True,False,True,False,False
70130,NewOrleans,2018Q1,negative,-0.5849,1,"…, these were a huge disappointment, not to mention they were way overpriced compared to other places with much better oysters. The seafood gumbo was goop and we didn't touch it after the first bite. After buying gumbo at every meal on this…",False,True,,food_drinks|price_value,False,False,False,True,False,True
70130,NewOrleans,2018Q1,negative,-0.1943,1,"…ce or food? Food - it was the worst ramen I have ever had. The price was high for the small bowl. It's a very small bowl. In addition, there were a lot of noodle and very little broth. Proportions were definitely off. Noodle didn't a…",False,True,,food_drinks|price_value,False,False,False,True,False,True
33703,TampaBay,2014Q3,negative,-0.495,1,…with the people sitting next to you. Not to mention the food is overpriced!,False,True,,food_drinks|price_value,False,False,False,True,False,True
33706,TampaBay,2014Q3,negative,-0.9591,1,…r waiting about 45 mins for our food it was lukewarm to cold and overpriced. Our drinks were not refilled and one person in our party got the wrong side dish and the server never did bring her the right thing. We made mention to the serv…,False,True,,food_drinks|service_staff|price_value,False,False,False,True,True,True
33612,TampaBay,2014Q2,negative,-0.9831,1,…(but that time I was dumb enough to keep waiting and finally got food bit it was horrible)....but I did give it another try tonight because I know there are bad days.....but this is way more then a bad day.....this is poor management and if…,False,True,,food_drinks|service_staff,False,False,False,True,True,False
33708,TampaBay,2014Q4,negative,-0.9214,2,…customers and did nothing to correct the issues we had with our meal. Plastic table and drink ware. Restrooms so nasty that we would not let our children use them. Good location with decent atmosphere this is why we gave it a two star rati…,False,True,,food_drinks,False,False,False,True,False,False
70130,NewOrleans,2016Q2,positive,0.9802,5,…pily ate that donut in my car on the side of the building in the parking lot! Lol,True,False,access_transit,,True,False,False,False,False,False
70117,NewOrleans,2016Q1,positive,0.978,5,"…d it was excellent. Euclid is located in the Bywater and I found parking to not be an issue. I went in and came out with 3 vinyl records which totaled out to about $53. However, the decent prices is not what got to me, it was the best custo…",True,True,access_transit,price_value,True,False,False,False,False,True
33619,TampaBay,2014Q1,negative,-0.6479,1,"…ite direction. They tried to charge us $5 to use the ATM and the BATHROOM!!! HOW FUCKING RIDICULOUS IS THAT, LIKE HONESTLY THIS CLUB IS DESPERATE FOR MONEY!! Please save your money and stay away unless you want you real IDs to be taken and…",False,False,,,False,False,False,False,False,False
33609,TampaBay,2014Q2,negative,-0.8886,1,…how careless he could be with employees washing there hands etc sanitary reasons . Appalled,False,True,,service_staff,False,False,False,False,True,False
33767,TampaBay,2017Q2,neutral,-0.0166,1,…n remove your shirst as well as in pls do.. They got the $20 for parking but lost a $200 bar tab for dancing.,True,False,access_transit,,True,False,False,False,False,False
33629,TampaBay,2017Q2,neutral,-0.0372,2,"…d around the very cute Datz Dough and then into the restaurant. Parking was not an issue. I loved the building and the overall vybe. Once we sat down at a table outside, it was pretty bad. Our server was nice, unfortunately he wasn't a…",True,True,access_transit,service_staff,True,False,False,False,True,False
33610,TampaBay,2017Q4,neutral,-0.0,1,Played tourney dealer said can rebut for same seat if open cashier the same. After buying the new ticlet the guy running the game said no so I cashed my ticket back in for cash. Gueds there is no southern hospitality at the poker room at ha…,False,True,,service_staff,False,False,False,False,True,False
33708,TampaBay,2017Q2,neutral,0.0,1,Service very slow. Sat at the table for over 20 mins with anyone asking use what we wanted for drinks. Food was what you would expect at a concession stand,False,True,,food_drinks|service_staff,False,False,False,True,True,False
33647,TampaBay,2014Q4,positive,0.9945,4,"So I found myself in an unfamiliar neighborhood after my daughter's karate tournament, which always leads to a Yelp recommendation for something to eat. This spot sounded good, though some of the reviews had me somewhat hesitant, so we went…",True,False,surroundings_safety,,False,True,False,False,False,False
33712,TampaBay,2014Q1,positive,0.9833,4,"Great neighborhood joint. Fun place. I had the burger and it was very yummy. Husband had Mediterranean plate and thought it it was ""yummy"" with a thumbs up. Dad, in pursuit of the perfect patty melt, thought it was one of the best. Mom had…",True,True,surroundings_safety,food_drinks,False,True,False,True,False,False
70115,NewOrleans,2015Q4,negative,-0.2828,2,"…vice charge. I'd actually be more understanding if there were no bathroom. It's 2015, get with it!",False,False,,,False,False,False,False,False,False
70117,NewOrleans,2015Q4,negative,-0.9691,1,"…rhaps she knew that - whatever the reason she didn't tell us was dirty. 6. my friend had money for her salad, but i do not carry cash. So...i waited for around 30-35 minutes - they called the IT people, they couldn't get it, blah blah blah…",True,True,cleanliness_public_space,food_drinks,False,False,True,True,False,False
37214,Nashville,2017Q4,negative,-0.6653,1,Very dirty room. The bathroom sink was not clean from other guest. There was hair everywhere. My wife would not stay there. We got our money back and went to a different hotel.,True,False,cleanliness_public_space,,False,False,True,False,False,False
37211,Nashville,2017Q1,negative,-0.4391,1,Salon was overpriced. Cleanliness was my biggest concern. My intention was to get a new acrylic set after having the current set removed. I only had my current removed because I was very uncomfortable.,True,True,cleanliness_public_space,price_value,False,False,True,False,False,True
19130,Philadelphia,2012Q4,negative,-0.9625,1,…d to pay for things even if you won't use them such as audio and parking. While at the museum employees are abrasive and rude. I don't recommend. One in particular Emily Nicholas went out of her way to verbally attack customers. After the w…,True,True,access_transit,service_staff,True,False,False,False,True,False
19121,Philadelphia,2012Q1,negative,-0.126,3,"Caught a concert here and its a decent venue. There is a large parking garage across the street, although $14 isn't a bargain. Nor was the $4 bottle of water. However, the place appeared clean and well run. Biggest negative though is th…",True,False,access_transit|surroundings_safety|cleanliness_public_space,,True,True,True,False,False,False
85716,Tucson,2018Q3,positive,0.9864,2,"…, but never told us they would be doing it. The covered parking construction has been going on for months now and there has never been communication on when it will be done. I do have to say, John, the maintenance guy, is AMAZING and we a…",True,False,access_transit|surroundings_safety|cleanliness_public_space,,True,True,True,False,False,False
85705,Tucson,2018Q2,positive,0.9534,5,"…in the are a while, glad to have this great new addition to the neighborhood.",True,False,surroundings_safety,,False,True,False,False,False,False
37201,Nashville,2013Q3,negative,-0.1779,3,…and tasteless; onion rings were inedible and made me nauseous. Sidewalk seating was great.,True,False,access_transit,,True,False,False,False,False,False
37204,Nashville,2013Q2,negative,-0.4561,5,…s hoping to come here but after I read something about the owner parking in the disabled parking spot really kind of disgusted me. Here's the article about the ordeal. http://beth2285.wordpress.com/2013/05/09/mafiozas-is-icky-and-its-not-th…,True,False,access_transit,,True,False,False,False,False,False
37206,Nashville,2013Q4,negative,-0.7478,1,"…A. When I paid my check, I left an extra large tip for the poor waitress who would undoubtedly be out of a job from the closing of this gross sludge palace. The meal began ominously with artichoke dip so hot I burned the roof of my mouth…",False,True,,food_drinks|service_staff|price_value,False,False,False,True,True,True
37214,Nashville,2013Q2,negative,-0.9751,1,"…ementing my final impressions of your location. I will say that staff has been very nice."" FAIL. :(",False,True,,service_staff,False,False,False,False,True,False
19102,Philadelphia,2013Q1,positive,0.9789,4,"…agine the wait was ridiculous. We walked several laps around the neighborhood and still ended up waiting over an hour for a table. I witnessed dozens of diners walk into the restaurant AFTER us but very few people leaving, which made me won…",True,False,access_transit|surroundings_safety,,True,True,False,False,False,False
19107,Philadelphia,2013Q3,positive,0.7845,4,…eers and enjoy chairs made from milk crates and tables made from construction spools for wire. I played ping pong for 30 min while we waited for our table at El Vez down the block. This would be a nice place to wind down after a long day…,True,False,surroundings_safety,,False,True,False,False,False,False
19123,Philadelphia,2016Q3,negative,-0.835,1,…y possible corner--including not putting soap and towels in the bathrooms. I'm so sad to see this place go downhill. It really was a gem.,False,False,,,False,False,False,False,False,False
19130,Philadelphia,2016Q2,negative,-0.7577,5,…trying to scare their children straight. ***There's no usable bathrooms here; there are portal potties in the courtyard for use.,False,False,,,False,False,False,False,False,False
70130,NewOrleans,2012Q1,negative,-0.6174,1,"…ually had to suggest to them that we'd settle for a table on the sidewalk in order to avoid an even longer wait. I don't really understand the hype over the food. From what I remember, we ordered charcuterie, a rabbit dish, an alligator…",True,True,access_transit,food_drinks,True,False,False,True,False,False
70130,NewOrleans,2012Q1,negative,-0.25,4,"…ear plugs, and lavender spray for your bed. Awww The meh: Valet parking is $30 per night No hotel car service The bad: Bad lighting in the restrooms. Putting on makeup was a bia. Free Wi-Fi is ONLY in the lobby. Otherwise, you pay ~$10…",True,True,access_transit|surroundings_safety,service_staff,True,True,False,False,True,False
70118,NewOrleans,2012Q2,negative,-0.9616,1,"TERRIBLE customer service, very overpriced! We went there this morning to get a few croissants to serve with breakfast. We prefer la boulangerie, however this place was walking distance so we gave it another try. This is the second time I h…",True,True,access_transit,service_staff|price_value,True,False,False,False,True,True
70116,NewOrleans,2012Q3,negative,-0.9629,1,…alled cemetery tour. It was all very unprofessional and grossly overpriced. You'd get just as much knowledge by picking up a book on New Orleans Voodoo practices and history and conducting your own tour.,False,True,,price_value,False,False,False,False,False,True
37214,Nashville,2012Q1,positive,0.3109,5,"…nacks there so I am not going to comment on them, but the ticket prices are average for the area.",True,True,surroundings_safety,price_value,False,True,False,False,False,True
37211,Nashville,2012Q2,positive,0.4557,4,I called around a bit to find a good price for refilling propane tanks and settled on Art Pancake's Rent-All--in part because of the quirky name. There does not seem to be too many places left where a bunch of guys work doing manly stuff bu…,False,True,,price_value,False,False,False,False,False,True
70130,NewOrleans,2014Q2,negative,-0.9104,1,"…e whatsoever. I left about half of it on my plate, and I always clean my plate when I eat Indian. However, as with the place in Riverbend, they too committed the cardinal sin, in my opinion, of an Indian restaurant: the plain naan was ou…",True,False,cleanliness_public_space,,False,False,True,False,False,False
70130,NewOrleans,2014Q3,negative,-0.8102,1,"…he sea food gumbo, and I was not impressed at all. The place was dirty, there were flies everywhere. I think the place is overpriced and overrated. Also, good luck if you get there when there is a line coming out the front door.",True,True,cleanliness_public_space,food_drinks|price_value,False,False,True,True,False,True
19122,Philadelphia,2014Q4,negative,-0.6355,1,"…room, a rec room, and a gym.... but surprise! they're all under construction.. meaning I am paying for these things that I can't even use. Our outlets are unsafe, and are coming out of the wall, our stove is disgusting and the room was no…",True,False,surroundings_safety,,False,True,False,False,False,False
19111,Philadelphia,2014Q4,negative,-0.5562,1,"…fox chase bar!) . Before it became Mcnally's it was a friendly, neighborhood spot that embraced their clientele - however the new owner has driven those values right into the ground. Locals will go here due to lack of other options in fo…",True,True,surroundings_safety,service_staff,False,True,False,False,True,False
19127,Philadelphia,2012Q2,positive,0.2244,3,"…n coffee shop down the street (I go to both, depends on my mood, parking, and how much time I want to spend)..sometimes it feels a little elitist or pretentious in here, admittingly I'm looking for that sometimes. The customer service beef…",True,True,access_transit|surroundings_safety,food_drinks|service_staff,True,True,False,True,True,False
19106,Philadelphia,2012Q3,positive,0.9038,5,…ake an appointment with them while he was driving. We get to the parking garage next door at 1:50pm. Run to the passport photo office across the street. He has his picture in 2 minutes. We get right through security (likely because I am hav…,True,False,access_transit|surroundings_safety,,True,True,False,False,False,False
70130,NewOrleans,2014Q3,negative,-0.8087,1,…ere! The staff couldn't answer any questions upon ordering. The food was for the most part horrible. The crawfish were tiny and weren't seasoned. My sisters cheesesteak looked horrid and tasted that way according to her. The cheese wasn't…,False,True,,food_drinks|service_staff,False,False,False,True,True,False
70130,NewOrleans,2014Q1,negative,-0.1685,2,not sure about all these rave reviews..if you ever make mexican food at home you can make better burritos. Every burrito ever eaten here has been cold in the middle. The place needs a thorough cleaning. It is hard to believe in this day and…,False,True,,food_drinks,False,False,False,True,False,False
33647,TampaBay,2015Q3,negative,-0.9367,1,"…camp in advance. After I made this payment, other parents in my neighborhood began to tell me about their negative experiences with this camp. The biggest issue for me was the fact that all of the children have NO indoor breaks until 1pm…",True,False,surroundings_safety,,False,True,False,False,False,False
33702,TampaBay,2015Q3,negative,-0.7227,2,…ood sealed the deal. Very unfortunate as this seemed like a cool neighborhood spot.,True,True,surroundings_safety,price_value,False,True,False,False,False,True
85710,Tucson,2018Q2,negative,-0.3434,1,"…ot, but soggy that looked like it was cooked in old grease. The price for them is too high, to not be full in the fry box.",False,True,,price_value,False,False,False,False,False,True
85715,Tucson,2018Q3,negative,-0.83,2,…Peak about 8 months ago and he was given a cowgirl steak for the price of a cowboy. I thought no problem it was just a mistake and they fixed it. We went again last weekend and the same thing happened only this time the server argued with u…,False,True,,service_staff|price_value,False,False,False,False,True,True
85701,Tucson,2018Q1,negative,-0.2263,3,"Nice sophisticated atmosphere, good service but the food was disappointing. The fried calamari battter was heavy and the calamari tough. Our main dish orders were tasty but were served almost room temperature and the rice was almost cold. O…",False,True,,food_drinks|service_staff,False,False,False,True,True,False
85745,Tucson,2018Q4,negative,-0.5267,1,…es I realize there is butter all over my broccoli. Took it to my waiter and he brought me another plate with no butter this time and the broccoli was completely undercooked. Will never be coming here again.,False,True,,service_staff,False,False,False,False,True,False
33607,TampaBay,2016Q1,negative,-0.6328,1,"…insisted I had to take as they were ""out of cars"" despite a full parking lot of vehicles). the price was about 40-50 more than initially quoted ""due to taxes"" and now, after doing some internet research, I realize that 30 of that is a ""RSP…",True,True,access_transit,price_value,True,False,False,False,False,True
33602,TampaBay,2016Q4,negative,-0.98,1,THIS STORE IS A SCAM!!!! My package was damaged in-transit even though it had fragile stickers all over it and wrapped in bubble wrap. I have sent multiple of same package through USPS and not one broke and I have shipped one time with UPS…,True,False,access_transit,,True,False,False,False,False,False
85705,Tucson,2017Q2,negative,-0.8957,1,"…e removed. That seam now compromised. Just carelessness. Staff ""dirty laundry"" aired to customers. Will not return.",True,True,cleanliness_public_space,service_staff,False,False,True,False,True,False
85713,Tucson,2017Q1,negative,-0.4215,2,"…ur typical Motel 6 meaning basic and a little run down. Room was clean. Biggest issue was noise. Lots of noisy visitors, sketchy neighborhood and sketchy people. Homeless people, dirty hippies, and a couple of drug addicts wandering around…",True,False,surroundings_safety|cleanliness_public_space,,False,True,True,False,False,False
19107,Philadelphia,2012Q4,negative,-0.6699,3,"…vue had to head home. So Bellevue nails was nice an close. It is clean and professional an dead, just me an another client. I wouldn't frequent it personally if Philly was my home city only due to price I pay about 60 at home for similar se…",True,True,cleanliness_public_space,price_value,False,False,True,False,False,True
19153,Philadelphia,2012Q4,negative,-0.3506,3,"…y outdated, but not as outdated as LAX. But still, its bad. The restrooms are functional, but are very old. I think the toilets and faucets are still manual. The terminal we were in (upon arrival and departure) also had very limited food c…",False,True,,food_drinks,False,False,False,True,False,False
85715,Tucson,2016Q3,negative,-0.8698,1,"…it in. He said that would be fine, but the hubcap got delayed in transit. So I ended trying to take care of it when I got back, but the manager I had been working with was on vacation. So it took another week and a half to get it replaced.…",True,False,access_transit,,True,False,False,False,False,False
85714,Tucson,2016Q4,negative,-0.9459,1,…hat the woman was visibly upset and even brought to tears in the parking lot. I also noticed that the employees were discussing the matter once she left and mentioned that they may have mistaken him for someone else. They appeared to be un…,True,True,access_transit,service_staff,True,False,False,False,True,False
70130,NewOrleans,2015Q2,positive,0.9835,4,"Found on yelp while in the neighborhood around 9 on a Saturday morning en route to the airport. So glad we stopped here! Made it in just before the rush and were rewarded with quick, friendly service and one of the best meals of our trip. T…",True,True,surroundings_safety,food_drinks|service_staff,False,True,False,True,True,False
70116,NewOrleans,2015Q1,positive,0.9892,4,…same price. Overall a terrific experience. Valet parking in that neighborhood would help.,True,True,access_transit|surroundings_safety,price_value,True,True,False,False,False,True
85719,Tucson,2013Q3,negative,-0.34,4,"…t. Everything I said previously still stands, I still love the food, the patio, and will continue to frequent Joel's. Order the Lobster Eggs Benedict, it may change your life.",True,True,cleanliness_public_space,food_drinks,False,False,True,True,False,False
85716,Tucson,2013Q3,negative,-0.3291,3,…o be the graveyard where gimmicky/useless As Seen On TV exercise products go to die.,False,False,,,False,False,False,False,False,False
70116,NewOrleans,2012Q4,negative,-0.9784,2,…where sitting at the bar you have to tackle a bartender to get a menu. The burger was very mediocre. Nothing special about the meat. The mushrooms were fairly flavorless and reminded my friend of canned mushrooms. I got a Monsoon and co…,False,True,,food_drinks|service_staff,False,False,False,True,True,False
70130,NewOrleans,2012Q2,negative,-0.6033,4,Great food - Lost Bread is alway epic and Biscuits are killer. Expect good service - not great. And certainly don't expect quick service.,False,True,,food_drinks|service_staff,False,False,False,True,True,False
70116,NewOrleans,2012Q1,positive,0.9771,5,"…Vegas franchise strip joints in the noisy end. And, despite the neighborhood's requests and needs, it obstructed Mary's efforts to reopen as an Ace on Rampart Street for more than a year. The Vieux Carré Commission has morphed into an arm…",True,False,surroundings_safety,,False,True,False,False,False,False
70130,NewOrleans,2012Q4,positive,0.9496,4,"The warehouse district can be quite the neighbourhood for foodies, and there's reason to be excited by this addition. Chef Phillip Lopez wants to tell stories though his food, getting people to share and communicate via the dishes. Hence a…",True,True,surroundings_safety,food_drinks,False,True,False,True,False,False
33609,TampaBay,2016Q4,positive,0.872,5,…organic and other high-quality food not commonly found in other neighborhood grocery stores. Added plus is a single parking spot with free charging for EV (Electric Vehicles) on Level 1 of the parking garage.,True,True,access_transit|surroundings_safety,food_drinks,True,True,False,True,False,False
33603,TampaBay,2016Q2,positive,0.8622,5,"…ons, conversations PWNing the Pilsner. What would be your dream neighborhood bar? Maybe some large televisions? Trivia? Great outdoor sitting space? Fire pit? A rotating food menu? Everything you need to brew your own wine, mead, cider, an…",True,True,surroundings_safety,food_drinks,False,True,False,True,False,False
33606,TampaBay,2017Q2,positive,0.9665,5,"…The restaurant is cute and we love to sit outside when possible. Parking was confusing at first. When you pull in, it appears that all they have is valet...but you can park for free in the lot right around the corner.",True,False,access_transit|cleanliness_public_space,,True,False,True,False,False,False
33629,TampaBay,2017Q2,positive,0.993,4,…will be a welcome addition to my regular shopping rounds. The parking lot seems spacious enough although I have not attempted a visit during prime times but I hope that the availability of parking remains the rule and not the exception.…,True,False,access_transit,,True,False,False,False,False,False
85705,Tucson,2014Q3,neutral,0.0,4,…=amazing!! can be pricey depending on what you order but taste & service are on point!!! Wednesday= live music!!! A must!!!!!,False,True,,food_drinks|service_staff,False,False,False,True,True,False
85713,Tucson,2014Q1,neutral,-0.0279,1,"…ook us about 10 minutes to be seated and when we were seated the service was not that great. I understand it is a busy place, although i still don't understand why, but getting 1 refill of tea in 90 minutes is ridiculous. The food... I…",False,True,,food_drinks|service_staff,False,False,False,True,True,False
85713,Tucson,2014Q4,neutral,0.0392,3,"…yway, we had our order taken promptly by a cheery waiter and our food came out quickly. I ordered a carne asada burrito and my wife had cheese enchiladas. They brought her the wrong order of enchiladas but quickly rectified that by bringing…",False,True,,food_drinks|service_staff,False,False,False,True,True,False
85755,Tucson,2014Q2,neutral,0.0395,3,"Food was okay, definitely not great. I would say about the same quality as Jerry Bobs, but more expensive.",False,True,,food_drinks|price_value,False,False,False,True,False,True
37221,Nashville,2013Q4,positive,0.96,4,"…friendly service. It's been remodeled and the dressing rooms are clean. All departments are well stocked and they have a wide selection of everything! Love their home goods department. Last year they started carrying higher name brands, so…",True,True,cleanliness_public_space,service_staff,False,False,True,False,True,False
37203,Nashville,2013Q3,positive,0.6705,1,…can't explain why a place like this would only have 1 ply in the restroom.,False,False,,,False,False,False,False,False,False
33701,TampaBay,2017Q3,neutral,-0.0018,5,"…emely well, With quick turnarounds and at a more than reasonable price. I actually gave up my delivery service for Flamingo just because of the quality of service they provide walking in at the counter.",True,True,access_transit,service_staff|price_value,True,False,False,False,True,True
33606,TampaBay,2017Q3,neutral,0.0289,4,"…. It's a cute for pictures too. The upsetting part to me was the prices of the food. I got a salad that I didn't like (worth $20) and even if I wanted to complain and. get something different, our waitress never came back. I was disappointe…",False,True,,food_drinks|service_staff|price_value,False,False,False,True,True,True
85716,Tucson,2015Q2,negative,-0.4196,1,"…but no longer here in Tucson at the Broadway store. Although the parking lot is huge about 1 sq mile, Target spends a lot on advertising to bring in the huge amount of customers this Tuesday 05/05/15, the Manager (very dumb and I told him)…",True,False,access_transit,,True,False,False,False,False,False
85711,Tucson,2015Q1,negative,-0.3226,2,"…took the info about the car and the color. When I got there and parked in the ""Curb Side to Go spot"" I got zero service. So I had my handy dandy cell phone on me so I called in. She then stated that ""We can't come outside"". REALLY? So I hu…",True,True,access_transit,service_staff,True,False,False,False,True,False
85710,Tucson,2015Q1,negative,-0.9842,1,"…. Today 01/30/2015 I went around 11:30pm). If these people don't value their jobs, give them to someone else that would.",False,True,,price_value,False,False,False,False,False,True
85711,Tucson,2015Q1,negative,-0.3595,4,"…r lim s or anything. Maybe this is just the to go situation, but cheap!",False,True,,price_value,False,False,False,False,False,True
70119,NewOrleans,2013Q3,neutral,0.025,3,"Turtle soup was wonderful. Parking is easy and no wait. Service, shrimp poboy and oyster poboy were good enough, but not impressive. RW & LS",True,True,access_transit,service_staff,True,False,False,False,True,False
70130,NewOrleans,2013Q4,neutral,-0.012,4,"…e been here three times and not once was I disappointed with the service or the food. I had a slow order once because a large To Go was in front of me, but they informed me at the counter and I was okay with that.",False,True,,food_drinks|service_staff,False,False,False,True,True,False
33606,TampaBay,2012Q4,positive,0.9779,3,"…uesday and they weren't very busy so it never came up. As far as parking goes, it's the street or I suppose a valet, though there wasn't one when we went. But who cares about that? Let's talk about the cocktails! They were good. Tasty. Bu…",True,True,access_transit|surroundings_safety,food_drinks,True,True,False,True,False,False
33759,TampaBay,2012Q3,positive,0.992,3,"…to buy drinks. They have comfortable seats, clean bathrooms, big parking lot. The show was great. We were in row Z and we could see the stage well. The only complaint in my group was the sound system. They seem to have like 4-5 speakers bu…",True,True,access_transit|cleanliness_public_space,food_drinks,True,False,True,True,False,False
33612,TampaBay,2015Q3,positive,0.974,2,"…few months to allow the market to grow a bit more into their new surroundings. Had I some pressing need to purchase plants I would return much sooner and place my order here. But on my weekly search for ugly fruits and vegetables I will, fo…",True,False,surroundings_safety,,False,True,False,False,False,False
33617,TampaBay,2015Q2,positive,0.9489,3,"…alian restaurant that catered to an older crowd into an awesome graffiti filled college bar. Everything was visually pleasing from the decor to the food. The burgers were just average, but the wings were surprisingly good. I really enjoyed…",True,True,surroundings_safety,food_drinks,False,True,False,True,False,False
37208,Nashville,2016Q2,positive,0.8777,5,…oes and greens. I sucked the bones clean. The restaurant is in a neighborhood between private homes. They sell canned goods and bottled drinks. Excellent service and great food.,True,True,surroundings_safety|cleanliness_public_space,food_drinks|service_staff,False,True,True,True,True,False
37211,Nashville,2016Q3,positive,0.9183,5,Love it - Great service and so homey! Neighborhood bar. Pool table and games. Cheers!,True,True,surroundings_safety,service_staff,False,True,False,False,True,False
19107,Philadelphia,2014Q4,neutral,-0.024,1,"Food was really bad. I have had excellent kosher, vegan Chinese food, and this was far from it. The restaurant is dingy and run down.",False,True,,food_drinks,False,False,False,True,False,False
19118,Philadelphia,2014Q1,neutral,-0.0248,3,"…okay but we were definitely getting sick of the fake smiles. The food was okay but the burger was really oily. When we were walking out, the lady in the front didnt bother to say bye. She simply looked elsewhere ignoring us. And apparently…",True,True,access_transit,food_drinks,True,False,False,True,False,False
85718,Tucson,2017Q1,positive,0.9699,5,"…ASHBROWNS EVER!!!!!! I love that this place finally opened in my neighborhood. Packed on the weekends but I don't mind the wait. I get the basic two eggs, has browns, toast, side of fruit. Eggs are always perfect, over easy, but it is the h…",True,False,surroundings_safety,,False,True,False,False,False,False
85712,Tucson,2017Q1,positive,0.94,5,…ere. I always like to pick up a nice bite and drink when in the neighborhood. Take it home or eat it in the park it just can't be better. Thrilled to have such a great establishment her in the Ole' Pueblo!,True,True,surroundings_safety|cleanliness_public_space,food_drinks,False,True,True,True,False,False
85718,Tucson,2013Q1,positive,0.9614,3,Ambiance-3 stars(construction blocked view Service- 5 star Food-4 star Price- Pricey Had a coupon which helped the price but the main entree portion was small. Very tasty but small. Salad was very good. Bread was fresh. Beer was cold. Mac…,True,True,surroundings_safety,food_drinks|service_staff|price_value,False,True,False,True,True,True
85718,Tucson,2013Q1,positive,0.9348,3,"…ays when eating a high caliber meal meant you had to be in fancy surroundings. The food. It was all right, but certainly not heads and shoulders above other newer ""whippersnapper"" restaurants, such as Wild Garlic. We had the lobster ap…",True,True,surroundings_safety,food_drinks,False,True,False,True,False,False
33762,TampaBay,2013Q4,negative,-0.6887,1,"…one downhill, food has gotten smaller and tastes frozen and old. Prices have sky rocketed too. We used to love the boneless strips, they aren't breaded and have a good flavor. This is not so true anymore. The magna fries were very dry and t…",False,True,,food_drinks|price_value,False,False,False,True,False,True
33785,TampaBay,2013Q1,negative,-0.7695,1,…ite fish and potatoes were gross So no big deal ugh least it is cheap The service was great though Then they give you some tiny piece of part of a pie with a tiny tiny bit of ice cream for desert? I'm a human not a mouse This place sucks,False,True,,service_staff|price_value,False,False,False,False,True,True
19107,Philadelphia,2018Q1,positive,0.9862,4,"…so, if you spend ten or more bucks here, they will validate your parking ticket to get your a discounted rate at the parking garage.",True,False,access_transit,,True,False,False,False,False,False
19129,Philadelphia,2018Q3,positive,0.9136,5,Super delicious selection of great brews. The food truck in the parking lot added to the whole experience.,True,True,access_transit,food_drinks,True,False,False,True,False,False
19104,Philadelphia,2014Q3,negative,-0.9274,1,…nt had either. -The roof had a leak and we couldn't use the one bathroom because of the nasty liquid that was coming from the ceiling. -And to make this whole experience even worse they took $710 off my security deposit because I left a…,False,False,,,False,False,False,False,False,False
19103,Philadelphia,2014Q1,negative,-0.0675,3,"…know the hotel was under construction, so it was very noisy and dirty. The construction was occurring on our floor which made us a tad uncomfortable as well. But, the customer service was impeccable.",True,True,surroundings_safety|cleanliness_public_space,service_staff,False,True,True,False,True,False
37201,Nashville,2014Q2,negative,-0.7849,1,"…ce croutons and sprinkled with Parmesan cheese. It was severely overpriced. The service was slow. We sat at our table for almost 6 minutes before being greeted by anyone, and then it took another 5 minutes to get water. I don't blame th…",False,True,,service_staff|price_value,False,False,False,False,True,True
37210,Nashville,2014Q3,negative,-0.856,2,"…fortunately, none of it is particularly good. The beer is cold, cheap, and awful. The food is lukewarm, cheap, and awful. The service is minimal, cheap, and awful. The decor is rundown, cheap, and awful. In other words, the only thing th…",False,True,,food_drinks|service_staff|price_value,False,False,False,True,True,True
37206,Nashville,2014Q1,negative,-0.1771,2,"The food was good, the customer service was HORRIBLE. Never again! No smiles, no thank you's, nothing. I guess it's because we aren't, ""Hipsters""",False,True,,food_drinks|service_staff,False,False,False,True,True,False
37203,Nashville,2014Q3,negative,-0.9861,1,"…because its way too loud even before the life music starts, the servers are not great (we even saw one eating chips on the floor), the bathrooms were dirty in a way that is not just busy restaurant dirty but neglected deep cleaning dirty..…",True,True,cleanliness_public_space,service_staff,False,False,True,False,True,False
70112,NewOrleans,2012Q3,negative,-0.9645,2,"…training staff and the basketball gym. The equipment is old and dirty, the locker rooms are worn down, dirty, and dark, the boxing gym is covered in unknown bodily fluids, stairwells are dark, disjointed and cramped, the staff is tremendou…",True,True,cleanliness_public_space,service_staff,False,False,True,False,True,False
70116,NewOrleans,2012Q1,negative,-0.9868,1,"…and tell me it was all a joke, but alas, it was not. (P.S. The bathroom is also insane. You have to go up 2 flights of stairs, it doesn't lock, there was no soap in the dispenser and watered down soap in the pump, and the toilet barely f…",False,False,,,False,False,False,False,False,False
70118,NewOrleans,2012Q4,negative,-0.9601,1,"…ed to be cheap. I've used Great Clips for years because of their service and professionalism, and I paid less there than Supercuts. All of these people should lose their jobs if they can't (ahem) make the cut.",False,True,,service_staff|price_value,False,False,False,False,True,True
70115,NewOrleans,2012Q3,negative,-0.34,3,"…tad overpriced, ridiculously picky about what they'll take, and employees are a little too hipper-than-thou for my taste. Yet, I keep coming back.",False,True,,food_drinks|service_staff|price_value,False,False,False,True,True,True
37217,Nashville,2016Q3,negative,-0.7348,3,"…and the beds are MUCH more comfortable, but still the room lacks cleanliness. Still stains on the carpet, the tub has ring stains and on the second day of my visit after housekeeping cleaned our rooms there was an obvious stain on the beddi…",True,False,cleanliness_public_space,,False,False,True,False,False,False
37214,Nashville,2016Q4,negative,-0.9237,1,"….warm milk! Ugh, I tried to drink it down but it ended up in the trash. Nothing like spending $5 for something you couldn't even enjoy. Starbucks should have EVERY employee follow Spec...I should be able to walk into any Starbucks & know t…",True,True,access_transit|cleanliness_public_space,food_drinks|service_staff,True,False,True,True,True,False
33604,TampaBay,2012Q3,negative,-0.3,2,"…as we could. Yes, the food was interesting, we now live in the neighborhood, and have always found local places with this type of menu to frequent - but this experience was as bad as it gets.",True,True,surroundings_safety,food_drinks,False,True,False,True,False,False
33711,TampaBay,2012Q4,negative,-0.4926,5,"…dy of the 1980 collapse, they built this bridge with about every safety feature in mind. It goes almost 200 feet into the air which is enough clearnace for just about any ship with the exception of the newer cruise ships. The leftover sec…",True,False,surroundings_safety,,False,True,False,False,False,False
19127,Philadelphia,2017Q3,positive,0.7841,5,…responsive to the needs of their customers. Even add money to my parking meter while my services were being completed.,True,False,access_transit,,True,False,False,False,False,False
19107,Philadelphia,2017Q3,positive,0.9349,5,"…Location good for the tourist activities. As others mentioned, parking was $49 a night (yikes), but I won't deduct stars, as I was fully aware in advance. If I stay in this area of Philadelphia again, I'll stay here.",True,False,access_transit|surroundings_safety,,True,True,False,False,False,False
85705,Tucson,2012Q1,negative,-0.9836,1,"…e worse. I asked our salesman, Reggie Stevens, for the appraised value and he refused to provide this information. Instead, he commenced to explain how BMW Tucson has a process that must be followed which involves withholding the appraisal…",False,True,,price_value,False,False,False,False,False,True
85741,Tucson,2012Q1,negative,-0.4792,3,"…ed more. Over all I was less than impressed. I did not find the value that high either, if I were to spend 7.95 on chineese goods from harbor freight nextdoor I think I would have been much more satisified.",False,True,,price_value,False,False,False,False,False,True
85711,Tucson,2012Q1,negative,-0.5191,1,"…the food was def. NOT worth the PRICE of their food at all. The server was just okay, he forgot to bring us a lot of the things we had ordered.. just overall wasn't a great experience, I would rather go to Olive Garden!",False,True,,food_drinks|service_staff|price_value,False,False,False,True,True,True
85719,Tucson,2012Q4,negative,-0.4272,2,…here might be a line) a small patio a bar next to the oven. the service could use some improvement the bartender was nice but everybody keep starring in my direction making small talk that i could clear as day make out? asking who is that…,True,True,cleanliness_public_space,service_staff,False,False,True,False,True,False
85711,Tucson,2012Q4,negative,-0.9925,1,"…ere was sour cream this one missed it. The only thing that this dish had going for it was the dijon mustard. It was nasty! The beef and barley that I got ended up being the chili that the lady wanted to take home, so not sure there either…",False,True,,food_drinks,False,False,False,True,False,False
85737,Tucson,2012Q3,negative,-0.9042,2,"Not the best Chinese food ever. Server wasn't all that helpful and disappeared a lot. I didn't enjoy the food very well. I did like the egg drop soup. Probably will not return. We ordered the house lo mien, which comes with chicken, beef, a…",False,True,,food_drinks|service_staff,False,False,False,True,True,False
85756,Tucson,2017Q3,neutral,0.0113,1,"…chance to contact me, but they couldn't care less. So beware of cheap rental car companies. Should anything be amiss with the car, you're likely on your own. I put a big X on their door and thank goodness for competition.",False,True,,price_value,False,False,False,False,False,True
85716,Tucson,2017Q1,neutral,0.0,1,…hese are the tamales that tourists and snow birds buy. Extremely overpriced and undersized,False,True,,price_value,False,False,False,False,False,True
85704,Tucson,2017Q4,neutral,0.0147,1,"Don't come by here if you are expecting any kind of good food and especially not service. Staff is pretty rude, the food is bland and overpriced for the quality. First and last time I make this mistake.",False,True,,food_drinks|service_staff|price_value,False,False,False,True,True,True
85716,Tucson,2017Q4,neutral,0.0,1,Subpar service and food. It took over an hour before we got appetizers and ordered meals.,False,True,,food_drinks|service_staff,False,False,False,True,True,False
33765,TampaBay,2015Q2,negative,-0.9137,1,"…have everything you could possibly need/want for a baby but the prices for most things are outrageous. Go to the store, find what you like, then order it off amazon for half the price. We returned an infant swing that we got for around $…",False,True,,price_value,False,False,False,False,False,True
33603,TampaBay,2015Q4,negative,-0.9234,2,"…eat, sides/veggies cost extra. I rarely, if ever, complain about prices because I firmly believe you get what you pay for when it comes to both food and service, however, I didn't enjoy paying $1.50 extra for a little tiny portion of kimchi…",False,True,,food_drinks|service_staff|price_value,False,False,False,True,True,True
37204,Nashville,2012Q4,positive,0.7851,3,"…g rooms, one of which was out of order when I was there. Working clean bathroom. While I only found 1 top for myself, I did score 4 matching, high-quality sofa throw pillows, all 5 items for about $16 total. Sadly, this place is a bit of…",True,False,cleanliness_public_space,,False,False,True,False,False,False
37209,Nashville,2012Q4,positive,0.9813,4,"…e bountiful and the meat was good!! Overall - good experience, clean restaurant and good food!",True,True,cleanliness_public_space,food_drinks,False,False,True,True,False,False
70112,NewOrleans,2013Q2,negative,-0.9625,1,"…pressed on it. The pillows were prison quality. The carpet was filthy. The drapes looked like they hadn't been replaced since the 40s. When I demanded to be moved, the check-in clerk told me that if I booked a deluxe king then it would…",True,True,cleanliness_public_space,price_value,False,False,True,False,False,True
70130,NewOrleans,2013Q1,negative,-0.9807,1,"…cording to the way place looks, they might just don't follow the sanitary standards. I don't recommend to go there, unless you want to hug a toilet all night after ur dinner((((....",False,False,,,False,False,False,False,False,False
70116,NewOrleans,2013Q3,negative,-0.8828,1,"…f AND very reasonably priced. It's a nice place to drink on the cheap and collect your thoughts. UPDATE: Unfortunately, and much to my dismay, the next time I went to The John, the ""friendly"" bartender I previously mentioned, turned out…",False,True,,food_drinks|service_staff|price_value,False,False,False,True,True,True
70130,NewOrleans,2013Q4,negative,-0.6143,3,"…d quality was high. Portions were about average. It was slightly overpriced for what it was, but that's what they're going for, so whatever. That is all expected. My real gripe is with the wait-staff. They were completely disinterested in s…",False,True,,service_staff|price_value,False,False,False,False,True,True
37201,Nashville,2018Q4,negative,-0.5719,3,"…ree breakfast/afternoon snacks are a plus. But, for the premium price tag (over $700 for 2 nights, including a very expensive stay for our rental car of $38 per day, even though we didn't check in until evening on one of those days), I wou…",False,True,,price_value,False,False,False,False,False,True
37203,Nashville,2018Q2,negative,-0.944,1,"…ble customer service. The owner is extremely rude. And extremely overpriced to be treated so poorly. I live in the gulch, and every time I come in, there's an issue. Rude rude rude!",False,True,,service_staff|price_value,False,False,False,False,True,True
33607,TampaBay,2018Q4,negative,-0.6031,1,"…ey, and the car was not in the numbered spot it should have been parked in. Neither time did the employees even seem to care. The desk employee who takes reservations at the rental center never even looked at my face and was not friendly or…",True,True,access_transit,service_staff,True,False,False,False,True,False
33767,TampaBay,2018Q1,negative,-0.8176,1,…threatened us and told us to leave because we took a bit of time parking in this narrow parking area at the front.,True,False,access_transit|surroundings_safety,,True,True,False,False,False,False
70112,NewOrleans,2017Q1,negative,-0.9681,1,"…use I love that the owner gives back to the black community. The prices are way too high for what they are serving, plus the food quality is poor. I ordered a shrimp wrap and the presentation was not whay they portray on social media. It wa…",False,True,,food_drinks|price_value,False,False,False,True,False,True
70113,NewOrleans,2017Q3,negative,-0.359,1,"…et more of the deal as we wanted. Food, way too mediocre for the price and the time it took to get to our table. Timing for appetizers and main course, we had one person order appetizers for the table. We all got our mains with the appetize…",False,True,,food_drinks|price_value,False,False,False,True,False,True
37203,Nashville,2012Q3,neutral,-0.0482,2,"Friendly staff, food ok but nothing special.",False,True,,food_drinks|service_staff,False,False,False,True,True,False
37204,Nashville,2012Q4,neutral,-0.0333,2,"Great idea. Food wasn't anything special. Group of us had the unlimited pancake batter, french toast and potatoes. Add-in for pancakes came in small, plastic serving cup. This place is fun for smaller kids. Service sucked. No refills on cof…",False,True,,food_drinks|service_staff,False,False,False,True,True,False
37207,Nashville,2018Q3,negative,-0.882,1,"The sheets do not look clean.they were not clean, I talked to the manager Patel. The lights did not work either. Do not waste your money in this place.they did not want to cancel my reservation. But I called and complained, and I told him t…",True,False,cleanliness_public_space,,False,False,True,False,False,False
37209,Nashville,2018Q2,negative,-0.7884,1,Absolutely horrible. Pay is garbage. Might as well get a warehouse job. Home every night. You make the same type of money. Very unprofessional employees. All recruiting does is lie. About everything. I will troll them every day for the next…,True,True,cleanliness_public_space,service_staff,False,False,True,False,True,False
37214,Nashville,2012Q2,negative,-0.4521,2,…he bar. There were about 20 customers and only one bartender so service was a little slow. The lady who brought out my food didn't bring me a spoon and when I asked for salad dressing she said it was already in there...but I never found i…,False,True,,food_drinks|service_staff,False,False,False,True,True,False
37211,Nashville,2012Q3,negative,-0.4885,1,"…ook forever (I was at this dentist for over 2 hours, for a basic service) but I guess it was fine? The really sketchy part was when they whisked me into a partially cordoned off room (privacy I guess?) to inform me I needed 2 cavities fill…",True,True,surroundings_safety,service_staff,False,True,False,False,True,False
37201,Nashville,2012Q1,negative,-0.8611,2,"…the Vandy location has, all while having none of the charm. The food is extremely mediocre, the layout is ridiculous, the staff is brain dead, and the portions are small: just like the Vandy location. Unlike the Vandy location, there is n…",False,True,,food_drinks|service_staff,False,False,False,True,True,False
37214,Nashville,2012Q3,negative,-0.0644,1,"…u liked Uncle Bud's from a decade ago, give this one a pass. The food was overcooked, bland, and far overpriced. The waitresses were great but everything else was poor quality. Go to Cracker Barrel if you want catfish.",False,True,,food_drinks|price_value,False,False,False,True,False,True
19147,Philadelphia,2018Q2,positive,0.9729,5,…e ambience and the drinks. The walls are lined with stickers and graffiti. The Sunday arts and crafts are super cool too.,True,True,surroundings_safety,food_drinks,False,True,False,True,False,False
19122,Philadelphia,2018Q4,positive,0.993,5,"Great little neighborhood jawn right here in Olde Kensington! Intimate, cozy and friendly; the staff is fantastic. Wiley is hands down my fave bartender. The owners are welcoming and approachable and I like that the concept is based on loca…",True,True,surroundings_safety,service_staff,False,True,False,False,True,False
19153,Philadelphia,2015Q3,negative,-0.9487,1,"…hotel and you have 2 sets? Who is watching this? The rooms are filthy. Stained carpets, scuff marks on the walls and worst of all, moldy grout in the tiled area. I am certain the Management at Aloft does not live like this at home, why wo…",True,True,surroundings_safety|cleanliness_public_space,service_staff,False,True,True,False,True,False
19106,Philadelphia,2015Q3,negative,-0.689,1,"…nd her. She also wasn't all that friendly. The place was kind of dirty looking inside and the menu is very confusing. Everything I tried to order she either didn't have or ""she doesn't do that."" Don't waste your time.",True,True,cleanliness_public_space,food_drinks|service_staff,False,False,True,True,True,False
37209,Nashville,2017Q3,neutral,0.0,1,"…at lunch time? Inside was hot and sticky. Overpriced, mediocre food. Will not be going back.",False,True,,food_drinks|price_value,False,False,False,True,False,True
37203,Nashville,2017Q3,neutral,0.0276,3,Kind of thought their food was overrated. Brisket was great but I wasn't a fan of the dry rub ribs. Would try again though.,False,True,,food_drinks,False,False,False,True,False,False
19106,Philadelphia,2016Q3,negative,-0.0936,2,…ace is convincingly colonial in style--from the architecture and construction materials used to the colonial style dress of the servers. I think it would be more welcoming in the winter when I expect the fireplaces add a cozy tone to what…,True,True,surroundings_safety,service_staff,False,True,False,False,True,False
19146,Philadelphia,2016Q3,negative,-0.8283,2,"Not a fan, overpriced for neighborhood. Food selection minimal and no happy hour. Not a warm and cozy place. Will not return unless changes are made. Sad we couldn*t wait to try it out. Two times we tried and that is it.",True,True,surroundings_safety,food_drinks|price_value,False,True,False,True,False,True
37215,Nashville,2016Q3,negative,-0.5638,1,"…my face. Didn't help with the bumps at all. But products, very expensive products, were pushed on me from the get go by everyone. I paid over $145 that day. I went on to receive another bill in the mail for additional $22.00. That prac…",False,True,,price_value,False,False,False,False,False,True
37209,Nashville,2016Q2,negative,-0.3954,2,"…izers and a few tacos each. Everything was just ... Bland. The price point did not match the quality of the food. And certainly not the service. Don't let the pictures fool you. If you want tacos, go to Mas Tacos or Taqueria Del Sol. No…",False,True,,food_drinks|service_staff|price_value,False,False,False,True,True,True
85718,Tucson,2013Q3,negative,-0.7825,2,"…ing very adventurous, other than the addition of goat meat. The prices are outrageous, imo. $10 for sag paneer, $11 for goat curry -- from a truck??? I've eaten Indian food my whole life, in many cities, and the food here just isn't all…",False,True,,food_drinks|price_value,False,False,False,True,False,True
85712,Tucson,2013Q4,negative,-0.3018,2,"…lable, as well as all of the 50's memorabilia. Some vendors were overpriced and there was nothing about the mall that jumped out at me in terms of organization, selection, or customer service that would warrant a return. I've been to many l…",False,True,,service_staff|price_value,False,False,False,False,True,True
85716,Tucson,2013Q3,negative,-0.8253,4,"…ey increase with alarming regularity. 2) Bad attitude of floor employees. The cashiers are fine, but the floor employees never smile or say hello, can't be bothered to ask if you need help, seem very annoyed if you ask them something, an…",False,True,,service_staff,False,False,False,False,True,False
85719,Tucson,2013Q1,negative,-0.0672,1,…hey even use soap for the $3.99 wash they prominently offer. The cashier had all the charm and customer service skills of any bratty teenager who would rather be at the mall instead of some stupid job. The dryers were the only ones who I fe…,False,True,,service_staff,False,False,False,False,True,False
85707,Tucson,2012Q4,positive,0.9753,5,…super quickly. It's in a good location where it is easy to find parking. The ONLY drawback to El Minuto is the servers are notorious for forgetting to refill your drink and since the salsa is pretty spicy it can be an issue. Because I go…,True,True,access_transit,food_drinks|service_staff,True,False,False,True,True,False
85712,Tucson,2012Q3,positive,0.7793,4,"…other sandwiches. The Downfall to this place is the seating and parking. You usually have to park all the way on the other side of the plaza due to bookmans and the other shops nearby. Not a huge problem, but crazy getting in and out. S…",True,False,access_transit|cleanliness_public_space,,True,False,True,False,False,False
70130,NewOrleans,2017Q3,negative,-0.8387,1,The front desk told me I had free parking on my block of rooms. When I tried to access free parking I was told it's not really free. So sorry we messed up. So I parked and now I am have to pay. Their employees represented one thing and the…,True,True,access_transit|surroundings_safety,service_staff,True,True,False,False,True,False
70130,NewOrleans,2017Q4,negative,-0.2383,5,"…you want to avoid an hour wait time. Oh, and don't stand on the sidewalk in front of the home next to Surrey's. They have automatic sprinklers that just so happen to come on when people are standing in front that door lol",True,False,access_transit,,True,False,False,False,False,False
33634,TampaBay,2012Q4,positive,0.9839,3,"…Friday. That is sad , & makes me really feel how white-bread the neighborhood this place is located. One should be able to get greens anytime at a BBQ, but perhaps the demand isn't high enough to warrant such. HOWEVER, Not having collard gr…",True,False,surroundings_safety,,False,True,False,False,False,False
33602,TampaBay,2012Q3,positive,0.9211,5,…ill update based on experiences. So glad to have a bakery in the neighborhood.,True,False,surroundings_safety,,False,True,False,False,False,False
33634,TampaBay,2018Q4,neutral,0.0,4,…p. Reasonable selection of fish and corals. Equally reasonable prices. This place has potential.,False,True,,price_value,False,False,False,False,False,True
33781,TampaBay,2018Q3,neutral,0.0,5,"…this place! In and out in 10 minutes or less usually, extremely affordable, and a local business. I'll keep getting my oil changes here as long as they're there.",False,True,,price_value,False,False,False,False,False,True
33710,TampaBay,2018Q4,neutral,0.0,1,"Customer Service from a Kevin was TRASH. We will never return to this location. After today, I may rethink my entire AT&T account.",True,True,cleanliness_public_space,service_staff,False,False,True,False,True,False
33609,TampaBay,2018Q2,neutral,0.0,1,…y-- Waited 35 minutes in line only to be told when we got to the cashier it was a 45 min wait for anything in the kitchen even a everything bagel with Peanut-butter and Jelly. Then we said we will take bagels and cream cheese. She said grab…,False,True,,service_staff,False,False,False,False,True,False
33604,TampaBay,2016Q1,neutral,0.0,2,Beware: minimum service/repair cost is $95. Was not informed of that on the phone when I made the appointment and asked about it. Five minute toilet adjustment cost me $95.,False,True,,service_staff|price_value,False,False,False,False,True,True
33614,TampaBay,2016Q4,neutral,-0.0487,4,…es) BUT it is VERY messy specially in the home accessories area. Cashier in my case seemed very inexperienced and had to count with her fingers? Idk what was going on to be honest....,True,True,surroundings_safety,service_staff,False,True,False,False,True,False
33767,TampaBay,2016Q1,neutral,0.0258,2,…being offered a dinner salad through to the just average grouper dish. Even gave the dessert a shot and left unimpressed. Let's just say It was a super let down.,False,True,,food_drinks,False,False,False,True,False,False
33760,TampaBay,2016Q1,neutral,0.0252,1,…ting a review just to write a review so ill make this short. The food was completely disgusting. I went with my wife after hearing somewhat good reviews and decided to go. Wow was I surprised. 1) the food is way way way to expensive for th…,False,True,,food_drinks|price_value,False,False,False,True,False,True
37219,Nashville,2013Q1,positive,0.9924,5,"…s exactly how to treat guests from the time you pull up to valet parking until you check out. The rooms are elegant, the beds- amazing, linens and towels are Europe's finest. We live in Nashville but have stayed at the Hermitage when my…",True,True,access_transit,price_value,True,False,False,False,False,True
37203,Nashville,2013Q4,positive,0.9608,5,"…nd in my experience you always get better service at the bar. Parking can be hard around midtown so I would valet, its free, just tip the poor guy!",True,True,access_transit,service_staff,True,False,False,False,True,False
70117,NewOrleans,2018Q1,positive,0.9448,5,"…ugh for the older folks to hear & seemed to know everyone in the neighborhood as she also lives here! She talked of the first integrated communities of Treme, Fats Domino, Homer Plessey of the Plessey v Ferguson case, and all the work that…",True,False,surroundings_safety,,False,True,False,False,False,False
70119,NewOrleans,2018Q4,positive,0.9654,5,Had a fantastic breakfast at this Mid-City neighborhood restaurant this morning. There was a small line but it moved quick! The staff was awesome and it was a great meal with friends!,True,True,surroundings_safety,food_drinks|service_staff,False,True,False,True,True,False
85712,Tucson,2016Q4,neutral,0.0415,3,"…good place for small groups of people to meet up in. Open space. Food is a little expensive and I didn't feel like I was getting a proportionate amount of food for the price. The staff was nice, but they also weren't very present. I don't k…",False,True,,food_drinks|service_staff|price_value,False,False,False,True,True,True
85705,Tucson,2016Q4,neutral,-0.0423,1,"The food here is expensive and sub par. We went for the jazz on Sunday, they sat us in the main dining room.... not with the jazz. The meal cost us $80 and when we asked to watch the jazz, they told us there was no room for us. There were e…",False,True,,food_drinks|price_value,False,False,False,True,False,True
70123,NewOrleans,2013Q2,negative,-0.8126,3,…order takeout from when the Metairie Mardi Gras parades make my neighborhood a nightmare to navigate through - from where I live I don't have to cross any parade lines to get to it. And thank goodness for that. The restaurant itself - I t…,True,False,surroundings_safety,,False,True,False,False,False,False
70117,NewOrleans,2013Q2,negative,-0.9558,5,"…t still there, but because I had to move. Having moved from the neighborhood three years ago I STILL find myself jonesing for Frady's dressed roast beef Po Boys all the time. Like every week, seriously. Really unpretentious dusty littl…",True,False,surroundings_safety,,False,True,False,False,False,False
85719,Tucson,2013Q2,positive,0.968,5,"…ices are about $8 each. the only thing i have to say is that the parking lot is tiny, and you have to be pretty lucky to get a space (luckily i did). also, it WILL be busy so prepare for that. however, the service, beer, and food are delici…",True,True,access_transit,food_drinks|service_staff,True,False,False,True,True,False
85716,Tucson,2013Q4,positive,0.9588,3,"…of enter front of building. The back is little distance walk to parking lots. If you are up for walking and avoid the crowd then exit the rear,there are four cashiers. Good deli there and meats. Want party trays they have then, I order th…",True,False,access_transit,,True,False,False,False,False,False
33767,TampaBay,2018Q1,negative,-0.7005,1,…lly underwhelming. Wait staff was poor. Food was not impressive. Price was too high.,False,True,,food_drinks|service_staff|price_value,False,False,False,True,True,True
33761,TampaBay,2018Q3,negative,-0.1779,2,"…ick to pan cakes. all things considered, i felt it was a little overpriced.",False,True,,price_value,False,False,False,False,False,True
33708,TampaBay,2016Q2,neutral,0.037,2,Not impressed. Not great service. Greasy food. Overpriced. Didn't expect much and didn't get much.,False,True,,food_drinks|service_staff|price_value,False,False,False,True,True,True
33705,TampaBay,2016Q3,neutral,0.0,3,…belly and crispy duck bowls. The serving size is very small and prices I must say is very high. $16 for a small bowl is quite a stretch.,False,True,,price_value,False,False,False,False,False,True
33706,TampaBay,2018Q1,negative,-0.8373,1,…aker playing kids game - not quite or relaxing. The worst is the construction. Our room overlooks construction on the Sinatra property. They start work at 7 am so we get woken up every day by heavy equipment and sawing. The strata has not a…,True,False,surroundings_safety,,False,True,False,False,False,False
33716,TampaBay,2018Q2,negative,-0.9795,1,"…'t document when items are recalled is ridiculous and completely unsafe. If you decide to live here, just be wary.",True,False,surroundings_safety,,False,True,False,False,False,False
70130,NewOrleans,2013Q4,neutral,0.0018,3,Did the Christmas Eve dinner cruise. Hard to find worse food in NOLA. Service was very sub-par. I would only recommend for sightseeing only. Kind of cool though to go on a steamboat ride.,False,True,,food_drinks|service_staff,False,False,False,True,True,False
70130,NewOrleans,2013Q2,neutral,0.0,4,"Had Eggs Cochon, t'was tasty. A bit pricey for breakfast, but tasty none the less!",False,True,,food_drinks,False,False,False,True,False,False
37201,Nashville,2018Q4,neutral,0.0,3,"Extremely average. Food was tasty, but nothing exceptional. Prices were reasonable. Service was very ok. For a standard upper end breakfast, sorts expected more",False,True,,food_drinks|service_staff|price_value,False,False,False,True,True,True
37203,Nashville,2018Q2,neutral,-0.0144,2,"…nsive selection on tap, but no list of what the beers are or the pricing, either as a paper menu or on a board. NOT helpful. For anyone--customer or server. I have no idea what I drank, even though I enjoyed it. The atmosphere is corpora…",False,True,,food_drinks|service_staff|price_value,False,False,False,True,True,True
37214,Nashville,2018Q1,neutral,0.0,4,"Taste just the same from when I was a kid. You can't beat all you can eat white beans, pickles, hush puppies and coleslaw.",False,True,,food_drinks,False,False,False,True,False,False
37203,Nashville,2018Q3,neutral,-0.0422,3,"the service was outstanding, but our food was just mediocre. we had the fish and chips and while the fish pieces were huge there wasn't any seasoning on them. we also got the cheesecake dessert and it looked incredible but it didnt taste go…",False,True,,food_drinks|service_staff,False,False,False,True,True,False
37203,Nashville,2014Q1,neutral,-0.0028,3,…uth for the rest of the evening. She absolutely should not be in customer service. I have been in customer service for years and would never imagine speaking to anyone the way she spoke to the customers who came in. We waited for an hour an…,False,True,,service_staff,False,False,False,False,True,False
37204,Nashville,2014Q3,neutral,0.0,5,…nient to downtown/midtown area of Nashville. Overly-accomodating staff that is constantly cleaning and maintaining the facility. This facility is never overcrowded and it's reasonably priced for the area and open 24 hrs!,True,True,surroundings_safety,service_staff,False,True,False,False,True,False
37203,Nashville,2014Q1,neutral,0.024,2,"Although the food was good and they had quite an extensive collection of drinks, I was a little disappointed that they actually charge a 10 dollar ""cake fee"" for bringing in a personal birthday cake from home and they would not give the pa…",False,True,,food_drinks,False,False,False,True,False,False
37221,Nashville,2014Q4,neutral,0.0,2,Decent food with the slowest service on earth. Don't plan on making it out of there any time soon.,False,True,,food_drinks|service_staff,False,False,False,True,True,False
19107,Philadelphia,2017Q4,neutral,0.0,4,"Now THIS is definition cheap eats. And tasty, too. Steamed pork bun (cha siu bao) for less than a dollar and didn't skimp on meat. Will be coming back here for a quick, mega affordable bite (I'm talking less than $5)....eyeing those tak…",False,True,,food_drinks|price_value,False,False,False,True,False,True
19107,Philadelphia,2017Q3,neutral,-0.0243,3,…ed flour. I am still giving them 3 stars because the food was cheap and substantial. I will not return because I prefer the competitor.,False,True,,food_drinks|price_value,False,False,False,True,False,True
19128,Philadelphia,2017Q4,neutral,0.0311,4,"Meat is tasty and not dripping grease like other establishments. Bread is good and not super chewy, and more importantly, doesn't overpower the meat and cheese. Provolone was actually a sharp provolone, which I've never seen before. Wasn't…",False,True,,food_drinks,False,False,False,True,False,False
19104,Philadelphia,2017Q2,neutral,-0.0346,2,"…lebrations because it's so convenient to the university, but the food is never very good. Confirmed. I won't be going there again if I can help it.",False,True,,food_drinks,False,False,False,True,False,False
33607,TampaBay,2015Q3,negative,-0.8755,1,The toilet clogged with one use. A roach was in the bathroom. Staff tried to downplay it by calling it a palmetto bug. A roach is a roach. The sheets were dirty and the roach came back after maintenence sprayed to get rid of the roach.…,True,True,cleanliness_public_space,service_staff,False,False,True,False,True,False
33706,TampaBay,2015Q1,negative,-0.4026,5,Very clean. Older hotel but has updates. Fresh paint. 2 pools. Only minor issue is weak shower pressure.,True,False,cleanliness_public_space,,False,False,True,False,False,False
33606,TampaBay,2017Q4,negative,-0.9856,1,"…If you are familiar with the area, you know that there's lots of construction going on so you are unable to drive in front of the store. Upon leaving the parking garage, I realized that they had forgotten to give me my plant that I had also…",True,False,access_transit|surroundings_safety,,True,True,False,False,False,False
33602,TampaBay,2017Q4,negative,-0.4215,1,"…iterally burst out laughing my entire workout. It is literally a construction site with a handful of machines. Every wipe dispenser and paper towel dispenser was empty, exposed drywall and studs on every wall, subflooring being built in hal…",True,False,surroundings_safety,,False,True,False,False,False,False
19125,Philadelphia,2017Q2,negative,-0.8815,1,"…do the work, one of the so called mechanics approched me in the parking lot and told me they were trying to rip me off, then gave me a card for the shop he worked at on the weekends and told me they could do the work for half of what pep b…",True,False,access_transit,,True,False,False,False,False,False
19143,Philadelphia,2017Q2,negative,-0.9621,1,…they were getting progressively worse. I couldn't find street parking so I tried the garage. It took me quite a while to find a spot. Good thing he wasn't dying! However we still aren't even to the point of contention between the ho…,True,False,access_transit|surroundings_safety,,True,True,False,False,False,False
19153,Philadelphia,2013Q2,negative,-0.9324,1,…ce advisor Gregory T. that one of their customers backed into my parked vehicle on their lot and it damaged my rear bumper. He stated that it appears that a few clips that hold the bumper together may have been broken. Before I could say an…,True,False,access_transit,,True,False,False,False,False,False
19103,Philadelphia,2013Q2,negative,-0.8608,1,"…e seated. It was pouring rain outside and we had found a nearby parking space, so we decided to wait for a bit. We were directed to the bar area, where we had to buy drinks out of pocket, since they were not going to put them toward our vo…",True,True,access_transit|surroundings_safety,food_drinks,True,True,False,True,False,False
70124,NewOrleans,2012Q1,neutral,0.0,4,"…ath taking view of the lake! Other than that, 3 stars for you. Service was decent and so was the food. Typical chain seafood fare with a touristy price tag to go along with it.",False,True,,food_drinks|service_staff|price_value,False,False,False,True,True,True
70116,NewOrleans,2012Q2,neutral,0.0049,4,"…average, decor had New Orleans atmosphere which we loved and the staff was nice but could have checked on our table more often. There are tons of restaurants in NOLA so I wouldn't rush back as I was not that impressed.",False,True,,service_staff,False,False,False,False,True,False
70116,NewOrleans,2012Q2,neutral,0.0299,3,…serves it well for the locals and cops who drop in for sit down meals.,False,True,,food_drinks,False,False,False,True,False,False
70123,NewOrleans,2012Q4,neutral,-0.0139,2,"I'm not giving this place 2 stars because of the food. I think the food is excellent, when you can get it. I used to order take out pretty frequently from there. I started to get very annoyed when every time I would call and place an order…",False,True,,food_drinks,False,False,False,True,False,False
85712,Tucson,2013Q3,negative,-0.7366,1,"Terribly dirty. Unprofessional staff. I had one plate with around 6 pieces of sushi. The last piece was so discolored, I'm worried that I didn't look at the other pieces close enough. I'll I can hope is that I don't die from eating here.",True,True,cleanliness_public_space,service_staff,False,False,True,False,True,False
85705,Tucson,2013Q4,negative,-0.6864,2,"…Other than that nothing good about this place. Crappy service, dirty bathrooms, clearly a lack of leadership or management around here.",True,True,cleanliness_public_space,service_staff,False,False,True,False,True,False
37203,Nashville,2014Q4,negative,-0.9118,2,"…y could offer me was half off my next purchase! Dudes - you left trash in my food - I probably won't eat there again! It's a shame, because I know mistakes happen, but it tarnished my likings for Bellagio. I never really leave negative revi…",True,True,cleanliness_public_space,food_drinks,False,False,True,True,False,False
37207,Nashville,2014Q3,negative,-0.1337,1,…seriously hurt yourself crawling over stuff to dig out. Found a dirty painting in the floor behind a fridge in a real junk pile; someone started it and lost interest. The canvas had a tear and the wood stretcher was broken. You can buy thi…,True,False,cleanliness_public_space,,False,False,True,False,False,False
85716,Tucson,2017Q3,negative,-0.4789,1,"…it anymore haha. When the cashier rung us up, he charged us full price and we said ""what about the discount?"" and he responded that he didn't see that. He totally disregarded it after we brought it up and didn't take action. My friend comme…",False,True,,service_staff|price_value,False,False,False,False,True,True
85705,Tucson,2017Q3,negative,-0.9283,1,"…r two BMWs ends in disappointment. It has nothing to do with the price, as we have extended warranties for both cars. The customer service is consistently subpar. I can never get a call back from anyone! Attention to detail lacking, service…",False,True,,service_staff|price_value,False,False,False,False,True,True
70130,NewOrleans,2018Q4,neutral,0.0351,2,The menu looked amazing. We wanted to try everything. The service was not good we waited about and hour for bacon scrambled eggs and pancakes. The food was cold when it was brought to us and it was nothing special and the grits were runny.…,False,True,,food_drinks|service_staff,False,False,False,True,True,False
70130,NewOrleans,2018Q1,neutral,-0.0387,1,"Food was mediocre. Service was worse. The waitress was nice but after seeing us wait at the table for over an hour and not receiving our food, you should have taken the initiative to check on our food. It was midnight and the place wasn't b…",False,True,,food_drinks|service_staff|price_value,False,False,False,True,True,True
70116,NewOrleans,2018Q3,neutral,0.0,5,Another food staple to try along with Italian soda! We are vegetarian so the owner made us vegetarian muffuletta! Olive salad is quite incredible.,False,True,,food_drinks,False,False,False,True,False,False
70112,NewOrleans,2018Q2,neutral,0.0,4,I plan on eating at all of the food vendors for this food hall for all so stay tuned. So far I've only had coffee and a phoritto!,False,True,,food_drinks,False,False,False,True,False,False
19130,Philadelphia,2012Q1,neutral,0.0156,1,The food is good and cheap but the service is absolutely horrible. I waited over 2 hours for a small delivery and when the driver finally arrived he didn't even have my entire order. I had to wait for another driver to come with the rest of…,False,True,,food_drinks|service_staff|price_value,False,False,False,True,True,True
19129,Philadelphia,2012Q3,neutral,0.0498,3,"…in the afternoon during a lull, so its hard to gauge what their service is like during the busy lunch/dinner hours. I had some fish tacos, and they weren't bad. I can't really speak to the service either, as I sat at the bar, got some beer…",False,True,,food_drinks|service_staff,False,False,False,True,True,False
19103,Philadelphia,2012Q2,neutral,0.0,3,"The food was so-so, very expensive. My steak was too dry when I asked for it to be more on the rare side.",False,True,,food_drinks|price_value,False,False,False,True,False,True
19106,Philadelphia,2012Q2,neutral,0.0463,2,…bacon. Wheat toast. And let's wait until we are serving you the meal to let you know. Foods really not bad. But annoying wait and too many mistakes.,False,True,,food_drinks,False,False,False,True,False,False
19125,Philadelphia,2013Q2,neutral,0.0,5,…ke with an order of hot fries. Out of this world for the type of food you're getting. Can't wait to try the combo with the sausage.,False,True,,food_drinks,False,False,False,True,False,False
19129,Philadelphia,2013Q4,neutral,-0.0058,3,"Went for the first time for dinner. Great drink menu, yummy food, fair prices. I am on the fence about this place because - We specifically came because a friend told us about 1/2 price mussel night. We both ordered mussels, but they w…",False,True,,food_drinks|price_value,False,False,False,True,False,True
37203,Nashville,2013Q4,neutral,-0.0003,1,"…I had the steak frites, the fries had a really weird off-putting taste, and the steak was overcooked on the thinner part, and under cooked on fatter part. Overall the steak still tasted like beef but it was cooked and seasoned sloppily. I…",False,True,,food_drinks,False,False,False,True,False,False
37209,Nashville,2013Q4,neutral,0.0,4,Open again and serving a regular menu. The owner says they will have dim sum Ina few weeks - next review to reflect the addition (or return) of dim sum.,False,True,,food_drinks,False,False,False,True,False,False
33602,TampaBay,2016Q1,negative,-0.2014,1,Moldy sprouts in the pho. The food safety practices at this restaurant need to improve. The quality seems to have gone down hill over the past year or so and it is very disappointing. I have had moldy sprouts more times than I'd like to cou…,True,True,surroundings_safety,food_drinks,False,True,False,True,False,False
33604,TampaBay,2016Q2,negative,-0.9173,1,"…han my first bite. Again, due to temp, I was worried about food safety. As our server never came to check on us, we could not ask for help. Instead, when she dropped the bill, she asked if I wanted to take it home. I told her no ""it was…",True,True,surroundings_safety,food_drinks|service_staff|price_value,False,True,False,True,True,True
85704,Tucson,2018Q3,positive,0.9618,4,"…t of us. When we got to breakfast we were able to find a shady parking spot in the lot. Walking in we were greeted by a cheerful and pleasant hostess, and our server, Savannah, was OVER THE TOP nice. Our food was good too, we both ordered…",True,True,access_transit,food_drinks|service_staff,True,False,False,True,True,False
85705,Tucson,2018Q2,positive,0.4404,4,…y only complaint is that there is a over abundance of motorcycle parking by the entrance and limited handicap parking. Check out the burgers and the great view of thCatalina's .,True,True,access_transit,price_value,True,False,False,False,False,True
85719,Tucson,2015Q1,negative,-0.8662,2,"…rest of the staff looked the same. The place itself wasn't very clean looking actually. When the guy server brought the check he put it down on the table. Since we had never been here before we didn't know that you have to pay up front, an…",True,True,cleanliness_public_space,service_staff|price_value,False,False,True,False,True,True
85718,Tucson,2015Q3,negative,-0.8217,2,"…llow cases! I found dead old bugs in the corners of the room and bathroom, not roaches. A lady a few rooms down from me did say she had roaches in her room . There was no spoon to stir my coffee and the coffee area was dusty. The tv kept gl…",True,True,surroundings_safety,food_drinks,False,True,False,True,False,False
19142,Philadelphia,2016Q3,neutral,-0.0208,1,"…, but anyhow that's was the nastiest first time I ever received service from a crack head and secondly I had my 8month old son my boyfriend goes to get a high chair and it was fifthy dirty and the crazy part was I was scared to eat of the…",True,True,cleanliness_public_space,service_staff,False,False,True,False,True,False
19123,Philadelphia,2016Q1,neutral,0.0,5,"The pozza is amazing..staff, veryy nice...will be back to try the calamari and mussels",False,True,,service_staff,False,False,False,False,True,False
19103,Philadelphia,2017Q3,negative,-0.8749,1,…disclose how much the parking is for the hotel too. It is very expensive. . Overall experience has left a bad taste in my mouth and I would not recommend or stay at this hotel again!,True,True,access_transit,food_drinks|price_value,True,False,False,True,False,True
19103,Philadelphia,2017Q2,negative,-0.5473,3,Food was good but drinks are extremely expensive. The service was also poor. They made us sit at the bar even though many tables were open. They claimed they ran out of chai and lassi when it was just that they didnt want to many any. How…,False,True,,food_drinks|service_staff|price_value,False,False,False,True,True,True
33714,TampaBay,2016Q4,neutral,-0.0207,1,…g Fl- This had to be the worst hotel I have ever seen. I felt so unsafe there. It was in the worst neighborhood in St. Petersburg. I would never ever recommend this hotel to anyone and nor should hotels tonight be using them as a recommenda…,True,False,surroundings_safety,,False,True,False,False,False,False
33607,TampaBay,2016Q1,neutral,-0.0001,2,"…at least 3 stars out of me for a hotel. Price, cleanliness and safety will usually get a hotel 3 stars. However this Hilton just doesn't cut it for a Hilton. I'm going to give the good things first. Wel first my company paid not me, LO…",True,True,surroundings_safety|cleanliness_public_space,price_value,False,True,True,False,False,True
33761,TampaBay,2016Q3,neutral,-0.0349,2,…Seems like this place should be more upscale but it is not. The bathroom floor is slippery and the tables are sticky. The food was very under flavored.,False,True,,food_drinks,False,False,False,True,False,False
33612,TampaBay,2016Q1,neutral,0.0199,3,"…out there I would have given it to him so it wouldn't go in the trash). Needless to say, First Watch is still one of my favorite restaurants.",True,False,cleanliness_public_space,,False,False,True,False,False,False
19147,Philadelphia,2014Q2,negative,-0.7731,2,"…n, the bouncer/doorman yelled at me and a friend who were on the sidewalk chatting with other friends who were seated at a table. We had no idea that doing this was ""against the rules"" as nothing was explained to us before the yelling comm…",True,False,access_transit,,True,False,False,False,False,False
19147,Philadelphia,2014Q3,negative,-0.978,1,…But nothing I was ever sure was their fault or if it's just from parking a car on Philly streets. But then things got serious. I started to notice a tick-tick-tick every time my back driver side tire rotated. I was due for an inspection so…,True,False,access_transit,,True,False,False,False,False,False
85705,Tucson,2012Q2,negative,-0.792,2,"…king the effort to go to the Park & University location, even if parking on university is annoying!",True,False,access_transit|cleanliness_public_space,,True,False,True,False,False,False
85719,Tucson,2012Q1,negative,-0.202,4,Some amazing gyros! You csnt go wrong with this place. However parking kinda sucks and not very much room for dining.,True,False,access_transit,,True,False,False,False,False,False
70112,NewOrleans,2017Q4,neutral,-0.0453,2,"…t was so loud we couldn't hear each other. Wine was just ok. Our server was inattentive, a little rude, and really didn't provide any recommendations. We were ravenous coming in and I had to ask for bread - every other table received some b…",False,True,,food_drinks|service_staff,False,False,False,True,True,False
70116,NewOrleans,2017Q4,neutral,0.0,2,"…ant ist eine Touristenfalle, Essen ist bestenfalls mittelmässig, Service ist unfreundlich, und bei der Rechnung wollte sie uns das Trinkgeld doppelt verrechnen.",False,True,,service_staff,False,False,False,False,True,False
70119,NewOrleans,2017Q2,neutral,-0.0258,1,"…ito, which didn't have any eggs in it (the main component of the dish). We got a biscuit sandwich and added eggs, which we didn't get, and the dish came with coffee (which - surprise - we also didn't receive). Added avocado and never receiv…",False,True,,food_drinks,False,False,False,True,False,False
70113,NewOrleans,2017Q4,neutral,0.0,5,"Just saw this restaurant on Food paradise...soooo much butter!! I should never eat here BUT I am pregnant with our first child and my hubby wants us to have a total of four kids (4!!) I told him ""let's see how the first two go and then deci…",False,True,,food_drinks,False,False,False,True,False,False
70130,NewOrleans,2015Q2,negative,-0.8051,3,"…ED ! limited beer selections are not really cold. On-street parking, carry your gun. I had to point-out that they had undercharged me on ""la quenta""; this upset them more. Anyway, this place has real potential in our search for non-I…",True,True,access_transit|surroundings_safety,food_drinks,True,True,False,True,False,False
70128,NewOrleans,2015Q3,negative,-0.8284,1,"…ber of elderly guest that attended this event. These individuals parked on the side closest to the door because there was no handicap parking. The owner made them move. These guest left shortly thereafter. Additionally, while setting up I…",True,False,access_transit,,True,False,False,False,False,False
19136,Philadelphia,2018Q2,neutral,0.0258,5,…I had to get a broken string fixed and the service was quick and affordable.,False,True,,service_staff|price_value,False,False,False,False,True,True
19106,Philadelphia,2018Q4,neutral,0.0,2,…ut a can of Vietnamese lump crab. Saw the same in Acme market. Cheap and full of chemicals. Go elsewhere.,False,True,,price_value,False,False,False,False,False,True
70115,NewOrleans,2014Q4,neutral,-0.0148,2,…was I ate here three weeks ago. Just absolutely terrible. Great service but badddddd food. Avoid this place like the plague.,False,True,,food_drinks|service_staff,False,False,False,True,True,False
70112,NewOrleans,2014Q2,neutral,0.0,2,"Food was typical sports bar food. Service was slow. Had to ask for water refills, plates for appetizers and waited forever for change from paying the bill. Would have given it a three for the food and a one star for service.",False,True,,food_drinks|service_staff|price_value,False,False,False,True,True,True
70118,NewOrleans,2014Q2,neutral,0.0258,1,…e in the wall. We ordered sangria and it had rotten fruit in it. Food was flavorless and it tasted like out of a can. I'm surprised they are still open.,False,True,,food_drinks,False,False,False,True,False,False
70115,NewOrleans,2014Q4,neutral,0.0341,3,"…e of fast service. Well, we got our drinks quickly, ordered our food and waited. And waited and waited and waited. Finally, nearly an hour since we had first set foot inside the door, our food comes out. I ordered the broken yolk sandwich…",False,True,,food_drinks|service_staff,False,False,False,True,True,False
19103,Philadelphia,2016Q3,neutral,0.0,5,"This is a duplicate review. See George's Food Truck S 23rd St At Chestnut St Rittenhouse Square Philadelphia, PA 19103 http://www.yelp.com/biz/georges-food-truck-philadelphia-2?utm_source=ishare",True,True,cleanliness_public_space,food_drinks,False,False,True,True,False,False
19102,Philadelphia,2016Q4,neutral,0.0,4,"…cated on 15th street between Walnut and Chancellor. The pizza is tasty, but I don't know how they expect people to find them at this address.",True,True,surroundings_safety,food_drinks,False,True,False,True,False,False
19106,Philadelphia,2015Q4,neutral,0.0,1,"The wait staff was surly, didn't know the difference between a sweet pepper and pickled pepper. They ran out of water cups so we couldn't have water with our meal. They were rude when we asked for salt after the sandwich stating, "" you di…",False,True,,food_drinks|service_staff,False,False,False,True,True,False
19130,Philadelphia,2015Q4,neutral,0.0,3,Food was ok. Service was decent.,False,True,,food_drinks|service_staff,False,False,False,True,True,False
19127,Philadelphia,2015Q2,neutral,0.0,2,"The cookies are ok; they taste very similar to Nestle Tollhouse break 'n' bake. If you really don't have 20 minutes / an oven, then this is the place for you. Also, I went here to pick up dessert when I did not have time to make my own and…",False,True,,food_drinks,False,False,False,True,False,False
19145,Philadelphia,2015Q2,neutral,-0.0396,2,…rpriced (compared with a number of bars in South Philly) and the food was really not good (now this might be because it was one of those cheap specials deal-just to be fair). I have a suspicion people like this place because they don't have…,False,True,,food_drinks|price_value,False,False,False,True,False,True
37219,Nashville,2014Q1,negative,-0.3919,1,…a dump. Parking prices are insane. Stay anywhere but here. Under construction.,True,True,access_transit|surroundings_safety,price_value,True,True,False,False,False,True
37203,Nashville,2014Q2,negative,-0.3612,1,"…I went in there to get breakfast and the general vibe felt very unsafe. A guy who looked like he was seriously dope sick was sleeping in there, the manager came over and yelled at him to wake up the next thing he does is stick his hands do…",True,False,surroundings_safety,,False,True,False,False,False,False
37212,Nashville,2015Q4,positive,0.946,5,…chnicians are vetted and highly skilled plus they always have my safety at the forefront of their service. AAA-don't leave home without it!,True,True,surroundings_safety,service_staff,False,True,False,False,True,False
37208,Nashville,2015Q1,positive,0.969,5,"…op 5. The food, atmosphere, history of the building, and quaint neighborhood make it a wonderful experience. The menu changes throughout the season, which forces me to order something a little different every time. I think our favorites…",True,True,surroundings_safety,food_drinks,False,True,False,True,False,False
85713,Tucson,2012Q3,negative,-0.743,1,"…er spent. Air hardly worked, towels were gross and hair all over bathroom. Mattress looked like they came out a dumpster. Never again . Uggggh",False,False,,,False,False,False,False,False,False
85716,Tucson,2012Q3,negative,-0.9403,1,…t it might be nice to dine here again...SO WRONG. We were sat a dirty table which I had to ask to be cleaned. He then took our drink order and when we tried to order dinner with the waiter when he returned the only way to describe was tha…,True,True,cleanliness_public_space,food_drinks|service_staff,False,False,True,True,True,False
70112,NewOrleans,2014Q1,negative,-0.3847,2,…. There are metal detectors. Don't bring any weapons inside. 2. Parking sucks. I suggest parking in the pay lot across Loyola. Driving around searching for street parking is very frustrating. 3. Bring a book or tablet in case you have to…,True,False,access_transit|surroundings_safety,,True,True,False,False,False,False
70130,NewOrleans,2014Q2,negative,-0.296,5,…usages right in front of you. I think they had a smoker in their parking lot out front for effect and aroma. It works. There is a line the entire day. Amazing spot. The only thing I can say negative is the lack of control I have with eating…,True,False,access_transit,,True,False,False,False,False,False
85715,Tucson,2016Q3,positive,0.9893,4,…ay night and we hope they continue to improve and become a great neighborhood restaurant.,True,False,surroundings_safety,,False,True,False,False,False,False
85716,Tucson,2016Q4,positive,0.6716,5,…super big deal. Complimentary coffee in the lobby. Not the best neighborhood but we felt safe in the hotel. It's nice.,True,True,surroundings_safety,food_drinks|price_value,False,True,False,True,False,True
19130,Philadelphia,2014Q1,neutral,0.0,1,"Price gouging! Today, the day before the expected snow storm, I bought a bag of rock salt for $17.99 - the same bag that I paid $12.99 for three weeks ago. They raised it by $5.00!!! Should be a law. I'll never shop at this place again.",False,True,,price_value,False,False,False,False,False,True
19107,Philadelphia,2014Q2,neutral,-0.0498,3,…ry annoying. Coupons don't come out frequently and products are overpriced.,False,True,,price_value,False,False,False,False,False,True
19127,Philadelphia,2013Q1,neutral,-0.0129,2,"…e this is a local business instead of a chain. But overall, the service and food were sub-par. I've been going to chipotle instead ever since trying Machismo. We ordered online, only to arrive and find out that they don't check the onlin…",False,True,,food_drinks|service_staff|price_value,False,False,False,True,True,True
19144,Philadelphia,2013Q1,neutral,-0.0129,2,…this McDonalds all the time. Although Ive never experienced bad customer service they are a horrible McDonalds. They ALWAYS forget something in your order or run out of food. If they weren't so close I would never go there again. I feel li…,False,True,,food_drinks|service_staff,False,False,False,True,True,False
33770,TampaBay,2017Q3,negative,-0.9521,3,"…most 2 years later, it's still NOT working. (There was a guy who parked his car in the apartment complex parking and climbed over the fence tried to steal at the neighbor next door... He dropped his car key and got arrested....) - The PRICE…",True,True,access_transit,price_value,True,False,False,False,False,True
33605,TampaBay,2017Q1,negative,-0.6219,1,"…rooms are non ADA compliant and are not exceptionally clean. No parking is available on site. Fire evacuation maps, simple check in and check out proceedures are not available for guest viewing. Simple conveniences such as washcloths, tiss…",True,True,access_transit|cleanliness_public_space,price_value,True,False,True,False,False,True
19106,Philadelphia,2017Q4,neutral,-0.0387,1,"Mediocre pizza at best, and overpriced. Friendly staff, but that's about it. Stopped in the other night for a slice, and the next morning woke up with the lovely signs of food poisoning, had to cancel all my activities that day all becaus…",False,True,,food_drinks|service_staff|price_value,False,False,False,True,True,True
19147,Philadelphia,2017Q1,neutral,0.0,1,"new management!! its called PHO THAnH NHU now..poor service..and the place is a ripped off! actually, we didnt realize its a new mgt and will never be back again! $8 for a serving of egg rolls!! $2 a piece..summer rolls are just full of let…",False,True,,service_staff,False,False,False,False,True,False
33701,TampaBay,2014Q1,neutral,0.0436,4,"…ure what specifically does it for me, but the combination of the walkability of DTSP, the water in front of you, some clam strips and a layered Guinness and Blue Moon just all get me in a zen place. It's got staying power and been there…",True,False,access_transit,,True,False,False,False,False,False
33701,TampaBay,2014Q2,neutral,-0.0129,4,…that I find myself eating the same stuff here every time I come. Parking sucks so bear that mind as it is St. Pete and plan accordingly. Nice place for grub but just very tight as everything seems forced in with a crowbar.,True,False,access_transit,,True,False,False,False,False,False
33716,TampaBay,2014Q2,neutral,0.0124,1,"…my order AND the table next to me order wrong, too. Very sub par food. Too bad.........we have really been looking for a good, authentic Mexican restaurant closer than the beach. Looks like we will still be driving to Gulf Boulevard for the…",False,True,,food_drinks,False,False,False,True,False,False
33612,TampaBay,2014Q1,neutral,0.0491,2,Food was very salty but otherwise bland. Hot & sour soup was over the top with white pepper. Fried rice was too salty to eat Service was undistinguished. OK to stop if you're passing by but not a worthy destination,False,True,,food_drinks|service_staff,False,False,False,True,True,False
37210,Nashville,2015Q2,negative,-0.8874,3,…scuits were cold. The chicken lacked taste. Food and coffee was expensive. Service wasn't warm and friendly. I may try again for drinks with friends. If so I'll update this review.,False,True,,food_drinks|service_staff|price_value,False,False,False,True,True,True
37203,Nashville,2015Q4,negative,-0.7346,1,"…cucumber?) and tomato on a few lousy leaves of of kale. terribly overpriced, can't believe I'm paying $40 for this meal and a drink. Won't return.",False,True,,food_drinks|price_value,False,False,False,True,False,True
85705,Tucson,2017Q3,neutral,0.0351,1,"Place was ok. Nnothing crazy. Service was good, Shisha was cheap, but not crappy. Place had a really cool vibe until their DJ(this is a stretch... Playing music off a computer hardly counts) comes in. Maybe It's just me, but I thought the w…",False,True,,service_staff|price_value,False,False,False,False,True,True
85704,Tucson,2017Q2,neutral,-0.0258,4,…were just the ones in my line of sight. They need to hire more staff.,False,True,,service_staff,False,False,False,False,True,False
33707,TampaBay,2015Q2,neutral,0.0076,2,…ting room and didn't circulate.. The carpets in the room were so dirty our feet were black we had to wear shoes at all times. At 1 in the morning someone must have forgotten the code to the front door so the proceeded to pound for 30 min. T…,True,False,cleanliness_public_space,,False,False,True,False,False,False
33716,TampaBay,2015Q2,neutral,-0.0258,2,"Bland dirty rice, piled high pork was more of a florida landscape - flat. Bread was pretty good. Service nice, but not knowledgable of the menu and ingredients of the dishes. Unfortunately for me a non repeat restaurant.",True,True,cleanliness_public_space,food_drinks|service_staff,False,False,True,True,True,False
33706,TampaBay,2013Q2,neutral,0.0154,4,Food was really good. Had some interesting change ups with salad and the flatbread with humus. Wait staff was attentive but not overbearing. Would definitely return.,False,True,,food_drinks|service_staff,False,False,False,True,True,False
33706,TampaBay,2013Q4,neutral,-0.0423,1,"Food was not good. Got the palomilla steak, was tough, not pounded thin enough, and not even seared. It looked like it was boiled. Was gross. Also had some of there appetizers, also were not quality. I really was hoping for good cuban food,…",False,True,,food_drinks,False,False,False,True,False,False
70123,NewOrleans,2013Q1,neutral,0.0,3,"Fast food, but beats other options around it. Not too expensive. Found the meat to be overly salted. I would come back as my lunch was under $10",False,True,,food_drinks|price_value,False,False,False,True,False,True
70130,NewOrleans,2013Q3,neutral,-0.0378,3,"…he guitar was on fire. That being said, drinks are ridiculously expensive, and they are very pushy. You must order x amount in such time or they ask you to leave. There was also a good five minute break where the band was just demanding ti…",False,True,,food_drinks|price_value,False,False,False,True,False,True
70115,NewOrleans,2015Q3,neutral,0.0,5,I had a flat so I went in to get it fixed. The service was really fast,False,True,,service_staff,False,False,False,False,True,False
70130,NewOrleans,2015Q2,neutral,0.0201,5,Was in NOLA for three nights and ate here twice. At the waiter's recommendation I had the 1/2 a catfish po boy & gumbo special. It was fantastic. The Bloody Marys are also worth having if you like it spicy. There are also options if you…,False,True,,service_staff|price_value,False,False,False,False,True,True
70112,NewOrleans,2015Q1,neutral,0.0479,4,"Funky atmosphere, compelling menu, pleasant servers in this post-Katrina spot. Omelette came with sourdough toast, a good thing. Pain perdu bananas foster arrived tepid, not so good. But the kitchen adroitly replaced it. The rating would be…",False,True,,food_drinks|service_staff,False,False,False,True,True,False
70115,NewOrleans,2015Q1,neutral,0.0,3,Food was delish as always but don't order a platter expecting a lot of food. The catfish platter was one filet with fries.,False,True,,food_drinks,False,False,False,True,False,False
19147,Philadelphia,2013Q1,negative,-0.3562,2,"…hind the counter were nice enough, but there seemed to be little safety or quality-control. A friend and myself went to shoot, and we're both experienced shooters. The problem is that The Firing Line guys didn't know that, and they just s…",True,False,surroundings_safety,,False,True,False,False,False,False
19127,Philadelphia,2013Q2,negative,-0.3612,1,"…ted terrible. I will not go here again, I'll just stick with the neighborhood favorite deli across the street. sometimes trying something new is a mistake.",True,False,surroundings_safety,,False,True,False,False,False,False
85716,Tucson,2012Q2,positive,0.7159,5,"…ytime heat has subsided. The path is well lit - except for a few street lights that turn on and off at random as I pass beneath them - and well-traveled, even at 9 or 10 PM. People walk or bike alone, in pairs, with dogs, with kids on scoot…",True,False,access_transit|surroundings_safety,,True,True,False,False,False,False
85705,Tucson,2012Q3,positive,0.9916,5,"…rust me - the last point came in extremely handy with all of the construction on 4th Ave and surrounding streets. I'd given my guests 5 dinner choices with the invitations and, after talking with Andee, we decided that have the server com…",True,True,surroundings_safety,service_staff,False,True,False,False,True,False
37221,Nashville,2016Q2,neutral,0.0,2,Canceled membership because gym is filthy. They used to have disposable wipes but then they switched to towels. It's also very crowded and there are too many machines cramped in the room.,True,False,cleanliness_public_space,,False,False,True,False,False,False
37219,Nashville,2016Q2,neutral,0.0276,1,…eating the only group of black patrons in a separate room by the bathroom that smelled of feces NOT acceptable.,False,False,,,False,False,False,False,False,False
37211,Nashville,2016Q3,neutral,0.0,3,To have the most reasonable price things that you can think of should be this place. I bought five pack of jalapeños (each pack has 7 to 8 jalapeños) for only two dollars. Just keep your eyes on each items expiration days:)...,False,True,,price_value,False,False,False,False,False,True
37214,Nashville,2016Q3,neutral,0.0,1,"Slow wait staff, mediocre food and tiny but overpriced portions. Wine was spoiled and food was completely overpriced for what you get.",False,True,,food_drinks|service_staff|price_value,False,False,False,True,True,True
37214,Nashville,2016Q3,neutral,0.0,3,Staff was very accommodating finding sizes. Shorts wee half off so I loaded up for another year!,False,True,,service_staff,False,False,False,False,True,False
37219,Nashville,2016Q3,neutral,0.0,4,- Full service bar meaning food & drinks - wait could be 1 1/2 hours in a Saturday night - called at 4pm on Saturday- could not get a reservation as they were already booked up,False,True,,food_drinks|service_staff,False,False,False,True,True,False
70123,NewOrleans,2015Q1,neutral,0.0,1,"Rip-off!! They don't quote prices over the telephone. Then, when the technician arrives and it is too late to hire somebody else, you find out that it costs almost $300 to unclog a drain!",False,True,,price_value,False,False,False,False,False,True
70112,NewOrleans,2015Q1,neutral,0.0,2,"Food was ok. Mustard had to much horseradish in it. Overpriced, especially for dinner. Additionally they were out of a lot of things (beer, food menu)",False,True,,food_drinks|price_value,False,False,False,True,False,True
70130,NewOrleans,2014Q3,negative,-0.2899,3,"…s place feels like a chain disguised as a local joint. The drink prices are just plain ridiculous considering there is no alcohol in them, so avoid any and all specials they have. The food is not bad, but it is bland. There is nothing wort…",False,True,,food_drinks|price_value,False,False,False,True,False,True
70130,NewOrleans,2014Q4,negative,-0.8546,2,…er. Our starters sucked---I've had better green papaya salads at cheap Thai restaurants and it made no sense for it to be on the menu of a fancy NoLa restaurant. Oysters were overseasoned and greasy. Only decent dish was the cauliflower sou…,False,True,,food_drinks|price_value,False,False,False,True,False,True
37211,Nashville,2018Q1,neutral,-0.0449,1,"…rants after getting sick from their food, ever. I'm curious how clean the kitchen is now. HIGHLY RECOMMEND not eating here.",True,True,cleanliness_public_space,food_drinks,False,False,True,True,False,False
37203,Nashville,2018Q4,neutral,0.0132,1,"…the south call a genre of music of low bass, rhyming phonectics dirty south. Well this place epitomizes the former. Darkly lit, most often desolate. Prone to sweaty tourists looking to grind and terrible cover bands looking to jam. Servi…",True,False,cleanliness_public_space,,False,False,True,False,False,False
37201,Nashville,2015Q1,neutral,-0.0258,2,"Good food. Poor service. 10 mins to order drinks. 10 mins for them to come. Soda fountain mix is way off. Food came after 15 mins, but our server took 30 mins to bring the check.",True,True,cleanliness_public_space,food_drinks|service_staff|price_value,False,False,True,True,True,True
37205,Nashville,2015Q3,neutral,0.0,5,"we had a large party....the food was great....service was even better,Katee was our extraordinary server ....refreshing.....we ll be back!",False,True,,food_drinks|service_staff,False,False,False,True,True,False
37219,Nashville,2015Q2,neutral,0.0,1,We got the drinks quickly but waited 50 minutes for the food. We just ended up leaving since we were late for the concert.,False,True,,food_drinks,False,False,False,True,False,False
37209,Nashville,2015Q3,neutral,0.0,2,"Been there a few times. Food is average, and not your typical Mexican fare. Bar service is lackluster depending on the server.",False,True,,food_drinks|service_staff,False,False,False,True,True,False
33706,TampaBay,2013Q2,neutral,0.0154,4,…resting change ups with salad and the flatbread with humus. Wait staff was attentive but not overbearing. Would definitely return.,False,True,,food_drinks|service_staff,False,False,False,True,True,False
33629,TampaBay,2013Q2,neutral,-0.0267,3,"I would give 5 stars because these guys offer really good customer service. But I went to them with a very simple need and felt I was over charged for the work they did. For that, I don't think I'll return.",False,True,,service_staff,False,False,False,False,True,False
70130,NewOrleans,2018Q3,negative,-0.8994,1,"…is available everywhere and it's not expensive. Oh and the valet parking is laughable. Driving your own car to the garage does not constitute valet parking. Overall, this hotel should not be associated with the Hilton brand, I do not recom…",True,True,access_transit,price_value,True,False,False,False,False,True
70112,NewOrleans,2018Q1,negative,-0.8782,1,I was charged $84.00 for parking that the hotel staff made it sound like it would be returned. I was also charged an extra $211.00 and the hotel staff could not tell me why it was charged to my card I had to spend my entire first day arguin…,True,True,access_transit,service_staff,True,False,False,False,True,False
85745,Tucson,2016Q4,neutral,0.0,5,"Coffee, service, atmosphere. All 5 star. Grab some food at Seis while getting coffee",False,True,,food_drinks|service_staff,False,False,False,True,True,False
85747,Tucson,2016Q2,neutral,0.0258,2,"…istent: the food is consistently mediocre and overpriced and the service is consistently awful. I should mention that we haven't been here in about 18 months, so it could have improved.",False,True,,food_drinks|service_staff|price_value,False,False,False,True,True,True
85701,Tucson,2013Q1,neutral,0.0387,2,…s was our 3rd visit in just over a year and nothing has changed. Construction everywhere. Please sync your lights and let the traffic flow. Your drivers are horrible and I'm talking about just the Snowbirders. People of every age and race…,True,False,surroundings_safety,,False,True,False,False,False,False
85705,Tucson,2013Q2,neutral,0.0,4,…as lights! Pulling into the place I thought I was driving into a construction yard! This is a dive bar!!!!,True,False,surroundings_safety,,False,True,False,False,False,False
70130,NewOrleans,2014Q3,negative,-0.6391,1,…the boat had been sitting out since the morning of 7/6/14 (food safety hazard). The organizers of the party required boat cruise participants to give their fingerprints a couple of days before the cruise without an explanation. The organiz…,True,True,surroundings_safety,food_drinks,False,True,False,True,False,False
70118,NewOrleans,2014Q3,negative,-0.2248,1,"…ing the animal enclosures. The were multiple exhibits closed for construction (I understand this is part of the process, but many at one time???). The water park area couldn't be reviewed either....it was closed on the 4th of July. Bigges…",True,False,surroundings_safety|cleanliness_public_space,,False,True,True,False,False,False
33624,TampaBay,2013Q1,negative,-0.9032,1,…where on the counters and floor and it was completely sticky and dirty. There were two large asian chicks attempting to clean the bar with dirty rags. The smear of the rags on the counter tops made the mess even worse. It was completely…,True,False,cleanliness_public_space,,False,False,True,False,False,False
33613,TampaBay,2013Q1,negative,-0.8478,1,"…o sweep the napkins up, so the dining room floor is covered with garbage. Gross!",True,False,cleanliness_public_space,,False,False,True,False,False,False
37221,Nashville,2013Q4,negative,-0.1531,5,"…ers, but it got out within 5 minutes of ordering. It was typical cheap Mexican restaurant food. But it was tasty and cheap and hit the spot. Although, my son said his fries were rather blah. But then when you eat chicken fingers and fries a…",False,True,,food_drinks|price_value,False,False,False,True,False,True
37203,Nashville,2013Q4,negative,-0.975,1,"…church st. Saturday, January 5th. The food was HORRIBLE and the prices were outrageous!! Spent $120 for a bunch of bad tasting food! Chappy was not accommodating when we complained... He only said sorry and walked off. Made no effort to re…",False,True,,food_drinks|price_value,False,False,False,True,False,True
19147,Philadelphia,2018Q4,neutral,-0.0157,3,"The food was good and all but what restaurant charges $.50 for spicy mayo? Lol seems kind of cheap and odd. At Yakitori, we get additional sauce with no silly additional to bill. And at Terakawa, they have toppings and sauces for your ramen…",False,True,,food_drinks|price_value,False,False,False,True,False,True
19103,Philadelphia,2018Q3,neutral,0.0,5,Phenomenal! The atmosphere- the staff- the decor- the food- the drinks.....5. The fish and chips were ten levels above any other fish and chips I ever had. The burger made with aged beef was exceptional and memorable. This will sty on my MU…,False,True,,food_drinks|service_staff,False,False,False,True,True,False
19107,Philadelphia,2013Q2,neutral,-0.0,2,"…ked it out, but this place is like a freaking zoo, complete with overpriced junk food.",False,True,,food_drinks|price_value,False,False,False,True,False,True
19123,Philadelphia,2013Q1,neutral,-0.0303,1,"This place is awful, overpriced, and the staff is unprofessional. I think that all the people who are employed there are beauty school dropouts. When I went in for my first laser hair removal, you have to answer a questionnaire of your medi…",False,True,,service_staff|price_value,False,False,False,False,True,True
37207,Nashville,2017Q1,negative,-0.8348,1,…e grass!!! SICK!! This is not what you can walk your dog in. Unsafe!!! And you have the nerve to charge a pet fee for these conditions? Surrounded by rock on the other side.... And all that trash under your stair case outside...why???…,True,False,access_transit|surroundings_safety|cleanliness_public_space,,True,True,True,False,False,False
37211,Nashville,2017Q3,negative,-0.8357,1,…rally gave off a creepy vibe according to multiple people on our neighborhood fb page. Our neighborhood has a no soliciting policy. Will never use them.,True,False,surroundings_safety,,False,True,False,False,False,False
19148,Philadelphia,2017Q2,neutral,0.0,4,…ring the renovations so don't get put off by what you see in the parking lot. I'll update my post after the renovations are complete.,True,False,access_transit,,True,False,False,False,False,False
19147,Philadelphia,2017Q1,neutral,0.0,4,A freaking parking lot?! In South Philly?! Rare indeed! Although it's tiny so come at non busy hours. And a police station right across the street. How convenient. If you're looking for wine it's the first section to the right when walkin…,True,True,access_transit|surroundings_safety,food_drinks,True,True,False,True,False,False
19107,Philadelphia,2015Q4,neutral,0.0,1,"…though they use gloves to touch food, they also wash up and move trash cans in the same gloves. Left without my burger.",True,True,cleanliness_public_space,food_drinks,False,False,True,True,False,False
19153,Philadelphia,2015Q3,neutral,-0.0258,2,Just checked in. Staff is nice. Room is dirty. Mystery stain on my sheet to be posted next.,True,True,cleanliness_public_space,service_staff,False,False,True,False,True,False
37207,Nashville,2014Q3,negative,-0.1337,1,…home depot...so i called home d and ordered it as I sat in their parking lot. This was once a great place. I have fond memories and purchased many treasures there but today was it for me...not going back. Not wasting gas. Soooo sad....was o…,True,False,access_transit,,True,False,False,False,False,False
37206,Nashville,2014Q1,negative,-0.438,4,"…sually get a ""No."" But for a neighborhood liquor store, they are accessible. Narrow isles, bottles stacked everywhere, but not special goodies.",True,False,access_transit|surroundings_safety,,True,True,False,False,False,False
70130,NewOrleans,2016Q1,negative,-0.668,3,"…e didn't need to park at the mall but I believe there is no free parking :( It was a good quick stop for souvenirs, lunch at the food court and grabbing a bag of beignets to go!",True,True,access_transit|cleanliness_public_space,food_drinks,True,False,True,True,False,False
70117,NewOrleans,2016Q2,negative,-0.8571,1,…plates only. Since we came for dinner it was the dining room or sidewalk only. We chose the dining room. The dining room has been totally remodeled and they chose to strip much of the beautiful historic feel from the room. Small detail tha…,True,False,access_transit,,True,False,False,False,False,False
33647,TampaBay,2015Q2,neutral,-0.0149,2,"…e their drinks was dressed more like a maintenance worker than a waiter. After eating, they don't even bring you a bill, they just ask you to come to the front counter, and they'll calculate what you owe. This shoddily run curry stand was v…",True,True,cleanliness_public_space,food_drinks|service_staff|price_value,False,False,True,True,True,True
33759,TampaBay,2015Q4,neutral,0.0,2,Food is ok. Service is extremely slow. Go when you are not hungry! Actually don't ever come.,False,True,,food_drinks|service_staff,False,False,False,True,True,False
85750,Tucson,2014Q2,positive,0.9682,5,"…was perfect day for me. I arrived at 8.30 and there were several parking spots left so I parked my car. Not sure what you do if there is no parking. It was $5 to park, not too bad considering we pay more than that in Cal. They have visitor…",True,False,access_transit|cleanliness_public_space,,True,False,True,False,False,False
85701,Tucson,2014Q4,positive,0.9912,4,…endations of local Yelpers I decided to check it out for dinner. Parking was alongside the building. I just walked in and was seated immediately. There was a fair number of people but not crowded. Nice looking place with decent décor. It wa…,True,True,access_transit,price_value,True,False,False,False,False,True
33785,TampaBay,2015Q4,neutral,0.0,2,There were five adults and we had to return four of our meals. Fish was dry and the steak was over done.,False,True,,food_drinks,False,False,False,True,False,False
33760,TampaBay,2015Q4,neutral,0.0,4,I go there just for the coffee..DELICIOUS. The cashiers and the drive thru staff are always very polite and professional.,False,True,,food_drinks|service_staff,False,False,False,True,True,False
33704,TampaBay,2014Q2,negative,-0.7574,2,…imed for smaller children. My 6 year old was rather bored there. Parking is tight too.,True,False,access_transit,,True,False,False,False,False,False
33755,TampaBay,2014Q1,negative,-0.7302,1,"…ance. In other words, they let everyone drive into town, pay for parking, buy $8 drinks, and souvenir t-shirts before they announced ""the artist has bronchitis."" You don't ""suddenly "" get bronchitis. Very bush league move by Ruth Eckerd/Ca…",True,True,access_transit,food_drinks,True,False,False,True,False,False
85704,Tucson,2014Q1,neutral,0.0333,3,…sually have the sour cream chicken enchiladas and they are good. Prices are fair. Only complaint is the bathrooms are getting on the disgusting side. If they dont clean them up I will go elsewhere as I think it is indicative of the conditio…,True,True,cleanliness_public_space,food_drinks|price_value,False,False,True,True,False,True
85716,Tucson,2014Q4,neutral,-0.0258,1,…he owner did apologize and seemed genuinely concerned. Took the price of the sandwich off the bill.,False,True,,food_drinks|price_value,False,False,False,True,False,True
85701,Tucson,2013Q4,negative,-0.911,1,"…property, known on our block as the Peach Pit. Peach treats our neighborhood like a slum. The back of the property, where the trash cans are, is on a small residential street. Peach's tenants dump all kinds of garbage on the street: brok…",True,False,surroundings_safety|cleanliness_public_space,,False,True,True,False,False,False
85719,Tucson,2013Q3,negative,-0.9483,1,"…back here. I was originally very excited since I was new to the neighborhood and had heard great things about their coffee. I had tried donuts from different locations before, since my coworkers often bring them into work for special occas…",True,True,surroundings_safety,food_drinks,False,True,False,True,False,False
37219,Nashville,2018Q2,neutral,0.0018,1,"Absolutely awful service. Had a year worth of ""service"" with them. After the first week we had cable issues continuously and quit working all together after the 2nd month. Luckily we had apple TV to turn to. Asked them to increase our wifi…",False,True,,service_staff|price_value,False,False,False,False,True,True
37209,Nashville,2018Q1,neutral,0.0258,5,"…for what it is. Also when asked about the ingredients, the wait staff were sure. I ended up having an allergic reaction to the soup.",False,True,,service_staff,False,False,False,False,True,False
37208,Nashville,2015Q4,negative,-0.8922,1,…interrupting our conversation between just the 3 of us. Horrible parking options. You must find a spot on the street or drive around looking for a pay lot. Will NOT go back.,True,False,access_transit|surroundings_safety,,True,True,False,False,False,False
37217,Nashville,2015Q3,negative,-0.0516,5,…ove the burritos... And fish taco. Would recommend to anyone but parking can be a problem.,True,False,access_transit,,True,False,False,False,False,False
37203,Nashville,2018Q4,negative,-0.8608,1,"…was still call the Olmsted. As it was brand new and still under construction, I chalked up any shortcomings (which were many) as typical of any new establishment. What I wasn't prepared for, and didn't sign up for, was an AirBnb hotel with…",True,False,surroundings_safety,,False,True,False,False,False,False
37203,Nashville,2018Q2,negative,-0.7478,1,"…o prepare everything with cutting. She was very concerned for my safety and apologized. If you're allergic to any fruits, veggies, or nuts..... steer clear of this place. I was shocked to hear the admitting of cross contamination practic…",True,False,surroundings_safety,,False,True,False,False,False,False
70130,NewOrleans,2012Q1,negative,-0.2485,1,"…eans spells DISAPPOINTMENT. My 4 night stay there included MAJOR construction below my room EVERY day. Jack-hammers, drilling, breaking of glass. I made a long trip to enjoy a vacation, and was greeted by this mess. I was not alerted prior,…",True,False,surroundings_safety,,False,True,False,False,False,False
70130,NewOrleans,2012Q3,negative,-0.7441,1,"…thin, you can hear everything. Crowd? Don't know. We mostly saw construction workers going up and down. And by the way the elevators are scary. Pool? Tiny but ok, although we didn't use it. Also HD channels never worked, water was either…",True,False,surroundings_safety,,False,True,False,False,False,False
37203,Nashville,2017Q2,negative,-0.77,2,"…he ambience is loud, the bar is busy, and there is absolutely no parking when you come on the weekeneds or evenings. Also very dim",True,False,access_transit,,True,False,False,False,False,False
37203,Nashville,2017Q3,negative,-0.3824,3,…. Ended up getting ice cream afterward because we weren't full. Parking was difficult to find and we had to walk quite a ways.,True,False,access_transit,,True,False,False,False,False,False
70115,NewOrleans,2016Q1,neutral,0.0,1,"…menu only heightened my feelings of disenchantment. Oh, and the bathroom was filthy too.",True,True,cleanliness_public_space,food_drinks,False,False,True,True,False,False
70117,NewOrleans,2016Q3,neutral,-0.0008,3,"…inside and out, and a food counter (as noted earlier). It isn't dirty, but it's an older place, so it has a rather ""worn"" look to it, which isn't necessarily a bad thing. I suppose you could call it a ""dive"", but it didn't really have a di…",True,True,cleanliness_public_space,food_drinks,False,False,True,True,False,False
70130,NewOrleans,2016Q2,neutral,0.0249,4,"…et the hype for me. It was good, but it wasn't exceptional. Good service, good food, but not like Commander's Palace.",False,True,,food_drinks|service_staff,False,False,False,True,True,False
70118,NewOrleans,2016Q2,neutral,-0.0445,1,"…r didn't find the nail after three hours but right when an older service person looked he found it immediately. I had to wait another hour for this. They gave me a coupon for a free oil change. Sweet. WRONG, unfortunately the service here i…",False,True,,service_staff,False,False,False,False,True,False
70130,NewOrleans,2018Q1,neutral,0.0,3,Decent pricing. Seems to be understaffed during Mardi Gras. Waited about 30-45 min before the bartender took my drink order.,False,True,,food_drinks|service_staff|price_value,False,False,False,True,True,True
70116,NewOrleans,2018Q2,neutral,-0.015,1,It is very expensive. The bartender suggested a champagne knowing we were looking at the price for a glass. $125 later we realized what happened no help.,False,True,,service_staff|price_value,False,False,False,False,True,True
19147,Philadelphia,2012Q2,negative,-0.7088,4,A neighborhood gem. Come early to avoid a long wait on weekends. It can be very busy and the floors are neglected with food all over the place. Come hungry!,True,True,surroundings_safety,food_drinks,False,True,False,True,False,False
19104,Philadelphia,2012Q3,negative,-0.884,1,"…d nothing seemed ethnic about it. After Han Dynasty being in the neighborhood, you really cannot compete. It is such prime real estate though. I can't wait to see what goes in to this space after this place closes.",True,False,surroundings_safety,,False,True,False,False,False,False
37213,Nashville,2015Q3,negative,-0.891,1,This was a filthy hotel that had bugs. Our rooms had dirty socks and other people's nasty belongings on the floors. The walls were filthy and we did not have a wall mirror in our room. The breakfast is one of the worst things I have ever ta…,True,False,cleanliness_public_space,,False,False,True,False,False,False
37204,Nashville,2015Q1,negative,-0.1531,5,…Kitty's. The fact that there's no smell when you enter shows how clean it is. Five scheduled playtimes a day are a big plus. They were a few minutes late getting our dog to us at pickup because he had gotten muddy and without being asked th…,True,False,cleanliness_public_space,,False,False,True,False,False,False
37214,Nashville,2016Q3,neutral,0.0129,3,…s numerous themed restaurants and I won't even go to most as the food quality suffers. Mission BBQ maintained the food quality and the decor takes on a local flavor as people donate military/first responder swag. The BBQ and sides are made…,False,True,,food_drinks,False,False,False,True,False,False
37209,Nashville,2016Q2,neutral,0.0082,3,"I don't drink so the review is based on the food we got. The place gets three stars for a great ambiance, layout, and service. We stopped in to watch the game and grab a bite. The girl friend's beer was great and they have a good selection.…",False,True,,food_drinks|service_staff,False,False,False,True,True,False
33714,TampaBay,2015Q4,neutral,0.0,3,…l. The temperature in the store is high for a grocery store. The prices here are a little higher than what I am use to but I don't know what is comparable for that area.,True,True,surroundings_safety,price_value,False,True,False,False,False,True
33701,TampaBay,2015Q4,neutral,0.0,3,Food was Meh...That's it. Expensive too. $19 for a house whiskey sour that was just average.,False,True,,food_drinks|price_value,False,False,False,True,False,True
37216,Nashville,2015Q1,negative,-0.8577,1,…annoyed and sick of their bs! have some freaking respect for the neighborhood!,True,False,surroundings_safety,,False,True,False,False,False,False
37203,Nashville,2015Q3,negative,-0.4857,2,"…? Tv reception was oddly poor. Reasonably cold and dark. Nearby construction will wake up the vacationer by 7 or 8 weekdays. Some really nice views from high floors. Very convenient to Ryman, Bridgestone and general drunken madness on Bro…",True,False,surroundings_safety,,False,True,False,False,False,False
85705,Tucson,2018Q4,negative,-0.4109,2,"…when I'm trying to enjoy my retail therapy I DO NOT want to hear trash rap on max volume talking about disgusting degrading things. One song went on and on about fxxxxxx a girl once , twice and collecting cash..!?! Needless to say Nicki Min…",True,False,cleanliness_public_space,,False,False,True,False,False,False
85719,Tucson,2018Q4,negative,-0.7389,1,"…iping something down once they saw me watching them. They didn't clean the door grab handles, the door pockets, the center console, or cup holders, the mats and they said they shampooed the carpet and seats, but all of the dog hair was stil…",True,False,cleanliness_public_space,,False,False,True,False,False,False
19127,Philadelphia,2016Q2,neutral,-0.0464,3,This is a cozy theater. Prices are average. The cinema rooms are small and are on a slight incline. Staff is friendly. This is exactly the type of movie theater you would find in Manayunk. You can really bring what you want in. No one cares…,False,True,,service_staff|price_value,False,False,False,False,True,True
19130,Philadelphia,2016Q1,neutral,0.0,1,…not exterminate every room. Also he should have provided a clear price in the beginning.,False,True,,price_value,False,False,False,False,False,True
37204,Nashville,2014Q3,neutral,0.048,1,"…hen we ate at TDS he said he ""assumed"" we were with a group that parked near us and went to another establishment. My husband went to the owner/manager (the tall one) to make him aware of the situation and this is where it got ugly. The…",True,False,access_transit,,True,False,False,False,False,False
37219,Nashville,2014Q3,neutral,0.0,3,"NASHVILLE, TN: This crowded little Walgreens is the only accessible pharmacy in Nashville downtown. You need a pharmacy if you are going to be in downtown Nashville, too, by the way. No telling what you might catch in all those bars. The…",True,False,access_transit,,True,False,False,False,False,False
70117,NewOrleans,2018Q3,negative,-0.4793,1,"…at 10pm) . I was not about to stand outside for 3 hours in that neighborhood, and have them turn us away because now the restaurant was closing. It sucks because I came all the way from California to try this place out and I couldn't even…",True,False,surroundings_safety,,False,True,False,False,False,False
70115,NewOrleans,2018Q3,negative,-0.7452,2,I love this neighborhood on Magazine street but unfortunately both times I have been disappointed. We had the tasting menu once that was very pork forward that we didn't care for. We came a different time to try a la carte fish filets and w…,True,True,surroundings_safety,food_drinks,False,True,False,True,False,False
19147,Philadelphia,2015Q2,negative,-0.9561,1,"…et. What woman wants to stare at herself in a filthy mirror in a graffiti stained bathroom? The ""comedy"" night was really just some idiot cursing at people loudly. The single worst establishment I've EVER been to. They should be embarrasse…",True,False,surroundings_safety|cleanliness_public_space,,False,True,True,False,False,False
19130,Philadelphia,2015Q4,negative,-0.686,1,…y. I'll never spend money here again. You don't come in people's neighborhood and treat them like ish...I don't care what your preconceived notions are. I saw others being treated unfairly and I just happened to have nasty attitudes come my…,True,False,surroundings_safety,,False,True,False,False,False,False
85730,Tucson,2015Q2,negative,-0.5752,1,…7+ but I really wanted to try the place out since I moved to the neighborhood a few months ago. I will not be going back. The rice had no flavor and was full of frozen vegetables including green beans and lima beans as well as corn and the…,True,True,surroundings_safety,food_drinks,False,True,False,True,False,False
85745,Tucson,2015Q1,negative,-0.1962,2,"…o like the selection the store offers and feel it is an adequate neighborhood grocery store, so long as you can stand the long wait to check out.",True,True,surroundings_safety,price_value,False,True,False,False,False,True
70130,NewOrleans,2016Q1,neutral,0.0084,2,Food was ok but overpriced. Lunch service was incredibly slow. Painfully slow. Pleasant but slow. (There's a theme here) We will explore other choices while we are here,False,True,,food_drinks|service_staff|price_value,False,False,False,True,True,True
70130,NewOrleans,2016Q3,neutral,-0.0284,2,…shrimp poboy here and it was okay. Nothing to rave about and the price was pretty high. Service was terrible and they had flies flying all around. Wouldn't recommend.,False,True,,service_staff|price_value,False,False,False,False,True,True
70130,NewOrleans,2016Q2,neutral,0.0,2,"The food was ok, but took 45 minutes to get shrimp and grits. Two small Scoops of grits, and seven very small shrimp poorly peeled",False,True,,food_drinks,False,False,False,True,False,False
70125,NewOrleans,2016Q4,neutral,0.0,4,"…am after going to a concert. We were too tired to go out and get food. We ordered and it didn't take long at all! It was soo good and cheesy! We got sausage, pepperoni and extra cheese. We would order again in the future when we visit.",False,True,,food_drinks,False,False,False,True,False,False
70130,NewOrleans,2013Q4,neutral,-0.0258,2,"…them here. Service is indifferent, food is just o.k., and the sanitary standards are questionable to say the least.",False,True,,food_drinks|service_staff,False,False,False,True,True,False
70117,NewOrleans,2013Q1,neutral,-0.0054,1,"…ain so he knows his seafood. He said his redfish belonged in the garbage can, not on the dinner plate. We should have asked for a refund, but, frankly, we were so sick, we just wanted to go home. This place should be seriously examined by t…",True,False,cleanliness_public_space,,False,False,True,False,False,False
37206,Nashville,2015Q4,neutral,0.0,1,…ait outside. We left and had brunch at another restaurant in the neighborhood.,True,False,surroundings_safety,,False,True,False,False,False,False
37203,Nashville,2015Q2,neutral,0.005,1,"…out her. Thanks not only really rude, but just inconsiderate and unsafe.",True,True,surroundings_safety,service_staff,False,True,False,False,True,False
37209,Nashville,2015Q4,neutral,0.0299,1,"…th the broken headlight, I sucked it up and decided to wait. The price was a hefty $70, but I figured I needed it done before traveling for the holidays. Come to find out after an hour of waiting, the man at the register had accidentally lo…",False,True,,price_value,False,False,False,False,False,True
37211,Nashville,2015Q3,neutral,0.0,5,Authentic Mexican food. Big plate. Reasonable price. They are only place have sea food soup on the menu.,False,True,,food_drinks|price_value,False,False,False,True,False,True
85701,Tucson,2015Q3,neutral,-0.0395,1,"…hed tables and chairs along with sweetened salsa that had little flavor was not good. I had the Famous Carne Seca Platter. This over cooked, dry, and overall bland tasting plate consisted of what they called their world famous 1/2 pound mar…",False,True,,food_drinks,False,False,False,True,False,False
85743,Tucson,2015Q1,neutral,-0.041,4,I had the High Baggin's and pasta salad. The High Baggin's was delicious but it could have used an extra strip of bacon. The pasta salad was fine but not good enough to get me to pay $2 for that small portion again. They were very fast cons…,False,True,,food_drinks,False,False,False,True,False,False
85710,Tucson,2017Q3,negative,-0.5574,1,"…e years and the food is always great. However I'm sitting in the parking lot right now after leaving because I sat at a table for 30 minutes and never got the beer I ordered or had more order taken. Watches another family come in, get their…",True,True,access_transit,food_drinks,True,False,False,True,False,False
85741,Tucson,2017Q2,negative,-0.5704,1,"…ght a power recliner, lift chair and had it delivered. I'm in a wheelchair so I needed it in my living room to help elevate my legs. It has a remote on a cord. The cord only extended slightly over the arm of the chair right next to the ba…",True,False,access_transit,,True,False,False,False,False,False
19130,Philadelphia,2015Q1,negative,-0.6801,1,"…phone number didn't work to place my takeout order. I paid for parking for 30 minutes, thinking that should be fine for takeout. Didn't even make it through the line to place my order. Disappointing and very frustrating experience.",True,False,access_transit,,True,False,False,False,False,False
19102,Philadelphia,2015Q2,negative,-0.836,3,"…(Which is weird.) The property is always trashed, trash in the parking lot and all over the grass. Oregon Ave is bad as it is, Pathmark should be able to pay someone to clean up daily. Save the money, Shop at Aldi around the corner or th…",True,False,access_transit|cleanliness_public_space,,True,False,True,False,False,False
37214,Nashville,2013Q4,neutral,0.0,1,…e did not even get to food .The first four plates on buffet were filthy with food remains.Never go there again doesn't even deserve one star,True,True,cleanliness_public_space,food_drinks,False,False,True,True,False,False
37210,Nashville,2013Q3,neutral,0.0,5,"…rprisingly, several other cabs we took on our visit were old and dirty with no AC. We started calling Carl since it was such a big difference and much better experience. 225.324.5084. ... Ask for Carl...",True,False,cleanliness_public_space,,False,False,True,False,False,False
19130,Philadelphia,2014Q2,neutral,-0.0303,2,"…giri. It was overpriced and neither looked nor tasted fresh. My waitress wasn't particularly friendly, but she was attentive and efficient. I was comfortable with her. Then, without explanation, she vanished toward the end of my meal, and…",False,True,,food_drinks|service_staff|price_value,False,False,False,True,True,True
19147,Philadelphia,2014Q2,neutral,-0.0387,4,"…h was served with asparagus. I still am noticing issues with the service, though. They can take a little longer than expected when getting things (I.e. the beer I brought in and paid for)and be rushy, still. It's not too much of an issue, b…",False,True,,food_drinks|service_staff,False,False,False,True,True,False
70112,NewOrleans,2014Q3,neutral,0.0,5,"…CVS is extremely busy but the staff keeps the line moving. The prices at the liquor stores in the area are expensive from what we heard, but the prices are reasonable at this CVS. They have lots of the small bottles of wine that you can…",True,True,surroundings_safety,food_drinks|service_staff|price_value,False,True,False,True,True,True
70130,NewOrleans,2014Q4,neutral,0.0,4,"Things at this store are not all overpriced. If you can, choose this over the walgreens on Decatur .paid 8 bucks at walgreens, 3 here for a box of cereal""",False,True,,price_value,False,False,False,False,False,True
70130,NewOrleans,2016Q4,negative,-0.2753,4,"…the ride was again short even with the little detour due to road construction. The only issue was, not even that big of deal, was when you get your car and drive down to get your luggage, there is a small parking lot to load your luggage or…",True,True,access_transit|surroundings_safety,price_value,True,True,False,False,False,True
70113,NewOrleans,2016Q1,negative,-0.6749,1,"…for years. Generally, the airport experience is better than the neighborhood location but this location was the worst. They promised a pickup by 9:15. I was picked up at 9:51. When I completed my paperwork they told me to have a seat. Ther…",True,False,surroundings_safety,,False,True,False,False,False,False
33702,TampaBay,2012Q3,neutral,0.0,2,"…3 in the afternoon, but if you're into that this is your place. Cheap drinks though.",False,True,,food_drinks|price_value,False,False,False,True,False,True
33612,TampaBay,2012Q4,neutral,-0.0243,3,"…unfamiliar with Sonnys, the BBQ isn't that great. It's fast and cheap and relatively tasty. This Sonnys location is decent. Fast service and friendly staff",False,True,,food_drinks|service_staff|price_value,False,False,False,True,True,True
37203,Nashville,2017Q3,neutral,0.0,1,…5 to get it. Couldn't have draft cause was not cold. Smelled of garbage from the alley.,True,False,cleanliness_public_space,,False,False,True,False,False,False
37214,Nashville,2017Q2,neutral,-0.0258,1,"…seasonal bug I was told, and we were on the 3rd floor, there was trash under the bed. Only received a 10.00 credit, complained to corporate and received an email from Vince Patel the General Manager 615-889-0090. There shouldn't have been a…",True,False,cleanliness_public_space,,False,False,True,False,False,False
37214,Nashville,2012Q2,negative,-0.7964,2,"Our room was dirty upon arrival, (trash left in waste basket, soap residue in shower soap dish, etc.). Brought it to the attention of the desk clerk when we were checking out, and they did offer to remove the room charge, unfortunately we d…",True,True,cleanliness_public_space,food_drinks,False,False,True,True,False,False
37212,Nashville,2012Q1,negative,-0.8114,4,Dirty Sanchez. Order it. Crappy Tequila and a PBR for $5 bucks. WOOOORRRTTTHHH IT!!!,True,False,cleanliness_public_space,,False,False,True,False,False,False
85705,Tucson,2018Q3,neutral,0.0015,2,"…y of 3 to this really big , round booth with a bunch of mirrors .food was good ..not great . waiter was ok .",False,True,,food_drinks|service_staff,False,False,False,True,True,False
85747,Tucson,2018Q3,neutral,-0.0185,1,…ry disappointed in the service. We waited over 40 mins. for our food. (Only 2 of us). They weren't real busy but there was one party of about 10 and our waiter apologized as he thought he got our order in before it. When it finally came…,False,True,,food_drinks|service_staff,False,False,False,True,True,False
19104,Philadelphia,2017Q2,neutral,0.0052,4,"…about the establishment was how packed it was and the tables and trash area were somewhat cluttered and dirty. For having such a small area, I can understand why it seemed packed but I don't think cleanliness should be an issue. Needless to…",True,False,surroundings_safety|cleanliness_public_space,,False,True,True,False,False,False
19130,Philadelphia,2017Q3,neutral,0.0,3,…to a goop of mayo and some lettuce. I ended up dumping it in the trash. Less is more when it comes to salad dressing.,True,True,cleanliness_public_space,food_drinks,False,False,True,True,False,False
37214,Nashville,2012Q2,negative,-0.4153,2,Not really a fan since they rebuilt. Seems like the parking is worse and the crowds nuts. I'll stick to the Cool Springs Mall.,True,False,access_transit,,True,False,False,False,False,False
37212,Nashville,2012Q3,negative,-0.3238,5,"…Street Corn. And the Sloppy Jose tacos again.. I actually found parking on the street, FOR FREE, which was nice. I paid $4 for valet the night before. There was a 30 minute wait, but once again, were able to immediately seat ourselves at t…",True,False,access_transit|surroundings_safety,,True,True,False,False,False,False
33609,TampaBay,2013Q2,neutral,0.0,1,…he food was excessively oily and the service was very slow. The prices weren't exactly cheap either.,False,True,,food_drinks|service_staff|price_value,False,False,False,True,True,True
33708,TampaBay,2013Q4,neutral,0.0,1,"The prices are absurd, maybe the owners think they are in NYC? I will go to Rita's for custard instead!",False,True,,price_value,False,False,False,False,False,True
85714,Tucson,2015Q3,neutral,0.0258,5,Efficient staff and business. They were the only glass company in Tucson who knew how to fix my problem.,False,True,,service_staff,False,False,False,False,True,False
85756,Tucson,2015Q4,neutral,0.0,5,…for their customers. We'd use them again for our next plumbing service job.,False,True,,service_staff,False,False,False,False,True,False
33634,TampaBay,2013Q2,negative,-0.6817,1,"…ch never came. We arrived at the parking lot, which is in a VERY unsafe part of town, behind a warehouse and incredibly hard to find, at 6am to one man working the lot (with one streetlight lighting the entire lot). He asked for our email,…",True,False,access_transit|surroundings_safety,,True,True,False,False,False,False
33702,TampaBay,2013Q4,negative,-0.2023,2,"Your classic neighborhood Italian restaurant...if your neighborhood is St Petersburg, Florida. Once you get past the smell of mildew, akin to old people your welcomed by the feel of a diner circa 1980. Suffices to say the restaurant i…",True,False,surroundings_safety,,False,True,False,False,False,False
70116,NewOrleans,2017Q1,negative,-0.886,1,"…...YAWN! I suggest trying GrandPre's on Rampart st for a relaxed neighborhood bar with a great patio, Good Friends upstairs or down or even Cafe Lafitte's . No strippers but then again neither are the pubs! Unless of course ur into stripper…",True,False,surroundings_safety|cleanliness_public_space,,False,True,True,False,False,False
70130,NewOrleans,2017Q1,negative,-0.5362,4,…alk through town from here... we ended up in a really really bad neighborhood if you pass up the train tracks turn around asap. The sign that said stop shooting at my house was the first indication we were in the wrong neighborhood.,True,False,access_transit|surroundings_safety,,True,True,False,False,False,False
19153,Philadelphia,2016Q2,neutral,-0.0387,1,"…to register. If that were not bad enough, in order to leave the parking lot it took another 12 - 15 minutes at the check-out. In addition, on returning the car, each time after waiting more than 10 minutes and not getting a receipt I ende…",True,True,access_transit,price_value,True,False,False,False,False,True
19107,Philadelphia,2016Q3,neutral,0.0,5,"…national food, meats and seafood, produce. They even give you a parking voucher to lot across the street. It's located across the street from the Convention Center.",True,True,access_transit|surroundings_safety,food_drinks,True,True,False,True,False,False
85745,Tucson,2013Q1,negative,-0.7814,1,"…, hair in the bathroom, towels rough, smelled, horrible bed, bad parking, crappy soaps also the ""breakfast"" consisted of stale bread, stale cereal, powdered milk, orange juice type drink. It might have been cheap but so are all the places…",True,True,access_transit,food_drinks|price_value,True,False,False,True,False,True
85719,Tucson,2013Q1,negative,-0.2363,2,"…on of ethnic foods/ingredients NEGATIVES: - Lots of bums in the parking lot, in the store...hold your purse tight ladies, so many ask for money ALL THE TIME - Don't go here after Noon...the sketchballs start to populate here..seriously I g…",True,False,access_transit,,True,False,False,False,False,False
85710,Tucson,2013Q4,neutral,0.0,2,"…hey have the largest selection of motorcycles in Tucson, but the prices are way higher than average market prices. I've seen anywhere between 2k-3k higher.",False,True,,price_value,False,False,False,False,False,True
85706,Tucson,2013Q3,neutral,0.0,2,In the last few months Omar has raised the prices and lessen the amount of food you'll get.,False,True,,food_drinks|price_value,False,False,False,True,False,True
85713,Tucson,2013Q4,neutral,0.0258,2,"…ter store bought salsa and if they think making mediocre Mexican food is acceptable then they need to just close the doors. The red chili sauce taste like it's right out of a can and no flavor, the rice just sucks hard and dry. There is ple…",False,True,,food_drinks,False,False,False,True,False,False
85719,Tucson,2013Q1,neutral,0.0,4,"…ans store. The fruits & veggies don't have that ""grocery store"" taste, and they have quite the selection of produce. I feel healthier just going in the store. Also, I just found out they have their own brand of roasted seaweed snacks! B…",False,True,,food_drinks,False,False,False,True,False,False
19125,Philadelphia,2012Q2,neutral,0.0133,2,"…has the look of a cool gastropub with kitschy decorations in the bathroom and outside. I ordered the pretzel bites as an appetizer and the short rib sandwich, since it sounded good. The pretzel bite resembled baked bread bites, not pretze…",False,True,,food_drinks,False,False,False,True,False,False
19145,Philadelphia,2012Q4,neutral,0.0,1,"This place serves garbage .i ordered a grilled chicken sandwich and they deep fried it ,when i said something they gave me an attitude and said thats how they cook their grilled chicken.Sorry idiots but grilled chicken is cooked on a GRILL!…",True,True,cleanliness_public_space,food_drinks,False,False,True,True,False,False
19106,Philadelphia,2018Q3,neutral,-0.0258,1,"…tically another 30-45 minutes"" so I sat in the main dining room. Service was poor and the food was horrible. By the time I it got to my table it was cold, and seeemed like the pepper shaker had spilled open while they were cooking. I've eat…",False,True,,food_drinks|service_staff,False,False,False,True,True,False
19107,Philadelphia,2018Q3,neutral,0.0,4,Breakfast was delish. Had eggs Benedict and an iced latte. Service was ok. It was a week day morning and not too many people there but wait staff seemed uninterested.,False,True,,service_staff,False,False,False,False,True,False
70130,NewOrleans,2015Q4,neutral,0.0,3,"The cab came within 10 mins. But its interiors were filthy,",True,False,cleanliness_public_space,,False,False,True,False,False,False
70130,NewOrleans,2015Q3,neutral,0.0,1,…astic in it. How can they make a drink and not know they dropped garbage in it. Won't be back.,True,True,cleanliness_public_space,food_drinks,False,False,True,True,False,False
33706,TampaBay,2016Q1,neutral,0.0,3,Cant beat the location..steps from the water Parking charge even for customers any time of day,True,False,access_transit,,True,False,False,False,False,False
33706,TampaBay,2016Q3,neutral,-0.0389,4,"…easant and efficient the only real downside is the total lack of parking. But we realize this is a problem all along Gulf drive,however, it is very acute here. While listening to others that were there you can tell this is a real generation…",True,False,access_transit,,True,False,False,False,False,False
70116,NewOrleans,2015Q4,neutral,0.0258,5,"…irly priced. With a great mom and pop feel to it. it's mostly a neighborhood joint with a Kitchen, staff team that know what they are doing.",True,True,surroundings_safety,service_staff,False,True,False,False,True,False
70130,NewOrleans,2015Q1,neutral,-0.0258,1,"This place appears to be a cool little neighborhood pub. However, the bar service is abysmal. Easily the worst service I have encountered in New Orleans. I honestly don't understand why, in a city with as much bartender talent as New Orlean…",True,True,surroundings_safety,service_staff,False,True,False,False,True,False
85704,Tucson,2018Q3,negative,-0.9586,1,…enjoy Whole Foods Market but the security guard you have in your parking lot is harassing people and is obnoxious. Sometimes I visit Whole Foods and stop by a nearby restaurant only to be harassed by the security guard threatening to tow my…,True,False,access_transit,,True,False,False,False,False,False
85716,Tucson,2018Q1,negative,-0.8402,2,"…re do I start? For starters, it is RIDICULOUSLY crowded, and the parking lot is way too small. Many people have to tip valet service just to get into the joint. Once things get rolling (around 6 PM during the week!), the acoustics make it i…",True,True,access_transit,service_staff,True,False,False,False,True,False
37201,Nashville,2012Q2,neutral,0.0,5,"…ntion to the atmosphere. I just came here as a local that wanted cheap drinks without a cover, and my needs were always exceeded. The end.",False,True,,food_drinks|price_value,False,False,False,True,False,True
37203,Nashville,2012Q2,neutral,0.0,2,WAY OVERPRICED. A small with fruit is $5.45??? Come on!,False,True,,price_value,False,False,False,False,False,True
37201,Nashville,2012Q1,neutral,0.0,2,The only reason this joint gets two stars is the music. Service was beyond condescending. Barely passable bar food. I so expected more.,False,True,,food_drinks|service_staff,False,False,False,True,True,False
37203,Nashville,2012Q3,neutral,0.0,5,…r own beer/wine and gardening from just visiting this store! The staff is amazingly knowledgable!,False,True,,food_drinks|service_staff,False,False,False,True,True,False
85741,Tucson,2018Q1,neutral,0.0377,1,"Over the years, there's been a steady decline in the quality and value of their food. The lunch buffet is misleading, as the orange chicken is usually black, and beyond overcooked. My three year old took some bites of the black orange chi…",False,True,,food_drinks|price_value,False,False,False,True,False,True
85712,Tucson,2018Q1,neutral,0.0,2,…ns at Arizona Coins and Collectibles where they payout 100% spot price as opposed to this company's 96.2% of spot price.,False,True,,price_value,False,False,False,False,False,True
85704,Tucson,2018Q2,neutral,-0.0258,1,Waited 2 hours for food. Service is awful. Will not be back. There are many good Italian restaurants in the neighborhood,True,True,surroundings_safety,food_drinks|service_staff,False,True,False,True,True,False
85710,Tucson,2018Q4,neutral,-0.0303,1,"…and finally did. Was not very busy and have no complaints about server taking our order. My issue is that everything was cold, and when the side of bacon came later it was cold too. The food would have been average if it had been warm, bu…",False,True,,food_drinks|service_staff,False,False,False,True,True,False
37203,Nashville,2018Q4,negative,-0.8176,2,"Had lunch here. Food was good and service was ok, but parking is a scam. They have a big sign in their window that parking is free (with validation). We took the ticket in the restaurant and asked for validation. The girl at the register ga…",True,True,access_transit,food_drinks|service_staff,True,False,False,True,True,False
37207,Nashville,2018Q3,negative,-0.1288,4,"…and I didn't feel like a slug afterwards. The place has ample parking and a nice, contemporary atmosphere. If I come here again, I will probably stick to ordering a dessert.",True,False,access_transit,,True,False,False,False,False,False
33604,TampaBay,2017Q2,neutral,0.0108,5,"…e newbies. AC has beer for everyone. Its a small place, it's a neighborhood brewery, don't expect a beer garden or anything. Parking is onsite and across the street. If both are full, don't park on fern, but in the street just north.…",True,True,access_transit|surroundings_safety|cleanliness_public_space,food_drinks,True,True,True,True,False,False
33610,TampaBay,2017Q4,neutral,0.0,3,…e all the time... Since childhood. But the last time we came the neighborhood had just gotten too sketchy.,True,False,surroundings_safety,,False,True,False,False,False,False
85711,Tucson,2012Q3,negative,-0.4054,1,"…talking about it. It's on my way to work, so I got to watch the construction crew create the facade and make the building look nice. So, during my lunch break I headed over and ordered their Carne Asada Burrito and a large drink. I gazed l…",True,True,surroundings_safety,food_drinks,False,True,False,True,False,False
85745,Tucson,2012Q4,negative,-0.1314,1,"…ere. The outside appeared run down and was surrounded by halted construction. Upon entering our room, my husband and I noticed huge dark stains on the carpet that could have been grease, or less optimistically, blood stains remaining fro…",True,False,surroundings_safety,,False,True,False,False,False,False
37201,Nashville,2017Q4,neutral,-0.0258,2,"Came here with a friend visiting from out of town. Slow service, table was sticky, food was wilted, rotten salad, and unflavored. Maybe more of a place for just drinks and music.",False,True,,food_drinks|service_staff,False,False,False,True,True,False
37221,Nashville,2017Q2,neutral,0.0,1,"…return. A woman I found out was the owner, yelled so much at an employee that she walked out the door. Who does this in front of customers??",False,True,,service_staff,False,False,False,False,True,False
85719,Tucson,2017Q4,negative,-0.9669,1,…is extremely concerning considering this complex is located in a neighborhood FILLED with crime. Tweakers walk through the complex at 3 am. The list just goes on and on.,True,False,access_transit|surroundings_safety,,True,True,False,False,False,False
85719,Tucson,2017Q4,negative,-0.9671,1,"…. it was a bit of a drive, and it looked to be in a somewhat bad neighborhood, but we still gave it a shot. What a waste of the trip! It was blasting Spanish music, and the people at the counter were all tatted up and shady as hell. No he…",True,False,surroundings_safety,,False,True,False,False,False,False
85719,Tucson,2012Q2,neutral,0.0,4,"…ates, both were spot on. Tabouli, Hummus & rice were deelish and prices were very reasonable. I shall be returning!",False,True,,price_value,False,False,False,False,False,True
85705,Tucson,2012Q3,neutral,0.0,1,Way too spendy for my wallet overpriced n hipster joint spare me Overpriced!,False,True,,price_value,False,False,False,False,False,True
85750,Tucson,2012Q4,neutral,0.0159,2,"Delivery was prompt, customer service both on the phone, and in person, was good. The Pizza: Good sauce, and ingredients - but the crust . . . not so much. Not sure why, as I'm not a pizza maker . . . Even though it's a 'thin' crust (about…",False,True,,food_drinks|service_staff,False,False,False,True,True,False
85741,Tucson,2012Q4,neutral,0.0359,2,"…where I had to request it to be softer. However, they had great customer service with reschedules and were friendly. It just wasn't the best massage for me.",False,True,,service_staff,False,False,False,False,True,False
85704,Tucson,2012Q1,neutral,-0.0202,1,"A truly horrible experience. Can't speak to the food, because we never got it. Went into the restaurant at 2 o'clock on a saturday afternoon. There were more employees working than patrons of the restaurant. We order two sandwiches. Afte…",False,True,,food_drinks|service_staff,False,False,False,True,True,False
85705,Tucson,2012Q2,neutral,0.0379,3,"…et the fries. Long, long ago I was into experimenting with their menu, but I always come back to the burger. I see no reason to get anything else when you can get a cooked to order burger and top it any way you like from the condiment bar.…",False,True,,food_drinks,False,False,False,True,False,False
70113,NewOrleans,2015Q4,negative,-0.7249,1,…ound you. you're big and loud and your milk aint shit. makin the potholes worst. tell yall people to stop runnin up on me,True,False,surroundings_safety,,False,True,False,False,False,False
70112,NewOrleans,2015Q3,negative,-0.8336,5,It is unsafe to go to the cemeteries on your own. Go with a tour .. one of the cemeteries is so dangerous they can't get insurance to do tours .. naturally you want to skip that one. But St Louis No 1 is worth the tour. It was informati…,True,True,surroundings_safety,price_value,False,True,False,False,False,True
85712,Tucson,2017Q4,neutral,0.0,5,S/O to Robert for fixing my turn signal light in the parking lot when it was originally going to be a 2 hour wait...,True,False,access_transit,,True,False,False,False,False,False
85718,Tucson,2017Q3,neutral,0.0222,2,"…eplaced because the maintenance men have left their nails in the parking lot. They put me in an apartment with a broken window and it took them 2 weeks to fix it. Some of the people who live here drink beer and smoke at the pool, and their…",True,True,access_transit|cleanliness_public_space,food_drinks,True,False,True,True,False,False
85741,Tucson,2014Q1,neutral,0.0094,2,"…actually a line short enough that I wasn't sticking out into the parking lot. I got my chai in about 10 minutes, though it was quite watered down. Disappointed in this location.",True,False,access_transit,,True,False,False,False,False,False
85716,Tucson,2014Q2,neutral,0.0,5,"…urse, pond, park, zoo, dog park. Centrally located with a ton of parking!",True,False,access_transit|cleanliness_public_space,,True,False,True,False,False,False
70130,NewOrleans,2013Q4,negative,-0.881,1,"…ne point I was standing just outside the hotel front door on the sidewalk with my wife. We were deciding how we would go to Frenchmen's St...pedi-cab, taxi, walk, etc. Suddenly a bum started pushing us and telling us to 'get away, get out o…",True,False,access_transit,,True,False,False,False,False,False
70130,NewOrleans,2013Q4,negative,-0.5355,5,"…ly go back to Sean again for my next hair appointment. Beware of parking. There is a 2 hour max, so set an alarm.",True,False,access_transit,,True,False,False,False,False,False
85706,Tucson,2014Q4,negative,-0.7641,3,…say about it. It's conveniently located right off I-10. Economy parking is just a 3-5 min shuttle ride to the terminal. Drawbacks include no Starbucks and no familiar restaurants.,True,False,access_transit,,True,False,False,False,False,False
85749,Tucson,2014Q2,negative,-0.869,1,"…ersation goes, HSL will screw you at every opportunity. Plus the parking is horrible! There are over 200 apartments and only 10 non-reserved spots that aren't on the far ends near the road. Have kids who like to roller skate or ride a bike?…",True,False,access_transit,,True,False,False,False,False,False
33607,TampaBay,2017Q2,neutral,-0.0352,1,…of traffic add 15 min to any trip / nice pool area but not very clean / rooms are old carpet smell our room had a view of the roof / food was expensive and not good paid $28 for pancake email 2 slice of bacon and we could not eat it not ed…,True,True,surroundings_safety|cleanliness_public_space,food_drinks|price_value,False,True,True,True,False,True
33625,TampaBay,2017Q2,neutral,-0.0441,1,…ection. I have Beagles and I am very used to it. I know how to clean the ears and how to administer the meds. I actually just wanted to get a refill of medicine I was out of. They took my dog into the back to trim her nails while I was…,True,False,cleanliness_public_space,,False,False,True,False,False,False
19138,Philadelphia,2018Q3,negative,-0.3951,2,"…om with greasy floors to get to the bathroom. I slipped twice in transit. The bathroom was a filthy, disgusting, and horrendous mess! For that reason I will never go back again.",True,False,access_transit|cleanliness_public_space,,True,False,True,False,False,False
19107,Philadelphia,2018Q1,negative,-0.6358,2,"…ater (!); $30 per night to park (and almost as much in the other parking garage downtown); no list of channels or amenities in the room, only a menu for room service. Definitely felt nickled and dimed. That said, everything else was fine. N…",True,True,access_transit|cleanliness_public_space,food_drinks|service_staff,True,False,True,True,True,False
70130,NewOrleans,2017Q3,neutral,0.0114,2,…cre food. I ordered the crawfish etoufee which was tasty but not worth the money I spent or the terrible attitudes. I will NEVER come back. There are far better places in NOLA to eat with traditional NOLA style cuisine that have a more plea…,False,True,,food_drinks|price_value,False,False,False,True,False,True
70130,NewOrleans,2017Q1,neutral,0.0363,2,…y cannot recommend this restaurant for those very reasons. It's overpriced and overrated. There are simply much better options available in New Orleans.,False,True,,price_value,False,False,False,False,False,True
37213,Nashville,2013Q2,negative,-0.3406,1,"…h permanent marker (classy, right?) because this floor was under construction as well as the majority of the hotel. The parking lot is a mess with only one way in and out to the entrance. The maids were RUDE... we had encountered only one o…",True,True,access_transit|surroundings_safety,service_staff,True,True,False,False,True,False
37207,Nashville,2013Q4,negative,-0.8677,1,Area feels unsafe and troubling. Can't wait to get out of this place in the morning. Other hotels in the area were booked out and this was the only one available. feel like I am staying in one if those creepy hourly motels you see at the mo…,True,False,surroundings_safety,,False,True,False,False,False,False
37211,Nashville,2014Q3,neutral,-0.0427,3,"…. If I hadn't already ordered I would have left. The interior is dirty and run down... The gyros tasted like gyros, nothing special, not bad and not awesome, just good. The rice was a yellow rice which was cold... But not inedible. Ranch dr…",True,False,cleanliness_public_space,,False,False,True,False,False,False
37214,Nashville,2014Q2,neutral,-0.0276,3,5/26/14 Basic airport. Bathrooms are clean and big enough to have you and your luggage in the stall. There various shops for items and restaurants for food. It was a little odd that they have these gates with no seats in the area. So man…,True,True,surroundings_safety|cleanliness_public_space,food_drinks,False,True,True,True,False,False
37206,Nashville,2014Q4,neutral,0.0451,2,"…visual appeal. It takes way too long for service, it's far too expensive, the baristas are too hip to be useful in any capacity, and, after all, the coffee is just okay and the scone I had was downright inedible. Also, I'm really not sur…",False,True,,food_drinks|service_staff|price_value,False,False,False,True,True,True
37208,Nashville,2014Q1,neutral,-0.0199,3,…ught it was a steak. Not the best cut of meat I had and for the price I could have had a better cut of meat. Not much flavor other than the Worcestershire sauce and a little rough. I saw most people ordered pizzas I guess I should have d…,False,True,,food_drinks|price_value,False,False,False,True,False,True
70130,NewOrleans,2018Q2,neutral,-0.0156,2,"Table was dirty and had water all over it. Pizza was decent, but no where near ""good"". We ate it out of hunger, but I would never come to this place. Server was a little quirky, but very nice. This place has potential, but seems to be unke…",True,True,cleanliness_public_space,food_drinks|service_staff,False,False,True,True,True,False
70116,NewOrleans,2018Q4,neutral,0.0328,1,"…e right direction, she proceeded to glare at them and shoot them dirty looks while they looked through the books. My children were quietly and carefully paging through books and this woman could not have been more rude. It was as if she was…",True,True,cleanliness_public_space,service_staff,False,False,True,False,True,False
37203,Nashville,2016Q3,negative,-0.9744,2,"…ng to live here. The building itself is a prime example of cheap construction, the walls are paper thin, the walls have cracks and ridges and you can tell it was a rush-rush construction job, many corners were cut. The water heater is proba…",True,True,surroundings_safety,price_value,False,True,False,False,False,True
37209,Nashville,2016Q1,negative,-0.503,1,We stopped in because the place is new to our neighborhood. They were pretty rude and said they didn't have any time for estimates for at least a week. Not impressed and will not be back.,True,True,surroundings_safety,service_staff,False,True,False,False,True,False
33619,TampaBay,2014Q4,neutral,-0.0454,1,The food is garbage.. The service is terrible.. I'm from Saint Louis and Sonny's ain't got shit on Famous Dave's.,True,True,cleanliness_public_space,food_drinks|service_staff,False,False,True,True,True,False
33701,TampaBay,2014Q3,neutral,-0.0415,1,…realize this is part of a ritual but you would think they would clean up the mess after. Our server got us our drinks but then disappeared for 15 minutes waiting other tables. Our server was nice and apologetic but they seemed extremely u…,True,True,cleanliness_public_space,food_drinks|service_staff,False,False,True,True,True,False
33607,TampaBay,2014Q1,negative,-0.9393,1,"…ayed at the night before for $49! Obviously not!! They are doing construction so everything is dirty but that's not the big problem. The problem is that the ""renovated"" room is just as dirty as the outside! The bathroom was utterly disgusti…",True,False,surroundings_safety|cleanliness_public_space,,False,True,True,False,False,False
33763,TampaBay,2014Q3,negative,-0.8462,1,"…how ever you wish to describe it, being sold a car with several safety issues left undiagnosed and dealt with (2 of which were factory recall issues) before this vehicle was allowed to leave the dealership is unexcuseable. where your other…",True,False,surroundings_safety,,False,True,False,False,False,False
19107,Philadelphia,2015Q2,neutral,0.0256,3,"…but if the salad bar is their ""thing"", they should make it more accessible than making customers awkwardly funnel food into the pita. The falafel itself was ok, but kinda dry, and fries were good. The staff was not friendly, especially whe…",True,True,access_transit,food_drinks|service_staff,True,False,False,True,True,False
19107,Philadelphia,2015Q2,neutral,0.0,3,"Decent hotel, was only here for one night. Parking is very high compared to the spot across the street.",True,False,access_transit|surroundings_safety,,True,True,False,False,False,False
85719,Tucson,2016Q1,negative,-0.6046,1,"…to settle up and leave. Extremely poorly handled, I live in the neighborhood and will never come back there to eat again. Why should I when there are so many other places that have management that acts professionally and appropriately in…",True,True,surroundings_safety,service_staff,False,True,False,False,True,False
85715,Tucson,2016Q3,negative,-0.9092,2,"…lable to deliver?? I know someone who worked there and said food safety/storage is questionable. Also if you ask what their secret powder is in some of their drinks, they apparently don't know what is odd and offputting.",True,True,surroundings_safety,food_drinks,False,True,False,True,False,False
19128,Philadelphia,2013Q2,neutral,0.0,3,"…gger slices. I wouldn't go out of my way, but of you are in the neighborhood, it is a reasonable offering.",True,False,surroundings_safety,,False,True,False,False,False,False
19147,Philadelphia,2013Q1,neutral,0.0,4,"Great neighborhood pub. Was very cozy by the fire on a cold night. Food was decent - standard gastro pub fare. Staff was friendly, and the manager (owner?) was very accommodating to our friends who brought a 2 year old. In my mind this is…",True,True,surroundings_safety,food_drinks|service_staff,False,True,False,True,True,False
19116,Philadelphia,2015Q1,neutral,0.0258,1,"Epic fail. Tried to stay in the neighborhood for a date night, and figured we'd give this place a try. Started off with the calamari. It tasted like cardboard. I literally had to take it out of my mouth because I could not swallow it. We or…",True,False,surroundings_safety,,False,True,False,False,False,False
19106,Philadelphia,2015Q2,neutral,0.0345,3,"…re remain chirpier than any of the myriad of indie places in the neighborhood. The ""bakery"" area is weaker than other Starbucks--I visited around noon and all of the display food was already looking very wilted and sad.",True,True,surroundings_safety,food_drinks,False,True,False,True,False,False
33606,TampaBay,2013Q4,neutral,0.0258,1,No accessible seats. It's a fairly new place. Nice decor. Waitress tried to steer us to the most expensive beer and then when we chose one that wasn't expensive she said it was their worst beer. When I told her I've been to that brewery…,True,True,access_transit,food_drinks|service_staff|price_value,True,False,False,True,True,True
33602,TampaBay,2013Q4,neutral,-0.0348,2,…ale. The TV in the room is fuzzy and has very few channels. Self-Parking is a joke. Internet costs extra. No free breakfast. Next time I'll stay somewhere else.,True,False,access_transit,,True,False,False,False,False,False
33702,TampaBay,2014Q2,neutral,0.0101,1,"…. Beers were moderately priced but fireball is $8.00 a shot. Service was friendly, the place was filthy, run down, and full of obnoxious patrons",True,True,cleanliness_public_space,service_staff,False,False,True,False,True,False
33706,TampaBay,2014Q4,neutral,0.0049,3,…No comparison to hard rock hotel. Would not stay here again. The staff is friendly so that was a plus.,False,True,,service_staff,False,False,False,False,True,False
37212,Nashville,2015Q1,neutral,0.0018,2,…is beyond schizo 4. The servers can improve with kemptness 5. Parking - good luck... I can't believe this is in the gulch of all places...,True,True,access_transit,service_staff,True,False,False,False,True,False
37203,Nashville,2015Q1,neutral,-0.0168,2,…e of the few locations to watch the nfl playoffs and not pay for parking. Blah. Then they charged me 1.50 for pickles. I asked for more because my burger came with 2. Also when we asked about the valet parking the young lady asked if we we…,True,True,access_transit,food_drinks,True,False,False,True,False,False
85710,Tucson,2018Q3,neutral,0.0418,1,…r me since I posted my review on Yelp (which was posted from her parking lot the day of the terrible pedicure). A chance for that review to be modified by her providing a good pedicure for the price I've already paid seems to not interest…,True,True,access_transit,price_value,True,False,False,False,False,True
85716,Tucson,2018Q1,neutral,0.0,3,"…droppings, and most weekends I've seen an ice cream truck in the parking lot!",True,False,access_transit,,True,False,False,False,False,False
85743,Tucson,2013Q4,neutral,0.0258,1,"service was bad..watched while they texted away at the computer and failed to greet, bring menus, bring one order of beer when it was half empty in a decent time frame. we left, went to the sushi place next door where they practically ran…",False,True,,food_drinks|service_staff,False,False,False,True,True,False
85710,Tucson,2013Q4,neutral,0.0466,1,…ally got to the Heist last evening-- Oh man it was not worth it. Customer service gets a good mark but the food gets three YUCKs If you are going to call yourself a pizza restaurant you should at least know how to make a good pizza-- If L…,False,True,,food_drinks|service_staff|price_value,False,False,False,True,True,True
85712,Tucson,2015Q3,neutral,0.0,4,…o. The only down side is that they seem to be on the high end of price. You always know what you are going to get so sometimes I don't mind paying a little extra.,False,True,,price_value,False,False,False,False,False,True
85705,Tucson,2015Q3,neutral,-0.001,2,"…e the typical junk knives (i.e., BUDK stuff that is marked up in price) that appeal to the novice (think huge bowie knives, zombie knives, etc...) along side real working knives (Buck, Gerber, Swiss Army, etc...). If you need help selectin…",False,True,,price_value,False,False,False,False,False,True
70130,NewOrleans,2014Q2,neutral,0.0,4,"The Pelham is an older Hotel but with charm...nice staff, clean-safe-quite and close to what NOLA is famous for...great food, libations, Char""actors"" of life....",True,True,surroundings_safety|cleanliness_public_space,food_drinks|service_staff,False,True,True,True,True,False
70130,NewOrleans,2014Q3,neutral,0.0052,2,…3rd day of occupancy as was stated in their policy. Nor did they clean the bathroom very well at all.,True,False,cleanliness_public_space,,False,False,True,False,False,False
37203,Nashville,2016Q3,neutral,-0.0278,1,…y difficult to avoid the dog feces in between the street and the sidewalk. The garage doors were always up leaving little to no security as promised.,True,False,access_transit|surroundings_safety,,True,True,False,False,False,False
37214,Nashville,2016Q2,neutral,-0.0018,2,"We were told about The Parking Spot by my parents, whom had flown out of Nashville many times and said this was a very good company. I looked them up online and was thrilled to see that they offered car detailing. I signed up for the ultima…",True,False,access_transit,,True,False,False,False,False,False
19114,Philadelphia,2014Q4,neutral,-0.0199,3,…ly consider it a cafe. But hey like I said there isn't much good clean eating in this area.,True,False,surroundings_safety|cleanliness_public_space,,False,True,True,False,False,False
19116,Philadelphia,2014Q4,neutral,0.0,1,"Look around first before you order,place is disgusting.bathroom really bad.food was putrid too.tuna smelled,gave it back,tried turkey, was tasteless,threw it away.suprised the BOH has not done something there.nasty,never again..",False,True,,food_drinks,False,False,False,True,False,False
33767,TampaBay,2013Q4,neutral,0.0258,1,…Place is loaded with Winter souvenirs to purchase however. Small dirty tanks for the fish. If you want a better aquarium and can make the trip to Mote Aquarium in Sarasota I highly recommend doing do. Mobile website very misleading.,True,False,cleanliness_public_space,,False,False,True,False,False,False
33619,TampaBay,2013Q4,neutral,-0.0127,4,"Very clean interior with a bar. The lady that served us had a neat accent and was very polite. I ordered the curry chicken with rice, cabbage, and plantains. It came out very quickly and was portioned just right. The chicken could have used…",True,True,cleanliness_public_space,food_drinks,False,False,True,True,False,False
85701,Tucson,2015Q4,neutral,0.0434,2,…bad at all. Went on a Sunday afternoon. Having to park in a pay parking lot across the street (they have no parking if the street is full) and pay $5 was a scam. Never having ever been here I thought I would try a beef taco and a beef ench…,True,False,access_transit|surroundings_safety|cleanliness_public_space,,True,True,True,False,False,False
85712,Tucson,2015Q2,neutral,0.0387,2,"…rby; this would only be the place to go if you were bored, & the parking lot happens to be empty. The layout will probably frustrate you, & the staff (for the exception of their extemely friendly cashiers) looks extemely displeased w/ ever…",True,True,access_transit,service_staff,True,False,False,False,True,False
19103,Philadelphia,2016Q4,neutral,0.0,5,I always seek out the neighborhood bars when I go to other cities..stepped in here a year ago..been coming back ever since when I'm Philadelphia... Post prohibition bar..and the roast beef on roll..sliced from an antique slicer in front of…,True,False,surroundings_safety,,False,True,False,False,False,False
19103,Philadelphia,2016Q4,neutral,-0.0346,5,"I live just around the corner and this is the most typical neighborhood coffee shop I've ever been in. How could you not love it. I think the menu is a bit pricey but you're really paying for the scene. They also have a full bar, which only…",True,True,surroundings_safety,food_drinks,False,True,False,True,False,False
85704,Tucson,2014Q1,neutral,0.0333,3,…iladas and they are good. Prices are fair. Only complaint is the bathrooms are getting on the disgusting side. If they dont clean them up I will go elsewhere as I think it is indicative of the condition of the kitchen.,True,True,cleanliness_public_space,price_value,False,False,True,False,False,True
85710,Tucson,2014Q3,neutral,0.0003,2,"…bread with it. Food was average at best. Service was crap. Got a dirty water carafe, server was off doing other things even though it was 2pm and slow. Came once, won't return, averaging 3 stars and not surprised.",True,True,cleanliness_public_space,food_drinks|service_staff,False,False,True,True,True,False
33713,TampaBay,2012Q3,negative,-0.9254,1,"…til 2 days later. Soon after they demanded the residents to have parking stickers to park close to your building, but in order to get one, the registration for your car has to be written in your name. I've had my car for 6 years and my fath…",True,False,access_transit|cleanliness_public_space,,True,False,True,False,False,False
33701,TampaBay,2012Q4,negative,-0.1768,4,…Lunch Hour and Rush hour drive home it does get quite busy. The Parking Factor is my main issue when its busy as the subs still take less than 2 minutes to get in your hands from the time you order. I know when I'm heading home on 4th stre…,True,False,access_transit,,True,False,False,False,False,False
70130,NewOrleans,2015Q2,neutral,0.0,4,…nd morning. It's all of the NYC subway ambiance with none of the transit.,True,False,access_transit,,True,False,False,False,False,False
70130,NewOrleans,2015Q3,neutral,0.0067,3,…t its not the worst. They have a friendly staff and off street parking (The lot is across the street). The sushi is DROWNING in mayo based sauces though to the point of where every roll starts to taste the same... which always makes me…,True,True,access_transit|surroundings_safety,food_drinks|service_staff,True,True,False,True,True,False
85710,Tucson,2014Q4,negative,-0.9051,1,…Desert Toyota and Patrick the salesman do not care about public safety and if they can make a buck they will sell a car to anyone. I am supplying Az MVD a copy of my fathers latest neurological diagnoses and the Az Court letter appointing…,True,False,surroundings_safety,,False,True,False,False,False,False
85719,Tucson,2014Q1,negative,-0.9728,1,"…snide comments about someone's vehicle especially if it is not a safety concern. Then once inside, I discovered that they had no record of my appointment (even though they scheduled it and I had a card with the date and time on it) so the i…",True,False,surroundings_safety,,False,True,False,False,False,False
70130,NewOrleans,2014Q3,neutral,-0.043,3,"…taurant, particularly when I'm starving, have already dealt with parking, and have my young son in tow.",True,False,access_transit,,True,False,False,False,False,False
70116,NewOrleans,2014Q2,neutral,-0.0061,1,"…t service was the WORST. They charge you $32.95 a day for ""valet parking"" which is actually nothing more than a guy driving your car to an offsite parking garage. If I had known this when I booked the hotel, I would've never paid for it - I…",True,True,access_transit,service_staff,True,False,False,False,True,False
70121,NewOrleans,2017Q4,neutral,0.0,1,"1 Star because 0 isn't an option. The place is filthy. They don't take your orders, and once they do it takes 30 minutes to get a simple chicken sandwich. It should be shut down.",True,True,cleanliness_public_space,food_drinks,False,False,True,True,False,False
70130,NewOrleans,2017Q3,neutral,-0.0382,1,"While the hotel rooms we had were fine (other than a bathroom built for one person who is no more than 5' tall), our trip to New Orleans was soured by theft by hotel staff. We checked in on Saturday afternoon, dropped our bags in our rooms…",False,True,,service_staff,False,False,False,False,True,False
19104,Philadelphia,2012Q4,neutral,-0.0191,4,…t least half an hour early. And for the people complaining about parking... Walnut becomes free if you are willing to park below 43rd.,True,False,access_transit|cleanliness_public_space,,True,False,True,False,False,False
19106,Philadelphia,2012Q1,neutral,0.0,1,"…erty, yet they left about ten menus on our porch, steps, and the sidewalk; same with all our neighbors--they were everywhere!",True,False,access_transit,,True,False,False,False,False,False
85718,Tucson,2018Q2,negative,-0.1788,1,"…t the night. Also we were not made aware of multiple pools under construction and non usable. Front staff was not helpful stating maid service, pool, food service wasn't their department. Two life guards at on lounge chairs as the usable p…",True,True,surroundings_safety,food_drinks|service_staff,False,True,False,True,True,False
85747,Tucson,2018Q4,negative,-0.4765,2,…ito. A drive by the location will reveal low consideration from neighborhood patrons as the joint is generally not busy. Drink prices are decent but not compelling enough to overlook the poorly executed food.,True,True,surroundings_safety,food_drinks|price_value,False,True,False,True,False,True
70130,NewOrleans,2019Q3,positive,0.8995,3,"Rude staff, great food, unclean tables. I guess I didn't follow the proper structure of a compliment structure. I walked in to meet a woman at the register, and she was beyond rude. Finding a table was tough as it was a tight space. After f…",False,True,,food_drinks|service_staff,False,False,False,True,True,False
70130,NewOrleans,2019Q2,positive,0.8537,4,"Food was wonderful, service was good, but food took a while to come out. They have developed an excellent concept, from decor, food, and cocktails.",False,True,,food_drinks|service_staff,False,False,False,True,True,False
70130,NewOrleans,2019Q2,positive,0.9593,4,"…s museum! In the short time I had there I was impressed with the flavor of the region that is represented in this museum. It's unexpected at times, thoughtful, and enjoyable - it also has a really great gift shop if you are into the merch s…",False,True,,food_drinks,False,False,False,True,False,False
70130,NewOrleans,2019Q3,positive,0.7264,4,Decent food. The roast beef poboy is really good. The oyster BLT is ok. The drinks are good. Overall above average.,False,True,,food_drinks,False,False,False,True,False,False
33615,TampaBay,2018Q2,neutral,-0.0428,4,…I have is that I wish management wouldn't allow cars to park on sidewalk right in front of the store.,True,True,access_transit|cleanliness_public_space,service_staff,True,False,True,False,True,False
33634,TampaBay,2018Q4,neutral,0.0258,5,"Tried out Memorial parking. Opted for the self parking. Valet parking at their office seems to go quicker. The operation seems seamless. They drop you in a shuttle at the rental car drop off, where your bags can be checked in. Thereafter, b…",True,False,access_transit,,True,False,False,False,False,False
85745,Tucson,2019Q3,positive,0.9778,5,"This place is outstanding!! Great atmosphere, great food and great service!! If you want to have something delicious, get off your butt and get to Beaut Burger!!!! Now!!!!!",False,True,,food_drinks|service_staff,False,False,False,True,True,False
85704,Tucson,2019Q4,positive,0.9875,5,"…to be LOTR themed, but it was not...but that's okay because the food makes up for it. First thing you need to know about Baggin's: fresh, chocolate chip cookies with your meal. They aren't the best chocolate cookies ever, but they are pret…",False,True,,food_drinks,False,False,False,True,False,False
37203,Nashville,2019Q2,positive,0.9649,5,"Super fast service. As a small party of 3 (2 adults and a toddler), we were told it would be a 15 minute wait, turned into less than 2 minutes. Although you can tell they need fast turn over, you never feel rushed! We were easily able to or…",False,True,,service_staff,False,False,False,False,True,False
37211,Nashville,2019Q4,positive,0.9136,5,In town for a wedding. What a great find. Food and service were outstanding. Had something for the meat eaters and the vegetarians. Definitely worth a visit y'all.,False,True,,food_drinks|service_staff|price_value,False,False,False,True,True,True
37206,Nashville,2019Q1,positive,0.9628,5,…aurant in all of Nashville. They have a phenomenal bar and great food. Playground on site that is extremely entertaining for the kids to allow you to enjoy your beer and food. Staff is knowledgeable and very accommodating.,False,True,,food_drinks|service_staff,False,False,False,True,True,False
37203,Nashville,2019Q4,positive,0.9558,3,I could have eaten cardboard with more flavor. I figured a waffle and chicken would be the least disappointing item on the menu but maybe I chose the wrong item. (Some other people I know said they loved the food: it was hit or miss or just…,False,True,,food_drinks,False,False,False,True,False,False
37217,Nashville,2019Q3,positive,0.9642,5,…htful and the customer service is impeccable. The restaurant and bathrooms are spotless! Definitely a hidden gem on Murfreesboro Pike. I will be back!,False,True,,service_staff,False,False,False,False,True,False
37203,Nashville,2019Q2,positive,0.9008,4,Went there for breakfast and it was great. Very clean and retro designed with a great location in downtown Nashville. The food was very fresh and unique. Service was on point and the orange juice was fresh squeezed. I'm sure they have lo…,True,True,cleanliness_public_space,food_drinks|service_staff,False,False,True,True,True,False
19106,Philadelphia,2019Q2,positive,0.9627,4,"Really enjoyed our meal! It was neat to try the different types of bread they offer at the beginning of the meal. Our favorite was the cornbread and molasses bread. The seafood pasta was full of shrimp, scallops, and crab claws. The turkey…",False,True,,food_drinks,False,False,False,True,False,False
19147,Philadelphia,2019Q2,positive,0.956,4,…dating or happy about making the changes. When it comes to the food. we usually always get he pizza! and the pizza is made with the freshest ingredients and taste so good! My family really likes their buffalo chicken or bbq chicken pizza…,False,True,,food_drinks,False,False,False,True,False,False
19104,Philadelphia,2013Q4,neutral,0.0194,1,…of filling choices. Price wasn't bad at all. But the inside was dirty and drab. It is nearly always empty.,True,True,cleanliness_public_space,price_value,False,False,True,False,False,True
19107,Philadelphia,2013Q4,neutral,0.0072,1,…queue at the front door was ridiculous and half the tables were dirty and empty with all the server chit chatting in the kitchen. I was sitting at the bar area with my back to the bar in those overflow seats so I could see this happening…,True,True,surroundings_safety|cleanliness_public_space,service_staff,False,True,True,False,True,False
19103,Philadelphia,2016Q2,neutral,0.0451,1,"…resh bread. Another note of caution especially for parents: the bathroom doors lock automatically and the restaurant didn't have spare keys. (On my visit, one bathroom was unavailable because someone had left the one and only key in there.…",False,False,,,False,False,False,False,False,False
19102,Philadelphia,2016Q1,neutral,0.0,1,"…ouldn't even let me in. Doesn't really make much sense, place is garbage.",True,False,cleanliness_public_space,,False,False,True,False,False,False
70130,NewOrleans,2012Q1,neutral,0.0258,5,2 things you must know. 1. Char - grilled oysters 2. Dirty fries You're welcome.,True,False,cleanliness_public_space,,False,False,True,False,False,False
70130,NewOrleans,2012Q2,neutral,-0.0,3,…as a convention in town so everywhere was very busy. The ladies restroom is out in this courtyard so the area can get busy. Someone that used the restroom must have consumed a famous hurricane and didn't made it to the pan and was sick ove…,True,False,surroundings_safety,,False,True,False,False,False,False
33701,TampaBay,2019Q3,positive,0.9729,5,"I love this place! The staff is very friendly, and the food is made to perfection. I love the açaí bowls and protein bowls. Not too expensive either. A perfect little lunch spot for students with healthy options.",False,True,,food_drinks|service_staff|price_value,False,False,False,True,True,True
33618,TampaBay,2019Q3,positive,0.987,5,"…ace. Delicious food, great portions, best quality, and excellent service and management. Our server Nicole (Nicky) took great care of us, and the girl helping the hostess (watches the floor?) was so helpful even before our server got to us…",False,True,,food_drinks|service_staff,False,False,False,True,True,False
19131,Philadelphia,2018Q3,neutral,0.0,2,Old hotel. Parking is down the street and $8. There's really nothing around it except a Hilton so we had to drive to find something to eat.,True,False,access_transit|surroundings_safety,,True,True,False,False,False,False
19154,Philadelphia,2018Q3,neutral,0.0,1,…never has shopping carts available you have to walk all over the Parking lot to find one.,True,False,access_transit,,True,False,False,False,False,False
70130,NewOrleans,2019Q4,positive,0.9777,5,…brunch! Definitely Uber/Lyft if you are going for brunch! Great prices makes Surrey's a great spot for breakfast/brunch.,False,True,,price_value,False,False,False,False,False,True
70121,NewOrleans,2019Q4,positive,0.9826,5,"…and delicious and the Honey Mustard dipping sauce was good. The prices are really decent as well, typically for chicken I'll go to canes or popeyes but I have probably just found my new favorite chicken place. I asked the guy sitting next…",False,True,,food_drinks|price_value,False,False,False,True,False,True
70114,NewOrleans,2019Q2,positive,0.9694,2,"…u to avoid this place but if you do make sure you advise them to clean their tools, like all of them... that being said I'll tell you my experience which while at the salon was great for their customer service and having patience with an un…",True,True,cleanliness_public_space,service_staff,False,False,True,False,True,False
70123,NewOrleans,2019Q3,positive,0.9496,5,"…Fitness in Harahan during lunch since I work nearby. It's always clean, which is a huge plus, and the staff are very friendly. This location is spacious for an Anytime and there are two additional large equipment rooms in the back. I like t…",True,True,cleanliness_public_space,service_staff,False,False,True,False,True,False
85712,Tucson,2019Q3,positive,0.9864,4,"…non-judgey and knowledgeable about their craft. The offices are clean, comfortable and well appointed. I would totally recommend checking them out, they offer a lot of other ""refreshing variants"" (my code word for this) and are a wonder…",True,False,cleanliness_public_space,,False,False,True,False,False,False
85716,Tucson,2019Q3,positive,0.9856,5,"…was not disappointed. Cute little market off of Speedway, SUPER clean and smelled delicious. Will definitely be back!! The shawarma was the best!!!",True,True,cleanliness_public_space,food_drinks,False,False,True,True,False,False
85714,Tucson,2019Q2,positive,0.9027,1,"…re about their hard earned money) Well, came at lunch, had great service at drive thru from the nice lady working lunch shift. Came at night to bring my whole family and the grey haired manager (I checked to make sure before writing this) w…",False,True,,service_staff,False,False,False,False,True,False
85719,Tucson,2019Q3,positive,0.9336,5,"If you are looking for amazing mexican food, service, and good time, go here! Best salsa i've had hands down. If you get the burrito make it enchilada style, makes it even better. Will continue to go here for the rest of my life.",False,True,,food_drinks|service_staff,False,False,False,True,True,False
33701,TampaBay,2019Q3,positive,0.9347,4,"…beers are amazing here. The burgers were juicy and packed with flavor! I don't advise the wings though, they were charred and on a glass grill and they smelled and tasted like propane. The wing sauces were great though so order that on…",False,True,,food_drinks,False,False,False,True,False,False
33605,TampaBay,2019Q1,positive,0.9176,5,"This place is delicious! Our server, Gus, was absolutely amazing. He recommended the Salmon Sant Yago and Filet Mignon Chacho which we're both mouth watering. He told us the family history of the restaurant, very attentive and put constantl…",False,True,,food_drinks|service_staff,False,False,False,True,True,False
19107,Philadelphia,2019Q2,negative,-0.8863,1,…closed section 9 but kept us there. Literally by the kitchen and employee back door. Top it off the ribs were cold and very dry and our appetizer was wrong so it actually came with the entree. Our waitress was very nice and while we didn'…,False,True,,service_staff,False,False,False,False,True,False
19115,Philadelphia,2019Q1,negative,-0.4282,1,"…irection of their books instead. I don't recommend this florist. Customer service/ first impressions are everything. Needless to say, we did not use them for our wedding.",False,True,,service_staff,False,False,False,False,True,False
37203,Nashville,2019Q1,positive,0.8858,5,"Phenomenal, just do it. This place is absolutely worth the money. I recommend, like everyone else, choosing the wine and alcohol pairing. It was perfectly done. If I am in Nashville again anytime in the future, my wife and I will be dining…",False,True,,food_drinks|price_value,False,False,False,True,False,True
37206,Nashville,2019Q1,positive,0.9917,5,"…any choices when it comes to what you'd like to drink. Plus, the prices are so reasonable, especially being in this location and for the quality. if you've got a group, they do pitchers. As for food, they have a pretty extensive menu, lots…",False,True,,food_drinks|price_value,False,False,False,True,False,True
70113,NewOrleans,2019Q2,negative,-0.6351,5,"…y online using a smart phone with a camera (sorry Grandma!) The employees at the station were wonderful. We have a handicapped daughter, but we opted to check her wheelchair. They let us keep her wheelchair until it was time to board. This…",True,True,access_transit,service_staff|price_value,True,False,False,False,True,True
70130,NewOrleans,2019Q2,negative,-0.455,1,"Horrible customer service. Phylicia was entering our order and was so rude the entire time. We came here for oysters but apparently they had recently run out but we didn't see the hand written sign. She said ""no. Read the sign!"" Then proce…",False,True,,service_staff,False,False,False,False,True,False
70130,NewOrleans,2019Q2,negative,-0.8986,2,"…new venue but it was so disappointing. The two stars are for the food and aesthetics. The biggest problem is that the stage is too low!!! If they could raise it, this venue would be one of the best in New Orleans. I went to a concert here a…",False,True,,food_drinks,False,False,False,True,False,False
70130,NewOrleans,2019Q4,negative,-0.5935,1,"…rve. I'm an aged bourbon drinker, so I know cheap whiskey when I taste it. $72 for a few drinks with a side of discrimination and humiliation. I'm sorry, but not even that beautiful view is worth the BS at this place. I don't leave many one…",False,True,,food_drinks|price_value,False,False,False,True,False,True
19127,Philadelphia,2019Q1,positive,0.865,5,…Drinks Excellent Dinner The fact that they have Valet is a plus. Parking on at around Main Street is a pain!!,True,True,access_transit|surroundings_safety,food_drinks,True,True,False,True,False,False
19147,Philadelphia,2019Q2,positive,0.9876,5,…llar. Four of us went on Friday early evening. We had no trouble parking at the lot - Front and Bainbridge. It was a short walk from there. We were met at the door by a woman who had the most beautiful smile. The restuarant space and bar -…,True,False,access_transit,,True,False,False,False,False,False
19102,Philadelphia,2019Q1,negative,-0.9767,2,"…t renovated and was in DIRE need of an upgrade. Sheets were old, bathroom was old and disgusting. I'm not sure how a hotel can brand itself as a 4 star property with rooms like this. The hotel has a restaurant upstairs; but good luck orderi…",False,False,,,False,False,False,False,False,False
19147,Philadelphia,2019Q3,negative,-0.9767,2,…food they serve. I was told by a cook that day that they have to clean the entire griddle after cooking my pork sausage so one might be lead to think that they would be equally concerned about the poison that are PUFAs. That they didn't hav…,True,True,cleanliness_public_space,food_drinks,False,False,True,True,False,False
19124,Philadelphia,2019Q4,negative,-0.8381,1,…taurant. Called & argued with the restaurant twice & they stated food was delivered even though I had family members on the porch & security cameras saw NOBODY stop by & no phone calls were made. Restaurant & GrubHub did not give me any cre…,False,True,,food_drinks,False,False,False,True,False,False
19104,Philadelphia,2019Q3,negative,-0.8731,1,"…ng, I paid $10 for it so might as well. But I couldn't stand the taste and after googling if I could eat rice raw, I went back to get a new one. Eating raw rice can give you food poisoning!!! They gave me a new one (I asked for no rice) and…",False,True,,food_drinks,False,False,False,True,False,False
19137,Philadelphia,2019Q2,positive,0.8807,5,"Loved it $25 for gel refill and it was worth it, fast and clean place definitely will be coming back.",True,True,cleanliness_public_space,price_value,False,False,True,False,False,True
19104,Philadelphia,2019Q4,positive,0.9231,5,…e atmosphere is great. The free Wi-Fi is a plus. The facility is clean and well-maintained including the restroom. There's not much more I can ask for.,True,False,cleanliness_public_space,,False,False,True,False,False,False
19103,Philadelphia,2019Q4,positive,0.9783,5,Great service and good good too! Last Monday eve i met my family for a quick bite. It was around 6pm and we were all tired and two of our party were suffering from severe jet lag. The third of our party was recovering from something a bit…,False,True,,service_staff,False,False,False,False,True,False
19154,Philadelphia,2019Q3,positive,0.9134,5,…ean bbq location. Huge restaurant great drink options very great customer service all for a low price. Will be returning over and over again.,False,True,,food_drinks|service_staff|price_value,False,False,False,True,True,True
37204,Nashville,2019Q2,positive,0.9392,5,…uisine and love that they grow their own spices right out front. Parking is a little bit of a challenge but not terrible. Had the pad krao chicken...perfect amount of spice....would love to try the curry but will be traveling back home soon…,True,True,access_transit,food_drinks,True,False,False,True,False,False
37214,Nashville,2019Q1,positive,0.7131,1,This place needs lots of help ...Very little parking unless you walk to the property across the street and park behind that Then the noise is just to dang loud to carry on any conversation at a table Then the Food and Service... Elissa was…,True,True,access_transit|surroundings_safety|cleanliness_public_space,food_drinks|service_staff,True,True,True,True,True,False
85712,Tucson,2019Q4,positive,0.799,5,"…few years. I'm very happy with the selection of products and the prices. Sales staff if knowledgeable, friendly and helpful. In what I call inspired marketing, they installed a wheelchair ramp about 12' from the normal ramp. They sell this…",True,True,access_transit,service_staff|price_value,True,False,False,False,True,True
85719,Tucson,2019Q2,positive,0.9591,4,"…line to pay gets so LONG! Overall, a good place to dine and the prices are fair with good portions! If you like pho and boba, this is truly a spot you have to try out!",False,True,,price_value,False,False,False,False,False,True
37212,Nashville,2019Q1,positive,0.5423,3,A nice little neighborhood grocery market that also has a decent deli with meat and three plates. They actually have parking which makes it easy to do some quick shopping for needed items. Martin's BBQ is also has one of their locations r…,True,False,access_transit|surroundings_safety,,True,True,False,False,False,False
37208,Nashville,2019Q1,positive,0.998,4,"…op in. Steadfast is located in Germantown which is always a nice neighborhood to check out. It's very hip. Is ""hip"" in? Do I sound lame for saying hip? Oh well, I'm bringing it back! Parking in Germantown is very hit or miss. Businesses usu…",True,True,access_transit|surroundings_safety,price_value,True,True,False,False,False,True
33605,TampaBay,2019Q2,positive,0.9647,5,…in the creek. Burgers are the best but breakfast is pretty good. Price is the best!,False,True,,price_value,False,False,False,False,False,True
33774,TampaBay,2019Q1,positive,0.509,4,"It's decent chinese food for average prices. I would like to give it 3.5 stars if i could. Crab rangoon are good and is the sesame chicken. I do not like their fried rice tho, its light colored and lacks flavor",False,True,,food_drinks|price_value,False,False,False,True,False,True
19103,Philadelphia,2019Q3,positive,0.6223,2,"…e point where it was crunchy, in my opinion not really worth the price",False,True,,price_value,False,False,False,False,False,True
19118,Philadelphia,2019Q2,positive,0.9298,5,…eat spinach salad with blue cheese and chicken. Good service and price. Very happy to stumble upon this place for lunch. Highly recommend.,False,True,,food_drinks|service_staff|price_value,False,False,False,True,True,True
70116,NewOrleans,2019Q4,negative,-0.1769,1,"…waiters were very nice and attentive. The food was good for the price. However we ordered martinis, they were all watered down worst I ever had. The waiter apologized and took them back. 5 minutes later a blond woman with a nasty grin on h…",False,True,,food_drinks|service_staff|price_value,False,False,False,True,True,True
70116,NewOrleans,2019Q1,negative,-0.6093,3,"…sell, the seafood is just blah! The grilled catfish po boy was overpriced at $15, and just really a ton of bread! The flavor of the catfish was good, but the French Roll is so thick that it completely takes away from the fish!",False,True,,food_drinks|price_value,False,False,False,True,False,True
33605,TampaBay,2018Q4,neutral,-0.0366,1,"…I purchased along with a new shut off valve and adjustment to a bathroom sink. I would guess the gentleman who was professional was here less than two hours. Crazy, will never use again",False,False,,,False,False,False,False,False,False
33615,TampaBay,2018Q1,neutral,0.0201,1,"I used to like this place. It was featured on dirty dining so I gave it a couple months. We were the only people in the place and it took me 25 minutes to get served my meal. Meanwhile, my husband got his meal... and was obviously he ""man""…",True,True,cleanliness_public_space,food_drinks,False,False,True,True,False,False
33606,TampaBay,2019Q1,negative,-0.806,1,…) and didn't arrive until 6:45! Cold!! No apology or any sort of customer service. Everyone is incredibly rude and clearly does not care about customer service. Too many other S Tampa options to put up with that!! Stay away!!,False,True,,service_staff,False,False,False,False,True,False
33770,TampaBay,2019Q1,negative,-0.5481,1,"…have not returned to finish the job. They do not take pride in customer service at all. Excuses, lies and more.",False,True,,service_staff,False,False,False,False,True,False
33604,TampaBay,2019Q2,negative,-0.9128,3,"…in store of for what I called to verify if it was possible. They food is amazing but the customer service is horrible, manager was kind and professional but how rude to have so many prices and not honor the correct price when they team memb…",False,True,,food_drinks|service_staff|price_value,False,False,False,True,True,True
33767,TampaBay,2019Q3,negative,-0.0748,1,…experience at this restaurant. My wife and I went here for some food and drinks. We ordered the chips and guacamole appetizer. We ate all of the guacamole and had a large amount of chips left. We asked for extra guacamole so we could fini…,False,True,,food_drinks,False,False,False,True,False,False
33647,TampaBay,2015Q3,neutral,-0.0142,1,…octors appointment. When I arrived and pulled into the take-out parking I decided to call and ask if the order could be brought out to the car explaining that I had a broken leg and it was difficult to get out of the car. (I had to park ne…,True,False,access_transit|cleanliness_public_space,,True,False,True,False,False,False
33618,TampaBay,2015Q4,neutral,0.0312,4,"…might explain the confusion. They are across the street, their parking lot is ajoining the Thorntons gas station..",True,False,access_transit|surroundings_safety,,True,True,False,False,False,False
19107,Philadelphia,2019Q1,positive,0.9857,5,"Graffiti bar is my go to happy hour spot! I highly recommend the kimchi fried rice and the pork bahn mi (pictured). At happy hour it is only $5 and it's really filling, not to mention delicious! Their drinks are good, they always have a $4…",True,True,surroundings_safety,food_drinks,False,True,False,True,False,False
19148,Philadelphia,2019Q3,positive,0.9883,5,"…e difficult- there is only street parking available in a crowded neighborhood, but so so glad to have went anyhow. The authenticity of this restaurant was evident from the moment we stepped in. The staff was extremely welcoming. The amount…",True,True,access_transit|surroundings_safety,service_staff,True,True,False,False,True,False
85711,Tucson,2017Q3,neutral,0.0,2,"When we walked in the entrance was filthy, the carpet Stained and littered with trash. We also had trash under our table; this was a sign that we shouldn't have eaten here. Both restrooms were rundown and needed TLC/cleaning(they had shop…",True,False,cleanliness_public_space,,False,False,True,False,False,False
85713,Tucson,2017Q2,neutral,0.0168,3,"…with them. First the good. Beautiful, inside. Appeared to be clean and our waitress was very attentive. Now the bad: The selection of food wasn't to my liking, but again, the name would be a dead give-away, in retrospect. The tables…",True,True,cleanliness_public_space,food_drinks|service_staff,False,False,True,True,True,False
85705,Tucson,2012Q2,neutral,0.0379,3,…f you go: Get the burger and get there before dark. It sits in a neighborhood that I wouldn't even walk to my car alone after the sun goes down.,True,True,access_transit|surroundings_safety,food_drinks,True,True,False,True,False,False
85701,Tucson,2012Q3,neutral,0.0,5,…n alternative to the downtown continental hipster zone- skip the construction and attitude on Congress Street...and swing by Vicente.,True,False,surroundings_safety,,False,True,False,False,False,False
70118,NewOrleans,2019Q3,negative,-0.5979,2,"…e today in my travels. I appreciate you. You are what makes this transit system function. As far as I'm concerned, you folks get five stars. The system should get zero stars.",True,False,access_transit,,True,False,False,False,False,False
70116,NewOrleans,2019Q3,negative,-0.8434,1,…ledge of history of the city. If you think standing outside on a sidewalk outside a locked cemetery and knowing the price of crypts is your kind of haunted tour then you are most welcome to do this tour. It was so boring almost thought to c…,True,True,access_transit,price_value,True,False,False,False,False,True
70112,NewOrleans,2019Q2,negative,-0.8749,1,"…flush, woke up and had two bug bites on my neck, pool was under construction. I will never trust to stay at another Hilton garden inn.",True,False,surroundings_safety,,False,True,False,False,False,False
70112,NewOrleans,2019Q4,negative,-0.8689,1,"…per authorities, as she was more worried about her tips than the safety of others. As a tourist, I think safety is important. New Orleans is a great city, but this place is not safe. This bar will tolerate anything, including violence again…",True,False,surroundings_safety,,False,True,False,False,False,False
70130,NewOrleans,2019Q4,negative,-0.5844,1,"…t this review isn't for the restaurant. Our room was marginally clean (shower was disgusting). And I saw a roach running down the center of the hallway on the way to the room (no joke). The worst part; however, was the music blaring fr…",True,False,cleanliness_public_space,,False,False,True,False,False,False
70112,NewOrleans,2019Q2,negative,-0.7521,1,"…n shower and shower sprays out on to floor. Lighting terrible in bathroom. No paper, pens, brochures, television instructions, motel info , or restaurant info in room. Restaurant always closed. Only ice machine on 9th floor and only one ele…",True,False,surroundings_safety,,False,True,False,False,False,False
33781,TampaBay,2019Q1,neutral,0.0274,1,…pposedly made in High Point NC. I had to get a private delivery service to pick up as Kane's was 2 weeks out. Kane's made them wait over an hour to load my order. Once delivered all boxes were marked made in Vietnam. Took the furniture…,False,True,,service_staff,False,False,False,False,True,False
33706,TampaBay,2019Q3,neutral,0.0,1,"…location, ok food, crappy bartenders. They need to be trained on service. Bathrooms if they work are dirty. Needs improvement.",True,True,cleanliness_public_space,food_drinks|service_staff,False,False,True,True,True,False
85711,Tucson,2019Q4,positive,0.9693,5,"…perhaps best of all, it's located in an area away from crowds so parking is free.",True,False,access_transit|surroundings_safety,,True,True,False,False,False,False
85719,Tucson,2019Q3,positive,0.9889,4,"…collude). There is a quirky gift shop. There is a rather large parking lot, and it's almost always full. This is a VERY popular place. Be prepared to wait (many make this choice). Apparently, many people in Tucson share my wife's culin…",True,False,access_transit,,True,False,False,False,False,False
37214,Nashville,2019Q4,negative,-0.4526,1,"The wait time wasn't bad at all, but the service and food was terrible. And it was freezing!! The waitress asked for our drinks and didn't come back for another 15 minutes for refills and then was gone for ANOTHER 30 MINUTES. She didn't bot…",False,True,,food_drinks|service_staff,False,False,False,True,True,False
37210,Nashville,2019Q4,negative,-0.6055,2,…not great. Some of the dishes were too salty and too rich. The service was fairly inattentive and they got my wife's order wrong. She ended up getting her entree about 20 minutes later and we had all finished eating. Not what is expecte…,False,True,,food_drinks|service_staff,False,False,False,True,True,False
37207,Nashville,2019Q3,negative,-0.5848,1,"Bad food, not very attentive staff even when there's hardly anyone here. ALSO! IF YOU HAVE A PAPER ID YOU CANNOT DRINK HERE.",False,True,,food_drinks|service_staff,False,False,False,True,True,False
37203,Nashville,2019Q4,negative,-0.4515,2,"…existent. This was my second visit, I've never been served worse food anywhere, twice! This venue is way overpriced on food & drink. I don't think anyone that works here cares about how this place runs. Food is a total mess. The seating is…",False,True,,food_drinks|price_value,False,False,False,True,False,True
33706,TampaBay,2012Q2,neutral,-0.0103,3,"…ation. The only negative part of the event for me was the valet parking. There is no visible valet stand, and it was difficult to even locate the valet when it was time to leave and retrieve our car. There are notices posted throughout the…",True,False,access_transit,,True,False,False,False,False,False
33607,TampaBay,2012Q1,neutral,0.0,4,"…laza with a Whole Foods and a Home Depot. There is a multi level parking garage attached to the front of Target. Also, this location has a grocery store and is open until 11pm, an hour later than most grocery stores in the area.",True,False,access_transit|surroundings_safety,,True,True,False,False,False,False
33624,TampaBay,2019Q2,positive,0.9096,5,"…2 barbers as well. Both of the guys in their chairs left lookin clean AF. GO HERE, be very specific they listen. Do not be a timid little boy expecting them to read your mind. You will not be disappointed.",True,False,cleanliness_public_space,,False,False,True,False,False,False
33607,TampaBay,2019Q1,positive,0.7137,4,"…pace is pretty small and it was kind of difficult to walk to the bathroom located in the back of the restaurant. Also, we had a fairly new waitress who was nice, but not very well informed on the menu items and prices. My plate was overchar…",True,True,access_transit,food_drinks|service_staff|price_value,True,False,False,True,True,True
37201,Nashville,2019Q2,negative,-0.5096,3,"…the dishes. Nothing great. Very bland. If you just need some overpriced, untasty, sustenance, this will do.",False,True,,food_drinks|price_value,False,False,False,True,False,True
37211,Nashville,2019Q2,negative,-0.4819,1,"…now costing $25 per month. You cannot opt out. The rent may seem cheap and they may say that they're renovating, but with Nashville being so competitive, you can go somewhere else and pay about the same for way better facilities. They don't…",False,True,,price_value,False,False,False,False,False,True
85713,Tucson,2019Q3,negative,-0.3037,2,"…lace was awful!!! For starters the place is a pig sty. It was so dirty that the build up on the air vents looked like they had more carne asada than my two tacos. All the picture frames, counters and walls looked like they haven't been clea…",True,False,cleanliness_public_space,,False,False,True,False,False,False
85718,Tucson,2019Q1,negative,-0.9615,2,…of scrambling to find room and while WE were trying to stack the dirty plates we were being loudly cautioned about how hot the incoming plates were. Our water glasses were never refilled (and we had to ask twice for water at the start). We…,True,False,cleanliness_public_space,,False,False,True,False,False,False
85711,Tucson,2019Q1,negative,-0.9344,1,…e an appointment to have my phone's battery replaced. I had good service but the phone with the new battery quickly died. I made an appointment to have it checked out the next day. I came in at the appointed time. The man who helped me told…,False,True,,service_staff,False,False,False,False,True,False
85711,Tucson,2019Q4,negative,-0.8986,1,"…ere was cheese and guac, but no dressing, imagine that. Zero for customer service and zip for the lame crew that was working tonight.",False,True,,service_staff,False,False,False,False,True,False
70119,NewOrleans,2016Q3,neutral,0.0129,4,"Russell's is my neighborhood cleaners, located about 4 blocks from where I live. That's pertinent because when I moved into the 'hood 3 years ago, I didn't have to travel far to find a reliable operation that could handle my clothes, mostly…",True,False,surroundings_safety,,False,True,False,False,False,False
70122,NewOrleans,2016Q1,neutral,0.0,4,Really tasty Miso soup. This was my first time to our neighbourhood Sushi joint. Tasty spot close to home,True,True,surroundings_safety,food_drinks,False,True,False,True,False,False
33604,TampaBay,2019Q2,positive,0.8779,5,…Busch Garden and Sea World Lots of restrooms around the zoo area Parking is free CONS: Not many selections for adulfood. Could use more descriptive signs at animal displays,True,False,access_transit|surroundings_safety,,True,True,False,False,False,False
33767,TampaBay,2019Q3,positive,0.8787,3,"…water. It was okay. It was a fairly small place and not a lot of parking. The employees were very nice and friendly. The food, however, was nothing special. Not bad at all, just average. The onion rings were super delicious though. My siste…",True,True,access_transit,food_drinks|service_staff,True,False,False,True,True,False
70115,NewOrleans,2019Q2,positive,0.9901,5,"…She was detail oriented and her mannerism was that of a airline safety video, meaning service with a smile. Thanks y'all for the kolache. Totally glad I crossed paths with this spot. Oh btw, I added some Crystal hotsauce because life shoul…",True,True,surroundings_safety,service_staff,False,True,False,False,True,False
70119,NewOrleans,2019Q1,positive,0.9793,2,…food should taste. It wants to be Ruth's Chris in an underserved neighborhood with few amenities. The security guard sitting at the front door says it all. I can't say enough how overpriced this place is. It's not the first restaurant to…,True,True,surroundings_safety,food_drinks|price_value,False,True,False,True,False,True
19102,Philadelphia,2019Q1,negative,-0.4448,1,"…s ill-designed bar. If you are going to charge such a tyrannical price, at least be able to deliver a fraction of the experience you promise. What a sham. I would urge anyone considering using this venue to think twice and perhaps book wi…",False,True,,price_value,False,False,False,False,False,True
19147,Philadelphia,2019Q2,negative,-0.8626,3,"…ared to what you would get on the street in Los Angeles, and the price was INSANE. $4 for a small lamb taco. What the heck! Really didn't do it for me, unfortunately.",True,True,surroundings_safety,price_value,False,True,False,False,False,True
33607,TampaBay,2019Q3,neutral,0.0,2,…on your menu if you have to add all the condiments. It was also expensive for a plain cheeseburger you can get at McDonald's for a couple dollars. I guess this is what you can expect at the airport. Never again!!,False,True,,food_drinks|price_value,False,False,False,True,False,True
33602,TampaBay,2019Q2,neutral,0.0394,4,"…? I don't quite feel that it merits the 5 stars it wants at this price point. Hands down, amazing Italian food. Elegant yet slightly casual atmosphere. Friendly or discreet service. It's probably the location in Channelside District, nestle…",True,True,surroundings_safety,food_drinks|service_staff|price_value,False,True,False,True,True,True
85743,Tucson,2019Q2,negative,-0.6017,1,"…sh garlic we ordered on it was no where to be seen, and I didn't taste it (did they forget to put it on?). I won't go back there and I wouldn't recommend the place. There are better choices for pizza.",False,True,,food_drinks,False,False,False,True,False,False
85705,Tucson,2019Q4,negative,-0.6671,1,DO NOT EAT HERE!!! I ordered my food they gave me the wrong one and told me the kitchen will not make me my correct one I ordered. The food is disgusting anyways. Save your money and time skip this place!!,False,True,,food_drinks,False,False,False,True,False,False
33626,TampaBay,2018Q1,neutral,0.0,4,"3 stars because they took away my neighborhood Starbucks, but 4 stars because it's spacious and they have nitro coffee on tap!",True,True,surroundings_safety,food_drinks,False,True,False,True,False,False
33614,TampaBay,2018Q2,neutral,0.009,3,…r takeout. Although tasty I don't think that I will revisit this neighborhood eatery again.,True,True,surroundings_safety,food_drinks,False,True,False,True,False,False
19147,Philadelphia,2019Q2,negative,-0.9015,2,"…ou have to put your ketchup directly on your fries. Lastly, the parking situation around the restaurant really isn't the greatest since it's in a residential area. The seating in the restaurant is extremely limited and there aren't any ni…",True,False,access_transit|surroundings_safety,,True,True,False,False,False,False
19147,Philadelphia,2019Q2,negative,-0.8888,1,"…d lazy. I live in a high rise building with ample free temporary parking. The delivery man called me and said he had the delivery in my lobby and when I asked him to bring it up, he said ""I'm not a bike delivery man, I don't do that"". There…",True,False,access_transit,,True,False,False,False,False,False
70130,NewOrleans,2019Q1,neutral,0.0258,1,"…k over and it's the biggest cockroach running around we show the waitress and she told bartender he came over smashed it we could hear the crunch and I threw up in my napkin NASTEY,the waitress said it came from the open door no door was…",False,True,,service_staff,False,False,False,False,True,False
70116,NewOrleans,2019Q2,neutral,-0.0,1,…ood thing we didn't have a gluten allergy). Nasty. Inedible. The service was also pretty poor.,False,True,,service_staff,False,False,False,False,True,False
37208,Nashville,2018Q2,neutral,-0.0472,1,"…ly rude to me. He said I was not allowed to even walk around the sidewalk outside of the property if I wasnt a current resident. His reasoning seemed strange, but even so, if he was polite, this would be a different story. I was taken aback…",True,True,access_transit,service_staff,True,False,False,False,True,False
37212,Nashville,2018Q3,neutral,-0.0248,3,…outside. Basically like sitting at a bar but you are facing the sidewalk. It was fine until it got dark. They could use a little more lighting outside. Our server was busy. Poor girl. But she was hustling. She brought out our drinks…,True,True,access_transit|surroundings_safety,food_drinks|service_staff,True,True,False,True,True,False
70112,NewOrleans,2020Q2,positive,0.9618,5,…in 2020in order to celebrate my 50th birthday. It was superb . Food was delicious and service was flawless. We will be back for more because this place is truly worth it .,False,True,,food_drinks|service_staff|price_value,False,False,False,True,True,True
70119,NewOrleans,2020Q2,positive,0.9918,5,"…LA community during the lockdown. They are preparing free family meals everyday, as well as sending food to essential workers. I had never been to Toups Meatery, and I decided to order takeout both for delicious food and to support great pe…",False,True,,food_drinks,False,False,False,True,False,False
33771,TampaBay,2019Q2,positive,0.9887,5,…ho were so appreciative of the positive feedback. Welcome to the neighborhood!,True,False,surroundings_safety,,False,True,False,False,False,False
33785,TampaBay,2019Q3,positive,0.9782,5,"…at Legacy! They are renovating the resort and there was a little construction but they were very accommodating and it really didn't bother us at all. They also put in a new pool since last time we came! It is a very clean resort, the staff…",True,True,surroundings_safety|cleanliness_public_space,service_staff,False,True,True,False,True,False
37215,Nashville,2019Q1,negative,-0.1695,1,…t standing there in the way. At least make your ten minute to go parking a longer period.,True,False,access_transit,,True,False,False,False,False,False
37209,Nashville,2019Q3,negative,-0.3182,1,Just had to call the cops due to a gang fight in the parking lot involving around 30 people. Live here if you want to live in an unsafe neighborhood.,True,False,access_transit|surroundings_safety,,True,True,False,False,False,False
37203,Nashville,2019Q2,negative,-0.3955,1,"…y. Secondly. Have your people that deal with FOOD take a shower, clean up, and wash their hands!!! Watched your employees for a few minutes, including the guy in the picture handling food and scratching his dirty beard and passing that food…",True,True,cleanliness_public_space,food_drinks|service_staff|price_value,False,False,True,True,True,True
37204,Nashville,2019Q2,negative,-0.9096,1,"…es the hotel had. Then i go to my room and and the towels seemed dirty, but not only that, the pillows were so old, the bed sheets didn't seemed clean either, the bathroom was dirty and upon taking a shower it started to get flooded as if t…",True,False,cleanliness_public_space,,False,False,True,False,False,False
19107,Philadelphia,2018Q3,neutral,0.0444,3,"…ally only worth 3 stars. Quick service. Good on refill. Place is dirty. I ordered two things: chicken lo mein and soft shell crab, but the crab was really old and the oil and batter they used was really honestly disappointing and I could've…",True,True,cleanliness_public_space,food_drinks|service_staff|price_value,False,False,True,True,True,True
19147,Philadelphia,2018Q2,neutral,0.0,4,"Needs more restrooms, but reliable spot for getting some work done. Lotsa room and tables",False,False,,,False,False,False,False,False,False
37204,Nashville,2012Q1,negative,-0.1557,4,"…e an effort to go above and beyond what you would expect from a ""neighborhood pub."" The tap list is certainly above par, too. Tuesday night is trivia night, which is tons of fun but tends to fill the place up. Thursdays they do a two-for…",True,False,surroundings_safety,,False,True,False,False,False,False
37206,Nashville,2012Q3,negative,-0.9217,1,"…thin 6 blocks of here, I just don't see myself going back. This neighborhood only owes you so much, guys. (And I offer this up for informational purposes only: small children are allowed, and lots of young families were present).",True,False,surroundings_safety,,False,True,False,False,False,False
70121,NewOrleans,2012Q3,neutral,0.0,2,…idge. It is a fricken deathtrap because it is so narrow due to construction. The only reason I check-in here is so my wife will know what happened to me when an old lady runs me off the side. Raining conditions or if the guy next to you…,True,True,surroundings_safety,price_value,False,True,False,False,False,True
70112,NewOrleans,2012Q3,neutral,-0.0387,1,…il they want to let you out. Armed policemen ? Really is it that unsafe there. Whole experience made me feel unwanted. Go to alders better service and your not held prisoner,True,True,surroundings_safety,service_staff,False,True,False,False,True,False
33707,TampaBay,2020Q3,positive,0.9251,5,…for an event over the weekend. Ursula did an AMAZING job and her prices are very affordable. Her work was fantastic. I was able to wear my dress without worrying about a wardrobe malfunction throughout the night. I would definitely recommen…,False,True,,price_value,False,False,False,False,False,True
33703,TampaBay,2020Q1,positive,0.9849,5,…e can add up quick as to where you're basically Spain restaurant prices but the food is worth it. I highly recommend the sweet potato noodles as they are a great low carb substitute. My fiance is not a fantastic potato but he always wears t…,False,True,,food_drinks|price_value,False,False,False,True,False,True
85719,Tucson,2013Q1,neutral,-0.0451,4,Very good pour over coffee. Parking isn't the greatest.,True,True,access_transit,food_drinks,True,False,False,True,False,False
85719,Tucson,2013Q2,neutral,-0.0267,1,"…offee. Some beer is decently priced after 8 (if they have it). Parking is a difficult. Internet is slow. No place to sit. Probably the most under utilized seating area ever. But hey, it looks cool. I think im done.",True,True,access_transit|surroundings_safety,food_drinks,True,True,False,True,False,False
33612,TampaBay,2020Q3,positive,0.9738,5,"…owner Moe who I had a great conversation with this morning, all employees get screened everyday and have to go thru a substantial hand and arm washing before serving customers. Oh .... did I say the food I always get for breakfast is good…",False,True,,food_drinks|service_staff,False,False,False,True,True,False
33606,TampaBay,2020Q2,positive,0.8558,2,"…truly will not return. I'm disgusted by how I was treated by my server Nicole. It was clear that the server was just satisfied by making her automatic 20% gratuity. After running up at least a $1,000 tab, I asked for the waitress to bring…",False,True,,service_staff,False,False,False,False,True,False
33767,TampaBay,2020Q3,positive,0.9035,5,"…l, Clearwater beach roll, monster roll and a volcano roll. Very tasty, fresh and delicious. We'll definitely be back!",False,True,,food_drinks,False,False,False,True,False,False
33713,TampaBay,2020Q2,positive,0.9576,5,…cation of chili Verde here on the southside of Saint Pete! Great menu great food cooked to order! Ask for Brooke! I encourage all Maximo and Broadmoor residents to visit!!!,False,True,,food_drinks,False,False,False,True,False,False
37203,Nashville,2020Q1,positive,0.9115,5,Best cookies I've ever had the customer service was amazing!! They need more places by Smyrna :),False,True,,service_staff,False,False,False,False,True,False
37212,Nashville,2020Q1,positive,0.9711,4,I think that this place was just okay. Our server was kind of rude. But we digress. We both had bacon and eggs and converted our three buttermilk pancakes for specialty pancakes. It was kind of weird because you traded in your three butterm…,False,True,,service_staff,False,False,False,False,True,False
33755,TampaBay,2019Q3,negative,-0.8722,1,"…orst, god awful excuse for a restaurant I have ever seen. Nasty, filthy, disgusting, smelly. Incredibly rude owners. I'm stunned there are so many positive reviews. Truly makes me question the experience level of the reviewers! And where ar…",True,True,cleanliness_public_space,service_staff,False,False,True,False,True,False
33609,TampaBay,2019Q2,negative,-0.7724,1,"…ing the menu on the floor and kicking it under the door with his filthy disgusting shoe. I told him he was not supposed to be there and that he knew it, and told him to leave. He asked me if I worked there, and if not why did I care. I t…",True,True,cleanliness_public_space,food_drinks,False,False,True,True,False,False
70130,NewOrleans,2020Q2,positive,0.967,5,…a special birthday dinner and this place did not disappoint! The server was amazing and thoroughly explained the menu to us as we made our selections. At the last moment he suggested the gumbo as an appetizer and my husband and I kind of sh…,False,True,,food_drinks|service_staff,False,False,False,True,True,False
70116,NewOrleans,2020Q1,positive,0.9495,4,"Listen, this place is hole in the wall! The staff will be friendly but you will have to use Jack Sparrows compass to track down a hostess to put your name on a waitlist that will be on the long side of an hour most nights of the week. You…",False,True,,service_staff,False,False,False,False,True,False
37210,Nashville,2020Q1,positive,0.9919,4,…totally low key which is great just don't expect a fancy joint. Restrooms were clean and staff was super friendly. We will go back again. Thanks for a great time.,True,True,cleanliness_public_space,service_staff,False,False,True,False,True,False
37203,Nashville,2020Q4,positive,0.9133,5,Extremely clean interior and exterior. Friendly staff and good selection of items. The coffee is top quality. Highly recommend.,True,True,cleanliness_public_space,food_drinks|service_staff,False,False,True,True,True,False
37215,Nashville,2020Q1,positive,0.9218,3,I love to eat here and dine here often- the food is amazing BUT the service is terrible! I keep hoping it will get better but it really hasn't. I would recommend trying this place out despite the poor service. Sometimes I sit at the bar-…,False,True,,food_drinks|service_staff,False,False,False,True,True,False
37214,Nashville,2020Q1,positive,0.7558,2,"…cre at best. Beer selection was fine, nothing I would drink. The food was bland and the people that got seated on our bench also complained that their food was not good. It was $90 for the 3 of us for lunch without any drinks and 1 appetize…",False,True,,food_drinks,False,False,False,True,False,False
70130,NewOrleans,2019Q4,neutral,0.0444,5,"…knowledgeable staff. Wide selection. Open late. Very reasonable prices. Especially since they are downtown where most things are more expensive, with less options and a staff that couldn't care less about you if they don't know you.",False,True,,service_staff|price_value,False,False,False,False,True,True
70115,NewOrleans,2019Q2,neutral,0.0,1,"Overpriced with tremendous attitude, wait staff uninterested in your order, pushing unimaginative fare.",False,True,,service_staff|price_value,False,False,False,False,True,True
70116,NewOrleans,2019Q4,neutral,-0.017,1,Had dinner here and it was not worth the money. Both of our meals were tremendously salty. The mixed drinks are best compared to a drink purchased at a crappy Bourbon Street bar. This restaurant has plummeted in quality. Find another place…,True,True,surroundings_safety,food_drinks|price_value,False,True,False,True,False,True
70116,NewOrleans,2019Q4,neutral,0.0387,3,"The food was OK, but I give it a 3 because the restaurant was filthy. The fans and vents were caked with dirt and the floors looked like they hadn't been swept in ages.",True,True,cleanliness_public_space,food_drinks,False,False,True,True,False,False
19148,Philadelphia,2020Q2,positive,0.8622,5,"…hai: great ingredients, accommodating, prompt, and an incredible flavor!",False,True,,food_drinks,False,False,False,True,False,False
19147,Philadelphia,2020Q4,positive,0.9772,4,"…igh, like you can apps, entree, and dessert for the price of one dish here, the difference in quality is very noticeable. Was specifically craving noodles and wow these are one of the best drunken noodles I've had in a long time. With lar…",False,True,,food_drinks|price_value,False,False,False,True,False,True
37221,Nashville,2019Q1,neutral,0.0,2,"JUST tried to eat there again, and the employees had put up a sign they were closing early. Site says closing at 9pm, and and handwritten sign said ""closing at 8pm"" and they were putting everything away.",False,True,,service_staff,False,False,False,False,True,False
37203,Nashville,2019Q4,neutral,-0.0489,1,…and drinks were laid down on the table with no comments and the server left. I had just ordered a couple of biscuits and they came with two types of jam (not that I was asked what flavors I wanted). There wasn't any butter offered or on…,False,True,,food_drinks|service_staff,False,False,False,True,True,False
37211,Nashville,2019Q1,neutral,0.0026,1,Never doubt the food is bad about Taco Bell. I don't usually get fast food after college much. Went by this location and got a combo going drive through. And my credit card was hacked. I slept at home all day and just woke up and grabbed so…,False,True,,food_drinks,False,False,False,True,False,False
37219,Nashville,2019Q3,neutral,-0.0323,5,"Disappointed with the food. We ordered the fried chicken and someone forgot or misplaced the order. Finally the waiter brought it after waiting for a very long time. It was overdone, almost burned and we send it back. We exchanged it for th…",False,True,,food_drinks|service_staff,False,False,False,True,True,False
37206,Nashville,2016Q2,neutral,0.0258,5,"…rible ..it was spectacular. And our service was delightful..the surroundings delightful Warning though, the parking lot is difficult.",True,True,access_transit|surroundings_safety,service_staff,True,True,False,False,True,False
37203,Nashville,2016Q4,neutral,-0.0092,4,"…t is 7:30 on a Saturday morning and I have just been woken up by construction at the JW Marriot across the street. While this perhaps is not the Westin hotel's fault, there are no ways for pedestrians to enter and leave this building withou…",True,False,surroundings_safety,,False,True,False,False,False,False
70116,NewOrleans,2019Q4,positive,0.9303,5,"…reserved. Called and super friendly and helpful with tips about parking vs Uber. She got me set up and ready to go! First tour was the graveyards/voodoo with Fred, he let us call him drop dead Fred and was a lot of fun. We had to be a han…",True,True,access_transit,service_staff,True,False,False,False,True,False
70119,NewOrleans,2019Q4,positive,0.9628,5,…. Will recommend any time. It will be great if here is dedicated parking and full service.,True,True,access_transit,service_staff,True,False,False,False,True,False
33771,TampaBay,2019Q2,negative,-0.6072,2,…$6.20. And it comes with paneras world famous potato chips. No value whatsoever.,False,True,,price_value,False,False,False,False,False,True
33604,TampaBay,2019Q2,negative,-0.6984,2,"This place is NOT worth the money! My fiancé and I paid almost $75 for just us 2 and almost everything extra was closed!! The shops, the mining, the T-shirt making stand, restaurants, and animal enclosures. It did rain and storm but they we…",False,True,,price_value,False,False,False,False,False,True
70112,NewOrleans,2020Q1,negative,-0.8205,1,…vacation. All reservations were canceled with no imposed penalty/service fees by the RV parks due to the national crisis and pandemic the world is currently confronted...all with the exception of the French Quarter RV Resort in New Orleans.…,False,True,,service_staff,False,False,False,False,True,False
70130,NewOrleans,2020Q1,negative,-0.5615,3,"…t want to remove an item from the bill. Overall good sushi, good service, rude manager",False,True,,service_staff|price_value,False,False,False,False,True,True
70122,NewOrleans,2020Q4,negative,-0.6172,2,…disappointed in this Sassafras Restaurant. We ordered a lot of food: *Verna's fried shrimp plate with sides of macaroni and cheese and candied yams *Shrimp jambalaya combo plate with catfish and an asparagus side *Grilled c…,False,True,,food_drinks,False,False,False,True,False,False
70116,NewOrleans,2020Q1,negative,-0.9605,1,…the customers belittling him telling him to get back to washing dishes. When we received our Bill it was $73 because she added 18% gratuity but there was only two of us and the service was horrible. Tipping should not be mandatory if the…,False,True,,food_drinks|service_staff|price_value,False,False,False,True,True,True
85705,Tucson,2018Q2,neutral,0.0199,3,…sation. The thing that pissed me off the most was that he talked trash in his native tongue to me about how I could find someone else who was Vietnamese. Excuse me? I left him a reasonable tip but... I will not come back to this salon. Thi…,True,False,cleanliness_public_space,,False,False,True,False,False,False
85750,Tucson,2018Q1,neutral,-0.0,2,…le. Smells like sewage in the entire restaurant but worse in the bathroom. The food was average. I would only recommend going through the drive through if you want cheap average food.,False,True,,food_drinks|price_value,False,False,False,True,False,True
19107,Philadelphia,2020Q1,positive,0.9671,3,"…tion, was happy to be seated though we were a few minutes early. Service is great. Our server double-checked allergies, was good on refills, good for recommendations, and checked on us accordingly. Food has a great taste, though a bit pla…",False,True,,food_drinks|service_staff,False,False,False,True,True,False
19103,Philadelphia,2020Q1,positive,0.9841,5,…n! The cinnamon brown sugar and the strawberry are my faves! The staff is super friendly and takes pride in their product. A special shout out to Kevin who was so helpful and got me to taste various different flavors. Federal Donuts is a MU…,False,True,,food_drinks|service_staff,False,False,False,True,True,False
85714,Tucson,2019Q2,negative,-0.624,5,…The guy was very professional and patient even though my car was parked in probably the most inconvenient way for him to tow it.,True,False,access_transit,,True,False,False,False,False,False
85716,Tucson,2019Q2,negative,-0.576,2,"…lastic utensils, paper cups, self serve everything, very limited parking. no wings, no string beans?? we will miss famous daves in tucson. will not be returning to this fast food express location. will have to find a new sit down family…",True,True,access_transit,food_drinks,True,False,False,True,False,False
19130,Philadelphia,2020Q2,positive,0.9772,4,"My fiance and I like Pizzeria Vetri for a low-key neighborhood date night, though we can't help feeling every time we visit that it is overpriced. Perhaps that's why I've never reviewed it until now? The food is great, and the atmosphere…",True,True,surroundings_safety,food_drinks|price_value,False,True,False,True,False,True
19123,Philadelphia,2020Q1,positive,0.5851,4,A nice addition to the neighborhood as Acme was the only option for a while. Wouldn't do all my grocery shopping here as the selection is very small and there's only limited street parking. It's very clean and organized (probably due to the…,True,False,access_transit|surroundings_safety|cleanliness_public_space,,True,True,True,False,False,False
19147,Philadelphia,2020Q1,positive,0.9618,5,"…So nice not going into a giant office with lots of bureaucracy. Clean, efficient, and friendly.",True,True,cleanliness_public_space,service_staff,False,False,True,False,True,False
19148,Philadelphia,2020Q1,positive,0.9803,5,…ouldn't get a bad dish from this place if it was sold out of the garbage. That is the kind of dedication they were giving in that kitchen.(They also have free beer someday and who does that?!?) Side note get there early. Which days Dani? Ev…,True,True,cleanliness_public_space,food_drinks,False,False,True,True,False,False
19122,Philadelphia,2020Q3,positive,0.7353,3,"…food at the brewery is selling is very small, and not worth the price. My Mac and cheese was 1/4 cup, and $7!! Fish and chips from the food truck are $10, go for that instead!!!",False,True,,food_drinks|price_value,False,False,False,True,False,True
19107,Philadelphia,2020Q3,positive,0.8622,5,"…if you like playing video games, decent I say it really not that expensive",False,True,,price_value,False,False,False,False,False,True
19146,Philadelphia,2020Q3,positive,0.9982,5,…st full day of service! They have a small outdoor patio and some sidewalk tables and lots of space inside to wait for a takeout order from 6 ft away. Employees and customers were masked. I called in a takeout order and it look about 30 minu…,True,True,access_transit|cleanliness_public_space,service_staff,True,False,True,False,True,False
19107,Philadelphia,2020Q1,positive,0.4514,2,"Yes the location is good, but the environment... So the parking is right next to the building, but the parking lots are so tiny. We drove to the third floor, and there was a guy (like the valet parking person) yelled at us and pointed out a…",True,False,access_transit,,True,False,False,False,False,False
85711,Tucson,2019Q3,neutral,-0.015,1,"From the blaring rap music to the 6 employees sitting down at the back counter not offering help to anyone, this store is a joke.",False,True,,service_staff,False,False,False,False,True,False
85711,Tucson,2019Q4,neutral,0.0,5,"Sweetest Place! The Food, the History, the Server, the Booths, THE PIE OH MY...SUPPORT LOCAL!",False,True,,food_drinks|service_staff,False,False,False,True,True,False
85719,Tucson,2019Q1,neutral,-0.0292,2,…ttings were offered. Attention to our needs was nonexistent. The food was very good. They really need to work on the front end services in a big way. Also when the electronic bill payment pad was presented it was set on an 18% tip. Not wo…,False,True,,food_drinks|price_value,False,False,False,True,False,True
85712,Tucson,2019Q4,neutral,0.0,4,Tasty and authentic. Vegan options and the kitchen is accommodating to requests. Attentive service and reasonable prices.,False,True,,food_drinks|service_staff|price_value,False,False,False,True,True,True
85718,Tucson,2020Q4,positive,0.9987,5,"…leasant dining experience every visit. The only not so great was parking, but I came for the food. Visiting Tucson soon, looking for a wonderful place to have dinner and stay a while. The vibes of the restaurant are rustic with class. The…",True,True,access_transit,food_drinks,True,False,False,True,False,False
85711,Tucson,2020Q1,positive,0.8951,5,"…salespersons, reasonable prices on most booths' items, and easy parking. Really love this place!",True,True,access_transit,price_value,True,False,False,False,False,True
85716,Tucson,2020Q3,positive,0.9678,5,"Staff is always friendly, both on the phone and in person. The food is delicious and servings are huge! I feel full and fueled after a meal here, ideal for post bike ride or hike. Definitely try their juices too! Many have commented on the…",True,True,access_transit,food_drinks|service_staff,True,False,False,True,True,False
85719,Tucson,2020Q3,positive,0.9411,5,"The entire staff is professional and kind, gives me hope that there are good people on this earth. Their hospitality completely exceeded my expectations and I really appreciate everything they have done with my water pump (which is definite…",False,True,,service_staff,False,False,False,False,True,False
85705,Tucson,2020Q2,positive,0.9916,4,"…ry and did not get refilled while we were there. Great tacos and food, but I honestly can not remember the names of the tacos I ordered lol. We will definitely be back to give it a try, and will have to try some margaritas next time!",False,True,,food_drinks,False,False,False,True,False,False
85719,Tucson,2020Q3,positive,0.9576,5,"…s were incredible, the fried rice was amazing. Everything was so tasty and perfect I couldn't recommend this place more highly !! Definitely check them out (also great prices)",False,True,,food_drinks|price_value,False,False,False,True,False,True
85716,Tucson,2019Q3,neutral,-0.0258,1,…but for the east side I'll stick to Sushi To Go and More for the price and the quality of sushi.,False,True,,price_value,False,False,False,False,False,True
85713,Tucson,2019Q3,neutral,0.0,1,"I went to eat there with my kids...Over prices,well we were eating a small roach come from underneath the plate and walk on the table DO NOT EAT HERE...",True,True,access_transit,price_value,True,False,False,False,False,True
85743,Tucson,2019Q1,positive,0.2924,1,"New to my neighborhood, gave it a try yesterday morning. My wife had bacon and eggs, I had the breakfast burrito with sausage, and 1 biscuit and gravy for research (we are biscuit and gravy fans) . Food was good and average breakfast food,…",True,True,surroundings_safety,food_drinks,False,True,False,True,False,False
85747,Tucson,2019Q2,positive,0.9933,5,"…e! Where to begin...In a modified home in the intimate yet open neighborhood of Civano, you'll see a chalkboard sign welcoming you in. Upon entry you'll be greeted by the aroma of locally sourced essential oils and a lovely soothing space…",True,False,surroundings_safety,,False,True,False,False,False,False
19130,Philadelphia,2020Q1,negative,-0.9687,1,"Food was decent, but not colored people friendly. We came in with barely any greeting, the guy got angry because we asked if BYOB Was llegitmate then got agitated and blurted out ""I'm not your waiter"" About 20 minutes in we finally get gree…",False,True,,food_drinks|service_staff,False,False,False,True,True,False
19107,Philadelphia,2020Q1,negative,-0.9179,1,"…tress saw this and did not apologize or remark on it at all. Our food took another 45 minutes and so we told the waitress that we would like to either cancel our order or have it boxed up since we were late for a party; of course, she then…",False,True,,food_drinks|service_staff,False,False,False,True,True,False
70130,NewOrleans,2020Q1,positive,0.701,4,…s. Beautiful location in New Orleans Garden district. Only one bathroom . Very dirty. Long lines.,True,False,surroundings_safety|cleanliness_public_space,,False,True,True,False,False,False
70130,NewOrleans,2020Q1,positive,0.9944,4,"…ing a perfectly wonderful little dive bar is the perfectly awful bathroom situation. Otherwise, this place is great and a very welcome respite from Bourbon Street.",True,False,surroundings_safety,,False,True,False,False,False,False
33607,TampaBay,2019Q3,negative,-0.1027,3,"…ing this hotel, when you pay for a Bay View they switch you to a parking lot view and Booking conveniently can't find the part that you specified booking.",True,False,access_transit,,True,False,False,False,False,False
33604,TampaBay,2019Q4,negative,-0.7721,4,"…every time I came by and, like many places in Seminole Heights, parking is seriously limited. There are only about 4 spots on the side of the building and some street parking available. The inside is a bit tight but they took over the sho…",True,False,access_transit|surroundings_safety,,True,True,False,False,False,False
85743,Tucson,2019Q2,neutral,0.02,3,"…r. The king suite has a lot of features such as desk, safe, etc. Bathroom did not seem clean, however, and construction made parking lot confusing.",True,False,access_transit|surroundings_safety|cleanliness_public_space,,True,True,True,False,False,False
85711,Tucson,2019Q1,neutral,0.0056,2,"…had unattended drinks/old food plates. This compounded with the dirty table in the bar (food crumbs all over), leads to believe the bussing is sorely lacking. 20 minutes since placing my order and still don't have my appetizer (1/2 order…",True,True,cleanliness_public_space,food_drinks,False,False,True,True,False,False
33761,TampaBay,2019Q2,neutral,0.0,1,"Food preparation gave me two sandwiches, ordered and paid for one to go. Food quality seems to have decreased during the past year which could explain why they have plenty of parking. Tried it again tonight. We ordered ham and a turkey sa…",True,True,access_transit,food_drinks,True,False,False,True,False,False
33605,TampaBay,2019Q3,neutral,0.0,3,"Decent service but menu items really don't come out as stated on menu. They don't ask for temp on steak, which should be a red flag. If anything, just go for drinks.",False,True,,food_drinks|service_staff,False,False,False,True,True,False
85735,Tucson,2019Q1,negative,-0.3708,3,"…n"".... half the place burnt Down in the 90s.... it's like it's a cheap tourist place now, but super $$$.... sitting in the Grand hotel waiting on the show... place smelled musty, it was filthy like it hadn't been cleaned in 50 years... may…",True,True,cleanliness_public_space,price_value,False,False,True,False,False,True
85710,Tucson,2019Q3,negative,-0.561,1,"…ly one already had been added a couple of years ago.......Also , price to remove teeth and new dentures was Higher than Implants! (Which they don't do.)",False,True,,price_value,False,False,False,False,False,True
33618,TampaBay,2020Q4,positive,0.9806,3,"…when I called. My first impression was great, everything looked clean and they were practicing social distancing and other COVID-19 protocols. When I spoke on the phone, I was offered the ""Luxe Pedicure."" Since this weekend is my birthday,…",True,False,cleanliness_public_space,,False,False,True,False,False,False
33607,TampaBay,2020Q1,positive,0.9371,5,"…rowd was great. Surprised that there was not a long line for the restrooms. The concessions were good normal stadium food and drinks. Had a bud light and cheese burger. We will be back, hopefully the Vipers win next time.",False,True,,food_drinks,False,False,False,True,False,False
70118,NewOrleans,2020Q1,negative,-0.4658,5,"Price: 8/10 Environment: 10/10 Experience:10/10 Food: 10/10 Service: 7/10 My favorite foods: omelettes (veggie omelette with turkey), roast beef poboy, and chocolate pecan pie. I like to ask them to pour tomato basil on my omelette. (I'm…",False,True,,food_drinks|service_staff|price_value,False,False,False,True,True,True
70116,NewOrleans,2020Q1,negative,-0.8263,1,"…drop us because they booked someone who offered to buy the more expensive buy-out option. I would never trust them if they say the spot is reserved for you. If this is how they treat you, maybe we dodged a bullet but not having our weddi…",False,True,,price_value,False,False,False,False,False,True
33617,TampaBay,2020Q4,negative,-0.5216,1,…. I refuse to give anyone money when they can't even give decent customer service!!!,False,True,,service_staff,False,False,False,False,True,False
33619,TampaBay,2020Q3,negative,-0.809,1,…ything. If I could've given this location negative five stars on service I would've. Completely disappointed.,False,True,,service_staff,False,False,False,False,True,False
70115,NewOrleans,2020Q4,negative,-0.8074,1,This place is racist the old stubborn lady is a problem with a filthy attitude just like their place had a weird smell I even saw a mice running around & that was enough for me to not eat their food I would give this place a negative 5 if…,True,True,cleanliness_public_space,food_drinks,False,False,True,True,False,False
70130,NewOrleans,2020Q1,negative,-0.8642,1,…was cold and I had to get a refund. Place is overpriced and not clean.,True,True,cleanliness_public_space,price_value,False,False,True,False,False,True
85719,Tucson,2020Q1,negative,-0.8806,1,"…bs, and when the ribs came in they were completely raw. Even the waitress said ""disgusting. "" They never cleared our tables. We were never offered a refill on our drinks. Their complementary Onions, peppers, Guacamole, And cucumbers are ne…",False,True,,food_drinks|service_staff,False,False,False,True,True,False
85750,Tucson,2020Q2,negative,-0.9138,1,"No gloves or masks worn during coronavirus outbreak by the employees I saw. Really?! During this crazy time, I cannot believe they would be so irresponsible to their customers and employees. No more takeout for me.",False,True,,service_staff,False,False,False,False,True,False
33706,TampaBay,2020Q4,positive,0.3291,2,Four star hotel with two star service. Parking is valet only. The valet guys were nice. I stayed here all weekend for a Sunday wedding. I booked 1 room through a third party for Sunday. I later decided to stay all weekend. I was unable to a…,True,True,access_transit,service_staff,True,False,False,False,True,False
33618,TampaBay,2020Q3,positive,0.8248,5,"…ld as expected though, but everything else was perfect. A lot of parking lot.",True,False,access_transit,,True,False,False,False,False,False
33703,TampaBay,2020Q3,negative,-0.6217,1,"…r easy. After we were able to return, we found two out of three bathrooms were used! One someone defecated in, smeared poop on the seat. The second had the seat up with pee stains all on it! No one should have been allowed to use our ba…",False,False,,,False,False,False,False,False,False
33702,TampaBay,2020Q1,negative,-0.9547,1,"…to replace a toilet, flange pipe and other parts in the upstairs bathroom of my rental property. Just a few short months later major water damage started to leak down into the downstairs kitchen. When I called this plumber, they denied the…",False,False,,,False,False,False,False,False,False
33706,TampaBay,2020Q4,negative,-0.9061,1,…y experience at this restaurant. The waitress was very rude. The food was not very great. We waited a long time to be served. We had to ask for the bread. Once the waitress was rude she pretty much ignored us.,False,True,,food_drinks|service_staff,False,False,False,True,True,False
33706,TampaBay,2020Q3,negative,-0.6217,2,…s all that was open another item they do not tell you about. The food was alright but not worth the $230 for two. Drinks run about $20 apiece and are watered down. The room was just a room nothing special and definitely not worth the…,False,True,,food_drinks|price_value,False,False,False,True,False,True
85711,Tucson,2020Q1,positive,0.9721,3,…places to go to. Bartenders really friendly and very fast. Drink prices are great during happy hour. And continue through 7 PM. They have a full bar with many options and me to order cocktails. They do have four pool tables at the location…,False,True,,food_drinks|service_staff|price_value,False,False,False,True,True,True
85705,Tucson,2020Q1,positive,0.8678,1,"…sn't hungry anymore, didn't even received a free dessert? Half price of my dish? (Like they usually do at restaurants for their mistakes). Anyways the food wasn't that good. You can probably have a better experience overall at a taco tru…",False,True,,food_drinks|price_value,False,False,False,True,False,True
70112,NewOrleans,2020Q1,positive,0.9891,4,…better deal compared to other parking lots or garages. Gets more expensive as you get closer to downtown or the parade routes. Left our car parked here while we walked to the downtown area and the French Quarter. If doing the Sightseeing H…,True,True,access_transit|surroundings_safety,price_value,True,True,False,False,False,True
70112,NewOrleans,2020Q4,positive,0.9371,5,"…l bike shop near Bourbon St. Good trail bikes for rent at a fair price. Larry, the owner, was friendly and gave good directions to ride up to City Park and on to Lake Ponchartrain via LaFitte greenway. I will be back.",True,True,access_transit|cleanliness_public_space,service_staff|price_value,True,False,True,False,True,True
37206,Nashville,2017Q2,neutral,-0.0258,4,"…They gave games to keep you occupied, and a BBQ spot across the parking lot with some good eats. Never understood the growler fad, but there's plenty of options if you get into that. Unfortunately, you can't open the growler's in the bar.",True,False,access_transit,,True,False,False,False,False,False
37203,Nashville,2017Q1,neutral,0.0387,4,Efficient but busy. Parking is tough. It's full of college kids due to proximity with Vanderbilt.,True,False,access_transit,,True,False,False,False,False,False
19107,Philadelphia,2019Q2,neutral,0.0,1,"Service and food had been lacking after 6 months...they should hire people with experience, every time I visit it's seems there is someone new so that's also effecting.",False,True,,food_drinks|service_staff,False,False,False,True,True,False
19114,Philadelphia,2019Q1,neutral,0.0,1,They must be using cheap products. Gel manicure starts chipping right off after one day,False,True,,price_value,False,False,False,False,False,True
85719,Tucson,2020Q2,positive,0.9476,4,…ll definitely return when opportunity presents itself and in the neighborhood.,True,False,surroundings_safety,,False,True,False,False,False,False
85705,Tucson,2020Q3,positive,0.34,5,…pot. Happy I came here . I try to support small businesses in my neighborhood,True,False,surroundings_safety,,False,True,False,False,False,False
19153,Philadelphia,2013Q4,neutral,0.0,1,I've used this parking lot for a long time for the only reason they have covered parking. Other than that is the most expensive and the ones that take the longest to pick up passenger at the terminals. It's been several times I had to wait…,True,True,access_transit,price_value,True,False,False,False,False,True
19148,Philadelphia,2013Q2,neutral,0.041,2,"…Service okay but hardly attentive, except for refilling water. Parking a bear, which only added to the sense of why bother.",True,True,access_transit,service_staff,True,False,False,False,True,False
70116,NewOrleans,2012Q2,neutral,-0.0258,5,Nice shop just a block past Cafe du Monde. They have reasonable prices for postcards compared to what you find at other stores or on Bourbon Street. All sorts of knick knacks to look at. There are paintings and the usual souvenir stuff yo…,True,True,surroundings_safety,price_value,False,True,False,False,False,True
70115,NewOrleans,2012Q4,neutral,0.0,1,"Should be Unfresh Market. Produce was expensive and much it was over the hill. Limp green beans and green asparagus with wilted tips. Bought a bunch of arugula, choosing the bet of two. Wound up harrowing away 25% that was yellow or sli…",False,True,,price_value,False,False,False,False,False,True
85705,Tucson,2020Q4,negative,-0.8885,1,Horrible organization in Tucson. Destroyed our neighborhood with their development. This retail store is extremely discriminatory towards disabled people. They refuse to obey state and federal disability laws thus blocking me from access to…,True,False,surroundings_safety,,False,True,False,False,False,False
85713,Tucson,2020Q3,negative,-0.4201,3,"…ng back; W A Y too expensive for some items. Oh, kind of a rough neighborhood too.",True,True,surroundings_safety,price_value,False,True,False,False,False,True
19103,Philadelphia,2019Q2,neutral,0.0,1,One star because zero is not an option. Slow service in a filthy location; the Notary does know what a notary does as stated by the Commonwealth of Pennsylvania. Abandon hope all ye who enter here,True,True,cleanliness_public_space,service_staff,False,False,True,False,True,False
19106,Philadelphia,2019Q3,neutral,0.0161,2,"…as rather slow and did not bring straws for the sodas. Also, the restrooms smelled awful. The ride itself wasn't bad although the scenery is what it is. Been there done that - no plans to visit again.",True,False,cleanliness_public_space,,False,False,True,False,False,False
70130,NewOrleans,2019Q4,neutral,-0.0222,3,"…historic about this space, other than the fact it is lacking in bathrooms and seems like it could get very uncomfortable if busy All in all, 21st Amendment at La Louisiane would not necessarily be my first choice when downtown.",False,False,,,False,False,False,False,False,False
70130,NewOrleans,2019Q3,neutral,-0.0341,3,"…om was nice enough; however, there where quality issues with the bathroom fixtures. Also worth noting that the walls where thin so you'll be sure to hear your neighbors. The restaurant and bar where terrible. Not great by any standard. Do n…",False,True,,price_value,False,False,False,False,False,True
37211,Nashville,2020Q2,negative,-0.8571,1,…estion a charge and hold grudges if you bring up issues with his service. I have been a customer for many years and finally had enough of his terrible attitude and rude business handlings. STEER CLEAR!,False,True,,service_staff,False,False,False,False,True,False
37211,Nashville,2020Q3,negative,-0.8982,1,Very unpleasant and rude service. I ordered from this location 3 times and every time the service was very unwelcoming. The food is not fresh as you expected from a sushi place and the host is very rude.,False,True,,food_drinks|service_staff,False,False,False,True,True,False
37219,Nashville,2020Q3,negative,-0.2082,3,Just a very casual hotel restaurant with a limited menu. I guess we thought they would have a bigger dinner menu than they did. I had the peel and eat shrimp which were fine. Felt like the seasoning was applied to the shell so none was on t…,False,True,,food_drinks,False,False,False,True,False,False
37203,Nashville,2020Q1,negative,-0.5637,2,"To start, I have no comment on the food, I do however have a comment about the customer service. I made a Valentines Day reservation at the beginning of January. February 12th rolls around and I get an email that morning stating that they c…",False,True,,food_drinks|service_staff,False,False,False,True,True,False
37211,Nashville,2020Q1,positive,0.9741,3,"…drinks) that I would drive out of my way for, but it's near our neighborhood, has parking, and would be a good place to catch a sports game for sure!",True,True,access_transit|surroundings_safety,food_drinks,True,True,False,True,False,False
37211,Nashville,2020Q4,positive,0.9788,5,…mazing place. They are continually growing and staying on top of safety measures. Beautiful animals and all the employees are friendly and passionate. Family friendly and excellent membership options.,True,True,surroundings_safety,service_staff,False,True,False,False,True,False
37203,Nashville,2020Q3,positive,0.9166,2,"…front desk person telling someone on the phone that the parking price was $32. Pricey but I was ready to pay because of the location. When we got to the desk, we asked the gentleman how much parking was (just to verify). He leaned a bit…",True,True,access_transit,price_value,True,False,False,False,False,True
37214,Nashville,2020Q1,positive,0.995,5,"…very efficient but took her time to do everything necessary. The price was a little more than I'm used to, $65 for the second tier (gel) pedicure, but I'm from out of town and don't know what's 'normal' in this area. I'm more used to a $40…",True,True,surroundings_safety,price_value,False,True,False,False,False,True
19145,Philadelphia,2020Q4,negative,-0.3147,1,"Very bad service. We ordered 2 pizzas and there was hardly any sauce and one of the pizzas was just made wrong. We called and they said they would send us another BUT we had to pay another delivery charge. Again, not okay, but we said oka…",False,True,,service_staff,False,False,False,False,True,False
19145,Philadelphia,2020Q3,negative,-0.296,1,"Philly people, be advised that no staff members at Philip's Steaks are wearing masks properly. Not in the kitchen or at the cash window. Masks are also not being enforced in absolutely any way for customers.",False,True,,service_staff,False,False,False,False,True,False
19103,Philadelphia,2019Q4,neutral,-0.0258,1,"Two hours on the phone to get a $50 credit for a $75 dollar service charge to replace faulty equipment. Their equipment, their fault, and I have to pay. This is how they treat customers who have been with them for more than 20 years.",False,True,,service_staff,False,False,False,False,True,False
19133,Philadelphia,2019Q2,neutral,-0.0471,1,"…the middle of the hood that they don't even try when it comes to customer service, but what I just experienced was flat out disrespectful for someone who spends hundreds a month on nails. I made an appointment two weeks in advance and paid…",False,True,,service_staff,False,False,False,False,True,False
85704,Tucson,2012Q4,neutral,0.0146,2,"…The place was half empty and those empty tables were completely clean and set. So, instead of eating in the restaurant (nice-looking room) and providing a tip to the waitstaff, we took our food home instead. The food itself was nothing spe…",True,True,cleanliness_public_space,food_drinks,False,False,True,True,False,False
85705,Tucson,2012Q4,neutral,-0.037,2,"…university. Bed was uncomfortable. Room, was neat and seemed clean, till you looked a little closer...then you realize, maybe not so clean. It is what it is.",True,False,cleanliness_public_space,,False,False,True,False,False,False
70130,NewOrleans,2018Q2,neutral,0.0,4,"…ngtime in New Orleans, and I'm soaking up the sun at this little sidewalk cafe.",True,False,access_transit,,True,False,False,False,False,False
70116,NewOrleans,2018Q1,neutral,-0.0463,2,"…o dirty, ugh. The floor stuck to my shoes and its looks like the sidewalk really needs to be hosed down. The donut thing was ok, but I like a clean place for sure.",True,False,access_transit|cleanliness_public_space,,True,False,True,False,False,False
33708,TampaBay,2020Q1,negative,-0.7391,1,This store is a disaster. Many times I find that products and pricing do not match. Things are not where they are supposed to be. The website says smth is in stock but the store has none. I am not coming back here. Brick and mortar shoppi…,False,True,,price_value,False,False,False,False,False,True
33777,TampaBay,2020Q4,negative,-0.9482,1,…de....then I ordered two different pairs of shoes one was a more expensive set one was a cheaper set they sent me two of the cheaper set and said well they were currently out of the other stock I'm sorry I paid more for the other one.... Th…,False,True,,price_value,False,False,False,False,False,True
85716,Tucson,2020Q3,positive,0.9784,5,"…ndly, it's easy to order on the phone or in person. The place is clean and tidy. You honestly can't pick something bad on the menu if you are in the mood for hot soup or noodles! Their potstickers are cooked to perfection (I usually get the…",True,True,cleanliness_public_space,food_drinks,False,False,True,True,False,False
85710,Tucson,2020Q3,positive,0.9625,4,"…imately, it was done quickly and swiftly. Good job and nice and clean. i would recommend. thank you",True,False,cleanliness_public_space,,False,False,True,False,False,False
37201,Nashville,2012Q1,neutral,0.0,1,"…food PLEASE,try somewhere else. Apps,2 dinners $88.00,$10.00 for parking.$98.00 total would have stayed in Mt.Juliet,Tn and had Red Lobster which by comparsion is much better,totally dissappointed.",True,True,access_transit,food_drinks,True,False,False,True,False,False
37201,Nashville,2012Q4,neutral,-0.0258,1,$15 for two hours and 5 minutes of parking across from Cummins Station. This is outrageous and totally too much. A company that makes millions a year could surely afford to charge less.,True,False,access_transit,,True,False,False,False,False,False
19145,Philadelphia,2019Q3,negative,-0.9397,1,"…ted out, the place doesn't seem all that clean. We lived in the neighborhood for two years and the bakery was definitely a source of irritation. They are open almost every day of the year, including Sundays, Easter (SMH) and Thanksgiving…",True,False,surroundings_safety|cleanliness_public_space,,False,True,True,False,False,False
19128,Philadelphia,2019Q2,negative,-0.4149,1,…OULD) and so they wrap the leash around her body vs her neck for safety reasons. NOT petco. My dog nearly hung herself from the table trying to escape and the young man who cut her nails could've have cared less. I didn't even allow him to…,True,False,surroundings_safety,,False,True,False,False,False,False
33629,TampaBay,2020Q2,positive,0.9433,4,"Great place and a neighborhood favorite. The only reason I'm giving 4 stars and not fine is that we were there yesterday and none of the staff, including our server, were wearing masks. Please ask the staff to wear masks to keep diners sa…",True,True,surroundings_safety,service_staff,False,True,False,False,True,False
33702,TampaBay,2020Q2,positive,0.8428,1,"…r, giving one star because apparently they didn't care about the safety of their employees and they don't wear masks. Too bad because it was our favorite.",True,True,surroundings_safety,service_staff,False,True,False,False,True,False
85747,Tucson,2019Q3,negative,-0.9407,1,…hat. Management: Please retrain staff about cleanliness and food safety.,True,True,surroundings_safety|cleanliness_public_space,food_drinks|service_staff,False,True,True,True,True,False
85711,Tucson,2019Q2,negative,-0.7314,1,"…es on at the firing line, sometimes to the point of compromising safety. I've personally seen people doing things stupid enough to cause me to take my kids and leave, even after pointing the offender out to the staff. 15 years in Tucson.…",True,True,surroundings_safety,service_staff,False,True,False,False,True,False
33767,TampaBay,2020Q1,neutral,0.0361,2,"…rought to a sticky table. We got our drinks that were incredibly overpriced for being so watered down, I'm not sure if there was even alcohol in them. We had calarmari that was obviously frozen and the fish tacos were mediocre. Nothing fres…",False,True,,food_drinks|price_value,False,False,False,True,False,True
33647,TampaBay,2020Q1,neutral,0.0258,1,"…sappointed. The burger was overcooked, fries over seasoned, food overpriced and service was ok. I will say the owners seem really pleasant but will not return.",False,True,,food_drinks|service_staff|price_value,False,False,False,True,True,True
33765,TampaBay,2020Q1,neutral,-0.0276,3,"…d the people are usually so nice, However; today we dealt with a waitress named Heather. We walked into the restaurant with two other couples and watched them eat, pay and leave...we still had not received ours. When we asked Heather about…",False,True,,service_staff,False,False,False,False,True,False
33606,TampaBay,2020Q1,neutral,-0.023,5,…entire restaurant was literally packed full of pirates and every staff member we spoke to had been there all day. All of them were incredibly courteous and attentive. We ordered 7-8 dishes including the Paella and it came expediently and wa…,False,True,,food_drinks|service_staff,False,False,False,True,True,False
33625,TampaBay,2020Q4,neutral,-0.0129,2,"…r. He kept coming back. When we finally ordered and received our food, my granddaughter's mini burgers were burned, my husband ordered the grouper nuggets and I ordered the grouper sandwich. My husband runs an exclusive country club, we bo…",False,True,,food_drinks,False,False,False,True,False,False
33704,TampaBay,2020Q1,neutral,0.0479,2,…They came out quickly and hot. Served with a side of ranch. The taste was very bland and you could tell they were frozen. The fryer needed to be changed because they were very dark and tasted like an old burnt flavor. The jalapeños had no…,False,True,,food_drinks,False,False,False,True,False,False
70118,NewOrleans,2019Q4,neutral,-0.0387,3,…otioned was well worth the money. The only down side is that the parking is terrible.,True,True,access_transit,price_value,True,False,False,False,False,True
70112,NewOrleans,2019Q3,neutral,-0.0191,4,…reason I didn't give it 5 starts is because you have to pay for parking. It may just be me but I feel if your dropping a couple hundred on a room parking should be included. But that's really the only bad thing I can say. The trolley stops…,True,False,access_transit,,True,False,False,False,False,False
37208,Nashville,2020Q1,positive,0.9952,5,"…it. It had all the elements you desire from pecan pie, yet more accessible as a tart. With the bold and traditional flavors of pecan, paired with the flaky crust, I could have eaten an entire pie and had zero regrets. I can only give you…",True,False,access_transit,,True,False,False,False,False,False
37201,Nashville,2020Q3,positive,0.997,5,…tle bottles of sanitizer on the table! The restaurant validating parking for the garage next door makes the experience of parking downtown & getting to the restaurant so easy! That is def a perk of eating here. This was the perfect place to…,True,False,access_transit,,True,False,False,False,False,False
19104,Philadelphia,2020Q3,neutral,0.0,1,They don't wear masks when they make your food during a global pandemic. ...........................,False,True,,food_drinks,False,False,False,True,False,False
19115,Philadelphia,2020Q3,neutral,0.0,5,…empted to order for pickup here anytime someone mentions chinese food.,False,True,,food_drinks,False,False,False,True,False,False
70116,NewOrleans,2020Q1,positive,0.9534,5,"…e, a hotel, etc. it's so easy to walk around, with mostly decent sidewalks and history abounds. In the morning there are smells; you can smell baking and cooking of incredible foods, then a foot or two later you see and smell trash, and…",True,False,access_transit|cleanliness_public_space,,True,False,True,False,False,False
70124,NewOrleans,2020Q3,positive,0.9942,3,"…so do not be fooled by ""outdoor"" dining. You have the street and parking lot as a view. - Food: nothing wowed me, but nothing was ""bad"". Mediocre American food from Sysco was the impression I'm left with, which is surprising because their…",True,True,access_transit|surroundings_safety,food_drinks,True,True,False,True,False,False
37204,Nashville,2021Q2,positive,0.802,5,Another very tasty pastry from The Little Gourmand for Easter! Who wouldn't love these for the holiday? Both Little Gourmand locations are convenient to just about anywhere in Nashville and are my favorite place to go on weekends for coffee…,False,True,,food_drinks,False,False,False,True,False,False
37203,Nashville,2021Q1,positive,0.9678,5,"Best cake in town, beautiful and delicious! Almond cake is probably the best cake I have ever had and their cookies are fantastic",False,True,,food_drinks,False,False,False,True,False,False
19128,Philadelphia,2020Q4,negative,-0.8171,2,…e I called to have someone come out to give me an estimate for a bathroom gut and redo. Unprofessional. Very disappointed.,False,False,,,False,False,False,False,False,False
19103,Philadelphia,2020Q1,negative,-0.4932,1,"…ing my dress and makeup to the restaurant and I got ready in the bathroom - not ideal, and I was nearly late for my own rehearsal dinner! Dry Bar either needs to train their staff to stick to the time frames given or update their time fra…",True,True,access_transit,service_staff,True,False,False,False,True,False
19146,Philadelphia,2019Q1,neutral,0.0129,3,Food is average at best . Prices are fine but the service was subpar. Would go back if I was desperate but defiantly not running back here anytime soon.,False,True,,food_drinks|service_staff|price_value,False,False,False,True,True,True
19115,Philadelphia,2019Q2,neutral,0.0,5,"…am not a ""foodie"" who is not in shape. This pizza from taste to price can't be beat.",False,True,,food_drinks|price_value,False,False,False,True,False,True
85711,Tucson,2020Q1,negative,-0.8932,1,"…back to take our order. Ordered wine, several appetizers and 2 meals. Appetizers came out 15 minutes later which seemed like a long time given there were very few people here but NO wine. Had to remind waiter to bring pita for hummus an…",False,True,,food_drinks|service_staff,False,False,False,True,True,False
85745,Tucson,2020Q2,negative,-0.8706,2,I've been going to Tanias for years and love the food. The service has always been lacking and everyone that works there usually seems miserable. Recently I ordered a burrito with tater tots. I received my burrito and noticed there were no…,False,True,,food_drinks|service_staff,False,False,False,True,True,False
70115,NewOrleans,2020Q4,positive,0.9819,5,…taff were accommodating and the location is nicely tucked in the neighborhood. There was plenty of outdoor seating to enjoy our delicious coffee and avocado toast. I would recommend this place to everyone!,True,True,surroundings_safety|cleanliness_public_space,food_drinks,False,True,True,True,False,False
70119,NewOrleans,2020Q3,positive,0.6851,2,"…rstly, parking was a little tricky as its mostly streetside in a neighborhood. For me, there's a few places near my house in Houston that serve better fried chicken. Our order was also slightly messed up and forgotten, which added to the wa…",True,True,access_transit|surroundings_safety,food_drinks,True,True,False,True,False,False
37204,Nashville,2019Q1,neutral,-0.0129,5,"…modating and the office was nice and clean. The charges were not cheap because of the nature of the visit obviously, but it was not astronomical and I would return for emergency services when needed.",True,True,cleanliness_public_space,price_value,False,False,True,False,False,True
37215,Nashville,2019Q1,neutral,-0.0378,3,"I used to love this place and their prices. However, after the remodel I was very disappointed. The chicken plate was very overpriced and the chicken was just awful. I was unable to eat it. I've gotten it before but they clearly changed a l…",False,True,,food_drinks|price_value,False,False,False,True,False,True
33609,TampaBay,2021Q1,positive,0.9212,5,"…better portions than most Indian restaurants and slightly better prices. I got Lamb Paal, the spiciest dish on the menu and it didn't disappoint. My gf pepper chicken, mild and very tasty. We split chicken sixty-five as an app and enjoyed i…",False,True,,food_drinks|price_value,False,False,False,True,False,True
33619,TampaBay,2021Q4,positive,0.916,5,"…we desperately needed! Even when we wanted something a bit more expensive yet couldn't get the right numbers, Daniel helped us find something that we could afford and that's what keeps us coming back. This dealership doesn't stop when you'…",False,True,,price_value,False,False,False,False,False,True
33607,TampaBay,2021Q2,positive,0.9674,5,…bles. Their bellinis are fabulous and their signature Brio pasta dish is delicious.,False,True,,food_drinks,False,False,False,True,False,False
33755,TampaBay,2021Q3,positive,0.8805,5,Delicious! We would come again but this is our last night in the area. They have coffee which was a plus for one of our guest. It is worth the 20 min drive from the beach. The pineapple cake was amazing and so were the churros.,True,True,surroundings_safety,food_drinks|price_value,False,True,False,True,False,True
33607,TampaBay,2021Q2,positive,0.9733,2,"…to pay their asking price because its really not worth it. The staff was nice. The members seem nice. It just did not meet my expectations of Life Time Fitness. Unfortunately, they are the only game in town so I hope either someone e…",False,True,,service_staff|price_value,False,False,False,False,True,True
33612,TampaBay,2021Q1,positive,0.9884,5,…them twice! Everyone had to wear a mask and I definitely heard staff reminding people to wear them properly more than once. Hand sanitizer is also everywhere! Social distancing was enforced as they left seats open between parties. A few r…,False,True,,service_staff,False,False,False,False,True,False
37203,Nashville,2021Q3,positive,0.9857,5,…l. Steak cook to perfection! Brussels sprouts was delicious! Our waiter was awesome! He explained the menu and deal of the day very well. He made it easy to choose what to try. One in the group wanted the red fish which was a chief recommen…,False,True,,food_drinks|service_staff|price_value,False,False,False,True,True,True
37206,Nashville,2021Q2,positive,0.9888,5,"…itable, kind, and friendly every step of the way. Rachel was our server that night for our party of 9 and she was wonderful. So friendly and so knowledgeable about every item we ordered. It was a perfect experience and we will continue to c…",False,True,,service_staff,False,False,False,False,True,False
37215,Nashville,2020Q4,negative,-0.4795,1,"…espectively for a set of dip with nail extensions. I thought the price was ridiculously expensive, but I paid anyway and gave them each a $20 tip. after thinking more about how expensive the pricing was, I called on the phone and they told…",False,True,,price_value,False,False,False,False,False,True
37203,Nashville,2020Q1,negative,-0.9966,2,"…suming you actually receive your meal and drinks, and **vastly** overpriced to the point where we could go to a top quality gourmet restaurant for the same or less. They're always out of some of their wines. The wait staff is pretty horri…",False,True,,food_drinks|service_staff|price_value,False,False,False,True,True,True
33647,TampaBay,2019Q4,neutral,0.046,2,…eing essentially abandoned. As was I. I was also questioning the cleanliness of the sandwich I was going to receive if I continued to wait so I backed on up out of there. Learn your coupons. Reteach hygeine.,True,True,cleanliness_public_space,food_drinks,False,False,True,True,False,False
33708,TampaBay,2019Q2,neutral,-0.0449,1,"…me lunch time so it was slow. We sat outside and there were only dirty tables. Our server came over and placed menus on top of the dirty table (literally Parmesan, marinara sauce, etc. all over it). We had to ask her to wipe it down. She ac…",True,True,cleanliness_public_space,service_staff,False,False,True,False,True,False
70112,NewOrleans,2020Q1,neutral,0.0,1,…le for a. Lyft or Uber car. Total zoo!! Use a regular taxi. Same price. Faster.,False,True,,price_value,False,False,False,False,False,True
70116,NewOrleans,2020Q1,neutral,-0.0258,1,"…e floor. The only thing I liked was that the food and coffee was cheap unlike everything else in the area. Try another location, or another cafe if you must",True,True,surroundings_safety,food_drinks|price_value,False,True,False,True,False,True
70118,NewOrleans,2020Q4,neutral,0.0,3,"Back open about the same, food to me is just about or about the same, go at the right time because as usual, it gets crowded, but fast service",False,True,,food_drinks|service_staff,False,False,False,True,True,False
70119,NewOrleans,2020Q2,neutral,0.0277,3,"Food was great. And considering how busy they were and how challenging this time is, I only gave them 3 stars because of poor service. The ordering process was very confusing, they failed to answer the phone, and unfortunately they ended up…",False,True,,food_drinks|service_staff,False,False,False,True,True,False
33609,TampaBay,2019Q1,negative,-0.9787,1,"…ty electrical plugs (ground poles jammed in them) and completely unsafe fuse box (causing them to replaced the whole electrical panel), jerry-rigged kitchen lighting (causing them to replace ballasts and complete wiring repairs), needs comp…",True,False,surroundings_safety,,False,True,False,False,False,False
33635,TampaBay,2019Q3,negative,-0.9565,1,"…utside was absolutely disgusting with trash in it, NO ONE in the neighborhood cleans up after their dogs, my roommates towel rack was broke and her shower rod was completely black and filthy. We tried to call and get ahold of maintenance fo…",True,False,surroundings_safety|cleanliness_public_space,,False,True,True,False,False,False
37206,Nashville,2019Q3,negative,-0.8956,1,"…from what's up on the east side rather than trying to dilute the neighborhood with its over priced, watered down drivel. Waste of money. Please god, save the east side from this crap. DIOS MIO...",True,False,surroundings_safety,,False,True,False,False,False,False
37203,Nashville,2019Q2,negative,-0.9882,1,"…ar. After we get our drinks she explains their kitchen is ""under construction"" so that list is all they had. It was BBQ pulled pork, hamburgers, hot dogs, and chips... We just decided to get something anyways and would have a nicer dinner a…",True,True,surroundings_safety,food_drinks,False,True,False,True,False,False
85730,Tucson,2016Q1,neutral,0.024,4,"…m on the property, they are very friendly. I have never seen any trash lying around or anything in disrepair related to the property. It's a convenient location for me and the access hours are reasonable.",True,True,cleanliness_public_space,service_staff,False,False,True,False,True,False
85706,Tucson,2016Q1,neutral,-0.0378,3,"…ic covering around it, they had no artwork on the walls, and no trash can. Hopefully the remodeling will go smoothly. For $44 bucks a night, this was a decent room. The weekend stay went smoothly.",True,False,cleanliness_public_space,,False,False,True,False,False,False
70116,NewOrleans,2021Q2,positive,0.9873,5,…blow us away!!! Truer words have never been spoken. Jaimie our server was warm and welcoming from the start. She had great recommendations and tips and really worked to make our visit pleasant and fun. The Vanilla Spice Latte was so good…,False,True,,service_staff,False,False,False,False,True,False
70130,NewOrleans,2021Q1,positive,0.9763,5,"…Gumbo which was the best I've ever had! Beautiful setting, great service, fantastic food!",False,True,,food_drinks|service_staff,False,False,False,True,True,False
70130,NewOrleans,2021Q1,positive,0.9923,2,"…oom to make sure we weren't charged. On a final weird note: the food, water, vodka in the rooms is the most overpriced yet cheapest way to get money from people that I've ever seen. They just put a tray out with stuff on it, and don't tell…",False,True,,food_drinks|price_value,False,False,False,True,False,True
70140,NewOrleans,2021Q2,positive,0.7424,4,…Tourist spot for sure but you wouldn't be able to tell from the food. Excellent charbroiled oysters and gumbo.,False,True,,food_drinks,False,False,False,True,False,False
37228,Nashville,2019Q3,neutral,-0.0263,1,"…r service to their guests. Make that 3 times.... this place is trash and has poor management. It's a shame that I even eat McDonald's, but if you don't want to work then just don't. Don't take a job you won't do... pitiful",True,True,cleanliness_public_space,service_staff,False,False,True,False,True,False
37203,Nashville,2019Q3,neutral,0.0,1,"…to fill up their car with gas or buy something they need to have restroom and It should be available, most of times there is Notes on the restroom door it says ""it's not available, Manger""",False,False,,,False,False,False,False,False,False
70195,NewOrleans,2021Q3,negative,-0.1427,1,…ior. Beware if you decide to go. Shots are totally not worth the price.,False,True,,price_value,False,False,False,False,False,True
70119,NewOrleans,2021Q1,negative,-0.9835,1,"…lves to cause strife and pass blame on a run down, rat infested, overpriced rental. I would never expect such unprofessional and absolute immature behavior from a company of this size. DO NOT RENT FROM THEM. irresponsible.",False,True,,price_value,False,False,False,False,False,True
70130,NewOrleans,2021Q1,negative,-0.981,2,"…y $14 glass of wine had turned, also. I didn't mention it to the server because I felt awkward but for that price, I really should have. I know the wine was off because it was a brand I have had many times outside of this context so I know…",False,True,,food_drinks|service_staff|price_value,False,False,False,True,True,True
70195,NewOrleans,2021Q2,negative,-0.891,1,"…egister on the Sunday graveyard shift. I know it's tough to find employees right now but this guy is rude and mean. Verti Marte is an institution in NOLA. If he's bad on a regular Sunday night, how's he gonna be during JazzFest? Just saying…",False,True,,service_staff,False,False,False,False,True,False
19123,Philadelphia,2021Q1,positive,0.8605,4,…inbap with lots of choices and fun ingredients. Really liked the flavor combinations and enjoyed our meal. Also great that they use meat alternatives. Be prepared for some spice but nothing overwhelming.,False,True,,food_drinks,False,False,False,True,False,False
19104,Philadelphia,2021Q3,positive,0.9687,5,Delicious and generous portions at a very reasonable price! We ordered the dry vermicelli with grilled shrimp and the dry vermicelli with lemongrass beef -- both were so good! The owners even included a complimentary coconut jelly dessert.…,False,True,,food_drinks|price_value,False,False,False,True,False,True
85705,Tucson,2021Q3,positive,0.9577,3,"…t one person had time to talk with us. We wanted to pay the full price of the a/c and the work, but we were told we had a loan and someone would get back to us. They never did. I called the company GreenSky and spoke with their loan people…",False,True,,price_value,False,False,False,False,False,True
85712,Tucson,2021Q2,positive,0.7845,5,"Excellent service, product, and price. They came within a day to install and took less time than I thought it would. They were upfront with the code upgrades I needed and the parts were reasonably priced. The installer was friendly and p…",False,True,,service_staff|price_value,False,False,False,False,True,True
19125,Philadelphia,2021Q4,positive,0.9649,4,"…swears up-and-down that the very pizza place that is in our own neighborhood is the hands-down best. As far as regular crust pizza is concerned, I still prefer other spots, but I am glad that we found slice because their gluten-free option…",True,True,surroundings_safety,food_drinks,False,True,False,True,False,False
19136,Philadelphia,2021Q4,positive,0.8802,5,"I've tried a number of different spots in the neighborhood and Gino's is always my go to for pizza. Even when my parents come to visit they always want Gino's, they love it. I look forward to coming in for dinner soon at the cafe to try y…",True,True,surroundings_safety,food_drinks,False,True,False,True,False,False
19123,Philadelphia,2021Q2,positive,0.967,5,…rice and plantains. Medium spice level was perfect for me. Great value. Friendly staff. Delicious authentic Nigerian food check it out!,False,True,,food_drinks|service_staff|price_value,False,False,False,True,True,True
19123,Philadelphia,2021Q4,positive,0.9216,4,…nly thing I would like to have been able to do was negotiate the pricing. I would recommend the service.,False,True,,service_staff|price_value,False,False,False,False,True,True
19131,Philadelphia,2021Q3,positive,0.2023,2,…with quickness. I am sure I am not the only one missing their customer service and professionalism find them and bring them back ASAP.,False,True,,service_staff,False,False,False,False,True,False
19106,Philadelphia,2021Q4,positive,0.9509,4,…om the appetizers to the the entree dessert and cappuccino. The staff was friendly and nice. The ambience was nice. We had a great experience dining here.,False,True,,service_staff,False,False,False,False,True,False
19106,Philadelphia,2020Q4,negative,-0.9664,1,"…an exterminator who has yet to come. It's clear that they don't value their residents, the conditions of Crafts House are uninhabitable; if you value your health and well-being, you'll find somewhere else to live.",False,True,,price_value,False,False,False,False,False,True
19131,Philadelphia,2020Q2,negative,-0.8825,2,"…tever and left, Even though the meals were slightly different in price. We get to our hotel. Yes we were in town visiting, and started to eat. Looked great! Looks can be deceiving. So the salmon was excellent. It took me a while to find it,…",False,True,,food_drinks|price_value,False,False,False,True,False,True
70115,NewOrleans,2013Q2,neutral,0.0366,3,"…I could smell the tantalizing scents of greasy Chinese from the parking garage. The smells of this place captivated my attention and lured me through its doors. I have eaten here once before, but that happened many moons ago. I don't r…",True,False,access_transit,,True,False,False,False,False,False
70112,NewOrleans,2013Q2,neutral,0.0,3,…City of New Orleans website for additional information about the Parking Division. http://new.nola.gov/dpw/parking/tickets/,True,False,access_transit,,True,False,False,False,False,False
19146,Philadelphia,2018Q4,neutral,0.0395,3,"…t. This is a good place to stop in for a meal if you're in the neighborhood, but I wouldn't go out of my way to get there.",True,True,surroundings_safety,food_drinks,False,True,False,True,False,False
19134,Philadelphia,2018Q1,neutral,0.0,5,I live in port Richmond neighborhood and decided to renovate my bathroom. Target had everything I needed to design and decorate to look modern and hip,True,False,surroundings_safety,,False,True,False,False,False,False
33606,TampaBay,2019Q3,neutral,0.0,1,…rvations and upon arrival they only offered us outdoor seating. Parking was next to impossible. Music was so loud you couldn't hear your conversation with someone across the table from you. Will not be returning.,True,False,access_transit|cleanliness_public_space,,True,False,True,False,False,False
33629,TampaBay,2019Q1,neutral,-0.0132,3,"…for 13 years and have never been. It's in a busy strip mall, so parking can definitely be an issue. Personally, I didn't have a problem around noon on a weekday. When you walk in there's two options, if you stay towards the right you order…",True,False,access_transit,,True,False,False,False,False,False
33781,TampaBay,2019Q1,neutral,0.0274,1,"…urniture and found a 7 1/2"" gap between mattress and FOOTBOARD. Safety issue. Contacted Kane's and was told it is what it is. Said it is set up that way on showroom and to fill gaps with comforters etc. Sent inspector out and he said if…",True,False,surroundings_safety,,False,True,False,False,False,False
33625,TampaBay,2019Q1,neutral,-0.0487,1,"…e could quote looking at it from underneath. Sorry, I've been in construction for 20 years. He was very condescending and rude. I'll hire someone who will at least talk to me. Do yourself a favor and find someone else. I would have given no…",True,True,surroundings_safety,service_staff,False,True,False,False,True,False
37212,Nashville,2021Q3,positive,0.9476,4,The place was under construction when I visited here and the staff was pretty stressed out trying their best to keep the ship afloat with just a small handful of workers. Regardless they kept in good spirits and the food was good. Once they…,True,True,surroundings_safety,food_drinks|service_staff,False,True,False,True,True,False
37217,Nashville,2021Q3,positive,0.987,1,…er again! The pictures online are deceiving and the surrounding neighborhood is sketchy at best.,True,False,surroundings_safety,,False,True,False,False,False,False
33706,TampaBay,2021Q1,negative,-0.683,2,…The food was so salty and greasy. My friend is currently in the bathroom from an upset stomach while I wait outside with my stomach just as upset. Worst $50 I ever spent. Need a tums pronto!!! 2 stars for drinks and service But don't order…,False,True,,food_drinks|service_staff,False,False,False,True,True,False
33706,TampaBay,2021Q2,negative,-0.6533,1,…t up on top at the upper deck. The a/c was all rusted out. Nasty dirty restaurant. Way over priced. Spent $100 with the tip and left there hungry. Save yourself your time and money. Take a beverage and a towel and sit on the beach and watch…,True,False,cleanliness_public_space,,False,False,True,False,False,False
33603,TampaBay,2021Q4,negative,-0.057,3,…they used to have in front of the kitchen. Also the quality and price did not seem worth going out of my way to get anymore. I really miss what this place used to be.,False,True,,price_value,False,False,False,False,False,True
33767,TampaBay,2021Q2,negative,-0.5218,1,…nd all fish came out cold. Drinks watered down and not worth the price. Definitely would not recommend this place to visitors of Clearwater.,False,True,,food_drinks|price_value,False,False,False,True,False,True
19153,Philadelphia,2020Q1,neutral,0.0,1,…I saw a couple of lingering characters inside. We're they in the bathroom? Something else? I don't expect too much from bizarro world here.,False,False,,,False,False,False,False,False,False
19147,Philadelphia,2020Q1,neutral,-0.0175,3,"…whole thing (I did). Very soggy and messy, so be prepared to get dirty when eating this. Overall it was decent, but it wasn't the best thing I ever had. I came on a rainy Friday late afternoon, found street parking and there was only 3-4 pe…",True,False,access_transit|surroundings_safety|cleanliness_public_space,,True,True,True,False,False,False
85715,Tucson,2020Q4,negative,-0.8546,4,…o. Parking is miserable but available. Not a great location. Prices seem about average!,True,True,access_transit,price_value,True,False,False,False,False,True
85712,Tucson,2020Q1,negative,-0.8292,1,"…d eyeroll and attitude (I asked one question, not a multitude). Prices are better at other places--including other thrift stores, plus you get to try on stuff to see if it fits. 19.99 for used bedsheets. 19.99 for used flower pots. 25 doll…",False,True,,price_value,False,False,False,False,False,True
37205,Nashville,2020Q2,negative,-0.6597,2,…t area for Covid 19 warnings. Scary. We actually decided to just trash the food when we got home...... General manager needs to be held accountable.,True,True,surroundings_safety|cleanliness_public_space,food_drinks,False,True,True,True,False,False
37206,Nashville,2020Q1,negative,-0.0531,1,…sandwich had no flavor. Also there was no changing table in the bathroom for my daughter. Definitely won't be coming back.,False,True,,food_drinks,False,False,False,True,False,False
33709,TampaBay,2021Q2,positive,0.9833,5,"Unique nails took COVID-19 safety measures very precariously; they've hung clear acrylic sheets to create barriers between client & artist on pedicure chairs, set up sheets along manicure tables, and all workers had their masks on at all ti…",True,False,surroundings_safety,,False,True,False,False,False,False
33604,TampaBay,2021Q1,positive,0.9644,5,…tiny parking lot so you may need to drive around the surrounding neighborhood to find street parking. They have a large covered outdoor bar with live music regularly. Without reservations (try opentable!) there can be an expected wait time.…,True,False,access_transit|surroundings_safety,,True,True,False,False,False,False
70123,NewOrleans,2021Q4,positive,0.9853,4,"…aurant is a family venture that is very friendly and efficient. Pricing is fair. We ordered Pulled Pork, Brisket, and Ribs. The pulled pork was flavorful and you have the choice of five sauces to add to your meats. The brisket was thic…",False,True,,service_staff|price_value,False,False,False,False,True,True
70119,NewOrleans,2021Q2,positive,0.807,3,…he only thing that almost negates all this awesomeness... is the prices. Holy cow is it expensive for a BBQ joint. Nothing on the menu (including most sides) for less than $14...,False,True,,food_drinks|price_value,False,False,False,True,False,True
85704,Tucson,2021Q3,positive,0.9498,5,"…family of three $70. Look forward to going with a larger group. Service was efficient and positive. Place was really hoping at 11am, then quieted down.",False,True,,service_staff,False,False,False,False,True,False
85719,Tucson,2021Q1,positive,0.4095,5,"Service, atmosphere and prices were on point. I'm newer to Tucson and had to most definitely come here. Little sketch since it's more of an industrial area, but shoot I will definitely come back. Tons of beer options, and tons of food. Hand…",True,True,surroundings_safety,food_drinks|service_staff|price_value,False,True,False,True,True,True
85712,Tucson,2021Q2,positive,0.069,1,"…rmally love this chain but during a pandemic, don't like when my food prep workers are NOT wearing masks. Sorry. Left to go to Starbucks",False,True,,food_drinks,False,False,False,True,False,False
85737,Tucson,2021Q2,positive,0.9974,4,…had the salmon but without the pistachio crust. It was moist and delicious. We all had salads as our first course. Two order Caesar salads and two ordered the mixed greens. The mixed greens was so fresh and the salad dressing was so bright…,False,True,,food_drinks,False,False,False,True,False,False
33713,TampaBay,2021Q3,positive,0.9955,3,…osphere- I was surprised at how tiny the restaurant was. We also parked on a weird side street far away because we couldn't find a spot anywhere. They really stuffed the restaurant with as many tables as they could. One table was so close t…,True,False,access_transit|surroundings_safety,,True,True,False,False,False,False
33767,TampaBay,2021Q2,positive,0.9818,5,"…y do not provide beach chairs (only some broken ones available). Parking is not guaranteed, so leaving in the car was a risk. We just walked or took Uber. It took 12 minutes to walk to Frenchy's, and 20 minutes to the Pier. We felt safe and…",True,False,access_transit|surroundings_safety,,True,True,False,False,False,False
70130,NewOrleans,2021Q4,negative,-0.5859,2,…'m from New York. It feels manipulatively misleading to have no menu for frame of reference for price.,False,True,,food_drinks|price_value,False,False,False,True,False,True
70123,NewOrleans,2021Q1,negative,-0.5859,1,…the steak and red beans I will never ever go there the take out food must be the leftovers I was driving while ordering my food should have been hot and fresh the Managers name is Matt who was very nonchalant about the whole order I'm driv…,False,True,,food_drinks,False,False,False,True,False,False
33756,TampaBay,2021Q4,positive,0.9493,5,"Great gym. Clean, great staff and the owner is present and actually cares about your health and safety.",True,True,surroundings_safety|cleanliness_public_space,service_staff,False,True,True,False,True,False
33781,TampaBay,2021Q1,positive,0.9908,3,"…thentic Thai noodle meal? Yes please! On the positives: really clean restaurant, nice waitress who was also the hostess. This place definitely is following the covid guidelines. The tables are spaced apart enough, they clean and sanitize…",True,True,cleanliness_public_space,food_drinks|service_staff,False,False,True,True,True,False
33767,TampaBay,2020Q2,negative,-0.9916,1,"…to the point that it's threat to people's, mostly to children's, safety. Let's start with the fact that the A/C unit's electrical plug was laying on top of the carpet. We had just arrived into the room therefore we didn't know. When I looke…",True,False,surroundings_safety,,False,True,False,False,False,False
33708,TampaBay,2020Q1,negative,-0.6017,2,"…king spot for a 2 bedroom apt, no microwave & no light fixtures. Construction continues which means at this point some amenities are just promises.",True,False,surroundings_safety,,False,True,False,False,False,False
33605,TampaBay,2021Q4,negative,-0.1926,1,…close early? Maybe rethink your hours next year? Appreciate your staff that worked Christmas Eve and Christmas Day. They have family also.,False,True,,service_staff,False,False,False,False,True,False
33765,TampaBay,2021Q4,negative,-0.9413,1,"…ce is filthy. The food is nasty. I used to love it. Not only has service gone downhill but they can't even cook rice! I believe they're just reheating the crap until they sell it & as bad as their service is, maybe they don't sell enough an…",True,True,cleanliness_public_space,food_drinks|service_staff,False,False,True,True,True,False
33629,TampaBay,2021Q4,negative,-0.9572,1,…ne of the absolute worst experiences I have ever had....our Togo food was over an hour late....People who were sat in the dining room while I was waiting on my Togo order that I placed over 45 minutes prior to showing up received their food…,False,True,,food_drinks,False,False,False,True,False,False
33767,TampaBay,2021Q4,negative,-0.9784,1,…2 waiter we asked but they didn't still gave us water.. ordered food 30mins before the other customer before us but they had their food like 5mins before their order but us we we were still waiting and some orders are missing! I would neve…,False,True,,food_drinks|service_staff,False,False,False,True,True,False
85716,Tucson,2021Q1,positive,0.8838,4,"…ing I noticed when I went in to buy a dew, is that the floor was CLEAN!. The hot dog area...looked fresh and the dogs looked good. Some times they are put on the rollers in the morning, and just left unattended all day. That makes f…",True,False,surroundings_safety|cleanliness_public_space,,False,True,True,False,False,False
85752,Tucson,2021Q4,positive,0.9846,5,"My mother in Saddlebrook has used Beyond Clean for years. Jimmy and Chris were just there last week and did an AMAZING job as always. She was sad Jim had to retire, but happy Jimmy and Chris still come out to Saddlebrook and make her tile a…",True,False,cleanliness_public_space,,False,False,True,False,False,False
85704,Tucson,2020Q4,negative,-0.7009,1,"…that I took in before spitting out and throwing the rest in the garbage. On top of all this the doughnuts were not even that good, but Again that could be that they were really really really old and stale. It is 8AM!",True,False,cleanliness_public_space,,False,False,True,False,False,False
85741,Tucson,2020Q1,negative,-0.9154,2,"(Sigh.) This place is so dirty looking and smells funny...eh. A little like musty smoke...? All of the foam blocks are dirty, old, and broken-looking. Alot of the mats are broken and split. The bounce house took 45 minutes to inflate becaus…",True,False,cleanliness_public_space,,False,False,True,False,False,False
37208,Nashville,2021Q1,positive,0.9912,5,"…perfect, the ordering was easy, sugar level is adjustable, super clean, just great all around! They even gave us a red envelope for Chinese New Year that had a message about how they're grateful to be here even when opening up mid pandemic…",True,False,cleanliness_public_space,,False,False,True,False,False,False
37214,Nashville,2021Q4,positive,0.9356,5,…ood was delicious and hot. The service was exactly and place was clean. They can check the restroom to make sure it is well stock.,True,True,cleanliness_public_space,food_drinks|service_staff|price_value,False,False,True,True,True,True
37206,Nashville,2021Q2,positive,0.6486,5,Expensive and worth it. But be careful - all other donuts will thereafter become mere shadows of the platonic ideal pastries achieved at 5D. You've been warned.,False,True,,price_value,False,False,False,False,False,True
37201,Nashville,2021Q4,positive,0.9827,5,"…ents, I contacted them to see if they would work our event. The prices were super reasonable and the professionalism of the person I spoke with, Sarah, really made feel like what she had to offer was quality for the cost. I didn't want to…",False,True,,price_value,False,False,False,False,False,True
19103,Philadelphia,2020Q4,negative,-0.9851,1,…ely we were both so upset with the with everything we sat in the sidewalk in which I do understand with everything going on but the food was terrible it was cold and not good at al,True,True,access_transit,food_drinks,True,False,False,True,False,False
19107,Philadelphia,2020Q1,negative,-0.4914,1,"…read ""MACHINE JAMMED"". Had to buzz several times to WAKE UP the parking attendant. Attendant yelled at me, hung up, and went back to sleep several times. I kept pressing the ""CALL FOR HELP"" button to wake up the attendant for help. He kept…",True,False,access_transit,,True,False,False,False,False,False
33767,TampaBay,2015Q3,neutral,0.0258,1,…ant lot. Disappointing for those of you Yelpers that enjoyed it. Construction is under way for something new.,True,False,surroundings_safety,,False,True,False,False,False,False
33710,TampaBay,2015Q3,neutral,0.0,3,"…Very average breakfast. Decent price. I guess if you are in the neighborhood then why not, but I wouldn't make a trip for it.",True,True,surroundings_safety,price_value,False,True,False,False,False,True
19106,Philadelphia,2020Q4,neutral,0.0,5,exceptional service. Always done on time. If you need alterations this is THE PLACE to go. The results are always above and beyond my expectations.,False,True,,service_staff,False,False,False,False,True,False
19144,Philadelphia,2020Q3,neutral,0.0,5,…g calls right now... They also came out immediately for same day service!,False,True,,service_staff,False,False,False,False,True,False
85746,Tucson,2020Q3,neutral,-0.0013,4,"Needed an item and asked a female employee for instructions on where to find it. She didn't even stop to talk to me when I asked her a question, she kept walking and simply yelled back stating flex seal in the paint section."" Didn't even ma…",True,True,access_transit,service_staff,True,False,False,False,True,False
85743,Tucson,2020Q2,neutral,0.0,1,Watch service staff serve food boxes to customer with out gloves.. Not going back any time soon.,False,True,,food_drinks|service_staff,False,False,False,True,True,False
85719,Tucson,2021Q1,negative,-0.4508,1,"No mask in sight. The cashier, owner, and patrons were all not wearing masks. Terrible place and would not recommend. Won't be going back there. When we asked them to wear masks they refused.",False,True,,service_staff,False,False,False,False,True,False
85739,Tucson,2021Q3,negative,-0.9962,1,…rse off for going here. This company is a nightmare. They have staff so afraid to ask questions that patients are harmed. The constant mix up in drugs . The fact that the doctor forgets to put a drugs in the systems and staff will not bel…,False,True,,service_staff,False,False,False,False,True,False
33626,TampaBay,2020Q1,neutral,0.0,1,…e kitchen closed way before it was posted online. it's more of a neighborhood bar but seemed a little stuffy we went walked in so we kind of just walked back out.,True,False,surroundings_safety,,False,True,False,False,False,False
33774,TampaBay,2020Q4,neutral,0.0044,5,…s were professional and polite. Some things popped up during the construction process and Joe and his team were right there to walk us through the process. His team was very knowledgeable in the construction process. Highly recommend Joe an…,True,False,access_transit|surroundings_safety,,True,True,False,False,False,False
85742,Tucson,2021Q1,positive,0.9433,5,"…ement, wheel/tire change, or just for added peace of mind in the safety department, contact them. They do calibrations as well. A+++ service. A+++ quality. A+++ workmanship.",True,True,surroundings_safety,service_staff,False,True,False,False,True,False
85701,Tucson,2021Q1,positive,0.9829,5,"…rvice, and a nice setting. I appreciate their concerns for guest safety with distancing and other protocols. I'm usually too full after the entree but it was a special occasion so we got dessert. We tried something new--the mango with sti…",True,False,surroundings_safety,,False,True,False,False,False,False
70130,NewOrleans,2020Q4,neutral,0.0034,3,…diocre and the environment didn't feel clean I must say that the service from the wait staff and busboys was exceptional.,True,True,cleanliness_public_space,service_staff,False,False,True,False,True,False
70118,NewOrleans,2020Q3,neutral,0.0,1,Went in to pick up a meal to go. None of the staff was wearing a mask while preparing or handling food.,False,True,,food_drinks|service_staff,False,False,False,True,True,False
19106,Philadelphia,2021Q4,positive,0.9762,5,"I can only say good things! This nail salon is very clean, efficient, they do a great job. I am never needlessly delayed, the people who work there are professionals, and the cherry on top is that the gentleman who works there offers you a…",True,False,cleanliness_public_space,,False,False,True,False,False,False
19107,Philadelphia,2021Q4,positive,0.9307,5,"…place. The staff is very friendly and professional here. Very clean, classy establishment. The drinks can be strong. They are decent. It was a chill time. Bars aren't normally my thing, but if they were, this would be one I would…",True,True,cleanliness_public_space,food_drinks|service_staff,False,False,True,True,True,False
70115,NewOrleans,2021Q3,positive,0.9849,4,"…and satisfying. I really enjoyed the people watching from their sidewalk table, as this spot is located in a great section of Magazine street. Although I wasn't blown away, El Paso is a good spot to get your margarita fix in an area with n…",True,False,access_transit|surroundings_safety,,True,True,False,False,False,False
70130,NewOrleans,2021Q2,positive,0.9965,4,…rom the chaos and noise. Pay the extra few bucks to include self-parking. It's totally worth it (can go in and out unlimited). The outlet mall (which has another location of cafe du monde) and actual high end mall are also right across the…,True,True,access_transit,price_value,True,False,False,False,False,True
37214,Nashville,2019Q2,neutral,0.0,1,…Put in back in very small lot/-5 to 6 feet apart- Mud All around parking spot-,True,False,access_transit,,True,False,False,False,False,False
37203,Nashville,2019Q4,neutral,0.0,3,…Cons: Mostly pays tribute to artists and not so much the music. Parking is not provided.,True,False,access_transit,,True,False,False,False,False,False
70130,NewOrleans,2021Q1,negative,-0.3508,1,…her to bring quarters. LOL. Excuse me you're charging me $240 to clean a 700 Sq foot apartment and you can't manage your own employees? Kicker: they cleaner gets to the condo with no coins so the tenant ended up finding coins for them. 2.…,True,True,cleanliness_public_space,service_staff,False,False,True,False,True,False
70130,NewOrleans,2021Q3,negative,-0.978,1,…Saturday with long lines. No Concierge. Hotel common areas were dirty. The filth on both of the available elevator floors was there our entire stay Friday through Sunday and was never mopped/cleaned; one elevator was out of service. Trash…,True,True,cleanliness_public_space,service_staff,False,False,True,False,True,False
19147,Philadelphia,2021Q4,negative,-0.78,1,…ea so when we brought the bill up to pay I mentioned this to the cashier. He seemed upset/annoyed and proceeded to tell me that the hot tea is on the house in a rude tone...despite having a price on the menu. When he rang us up the price wa…,False,True,,food_drinks|service_staff|price_value,False,False,False,True,True,True
19145,Philadelphia,2021Q3,negative,-0.9654,1,"…do their job. I do not even know why someone work for a public service can be so hateful and dislike helping people that much. They look down on poor people, who they provide the service to. I feel bad for people who have to go here becau…",False,True,,service_staff,False,False,False,False,True,False
37201,Nashville,2020Q3,negative,-0.1591,3,…the restaurant is great. It sucks that they do not validate the parking which was $12 for about 2 hours.,True,False,access_transit,,True,False,False,False,False,False
37211,Nashville,2020Q2,negative,-0.6239,3,I pulled up and both spots in the garage were taken so I parked my car waiting for service. 5 minutes past and nothing. Another car pulls up and starts a line on the other side. She immediately is served and has her tires pumped and car che…,True,True,access_transit,service_staff,True,False,False,False,True,False
33626,TampaBay,2021Q1,negative,-0.4885,5,"…ter. After crying all night, I rushed over to a new salon in the neighborhood (Luxury Nails) told them my horror story and they treated me with kindness and sympathy!! They squeezed me in and completely fixed my nails. They weren't exactly…",True,False,surroundings_safety,,False,True,False,False,False,False
33701,TampaBay,2021Q1,negative,-0.8776,2,…t here on a weekend unless you want bad service and questionable safety.,True,True,surroundings_safety,service_staff,False,True,False,False,True,False
70130,NewOrleans,2021Q2,positive,0.9685,5,…e we waited in line the sidewalk was very narrow they were doing construction on that street and it was hard for people to get through walking by both ways with all of us standing in line. Once we got seated our server took care of us. Jacy…,True,True,access_transit|surroundings_safety,service_staff,True,True,False,False,True,False
70116,NewOrleans,2021Q1,positive,0.995,5,…suggested it i was so excited to go. this is the perfect outdoor neighborhood spot to chat and snack and drink good coffee. i love that they sell fresh snoballs along with coffee and other snack and breakfast items. the staff as well as the…,True,True,surroundings_safety,food_drinks|service_staff,False,True,False,True,True,False
70119,NewOrleans,2021Q4,positive,0.8035,3,"…oks right down disgusting. The rest of the store was reasonably clean and easy to shop, but it's no Rouse's. Off duty NOPD officer in the lobby keeping us safe.",True,False,surroundings_safety|cleanliness_public_space,,False,True,True,False,False,False
70130,NewOrleans,2021Q1,positive,0.8122,5,Hotel with nice accommodations and clean! Street rooms can be noisy. Coffee bar and restaurant downstairs. Big open space with comfortable bed.,True,True,surroundings_safety|cleanliness_public_space,food_drinks,False,True,True,True,False,False
33702,TampaBay,2020Q3,negative,-0.8625,1,…erything is over priced. Staff and owner have attitude problems. Parking is bad have to park down the street in scary/sketchy neighborhood.,True,True,access_transit|surroundings_safety|cleanliness_public_space,service_staff,True,True,True,False,True,False
33770,TampaBay,2020Q3,negative,-0.8625,1,"…ight and only 1 out of 3 were wearing a mask. While I was in the parking lot on the phone complaining about this location to Pinellas county, one of the employees came out to the parking lot, smoked a cigarette and went back inside and serv…",True,True,access_transit,service_staff,True,False,False,False,True,False
70130,NewOrleans,2020Q1,negative,-0.8711,1,"…nights during this winter holiday break. We used the hotel valet parking for our entire stay. On the second night at about 11pm, the valet parking person knocked our door and told us that the door-side window of our mini-van, a sienna 2011,…",True,False,access_transit,,True,False,False,False,False,False
70119,NewOrleans,2020Q3,negative,-0.9583,1,…my gate and elevator key did not work. This left me stuck in the parking garage with no way up until it was opened from a resident leaving. I went to the office several times and they refused to give me a brand new key. There was constant f…,True,False,access_transit,,True,False,False,False,False,False
19147,Philadelphia,2021Q4,neutral,0.0129,1,…ter the holidays. If the order ships while I'm gone the enclosed food will spoil before I return. I was trying to inform them to postpone delivery until after I return. I've received no response or acknowledgement. Christmas is tomorrow a…,False,True,,food_drinks,False,False,False,True,False,False
19138,Philadelphia,2021Q1,neutral,0.0379,3,"Victoria's Kitchen is hit or miss. Some times the food is amazing , and other times they give you the wrong order , and/or it'a not as good. Last I had was the fried shrimp which were good, but the sides (green beans) were meh",False,True,,food_drinks,False,False,False,True,False,False
85705,Tucson,2021Q4,negative,-0.9478,1,The parking lot and entrance road is destroyed. They need to clean that up and fix the road so it is ok to drive it's absolutely ridiculous and ghetto looking also it's not good for my tires. It's very small and unable to find the drive thr…,True,False,access_transit|cleanliness_public_space,,True,False,True,False,False,False
85719,Tucson,2021Q1,negative,-0.8522,1,"…me, they taped it outside my front door, making my personal info accessible to anyone who passed by. Additionally, it was missing the page where I had documented the condition of the apartment upon move-in. I complained and they eventually…",True,False,access_transit,,True,False,False,False,False,False
85746,Tucson,2021Q3,negative,-0.101,1,…of the staff was very poor. It took almost two hours to get our food and had to send half of it back for being ice cold. I can't justify going back to this location.,False,True,,food_drinks|service_staff,False,False,False,True,True,False
85750,Tucson,2021Q2,negative,-0.6794,3,"…WF not have a New York/Italian style sandwich on their sandwich menu? Seriously. Why even be a sandwich shop if you're not going to have a New York/Italian style sandwich. This WF is pissing me off more and more everyday. Also, hire better…",False,True,,food_drinks,False,False,False,True,False,False
33707,TampaBay,2021Q2,neutral,0.0,4,"…She's got her cape on tonight! The Seafood Martinique was very tasty! Crabmeat, shrimp & scallops on a puff pastry with cream sauce. You can see the mashed taters riding the boat in the background. Very tasty indeed!",False,True,,food_drinks,False,False,False,True,False,False
33713,TampaBay,2021Q3,neutral,0.0142,1,"…ed never again, it was such a rip off at that 12bucks for a rice dish with 2slices of small tomatoes 1 cucumber n some pickled carrots that were soggy, Terrible broth and outrageous price, I'll stick with saigon deli, better food portions n…",False,True,,food_drinks|price_value,False,False,False,True,False,True
37203,Nashville,2021Q4,negative,-0.8834,1,"The food that we ""received"" was great, but it's very hard to understand how an Uber order goes out the door half incomplete. The restaurant has the receipt, but the employees putting food in bag can't check off what's in there. I find it…",False,True,,food_drinks|service_staff|price_value,False,False,False,True,True,True
37201,Nashville,2021Q3,negative,-0.9389,1,"Mediocre overstates the food. Service was good but worst fajitas I've ever had anywhere! Carne asada tasted boiled. No cheese. No hot sauce. No flavor. Best thing was Spanish rice and I hate that stuff, here included. Wife got a wedge salad…",False,True,,food_drinks|service_staff,False,False,False,True,True,False
37216,Nashville,2021Q2,negative,-0.75,1,…is not that great either. Food portion kinda small and a little overpriced. Typical of East Nashville... blah!,False,True,,food_drinks|price_value,False,False,False,True,False,True
37217,Nashville,2021Q1,negative,-0.2535,3,…e best in Nashville. The size of the tacos were smaller and more expensive. Not a good value. I've had better,False,True,,price_value,False,False,False,False,False,True
37203,Nashville,2021Q3,negative,-0.9137,1,This place is not good at all. Overpriced service is horrible and it's super hot. Took almost an hour to get water I thought I was going to be a heat casualty. Ever again will you take my money Shabu shabu damn you to hell.,False,True,,service_staff|price_value,False,False,False,False,True,True
37215,Nashville,2021Q2,negative,-0.5757,1,"…ave tried so hard to like this place. Have gone for months. Nice staff, bad results every time. This week was the fourth time in a row I have gone to Allure to get coffin shaped nails (my usual shape) and I cannot get it. The first time, so…",False,True,,service_staff,False,False,False,False,True,False
33647,TampaBay,2012Q3,neutral,0.0,5,"Clean theater. Never seem to have any problems with long lines. Bring a sweater though, can get chilly!",True,False,cleanliness_public_space,,False,False,True,False,False,False
33607,TampaBay,2012Q1,neutral,0.0,1,"….Loveless presentation of food. Place looks tired,especially the bathrooms.",False,True,,food_drinks,False,False,False,True,False,False
19143,Philadelphia,2021Q3,negative,-0.1295,1,"…elp or anywhere else online. The prices are ridiculous ($3.50 to clean and press a man's dress shirt!). And, most important to note, all six of my shirts reek of cigarette smoke. I'm stopping by this weekend to request a refund. Either wa…",True,True,cleanliness_public_space,price_value,False,False,True,False,False,True
19107,Philadelphia,2021Q1,negative,-0.9497,1,"…oews Hotel I have experienced. From inadequate customer service, cleanliness to overall experience, just a disaster. - I booked for 3 nights with an American Express, but there were no amenities the hotel could offer. Never book with them d…",True,True,cleanliness_public_space,service_staff,False,False,True,False,True,False
85712,Tucson,2020Q3,negative,-0.9373,3,…ng her phone out her purse which was hanging off the back of her wheelchair. When a nurse came outside I asked if someone could help her with her phone and he said that he had received the message but that she did not want it which was a li…,True,False,access_transit,,True,False,False,False,False,False
85704,Tucson,2020Q4,negative,-0.9385,1,"…ok my information and said they would be right out. I sat in the parking lot with her for about 45 more minutes waiting for someone. The tech came out and put a leash on here and asked me to put her down. I did and she just said, ""ok, we wi…",True,False,access_transit,,True,False,False,False,False,False
85705,Tucson,2020Q3,neutral,0.0,5,…ct came out looking phenomenal. They didn't try to high ball the price for labor or change the arrangement after I arrived.,False,True,,price_value,False,False,False,False,False,True
85719,Tucson,2020Q1,neutral,-0.0361,1,"…y. I went down the street to ""chiro on the go"" and for a similar price I was seeing right away in a private setting. I highly recommend going to Chiro On The Go instead.",True,True,surroundings_safety,price_value,False,True,False,False,False,True
85743,Tucson,2021Q3,positive,0.8614,5,"…nning to stop in on our way back to AZ! The only downside is the parking situation because of all the other establishments in the same area, but just call and they will let you know if they have availability! (:",True,False,access_transit|surroundings_safety,,True,True,False,False,False,False
85719,Tucson,2021Q1,positive,0.9583,5,…it's 4 miles east of it in a residential area. There is ample parking. A greeter wearing a mask who opens the doors for guests. The decor is colorful. Every other table is marked off and a placard is placed on open tables after being…,True,False,access_transit|surroundings_safety,,True,True,False,False,False,False
19125,Philadelphia,2021Q4,neutral,-0.0223,3,"…tely, outside of the Zatar pita nothing was exceptional. For the prices we paid the food was just so.... Mediocre. Even if it cost less I wouldn't have given it more than 3 stars. I just felt the flavors were underpowered. Like as if they p…",False,True,,food_drinks|price_value,False,False,False,True,False,True
19146,Philadelphia,2021Q2,neutral,0.0,5,They were quick and less expensive than other places in the area. Still enforcing masks and taking temps at the door.,True,True,surroundings_safety,price_value,False,True,False,False,False,True
19151,Philadelphia,2021Q1,neutral,0.0,5,"…or pizza, steak, chef salad location in the Wynnefield area. The staff is professional with customers. They also deliver.",True,True,surroundings_safety,food_drinks|service_staff,False,True,False,True,True,False
19153,Philadelphia,2021Q4,neutral,0.0149,2,"…tles for fruit flies, I suspect I'd find some. (maybe not). 3. Waitress was very nice, but not uber attentive. Caveat Emptor. PS: I should note that this business has not been claimed, nor does it show up on a yelp or google search unle…",False,True,,service_staff,False,False,False,False,True,False
19107,Philadelphia,2021Q4,positive,0.9313,5,"Great location, clean, easily accessible and staff are helpful, accommodating and welcoming.",True,True,access_transit|cleanliness_public_space,service_staff,True,False,True,False,True,False
19106,Philadelphia,2021Q3,positive,0.8964,5,…it cheesy ask and pay for more. Overall great eating experience. Parking might depend on how busy it is but we found some paid parking in the back. Would definitely eat here again.,True,False,access_transit,,True,False,False,False,False,False
19137,Philadelphia,2020Q1,negative,-0.9293,2,"…a faucet replaced. I saw best choice among other plumbers in a neighborhood listing. The day that the job was done the service tech did not have a good attitude .He did not introduce himself or his worker.. when the job was done, The fauc…",True,True,surroundings_safety,service_staff,False,True,False,False,True,False
19128,Philadelphia,2020Q3,negative,-0.7266,1,"…en't present? It's severely unprofessional, selfish and puts the safety of the guests at risk during a pandemic that targets the respiratory system.",True,False,surroundings_safety,,False,True,False,False,False,False
19132,Philadelphia,2021Q3,negative,-0.6457,1,…I would be reviewing a taco bell as I don't usually review fast food - - the idea is we all know what it is and what to expect. I am reviewing this so that hopefully management can understand how bad this location is. I had THE WORST EXPE…,False,True,,food_drinks|service_staff,False,False,False,True,True,False
19147,Philadelphia,2021Q4,negative,-0.5862,1,…ould rate this place a -400 stars if i could. nothing to do with food or atmosphere but the male staff and management towards the female servers. been here only once and i overheard the male manager degrade one of the female servers using s…,False,True,,food_drinks|service_staff,False,False,False,True,True,False
70115,NewOrleans,2021Q4,neutral,-0.0284,1,"…n was a Covid nazi. I presented him my vaccine card, went to the restroom and he would not serve me inside when I came back. I refused to show him my card twice because there is no reason for it. I would not recommend this place at all due…",False,False,,,False,False,False,False,False,False
70115,NewOrleans,2021Q1,neutral,0.0,1,…iced for what you get. I wouldn't give my money to them again. Trash.,True,False,cleanliness_public_space,,False,False,True,False,False,False
70130,NewOrleans,2021Q2,neutral,0.0,3,"The service was well,the food was good,however, salt is not the only s seasoning. I probably won't return because of this!",False,True,,food_drinks|service_staff,False,False,False,True,True,False
70130,NewOrleans,2021Q3,neutral,0.0,1,"…lp state the shop is open until midnight, but they close at 11. Employee says hours changed months ago but owner refuses to update the door.",False,True,,service_staff,False,False,False,False,True,False
70116,NewOrleans,2021Q2,neutral,0.0,5,Everything was amazing....from the atmosphere to food! Can't wait to go back! If you visit New Orleans make reservations for this place!!,False,True,,food_drinks,False,False,False,True,False,False
70112,NewOrleans,2021Q1,neutral,0.0,3,…get the hype about this place. It's overpriced and not all that tasty. There's a spot around the corner that'll knock your socks off for way less money and offers more flavor. This is more upscale I guess. Food and drinks are just ok.,False,True,,food_drinks|price_value,False,False,False,True,False,True
85735,Tucson,2021Q4,negative,-0.8353,1,"…Then see what he quotes. We were not that specific and paid the price. They did a pickup of a ""rake and trash"" haul (they were here less than 10 minutes) they did for $$$$ and cut 1 branch. We actually went out after they were done and n…",True,True,cleanliness_public_space,price_value,False,False,True,False,False,True
85711,Tucson,2021Q2,negative,-0.7396,1,"…the tub and tile surround, they covered the tile surround with a cheap plastic to hide what's behind it. Shower head and faucet trim were detached from wall. New bathroom and closet doors wouldn't even shut when I first moved in due to them…",False,True,,price_value,False,False,False,False,False,True
19107,Philadelphia,2021Q4,negative,-0.4924,3,"…drinks are good, milkshakes are Instagram-able, food is just ok, prices are outrageous for what you get. It's a reliable standby, but nothing great. Gratuity is included in your bill.",False,True,,food_drinks|price_value,False,False,False,True,False,True
19107,Philadelphia,2021Q2,negative,-0.8532,1,"…his place is PERFECT for you!! Don't even bother to worry about pricing, they've got it covered and apparently they know everybody's budget by PROFILING their clients and being extremely classist to your face. While I was getting my nails…",False,True,,price_value,False,False,False,False,False,True
33767,TampaBay,2021Q1,negative,-0.9311,1,"Let me tell you about their ""special parking deal""!! They adverse it's free for one hour. What they DONT tell you is the have VERY confusing floor numbers (you can be on one side it's 3rd floor but the elevator will read 2nd floor!!) on ea…",True,True,access_transit,price_value,True,False,False,False,False,True
33607,TampaBay,2021Q2,negative,-0.71,2,"…, dolphins and fish jump out of the water). Didn't have an issue parking. Cleanish rooms. Cafe breakfast and drinks were good(but overpriced). Deep pool, not overcrowded. The negatives: They charge you a 'resort fee' of $20 per day but the…",True,True,access_transit,food_drinks|price_value,True,False,False,True,False,True
37212,Nashville,2021Q1,positive,0.948,5,"…s (and this is a big one for me), they have their own convenient parking behind the building. I tried the Cauli soup and Tennessee Thai. Both were full of flavor and left me feeling full and 100% satisfied. I would order both again, but…",True,True,access_transit,food_drinks,True,False,False,True,False,False
37204,Nashville,2021Q2,positive,0.0615,2,"…breweries. It's 88 degrees out but their asphalt patio in the parking lot is about 105 at least. Everywhere else we were ok in the shade, not here. We were most excited to try this place but they would not let us inside with our servic…",True,False,access_transit|cleanliness_public_space,,True,False,True,False,False,False
37208,Nashville,2021Q4,negative,-0.3504,3,"…to go inside to see what the issue was. Inside I found a large, clean open dining area with tables widely spaced. Not crowded, just 2 other customers. I stepped up to the cashier and asked about my Apple order. She said it did not go throu…",True,True,surroundings_safety|cleanliness_public_space,service_staff,False,True,True,False,True,False
37214,Nashville,2021Q1,negative,-0.8903,2,"…y. If this restaurant wants a shot at staying open, they need to clean out the host staff and start over. They are nothing like the staff in Pigeon Forge. After my last visit, I will never visit the Nashville location again. Southern Hospi…",True,True,cleanliness_public_space,service_staff,False,False,True,False,True,False
85743,Tucson,2020Q4,neutral,0.0,2,Without saying a lot it just wasn't my type of Chinese food. I prefer more green vegetables and less brown sauce.,False,True,,food_drinks,False,False,False,True,False,False
85716,Tucson,2020Q1,neutral,-0.024,3,"You get a lot of food, which is great, and this location has a lot of protein options. They had less crunchy toppings than other LemonSharks we have been to. The spicy tuna is ground, which we found very strange, as the regular tuna is in c…",False,True,,food_drinks,False,False,False,True,False,False
85712,Tucson,2021Q3,negative,-0.9326,1,"…hing was-just the simple fact that I was sitting in a booth with dirty walls, sticky table and flies. it was hot, and service must have been a thing of the past. Wife got sick from her beef tamale and while The waitress was new and a bit sl…",True,True,cleanliness_public_space,service_staff,False,False,True,False,True,False
85719,Tucson,2021Q3,negative,-0.7851,1,"…, the job was unprofessional and botched and he put our cat in a dirty torn rag I wouldn't wash my car with. If I could give zero stars I would. Stay.Far. Away.",True,False,cleanliness_public_space,,False,False,True,False,False,False
70130,NewOrleans,2021Q3,negative,-0.9112,1,"…ll now I'm back and of course it is awful. There is no more free parking, and the worst part is they control what you can put your thermostat to!!! It's very hot on the floor I'm on right now and the room smells very awful. I will never com…",True,False,access_transit,,True,False,False,False,False,False
70118,NewOrleans,2021Q2,negative,-0.6806,1,"…. This place is a dump infested with local drunks hanging out in sidewalk and bothering customers . Owners don't care . Avoid these homophones , because If they spout that bs so freely they are definitely racist af.",True,False,access_transit,,True,False,False,False,False,False
37214,Nashville,2020Q4,neutral,0.0319,1,…ultimately keeping us awake. We complained the next day to the staff and they made some weak excuses but didn't do anything to make things right. The lobby of the hotel is beautiful and seems like a nice place but if you want a decent ni…,False,True,,service_staff,False,False,False,False,True,False
37215,Nashville,2020Q1,neutral,0.0,1,"…e weren't even given an explanation. Through the glass door, an employee simply made the slice-across-the-throat gesture, indicating it was a wrap for the night.",False,True,,service_staff,False,False,False,False,True,False
37212,Nashville,2020Q4,neutral,0.0,1,"…ost over-priced restaurant in Nashville. The food is basic, the prices are extraordinary. Our family of four got takeout here today. We didn't get anything extravagant--a Bento box, Udon, and a couple of sushi entrees--and still paid o…",False,True,,food_drinks|price_value,False,False,False,True,False,True
37203,Nashville,2020Q1,neutral,-0.0396,4,…a really good DJ and you can get some 2 For 1 bottle of bubbly (overpriced) but it's cool. What is disappointing is that you have to pay extra for OJ to make a mimosa ... it's about $4/shot of it ... really overpriced- is really be a fligh…,False,True,,price_value,False,False,False,False,False,True
37209,Nashville,2020Q1,neutral,0.013,1,…g now and was told to settle at the end and they would bring the food to the table. The service was fine. The food was fair to poor. The rice was very dry and crunchy. The gyro meat was very dry as well. Grape leaves were okay. The only ite…,False,True,,food_drinks|service_staff,False,False,False,True,True,False
37203,Nashville,2020Q4,neutral,0.0,5,…t. I made a recap video which features items from the Fall 2020 menu: https://www.youtube.com/watch?v=twrppwtw03M&feature=youtu.be,False,True,,food_drinks,False,False,False,True,False,False
37219,Nashville,2020Q1,negative,-0.7524,1,…too! Fine dining its not and its not cheap go elsewhere! Dodgy neighborhood too the Walgreens across the street the guard had a pretty major gun in case of trouble,True,True,surroundings_safety,price_value,False,True,False,False,False,True
37214,Nashville,2020Q2,negative,-0.7559,1,"…OULD GET BACK ON THE BOAT WITH THIS ""solution"". This was a major safety issue in my eyes, not to mention it felt like a setup from this moment onwards. When we returned I politely let the ""manager"" know that I felt massively disrespected b…",True,False,surroundings_safety,,False,True,False,False,False,False
19148,Philadelphia,2021Q4,negative,-0.2565,3,"…e drive is 20 seconds long and you can barely see over the other parked cars. Try to take bus, subway, or walk here instead. Traffic can be bad on weekend evenings. Every year is a little different, and each year is pretty good. The block…",True,False,access_transit|surroundings_safety,,True,True,False,False,False,False
19145,Philadelphia,2021Q2,negative,-0.8677,1,Why cant they clean the parking lot area it is disgusting !!!... I only go there if its a must and i have NO other choice!!! The management needs to be held accountable,True,True,access_transit|surroundings_safety|cleanliness_public_space,service_staff,True,True,True,False,True,False
85705,Tucson,2021Q2,neutral,0.0,1,"Service very slow and food was overpriced and icky. My mom ordered tri tip steak. Was raw. Sent back, second piece identical. Would not return!",False,True,,food_drinks|service_staff|price_value,False,False,False,True,True,True
85711,Tucson,2021Q2,neutral,0.0,3,"…you like that kinda thing. Here's the ridiculous thing here: the prices are no longer on the menu board. WTF? Who's the genius that thought that was a good idea? YOUR CLIENTELE IS WORKING CLASS, WE WANT TO SEE WHAT YOUR FOOD COSTS believe i…",False,True,,food_drinks|price_value,False,False,False,True,False,True
33607,TampaBay,2020Q1,neutral,0.0,3,"…me. We did not arrive as a group, primarily due to the difficult parking situation in the area (no fault of the restaurant). Three of us were never asked for drink orders; this leads me to a comment that the service was a touch below averag…",True,True,access_transit|surroundings_safety,food_drinks|service_staff,True,True,False,True,True,False
33702,TampaBay,2020Q4,neutral,-0.0387,1,"…notification that my order was ready. I checked in while in the parking lot, and began a wait. I was fortunate enough to have a space in front of the door, so I was ""handy"". After 20 minutes, I went inside tosee what number I was in line.…",True,False,access_transit,,True,False,False,False,False,False
37203,Nashville,2021Q4,neutral,-0.003,1,"…re someone emerged from the kitchen. And last but not least, the food was nearly inedible. We ordered spinach artichoke dip that tasted like it came from the freezer section of a grocery store and was microwaved. The fries were fresh out of…",False,True,,food_drinks,False,False,False,True,False,False
37206,Nashville,2021Q1,neutral,0.0258,2,"Mediocre, overpriced food, awkward seating, everything feels kind of sticky, smokey/smelly, bathroom is sketch. Now that you can get a bushwhacker almost anywhere and lots of places have better patios, there's no reason to go here.",False,True,,food_drinks|price_value,False,False,False,True,False,True
19139,Philadelphia,2021Q2,negative,-0.868,1,…r three hours to deliver the food! It's a shame that such a good neighborhood spot has become so poor... Time to find another go to spot...,True,True,surroundings_safety,food_drinks,False,True,False,True,False,False
19146,Philadelphia,2021Q4,negative,-0.6378,3,"…d! Even so, I will probably explore other sushi options for this neighborhood in the future.",True,False,surroundings_safety,,False,True,False,False,False,False
37215,Nashville,2021Q3,negative,-0.7207,2,"…u live in Nashville, you know just how terrible it is. The worst parking situation in the city hands down (can circle for 40 minutes and find nothing). Unfortunately the actual staff of this particular location doesn't do them any favors.…",True,True,access_transit,service_staff,True,False,False,False,True,False
37209,Nashville,2021Q4,negative,-0.8977,2,"…respectful and leasing office does nothing about it. (ie double parking you in overnight, parking in handicapped spaces without being handicapped, parking it the walkway blocking access the apartments...) Find yourself somewhere else to l…",True,False,access_transit,,True,False,False,False,False,False
33619,TampaBay,2021Q3,neutral,0.0433,1,…y. Not to mention1 full week they aren't coming to get the valet trash we pay for. All you get with this place is excuses and no accountability. Whoever commented on this post with an email also never responded lol,True,False,access_transit|cleanliness_public_space,,True,False,True,False,False,False
33615,TampaBay,2021Q1,neutral,0.0,1,They did not provide a bathroom to anyone not have any out door bathrooms then when I told the lady that I needed a bathroom I am a paying customer and waiting for 2 1/2 hours in your parking lot you need to provide some bathroom access the…,True,False,access_transit,,True,False,False,False,False,False
33604,TampaBay,2014Q1,neutral,0.0239,3,"…women, I find that a problem. Please, please either lower your prices, or make your portion sizes reasonable. I had the duck - it was literally two pieces of duck each the size of a quarter, about half a cup of polenta, and half a cup of…",False,True,,price_value,False,False,False,False,False,True
33604,TampaBay,2014Q4,neutral,-0.0257,2,…ing. I am sad to say I won't recommend this place to anyone. The prices are high for the quality and service.,False,True,,service_staff|price_value,False,False,False,False,True,True
85705,Tucson,2021Q4,neutral,-0.0498,1,"…it came with, they told me carrots, there were no carrots. The staff was very unprofessional and the tables don't get wiped down and the trash cans were overflowing. And they were understaffed all during the 4th Ave., Street fair",True,True,surroundings_safety|cleanliness_public_space,service_staff,False,True,True,False,True,False
85715,Tucson,2021Q4,neutral,0.0462,3,ok food. very slow service. server didn't seem to care. my experience at the other branch was great so it was quite disappointing.,False,True,,food_drinks|service_staff,False,False,False,True,True,False
85719,Tucson,2021Q2,neutral,-0.0415,1,…e out. When I went to pick up there was no set up for picking up food. Their patio was full and complete with someone who had a very loud dry cough. I indicated that I was there for my order and told to wait in the middle of the patio area.…,True,True,surroundings_safety|cleanliness_public_space,food_drinks,False,True,True,True,False,False
85711,Tucson,2021Q3,neutral,-0.012,2,"…d. It was so loud in there you couldn't talk, it felt dirty, the food was so bland and greasy. The nachos looked and tasted like they had been microwaved with some shredded cheese. The server was super nice and friendly but unfortunately th…",True,True,cleanliness_public_space,food_drinks|service_staff,False,False,True,True,True,False
33637,TampaBay,2020Q4,neutral,-0.0072,1,"…room is musky, would not suggest staying here rooms seem overall unsanitary/dirty",True,False,cleanliness_public_space,,False,False,True,False,False,False
33706,TampaBay,2020Q1,neutral,0.0,1,"…even know what it was, but it tasted like food taken out of the garbage disposal and placed inside a tortilla. We go to Mexico City and Oaxaca all the time and this ""restaurant"" is an abomination to Mexican food.",True,True,cleanliness_public_space,food_drinks,False,False,True,True,False,False
37203,Nashville,2021Q1,neutral,-0.0101,1,…in 10 minutes and they gave me a great haircut with professional service at half the price of Boardroom. Will never use them.,False,True,,service_staff|price_value,False,False,False,False,True,True
37208,Nashville,2021Q2,neutral,0.0,5,"Littythis is the place to go in Nashville!! They hade it all.. service, food, bar, live music, dj and valet parking.",True,True,access_transit,food_drinks|service_staff,True,False,False,True,True,False
37206,Nashville,2021Q3,neutral,0.0,2,"Delish but bonkers expensive for what it is. This is street food on a gourmet budget. I got bao, meat on a stick, and bowl of noodles. $58 after tip. Too mucking fuch.",True,True,surroundings_safety,food_drinks|price_value,False,True,False,True,False,True
37206,Nashville,2021Q2,neutral,0.0263,1,"This spot is not worth the money. The burrito was mediocre, and it wasn't even warm. My friends chicken burrito had a bone in it. Not worth it at all",False,True,,food_drinks|price_value,False,False,False,True,False,True
33647,TampaBay,2021Q2,neutral,0.0285,1,"…verpaid and we're extremely disappointed. One star because the server we had was nice, but really that's about it.",False,True,,service_staff,False,False,False,False,True,False
33785,TampaBay,2021Q1,neutral,-0.0129,2,…street. Food that Is ordered almost Never correct. As bad is the staff have become rude. Won't be going back. I am a local if IRB and had been a fan of Jakes over the years. No more. Done with the attitude and food.,True,True,surroundings_safety,food_drinks|service_staff,False,True,False,True,True,False
33714,TampaBay,2021Q2,neutral,0.0258,2,"…ne orders. Now we got to freaking wait another 20 minutes in the parking lot waiting for our food. They always seem hectic in the kitchen, they need to hire a good manager.",True,True,access_transit,food_drinks,True,False,False,True,False,False
33610,TampaBay,2021Q1,neutral,-0.0486,1,…people that gave money for that house before me had a child in a wheelchair the neighbors say they've seen many families coming though same day having to move their stuff out I will highly not recommend finding a house to these people. 1415…,True,False,access_transit,,True,False,False,False,False,False
85713,Tucson,2018Q4,neutral,-0.0062,1,"…n like other parks in Tucson, so what can I say go elsewhere for safety reasons.",True,False,surroundings_safety,,False,True,False,False,False,False
85745,Tucson,2018Q2,neutral,-0.0279,1,"…e are small shelving units which form a wall between rooms-total safety hazard. They are not anchored down in any way. During the class another child knocked down a safety gate - also not anchored in anyway. The place was filthy, I asked ab…",True,False,surroundings_safety|cleanliness_public_space,,False,True,True,False,False,False
19122,Philadelphia,2020Q3,neutral,0.0446,3,Inconsistent pricing. No upfront pricing provided when asked. Decent nail job though. Nice designs and thorough pedicure done. Just need to be clear with prices upfront. Never had this problem precovid19 with them. It's the second time duri…,False,True,,price_value,False,False,False,False,False,True
19127,Philadelphia,2020Q3,neutral,0.0,3,Essentially they have overpriced artisan pizzas which almost always look completely different from what you're going to expect. The pizzas are tasty but nothing to write home about.,False,True,,food_drinks|price_value,False,False,False,True,False,True
85747,Tucson,2020Q3,neutral,-0.048,1,"…his is above the strict 41° food has to be kept at all times for safety readons. We called and asked to bring it back and they refused. We asked to speak to the manager, Abdul Osazam. He refused to even help us to exchange the items. He bas…",True,True,surroundings_safety,food_drinks,False,True,False,True,False,False
85705,Tucson,2020Q3,neutral,0.0,1,…with people serving themselves without masks. It felt incredibly unsafe and unsanitary in the midst of this pandemic.,True,False,surroundings_safety,,False,True,False,False,False,False
19135,Philadelphia,2020Q2,neutral,0.0,2,…nly gave 2 stars because it's too expensive. Especially for this neighborhood. There is always another steak/burger restaurant in the area.,True,True,surroundings_safety,food_drinks|price_value,False,True,False,True,False,True
19123,Philadelphia,2020Q3,neutral,0.0231,1,"…ce in the building and they do not work, so this is a completely unsafe place to live in Northern Liberties. There was a shooting out front of the building lately and not only have they not acknowledged that or done anything about it, but t…",True,False,surroundings_safety,,False,True,False,False,False,False
85712,Tucson,2019Q2,neutral,-0.0258,4,"Today 10-19 2pm parked west of tire store about 6 spots , guy parked in big truck next to me last spot outside visible was robbed , torn dash off stole stereo full daylight beware on Costco grant rd Today 5-14-19 new incident Costco lot ea…",True,False,access_transit,,True,False,False,False,False,False
85701,Tucson,2019Q1,neutral,0.0,1,"…would. We attended a great concert at the Tucson Pops. We were parked on the third level. The elevator did not work so my sister and my husband, who have issues walking any distances, were forced to walk up to that level. It took us abo…",True,False,access_transit,,True,False,False,False,False,False
85743,Tucson,2019Q3,neutral,0.0078,2,"My whole family likes this place. Exactly what we'd like in the neighborhood. Most food is good, only a couple things not so good. Then the waitresses ignore us while we watched the NBA finals. They'd walk right by us constantly & serve t…",True,True,access_transit|surroundings_safety,food_drinks,True,True,False,True,False,False
85712,Tucson,2019Q2,neutral,-0.0405,4,…n it realized how dumb of a decision it was to wander around the neighborhood on the coldest night of the year. This vet also put our dog down after hours.,True,False,surroundings_safety,,False,True,False,False,False,False
70116,NewOrleans,2021Q1,neutral,0.0,2,…The specials were $10-$15 more than any other menu item and the prices weren't told. I expected more than meat on a plate swimming in oily liquid for the price.,False,True,,food_drinks|price_value,False,False,False,True,False,True
70115,NewOrleans,2021Q1,neutral,0.0,1,Place was extremely underwhelming and overpriced for what you get. I wouldn't give my money to them again. Trash.,True,True,cleanliness_public_space,price_value,False,False,True,False,False,True
85712,Tucson,2021Q1,negative,-0.9244,1,"…e combative language I used to their staff and the fear of their safety. I for sure said FU to them, there is no doubt about that but that was the very last thing I said to them & the last call I received when they canceled my appt. after m…",True,True,surroundings_safety,service_staff,False,True,False,False,True,False
85710,Tucson,2021Q3,negative,-0.9805,1,"…property--DUMB. On the outside they are notorious for starting a construction project and never finishing, starting early Af on the weekends, causing so much trash buildup, dirt everywhere, loud rude workers who whistle at you as you are wa…",True,True,surroundings_safety|cleanliness_public_space,service_staff,False,True,True,False,True,False
37201,Nashville,2020Q4,neutral,-0.0274,3,…ds most is a deep cleaning. The floors were super slippery and bathroom sinks kinda moldy. The windows next to our table were grimy and dirty.. Unfortunately this shadows the food . We really liked the deviled eggs and brustle sprouts.…,True,True,cleanliness_public_space,food_drinks,False,False,True,True,False,False
37203,Nashville,2020Q1,neutral,0.0,1,I waited in the bathroom line for an hour. I had to ring in the new year from the toilet. They should have anticipated their toilets being out of order...,False,False,,,False,False,False,False,False,False
85726,Tucson,2014Q2,neutral,0.0,1,Neighborhood Beware! These guys came to my door 17 times in 8 days. Why isn't there a Do Not Ring registry????,True,False,surroundings_safety,,False,True,False,False,False,False
85704,Tucson,2014Q2,neutral,0.0258,4,My mechanic was not available due to the long weekend. My neighborhood Meineke was open and got my bad battery issue resolved. A good price for the services rendered. The staff was exceptional.,True,True,surroundings_safety,service_staff|price_value,False,True,False,False,True,True
37203,Nashville,2021Q4,negative,-0.8153,1,DO NOT LIVE HERE!! Crappy management. Ongoing unnecessary construction that made living there absolute hell. The property barely gave me a discount in my rent even though the noise was unbearable and ridiculous to have to live with. Absolut…,True,True,surroundings_safety,service_staff|price_value,False,True,False,False,True,True
37204,Nashville,2021Q3,negative,-0.9622,1,…someone gets in quick and straightens this store out before the neighborhood looses such a convenient place to shop.,True,False,surroundings_safety,,False,True,False,False,False,False
70130,NewOrleans,2020Q3,negative,-0.6953,1,…at everything thoroughly enough but I suffered for whatever food safety precautions they didn't follow.,True,True,surroundings_safety,food_drinks,False,True,False,True,False,False
70118,NewOrleans,2020Q2,negative,-0.5106,1,"Dangerous neighborhood, poor quality of food and service. Long long wait. MSG all the way. Not a place where I would order Asian food either. There are better place in town.",True,True,surroundings_safety,food_drinks|service_staff,False,True,False,True,True,False
85756,Tucson,2021Q4,neutral,0.0186,5,"Easy to navigate and you can leave your car at a nearby parking, with shuttle service for around $6. Less if you don't care about covered parking.",True,True,access_transit,service_staff,True,False,False,False,True,False
85701,Tucson,2021Q3,neutral,0.0,1,…utes before our event and sat in traffic in line to get into the parking lot for the full 30 minutes and then when we got to the entrance we were told the lot is full and to go to the garage on Broadway/Church. We drove to the Broadway/Chur…,True,False,access_transit,,True,False,False,False,False,False
85706,Tucson,2021Q3,neutral,0.0495,2,"…lf carts even though they have a complaint with a site number. Safety issues everywhere from kids under required ages being allowed in pool with no adult present. Propped open pool fences so any toddler could walk in, get in pool and drow…",True,False,access_transit|surroundings_safety,,True,True,False,False,False,False
85713,Tucson,2021Q2,neutral,-0.0098,1,"…o my visit, I called the establishment to inquire about Covid-19 safety protocols. The employee stated that they were following safety measures including disposable utensils, required use of gloves to select food, and facemasks when unable…",True,True,surroundings_safety,food_drinks|service_staff,False,True,False,True,True,False
85719,Tucson,2021Q3,neutral,0.0,1,Sam fox sold it to Scott Kilpatrick and now it is complete garbage. This Caesar was immaculate and known in OV and now Furrs cafeteria from the 90's. This place will be gone in less than 6 months,True,False,cleanliness_public_space,,False,False,True,False,False,False
85704,Tucson,2021Q4,neutral,-0.0258,1,"…lot to be desired. Upon arrival we had to change rooms due to a dirty room which was completely separate from the main hotel grounds. Our second room provided great access to the resort, but was dark and dirty. During the day the hallway s…",True,False,cleanliness_public_space,,False,False,True,False,False,False
70130,NewOrleans,2021Q2,negative,-0.9956,1,"…Vieux Carre in the evening: either eat beforehand in a different neighborhood or secure reservations beforehand (go to Arnauds, Felix's or Antoines instead of this place!!) Again I hate to be so negative but this experience wasted 3 hours…",True,False,surroundings_safety,,False,True,False,False,False,False
70116,NewOrleans,2021Q3,negative,-0.6806,1,"…for years, and this was alarming even to me. Disgusting, smelly, unsafe feeling even during the day. An absolute slum.",True,False,surroundings_safety,,False,True,False,False,False,False
85706,Tucson,2020Q3,neutral,-0.0369,2,"They are really clean and even give you a face shield to take home, which is great. I live coming here for pedicures, but Everytime I get the man who I think is the owner or at least the manager I am unhappy with my manicure. He did my firs…",True,False,cleanliness_public_space,,False,False,True,False,False,False
85713,Tucson,2020Q4,neutral,-0.0258,1,…up on this place. i will not be returning. rock hard salmon. filthy floors. and kids running around like they are in a chuckee cheese playground. and the parents have no clue about decorum.,True,False,cleanliness_public_space,,False,False,True,False,False,False
19143,Philadelphia,2021Q4,neutral,-0.0258,1,"They overcharge despite stating on their website that they are a neighborhood alternative to the ""high cost"" garages. They charged 4x the cost of the part based on Advanced Auto list for the part they replaced and an hour of labor for the…",True,True,surroundings_safety,price_value,False,True,False,False,False,True
19134,Philadelphia,2021Q2,neutral,0.0,5,…licious....Menu has something for everyone...Glad they are in my neighborhood....,True,True,surroundings_safety,food_drinks,False,True,False,True,False,False
19147,Philadelphia,2012Q4,neutral,0.0359,2,…service. Better options with far more value and character in the neighborhood.,True,True,surroundings_safety,service_staff|price_value,False,True,False,False,True,True
19125,Philadelphia,2012Q1,neutral,-0.0009,4,"…tree as Memphis do not dope patrons. Memphis Taproom is a local neighborhood pub for good eats of pulled pork, and Hefeweizen Hummus where locals and visitors mingle and distress the daily grind from the daily deal. Oddly, their menu cove…",True,True,surroundings_safety,food_drinks|price_value,False,True,False,True,False,True
19147,Philadelphia,2020Q4,neutral,0.0,2,"Aside from the impossible f-ing city parking around there and having to park far away, it's just peachy.",True,False,access_transit|cleanliness_public_space,,True,False,True,False,False,False
19127,Philadelphia,2020Q4,neutral,0.0044,1,"…ost proceeded to lead us outside and said ""I can take you to the bus stop, or I can seat you at the trashcan"". At first we thought he was joking, but then proceeded to lead us off the property to the trash by the curb. The host took two exc…",True,False,access_transit|cleanliness_public_space,,True,False,True,False,False,False
37201,Nashville,2021Q2,neutral,-0.0325,4,…location was rooftop on a hotel so I found it very easy to find. Parking is right across the street self pay if you don't valet. The atmosphere gets a 10 very modern and sexy. The drinks were good although I was driving so I stuck with win…,True,True,access_transit|surroundings_safety,food_drinks,True,True,False,True,False,False
37214,Nashville,2021Q2,neutral,0.0,1,I parked short term to pick up my daughter. Was parked for 38 minutes. Anything over 30 minutes is considered a full day for parking. $16 to park for 38 minutes. What a bunch of BS!,True,False,access_transit|cleanliness_public_space,,True,False,True,False,False,False
19106,Philadelphia,2021Q4,neutral,-0.0251,1,…rvice is just as bad. The only positive is they do validate your parking. Get drinks here and find some better food,True,True,access_transit,food_drinks,True,False,False,True,False,False
19122,Philadelphia,2021Q1,neutral,0.0,4,…y is located at Temple University medicine school nearby but the parking lot is very small.,True,False,access_transit,,True,False,False,False,False,False
70130,NewOrleans,2016Q3,neutral,-0.0191,1,…cause the system of you can call it that isn't working. And the Parking is outrageously expensive with tax you're looking almost 50 bucks a night and they take forever to get your car as the car is park very far away their are lots better…,True,True,access_transit|cleanliness_public_space,price_value,True,False,True,False,False,True
70121,NewOrleans,2016Q2,neutral,-0.022,3,"…typical steel construction large commercial building. There is a parking lot. Nothing fancy. 3 stars Overall: Although I don't live in the area, it is fairly convenient if one happens to be driving through. 3 stars",True,False,access_transit|surroundings_safety,,True,True,False,False,False,False
19149,Philadelphia,2021Q2,neutral,0.0,1,This place was so trash. The food was so cold and very overpriced. We didn't even finish our plates I've never been in and out of a place so fast.,True,True,cleanliness_public_space,food_drinks|price_value,False,False,True,True,False,True
19130,Philadelphia,2021Q3,neutral,-0.0,1,…e box lol. What the hell is this Edit: it tastes like it looks. Garbage,True,False,cleanliness_public_space,,False,False,True,False,False,False
33764,TampaBay,2021Q3,neutral,0.0,1,"Company seems to respond quickly to service calls, but their prices are the highest in the area. They wanted to charge $350 (including a discount) to install a new water inlet valve on my toilet.",True,True,surroundings_safety,service_staff|price_value,False,True,False,False,True,True
33629,TampaBay,2021Q2,neutral,0.0201,1,"Price is decent but I commonly have issues. Went to pick up my order of 9 items a day after they were due to be ready. They weren't and I had a flight out that morning. They didn't communicate that the pieces wouldn't be ready, and I had to…",False,True,,price_value,False,False,False,False,False,True
37203,Nashville,2021Q4,neutral,-0.003,1,"…decided to give it a try. First impression: the place was really dirty, w/ debris on the floor and an overall unkempt look. Secondly, there was no one behind the counter; we waited a good 5 mins before someone emerged from the kitchen. And…",True,False,cleanliness_public_space,,False,False,True,False,False,False
37214,Nashville,2021Q2,neutral,0.0,1,This place is filthy! Trash bin overflowing by front door all week. Trash in hallway. cigarettes all over patio and chairs.,True,False,cleanliness_public_space,,False,False,True,False,False,False
70122,NewOrleans,2021Q4,neutral,0.0,1,Ordered food and waited for about 30 mins in the parking lot. Didn't get my food because the store closed. Saw employee drug deal in the parking lot.,True,True,access_transit,food_drinks|service_staff|price_value,True,False,False,True,True,True
70115,NewOrleans,2021Q2,neutral,0.0,3,…ace. My only complaint is the morons it attracts who take up all parking spots from the home owners that actually live here. I shouldn't have to park around the other side of the block of where I live. Then when exiting onto Tchoupitoulas S…,True,False,access_transit|surroundings_safety|cleanliness_public_space,,True,True,True,False,False,False
33602,TampaBay,2021Q4,neutral,0.0422,1,"…the location, the pool, or the baths don't move in here. There's construction everywhere, to the point that the road is closed and the noise is constant. The pool is also completed shaded and surrounded by construction so it smells like cig…",True,False,surroundings_safety,,False,True,False,False,False,False
33607,TampaBay,2021Q4,neutral,0.0,5,Little piece of Aloha in up and coming neighborhood of Tampa downtown. It's an unexpected slice of beer Haven.,True,True,surroundings_safety,food_drinks,False,True,False,True,False,False
85730,Tucson,2013Q4,neutral,0.0232,4,"…and food on the go. It's also affordable and the place is always clean. My son's only let down here is the soda slushy machine that is always ""not ready"" or always ""defrosting"". I believe it's because they always run out since it's in deman…",True,True,cleanliness_public_space,food_drinks|price_value,False,False,True,True,False,True
85714,Tucson,2013Q2,neutral,0.0498,1,"To me, any nail salon that is unsanitary gets a single star. The last time I got a fill here, the tools on my technicians station looked like they hadn't been disinfected in months. Made me feel a little sick inside. Also the floors and bas…",False,False,,,False,False,False,False,False,False
70124,NewOrleans,2020Q2,neutral,0.0382,1,…nger and you have to sit in your car. Me and my wife live in the neighborhood so we decided to eat some brunch. We had to sit on the hot porch without even being asked if we wanted something to drink. We were told the wait time is 45- mi…,True,True,surroundings_safety,food_drinks,False,True,False,True,False,False
70119,NewOrleans,2020Q3,neutral,-0.0094,4,"…ed in for an iced coffee. Covid has really done a number on this neighborhood spot. The inside was practically empty, as mostly all tables & chairs were removed. I saw about 3 tables inside which were occupied. There were plenty of tables &…",True,True,surroundings_safety,food_drinks,False,True,False,True,False,False
37203,Nashville,2015Q2,neutral,0.0,1,…o our waitress and she said nothing. Then my husband went to the bathroom and saw another mouse traveling along the baseboard of the floor. Needless to say we left as quickly as we could. We at least expected some kind of accommodation from…,False,True,,service_staff,False,False,False,False,True,False
37203,Nashville,2015Q4,neutral,-0.0,1,"…lipstick on it. I asked for a new glass and was given an empty, clean glass and told to ""pour the wine into the clean glass."" Our waitress was seen a total of 5 times in over an hour. We arrived at Maggiano's at 6:05 PM and left at 8:45 P…",True,True,cleanliness_public_space,food_drinks|service_staff,False,False,True,True,True,False
19107,Philadelphia,2014Q1,neutral,-0.0166,3,"…but at $40-$150 one way, the cost is too damn high. SEPTA-to-NJ Transit: 2.5 hours on a good day, 4 hours if you miss your connections. Nope. Just nope. So, Greyhound is not amazing. But it's fine. The Express program works like this: Go…",True,True,access_transit,price_value,True,False,False,False,False,True
19107,Philadelphia,2014Q3,neutral,-0.0098,3,…. I think next time I will just order take out. It beats finding parking.,True,False,access_transit,,True,False,False,False,False,False
37206,Nashville,2014Q4,neutral,-0.0097,2,"What once opened as a great neighborhood burger joint, turned into a mediocre tourist drive-by. Perhaps they weren't prepared for the influx of patrons, but the food has gone down hill and so has the service. Burgers are either severely u…",True,True,surroundings_safety,food_drinks|service_staff,False,True,False,True,True,False
37206,Nashville,2014Q4,neutral,-0.0258,3,"…n for drinks. I noticed there was no review, while it was under construction, unlike City Winery.",True,True,surroundings_safety,food_drinks,False,True,False,True,False,False
85719,Tucson,2015Q3,neutral,0.0088,2,…le has really gone down in quality. This particular location was dirty without a single clean table in the place. It is sad that this once great chain is no longer desirable. The counter service is rushed -- even in slow times -- and clearl…,True,True,cleanliness_public_space,service_staff,False,False,True,False,True,False
85714,Tucson,2015Q2,neutral,-0.0362,1,…add gratuity without informing you. Overall restaurant not very clean and not welcoming. It's rare for me to give such a low review but for sure me and my family won't be returning.,True,False,cleanliness_public_space,,False,False,True,False,False,False
70130,NewOrleans,2017Q3,neutral,0.0258,3,"…verage food, venue, service. Agree with other reviewers that the parking is atrocious on this particular area of magazine (Starbucks, Coquette, Smoothie King customers gotta park, too). The wait is insane; get there about 45 minutes before…",True,True,access_transit|surroundings_safety|cleanliness_public_space,food_drinks|service_staff,True,True,True,True,True,False
70116,NewOrleans,2017Q1,neutral,0.0,5,…in the old Brocato ice cream store. Check out the tiles in the sidewalk at the entrance...a real throw back to the twenties.,True,True,access_transit,price_value,True,False,False,False,False,True
37219,Nashville,2013Q4,neutral,0.0217,1,"…er what room you get, they charge you THIRTY dollars per day for parking in their own garage, $30 PER DAY. That's more than most large airports. Secondly I was charged $250 in damages for coffee spilled on a couch which I cleaned up flawles…",True,True,access_transit,food_drinks,True,False,False,True,False,False
37205,Nashville,2013Q1,neutral,0.0387,3,"…anywhere else in Nashville, but you certainly pay for it. Their parking lot is t.i.n.y. and a royal pain to get into and back out of when busy. Definitely go to their website and see if they have coupons available.",True,False,access_transit,,True,False,False,False,False,False
19103,Philadelphia,2019Q4,neutral,0.0,5,"Flew in from NE Florida, headed towards the tall buildings. Parked, pee'd, & pizza? Why not.. Pub & pizza? Bout it.. Katie is the shxt, she at the bar. The Vodka pizza is flame, might be blue flame. Hit it up.",True,True,access_transit,food_drinks,True,False,False,True,False,False
19127,Philadelphia,2019Q2,neutral,0.0036,4,"…was really good, but it was over an hour before we got our food. Parking is a pain, so make sure to either carpool if you must drive or take an uber.",True,True,access_transit,food_drinks,True,False,False,True,False,False
70119,NewOrleans,2018Q1,neutral,0.0,1,"…ere today from the French Quarter. Not too far of a ride but the neighborhood is a little sketchy, I suggest staying on Orleans Ave. vs going up St. Ann. We got there and the restaurant is closed for remodeling (wasn't posted on Yelp but it…",True,False,surroundings_safety,,False,True,False,False,False,False
70116,NewOrleans,2018Q4,neutral,0.0214,1,"…inappropriate statements made towards the environment of the gay neighborhood. Her off-color remark in the beginning of the tour, her version of a strange sort of ""warning"" that we were in the gay neighborhood, in which she described the p…",True,False,surroundings_safety,,False,True,False,False,False,False
70130,NewOrleans,2019Q4,neutral,0.0026,3,"…so I wouldn't wonder around alone, although the area didn't seem unsafe.",True,False,surroundings_safety,,False,True,False,False,False,False
70117,NewOrleans,2019Q2,neutral,0.0,5,"…sk for in a local business. Kinda pricey but whatever, the whole neighborhood is expensive.",True,True,surroundings_safety,price_value,False,True,False,False,False,True
70115,NewOrleans,2012Q3,neutral,-0.0115,3,"…le of the meal actually worked out well. There's no off-street parking but wasn't a big deal this time of day. We found a parking spot about a block away. Nice selection of wines, nothing special, nothing too pricey. $10 corkage fee if…",True,True,access_transit|surroundings_safety,food_drinks|price_value,True,True,False,True,False,True
70130,NewOrleans,2012Q1,neutral,-0.0425,3,…ping around the corner for a little pick-me-up on boring days. Accessibility notes: Fully accessible for mobility devices. Door opens in. Low counter but high cases. No braille menu or signage. Not all prices are posted for hard-of-hearin…,True,True,access_transit,food_drinks|price_value,True,False,False,True,False,True
85711,Tucson,2020Q4,neutral,-0.021,1,"…d I had a plan to go to Red Lobster for dinner. We waited in the parking lot for about 25 minutes and MULTIPLE other people pulled in to the parking lot and left confused. The hours say they are open, but the restaurant is completely dark a…",True,False,access_transit,,True,False,False,False,False,False
85718,Tucson,2020Q2,neutral,-0.0129,3,"…free rotation. Xtra charge for balance. I ll balance next time. Parking lot is full and only one person in the lobby. They do nice work here I trust them. Update June 11 I called at 2:30 to check status to be done ""Come on down "" I sh…",True,True,access_transit,price_value,True,False,False,False,False,True
37203,Nashville,2021Q4,neutral,0.013,1,…t it's obvious they don't have the consistency. Eating here is a safety hazard and there is zero professionalism from the staff. YOU'VE BEEN WARNED.,True,True,surroundings_safety,service_staff,False,True,False,False,True,False
37214,Nashville,2021Q1,neutral,0.0258,1,…rienced this century. Best thing I can say is that does not seem unsafe.,True,False,surroundings_safety,,False,True,False,False,False,False
70130,NewOrleans,2020Q1,neutral,0.0372,1,"…s). We couldn't even take it all and were spitting it out into a trash can. They started demanding money from us, and all the other workers (or whoever they were supposed to be) surrounded us and blocked the exits. My brother's girlfriend a…",True,False,cleanliness_public_space,,False,False,True,False,False,False
70130,NewOrleans,2020Q2,neutral,-0.0494,2,"…f New Orleans. I understand that it is old, but it looks really dirty and unkept. It would have been nice to get a clean plate to be served on. Not a good first impression. I won't say the food was bad, but it wasn't good either. It pr…",True,True,cleanliness_public_space,food_drinks,False,False,True,True,False,False
70118,NewOrleans,2017Q3,neutral,0.0,1,"Generally my neighborhood sushi spot, however, this time was a completely different experience. Earwig in my sake and hair in my salad - needless to say I didn't wait for my sushi.",True,True,surroundings_safety,food_drinks,False,True,False,True,False,False
70112,NewOrleans,2017Q4,neutral,0.0204,3,"…h is sole reason I chose this tour. Apparently, because of road construction, these stops are omitted. Its not their fault that there is construction, but they could make a point to tell you this before your pay.",True,False,surroundings_safety,,False,True,False,False,False,False
85711,Tucson,2015Q3,neutral,0.0,4,"A decent place, though the immediate neighborhood is a little rough. They don't take appointments, but if you call, they can give you an idea of the wait. My manicurist left to take a phone call in the middle of my gel manicure and was gone…",True,False,surroundings_safety,,False,True,False,False,False,False
37206,Nashville,2012Q3,neutral,0.0081,4,"…f had. She was able to explain each dish to me. The food is very clean. I had a burger, on the menu it says pasture fed. I had no idea what that meant. Basically it means the cows aren't fed slop and they are housed in a ""stress free"" envir…",True,True,cleanliness_public_space,food_drinks,False,False,True,True,False,False
37212,Nashville,2012Q4,neutral,0.0276,2,"…acted like we were a nuisance for being there. I've seen cleaner bathrooms at a convenience store, but yet the bill was the same as say, Texas de Brazil. Not cool. I won't be going back.",False,True,,price_value,False,False,False,False,False,True
19137,Philadelphia,2017Q2,neutral,-0.0129,4,"…d bridge that offers an option to other bridges and roadways. No potholes, bumps, etc. $5 toll to cross but that's what all of the bridges this way range at.",True,False,surroundings_safety,,False,True,False,False,False,False
19103,Philadelphia,2017Q3,neutral,-0.0137,2,My bad. Bartender was nice but not the most diverse place in the neighborhood . I went because of the good food reviews but was never asked if I wanted anything to eat. I travel a lot and have been to a few remote places but this was one o…,True,True,surroundings_safety,food_drinks|service_staff,False,True,False,True,True,False
70130,NewOrleans,2013Q1,neutral,-0.0039,1,…ing incomplete. DETAILS: Hotel Indigo was the last stop on our neighborhood-hopping trip that included the Hotel Modern and the Renaissance Pere Marquette. See my reviews of these other two New Orleans hotels for reference. We picked Hot…,True,False,surroundings_safety,,False,True,False,False,False,False
70130,NewOrleans,2013Q3,neutral,-0.0041,3,"…ing of ""fuck you"" if you're not a regular. Hey, I lived in that neighborhood for thirteen fucking years, so what if I take my caffeine at home most of the time? Don't have cash, well they refuse to enter the 21st Century. Unfortunate. S…",True,False,surroundings_safety,,False,True,False,False,False,False
70118,NewOrleans,2014Q4,neutral,0.0,4,"Palmer Park provides those in the neighborhood with a small playground, green space & traditional park benches, a walking path around the perimeter (3 laps = 1 mile), and access to the St Charles streetcar and NORTA buses. There's an Arts M…",True,False,access_transit|surroundings_safety|cleanliness_public_space,,True,True,True,False,False,False
70117,NewOrleans,2014Q1,neutral,-0.0248,1,"No respect for the neighborhood. Patrons hang out in the parking lot screaming, yelling, playing car stereos at full blast, blowing car horns until 3-4 in the morning on any given night and management could care less. Neighbors have aske…",True,True,access_transit|surroundings_safety,service_staff,True,True,False,False,True,False
37221,Nashville,2017Q3,neutral,0.0,1,"…he order are unanswered. Pizza delivery is rather scarce in this neighborhood, but if that's what you want/need, stick with Jets or Dominos. Yikes.",True,True,surroundings_safety,food_drinks,False,True,False,True,False,False
37209,Nashville,2017Q2,neutral,0.0258,5,"Anytime I am down on Charlotte, I make a stop here. This is a neighborhood GEM for sure.",True,False,surroundings_safety,,False,True,False,False,False,False
85712,Tucson,2012Q4,neutral,0.0382,3,"…some bottles of ""2 buck chuck""...that's how she rolls. Lines and parking lot were crazy...but that is what happens when you come right before Thanksgiving.",True,False,access_transit,,True,False,False,False,False,False
85705,Tucson,2012Q1,neutral,0.0,5,"…e fact that they're open 7 days a week, have motorcycle specific parking out front, are located very central within Tucson, and generally have most everything possible in stock, Cyclegear is a real savior on a Sunday when you're doing some…",True,False,access_transit,,True,False,False,False,False,False
85748,Tucson,2016Q1,neutral,-0.0433,1,"…monstrated complete incompetence in terms of program management, safety and engaging with children. She brings a negative energy to the kids' club and that negativity is contagious to all of the rest of her staff. The staff is instructed t…",True,True,surroundings_safety,service_staff,False,True,False,False,True,False
85711,Tucson,2016Q4,neutral,0.043,3,"Standard Jack in the Box food. At a busy and not a terrible neighborhood, but there is a strip club, busy bus stop and the night hours can be a little scary. I have not had a problem here as Jack in the Boxes tend to be slower and theref…",True,True,access_transit|surroundings_safety,food_drinks,True,True,False,True,False,False
19103,Philadelphia,2019Q3,neutral,0.0397,3,"…5 miles of walking later. We did not go into any buildings. The neighborhood is not that great: there were a number of homeless, one or two panhandlers, and an argument that broke out between some people across the street as we walked by.…",True,False,access_transit|surroundings_safety,,True,True,False,False,False,False
19115,Philadelphia,2019Q1,neutral,-0.0157,3,…embarrassment trying to buy cold soup. Good for quick unexciting neighborhood meal though.,True,True,surroundings_safety,food_drinks,False,True,False,True,False,False
85741,Tucson,2016Q1,neutral,0.0,1,…the same time? Should have went through the drive thru and then parked they actually got their food. Ended up getting a refund and leaving,True,True,access_transit,food_drinks,True,False,False,True,False,False
85755,Tucson,2016Q1,neutral,0.0258,1,…explained my Aunt was stroking. They sent a gentleman out with a wheelchair and took her out of the car. I went to park my car and when I went in. They had her sitting in the lobby. After asking for assist many times they kept saying would…,True,False,access_transit|cleanliness_public_space,,True,False,True,False,False,False
37211,Nashville,2020Q4,neutral,0.0,3,…ting in line outside (which was so long it went into the Walmart parking lot). You will also be waiting a long time once you're checked in. The waiting room is too crowded for a room full of people potentially having COVID.,True,False,access_transit,,True,False,False,False,False,False
37204,Nashville,2020Q2,neutral,0.0,3,"…ps here now and spent a reasonable amount of time masked, in the parking lot, and watching the place. During the past two pickups I've spotted a total of two employees wearing a mask or any face coverings. That's probably out of 10-12 in t…",True,True,access_transit,service_staff,True,False,False,False,True,False
33615,TampaBay,2014Q1,neutral,-0.039,1,"So this ""tavern"" opens up in our neighborhood and we decide to support our community and stop in for a meal. I started my evening by ordering a Rolling Rock off the ""bottled beer"" menu. When the server returned, she brings me a can of bee…",True,True,surroundings_safety,food_drinks|service_staff,False,True,False,True,True,False
33617,TampaBay,2014Q3,neutral,0.0198,1,…e. A review from St Pete Florida and California? This is not a neighborhood dry cleaner for either of these people. I live about a mile from this cleaner. Until recently this was an excellent cleaner. This year the entire staff changed…,True,True,surroundings_safety,service_staff,False,True,False,False,True,False
19153,Philadelphia,2014Q4,neutral,0.0217,3,"…ove back until 2002, and the airport was barely changed. Endless construction and it looked about the same as decades before. Bad point: parking expensive (due to city tax dunning travelers.) There is no consistency between terminals and i…",True,True,access_transit|surroundings_safety,price_value,True,True,False,False,False,True
19144,Philadelphia,2014Q3,neutral,0.0,3,When you are far from your neighborhood and your looking for that lighthouse Dunkin Donuts is it. They are everywhere on the east coast. So it might not be your daily location but it does in a pinch with the same items are your daily spot…,True,False,surroundings_safety,,False,True,False,False,False,False
33605,TampaBay,2013Q3,neutral,0.0,3,"…unch go-to spot. Tony's has been here for 80 years. Engineers, construction trade, retirees, judges and attorneys frequent here. Located between 7th Ave and I-4 on East end of Ybor City. ORDER THE: Lunch specialty always on the menu i…",True,True,surroundings_safety,food_drinks,False,True,False,True,False,False
33701,TampaBay,2013Q2,neutral,-0.0212,5,"…ns-less eyeglasses--I eyed the mindless drones emerging from the neighborhood across the street; joggers, sleepy college students, yuppy hipsters. No sign of my enemy. Seated outside Kahwa, overlooking a busy corner, my coffee kept watch w…",True,True,surroundings_safety,food_drinks,False,True,False,True,False,False
37211,Nashville,2013Q2,neutral,-0.0399,3,…and not planning to go in anytime soon. This isn't a very nice neighborhood after all. 2013/#36,True,False,surroundings_safety,,False,True,False,False,False,False
37216,Nashville,2013Q4,neutral,0.0,3,…on the menu (ex: Reuben Stubbard)..but very flavorful and comfy surroundings.,True,True,surroundings_safety,food_drinks,False,True,False,True,False,False
70118,NewOrleans,2021Q1,neutral,0.0,5,This place is a hidden gem in the Carrollton neighborhood. Their bagels and Italian food is always on point.,True,True,surroundings_safety,food_drinks,False,True,False,True,False,False
70115,NewOrleans,2021Q2,neutral,-0.0387,3,"…on and seems a little more pricey but I guess if you live in the neighborhood, it provides you a convenient place for something you forgot at the last minute.",True,False,surroundings_safety,,False,True,False,False,False,False
70116,NewOrleans,2020Q1,neutral,0.0464,2,…ted. Not impressed at all for the price tag. 502.00 + 90.00 for parking (2 days) location is the only positive.,True,True,access_transit,price_value,True,False,False,False,False,True
70125,NewOrleans,2020Q4,neutral,0.0,4,"…or the old school chinese and nothing fancy, this is your place, parking lot gets busy!!",True,False,access_transit,,True,False,False,False,False,False
85741,Tucson,2017Q2,neutral,-0.0018,4,…y competitive with regular dinner. i would come again if in the neighborhood. Descent food with a price that's hard to beat.,True,True,surroundings_safety,food_drinks|price_value,False,True,False,True,False,True
37216,Nashville,2019Q4,neutral,0.0,5,"A neighborhood staple for years. A place to come for vinyl records, vintage clothes, and backyard concerts.",True,False,surroundings_safety,,False,True,False,False,False,False
37204,Nashville,2019Q3,neutral,0.0258,5,"Neighborhood gem. Outsiders and complainers go find somewhere else to whine. This coffee shop & it's community we're just fine before all y'all decided it was ""cool"", and we'll be just fine without you crowding tables and line space.",True,True,surroundings_safety,food_drinks,False,True,False,True,False,False
33612,TampaBay,2012Q4,neutral,0.049,1,…ak into a fight in the middle of the mall. For your own personal safety....I would not recommend.,True,False,surroundings_safety,,False,True,False,False,False,False
37209,Nashville,2012Q4,neutral,0.0366,2,"This is a place that I would love to support since it's in my neighborhood and they have a decent selection of produce. However, the employees are so rude and unfriendly every time that I'm there that I only go to The Produce Place when I…",True,True,surroundings_safety,service_staff,False,True,False,False,True,False
37204,Nashville,2020Q4,neutral,-0.024,1,We had to break our lease due to safety issues and because of covid related issues. When I spoke to PMC they acted as if they understood my situation and I was told they would speak to the owner about to reducing or removing the lease buyou…,True,False,surroundings_safety,,False,True,False,False,False,False
37208,Nashville,2018Q3,neutral,0.0,3,"Very well-designed, modern space containing a neighborhood bar and grill chain. Expect a similar experience to other neighborhood bar and grill chains.",True,False,surroundings_safety,,False,True,False,False,False,False
