project,radius_m,income_group,metric,window,pairs,distinct_controls,near_pre,near_post,control_pre,control_post,near_growth_pct,control_growth_pct,relative_growth_pct,log1p_contrast,absolute_contrast,near_zero_post,control_zero_post,low_support,coverage_note
Lafitte,250,All,reviews,Main,40,32,24.125,46.625,22.8,25.625,93.26424870466322,12.39035087719298,71.95804372551497,0.0765666612512752,19.675,5,4,False,
Lafitte,250,All,reviews,Earlier diagnostic,40,32,12.5,24.125,15.55,22.8,93.0,46.62379421221865,31.62938596491227,0.48010963201006635,4.375,0,0,False,
Lafitte,250,All,reviews,Later follow-up,40,32,24.125,62.325,22.8,25.975,158.34196891191712,13.925438596491224,126.76407665800618,-0.02040113506408051,35.025,10,7,False,
Lafitte,250,All,reviewers,Main,40,32,23.675,46.075,22.475,25.275,94.61457233368533,12.45828698553948,73.05489666467173,0.08061250472584451,19.6,5,4,False,
Lafitte,250,All,reviewers,Earlier diagnostic,40,32,12.075,23.675,15.1,22.475,96.06625258799173,48.84105960264902,31.728605743211347,0.4695936116714646,4.225,0,0,False,
Lafitte,250,All,reviewers,Later follow-up,40,32,23.675,61.225,22.475,25.5,158.60612460401268,13.45939933259177,127.92833923432099,-0.039525280165305134,34.525,10,7,False,
Lafitte,250,All,checkins,Main,40,32,120.975,125.9,70.9,58.125,4.071089067989253,-18.01833568406207,26.944347783577438,0.03564182828126113,17.7,8,6,False,
Lafitte,250,All,checkins,Earlier diagnostic,40,32,51.3,120.975,24.725,70.9,135.8187134502924,186.75429726996967,-17.762797037256984,0.32896225133851154,23.5,3,1,False,
Lafitte,250,All,checkins,Later follow-up,40,32,120.975,95.875,70.9,60.675,-20.748088448026447,-14.421720733427367,-7.392492310920062,-0.19569244987570356,-14.875,13,10,False,
Lafitte,250,All,tips,Main,40,32,8.1,5.375,6.4,2.925,-33.64197530864197,-54.296875,45.19362667510818,-0.10191610920709308,0.75,11,16,False,
Lafitte,250,All,tips,Earlier diagnostic,40,32,4.6,8.1,3.8,6.4,76.08695652173914,68.42105263157896,4.551630434782594,0.32139691630829487,0.9,7,9,False,
Lafitte,250,All,tips,Later follow-up,40,32,8.1,4.15,6.4,2.3,-48.76543209876543,-64.0625,42.565754159957095,-0.35172906702104656,0.15,23,19,False,
Lafitte,250,Lower,reviews,Main,34,26,21.88235294117647,41.05882352941177,19.176470588235293,24.647058823529413,87.63440860215054,28.527607361963202,45.9876305591911,0.19310072553033655,13.705882352941176,3,3,False,
Lafitte,250,Lower,reviews,Earlier diagnostic,34,26,12.264705882352942,21.88235294117647,11.176470588235293,19.176470588235293,78.41726618705036,71.57894736842105,3.9855232378514405,0.4651485695955965,1.6176470588235294,0,0,False,
Lafitte,250,Lower,reviews,Later follow-up,34,26,21.88235294117647,59.529411764705884,19.176470588235293,27.058823529411764,172.04301075268816,41.10429447852761,92.79569892473117,0.048480412344732986,29.764705882352942,8,6,False,
Lafitte,250,Lower,reviewers,Main,34,26,21.470588235294116,40.64705882352941,18.852941176470587,24.323529411764707,89.31506849315069,29.01716068642748,46.736346921535166,0.19543432053803358,13.705882352941176,3,3,False,
Lafitte,250,Lower,reviewers,Earlier diagnostic,34,26,11.911764705882353,21.470588235294116,10.882352941176471,18.852941176470587,80.2469135802469,73.24324324324323,4.042680225727535,0.4468056365769347,1.588235294117647,0,0,False,
Lafitte,250,Lower,reviewers,Later follow-up,34,26,21.470588235294116,58.3235294117647,18.852941176470587,26.61764705882353,171.64383561643834,41.18564742589705,92.40187693937784,0.023534253618876982,29.08823529411765,8,6,False,
Lafitte,250,Lower,checkins,Main,34,26,127.32352941176471,137.85294117647058,57.73529411764706,58.73529411764706,8.269808269808255,1.7320427916454495,6.426456501569144,0.05521483027498524,9.529411764705882,6,5,False,
Lafitte,250,Lower,checkins,Earlier diagnostic,34,26,54.14705882352941,127.32352941176471,19.5,57.73529411764706,135.14394350896254,196.07843137254903,-20.580522391012657,0.3543680249609227,34.94117647058823,3,1,False,
Lafitte,250,Lower,checkins,Later follow-up,34,26,127.32352941176471,106.94117647058823,57.73529411764706,66.11764705882354,-16.008316008316015,14.518593988792672,-26.65672790227951,-0.23574375017104204,-28.764705882352942,11,9,False,
Lafitte,250,Lower,tips,Main,34,26,7.882352941176471,5.529411764705882,5.647058823529412,2.7941176470588234,-29.850746268656724,-50.520833333333336,41.77533385703063,0.0019227914418807432,0.5,7,15,False,
Lafitte,250,Lower,tips,Earlier diagnostic,34,26,4.647058823529412,7.882352941176471,3.0294117647058822,5.647058823529412,69.62025316455696,86.4077669902913,-9.005801687763725,0.23554063363463426,0.6176470588235294,7,9,False,
Lafitte,250,Lower,tips,Later follow-up,34,26,7.882352941176471,4.4411764705882355,5.647058823529412,2.176470588235294,-43.656716417910445,-61.458333333333336,46.18797902379994,-0.33663557464007565,0.029411764705882353,20,17,False,
Lafitte,250,Middle,reviews,Main,5,5,41.6,93.8,49.4,37.4,125.48076923076921,-24.2914979757085,197.8275401069518,-0.7005516435960869,64.2,1,0,True,
Lafitte,250,Middle,reviews,Earlier diagnostic,5,5,11.6,41.6,47.2,49.4,258.62068965517244,4.66101694915253,242.64972776769517,0.9403040606237084,27.8,0,0,True,
Lafitte,250,Middle,reviews,Later follow-up,5,5,41.6,93.8,49.4,23.8,125.48076923076921,-51.821862348178136,368.0147058823528,-0.4928758844568283,77.8,1,0,True,
Lafitte,250,Middle,reviewers,Main,5,5,40.8,92.2,49.0,36.8,125.98039215686279,-24.89795918367348,200.89780477408365,-0.6840533418518719,63.6,1,0,True,
Lafitte,250,Middle,reviewers,Earlier diagnostic,5,5,11.0,40.8,45.6,49.0,270.9090909090909,7.456140350877183,245.17254174397033,0.9648993009070864,26.4,0,0,True,
Lafitte,250,Middle,reviewers,Later follow-up,5,5,40.8,93.2,49.0,23.0,128.43137254901964,-53.06122448979591,386.65814151747657,-0.4762351659308047,78.4,1,0,True,
Lafitte,250,Middle,checkins,Main,5,5,77.4,69.8,166.4,65.6,-9.819121447028433,-60.57692307692308,128.75149681729377,0.1261961698445237,93.2,1,0,True,
Lafitte,250,Middle,checkins,Earlier diagnostic,5,5,29.0,77.4,63.6,166.4,166.89655172413796,161.63522012578616,2.0109416445623474,0.4069666599204343,-54.4,0,0,True,
Lafitte,250,Middle,checkins,Later follow-up,5,5,77.4,39.8,166.4,35.8,-48.578811369509054,-78.48557692307693,139.00798290820373,0.25404029162179126,93.0,1,0,True,
Lafitte,250,Middle,tips,Main,5,5,8.2,5.4,12.4,4.4,-34.14634146341462,-64.51612903225806,85.58758314855879,-0.49360856874719905,5.2,3,0,True,
Lafitte,250,Middle,tips,Earlier diagnostic,5,5,4.0,8.2,9.2,12.4,104.99999999999999,34.78260869565219,52.09677419354834,0.7466268926235953,1.0,0,0,True,
Lafitte,250,Middle,tips,Later follow-up,5,5,8.2,3.0,12.4,3.6,-63.414634146341456,-70.96774193548387,26.016260162601633,-0.18991534190152423,3.6,2,1,True,
Lafitte,250,Higher,reviews,Main,1,1,13.0,0.0,13.0,0.0,-100.0,-100.0,,0.0,0.0,1,1,True,
Lafitte,250,Higher,reviews,Earlier diagnostic,1,1,25.0,13.0,6.0,13.0,-48.0,116.66666666666666,-76.0,-1.312186388966169,-19.0,0,0,True,
Lafitte,250,Higher,reviews,Later follow-up,1,1,13.0,0.0,13.0,0.0,-100.0,-100.0,,0.0,0.0,1,1,True,
Lafitte,250,Higher,reviewers,Main,1,1,13.0,0.0,13.0,0.0,-100.0,-100.0,,0.0,0.0,1,1,True,
Lafitte,250,Higher,reviewers,Earlier diagnostic,1,1,23.0,13.0,6.0,13.0,-43.47826086956522,116.66666666666666,-73.91304347826086,-1.2321436812926325,-17.0,0,0,True,
Lafitte,250,Higher,reviewers,Later follow-up,1,1,13.0,0.0,13.0,0.0,-100.0,-100.0,,0.0,0.0,1,1,True,
Lafitte,250,Higher,checkins,Main,1,1,123.0,0.0,41.0,0.0,-100.0,-100.0,,-1.0826119473216687,-82.0,1,1,True,
Lafitte,250,Higher,checkins,Earlier diagnostic,1,1,66.0,123.0,8.0,41.0,86.36363636363636,412.5,-63.63636363636365,-0.9248560947330775,24.0,0,0,True,
Lafitte,250,Higher,checkins,Later follow-up,1,1,123.0,0.0,41.0,0.0,-100.0,-100.0,,-1.0826119473216687,-82.0,1,1,True,
Lafitte,250,Higher,tips,Main,1,1,15.0,0.0,2.0,0.0,-100.0,-100.0,,-1.6739764335716714,-13.0,1,1,True,
Lafitte,250,Higher,tips,Earlier diagnostic,1,1,6.0,15.0,3.0,2.0,150.0,-33.333333333333336,275.0,1.1143606456362487,10.0,0,0,True,
Lafitte,250,Higher,tips,Later follow-up,1,1,15.0,0.0,2.0,0.0,-100.0,-100.0,,-1.6739764335716714,-13.0,1,1,True,
Lafitte,500,All,reviews,Main,142,80,23.612676056338028,38.99295774647887,21.08450704225352,25.880281690140844,65.13569937369519,22.745490981963922,34.535043244855345,0.3240940548241365,10.584507042253522,23,27,False,
Lafitte,500,All,reviews,Earlier diagnostic,142,80,13.225352112676056,23.612676056338028,12.246478873239436,21.08450704225352,78.54100106496273,72.1679125934445,3.701670291239223,0.18774651264290898,1.5492957746478873,0,0,False,
Lafitte,500,All,reviews,Later follow-up,142,80,23.612676056338028,48.063380281690144,21.08450704225352,27.267605633802816,103.5490605427975,29.325317301269216,57.39304939698753,0.2679857901526577,18.267605633802816,34,43,False,
Lafitte,500,All,reviewers,Main,142,80,23.204225352112676,38.57746478873239,20.591549295774648,25.492957746478872,66.25189681335355,23.803009575923383,34.28744372437728,0.3101109210592033,10.471830985915492,23,27,False,
Lafitte,500,All,reviewers,Earlier diagnostic,142,80,12.887323943661972,23.204225352112676,11.93661971830986,20.591549295774648,80.05464480874316,72.50737463126842,4.375042048843936,0.19577090510111958,1.6619718309859155,0,0,False,
Lafitte,500,All,reviewers,Later follow-up,142,80,23.204225352112676,47.32394366197183,20.591549295774648,26.62676056338028,103.9453717754173,29.309165526675773,57.71919256051845,0.2495416939598223,18.08450704225352,34,43,False,
Lafitte,500,All,checkins,Main,142,80,94.41549295774648,90.2605633802817,104.96478873239437,72.66197183098592,-4.400686208696946,-30.774907749077485,38.09922194799107,0.0852332551818961,28.14788732394366,30,30,False,
Lafitte,500,All,checkins,Earlier diagnostic,142,80,38.66901408450704,94.41549295774648,41.816901408450704,104.96478873239437,144.16317610635585,151.01044122600206,-2.727880595804033,0.07620622353002737,-7.401408450704225,5,11,False,
Lafitte,500,All,checkins,Later follow-up,142,80,94.41549295774648,69.30985915492958,104.96478873239437,67.04225352112677,-26.59058700678749,-36.12881583361288,14.933539985696687,0.0049001966453136305,12.816901408450704,41,47,False,
Lafitte,500,All,tips,Main,142,80,7.471830985915493,4.176056338028169,7.514084507042254,3.443661971830986,-44.10933081998115,-54.170571696344894,21.953668742495115,0.06523697694576241,0.7746478873239436,46,59,False,
Lafitte,500,All,tips,Earlier diagnostic,142,80,4.380281690140845,7.471830985915493,4.47887323943662,7.514084507042254,70.57877813504822,67.76729559748426,1.6758227684073868,0.14734408698980875,0.056338028169014086,27,33,False,
Lafitte,500,All,tips,Later follow-up,142,80,7.471830985915493,2.943661971830986,7.514084507042254,2.5704225352112675,-60.60320452403393,-65.79194001874414,15.168166500974788,-0.08861385196499219,0.4154929577464789,79,76,False,
Lafitte,500,Lower,reviews,Main,108,55,24.37037037037037,40.43518518518518,20.84259259259259,27.37037037037037,65.91945288753797,31.319413593958245,26.348000152181328,0.4239979623959496,9.537037037037036,16,22,False,
Lafitte,500,Lower,reviews,Earlier diagnostic,108,55,14.25,24.37037037037037,11.583333333333334,20.84259259259259,71.02014294996751,79.93605115907272,-4.9550427230522605,0.1495382132775299,0.8611111111111112,0,0,False,
Lafitte,500,Lower,reviews,Later follow-up,108,55,24.37037037037037,53.68518518518518,20.84259259259259,30.87962962962963,120.2887537993921,48.156374944469135,48.686652114672135,0.3246440721489939,19.27777777777778,24,36,False,
Lafitte,500,Lower,reviewers,Main,108,55,23.916666666666668,39.97222222222222,20.324074074074073,26.953703703703702,67.13124274099881,32.61958997722096,26.023042877530877,0.41229546504844755,9.425925925925926,16,22,False,
Lafitte,500,Lower,reviewers,Earlier diagnostic,108,55,13.87962962962963,23.916666666666668,11.268518518518519,20.324074074074073,72.3148765843896,80.36154478225141,-4.46141011243637,0.15146957698373123,0.9814814814814815,0,0,False,
Lafitte,500,Lower,reviewers,Later follow-up,108,55,23.916666666666668,52.7962962962963,20.324074074074073,30.203703703703702,120.75106465350368,48.61047835990888,48.54340494004923,0.30728535756110553,19.0,24,36,False,
Lafitte,500,Lower,checkins,Main,108,55,99.73148148148148,98.03703703703704,93.41666666666667,68.87962962962963,-1.6990065917742103,-26.266230548121715,33.31882275784246,0.07085757393083104,22.84259259259259,23,25,False,
Lafitte,500,Lower,checkins,Earlier diagnostic,108,55,41.25,99.73148148148148,37.96296296296296,93.41666666666667,141.77328843995508,146.07317073170734,-1.747399880680367,0.05590043624485267,3.0277777777777777,5,11,False,
Lafitte,500,Lower,checkins,Later follow-up,108,55,99.73148148148148,79.57407407407408,93.41666666666667,71.75925925925925,-20.211679509794823,-23.18366537813461,3.868950377507119,-0.03965988445237088,1.5,31,39,False,
Lafitte,500,Lower,tips,Main,108,55,7.537037037037037,4.546296296296297,7.601851851851852,3.6481481481481484,-39.68058968058968,-52.00974421437272,25.690953990446385,0.07279748280939252,0.9629629629629629,34,45,False,
Lafitte,500,Lower,tips,Earlier diagnostic,108,55,4.675925925925926,7.537037037037037,4.2407407407407405,7.601851851851852,61.188118811881196,79.2576419213974,-10.080196813834853,0.06479175321526381,-0.5,20,27,False,
Lafitte,500,Lower,tips,Later follow-up,108,55,7.537037037037037,3.425925925925926,7.601851851851852,2.425925925925926,-54.54545454545454,-68.08769792935445,42.435808466342806,-0.05263787274905046,1.0648148148148149,62,63,False,
Lafitte,500,Middle,reviews,Main,32,23,20.25,33.875,22.0625,22.09375,67.28395061728396,0.14164305949009304,67.04733965460036,-0.02435577736322231,13.59375,6,4,False,
Lafitte,500,Middle,reviews,Earlier diagnostic,32,23,8.15625,20.25,14.9375,22.0625,148.27586206896552,47.69874476987448,68.09612191071604,0.41592538265972134,4.96875,0,0,False,
Lafitte,500,Middle,reviews,Later follow-up,32,23,20.25,30.0,22.0625,16.40625,48.14814814814814,-25.637393767705387,99.22398589065256,0.06968319066176923,15.40625,9,6,False,
Lafitte,500,Middle,reviewers,Main,32,23,19.96875,33.59375,21.65625,21.8125,68.23161189358373,0.721500721500723,67.0265143871827,-0.04813565218333386,13.46875,6,4,False,
Lafitte,500,Middle,reviewers,Earlier diagnostic,32,23,7.96875,19.96875,14.625,21.65625,150.58823529411765,48.07692307692308,69.22841864018335,0.44123824974104553,4.96875,0,0,False,
Lafitte,500,Middle,reviewers,Later follow-up,32,23,19.96875,29.71875,21.65625,15.84375,48.8262910798122,-26.83982683982684,103.42528544045338,0.047698862868942704,15.5625,9,6,False,
Lafitte,500,Middle,checkins,Main,32,23,63.6875,56.9375,148.8125,89.9375,-10.598626104023555,-39.563208735825285,47.92541434768582,0.11691739779353477,52.125,6,4,False,
Lafitte,500,Middle,checkins,Earlier diagnostic,32,23,20.78125,63.6875,57.15625,148.8125,206.46616541353384,160.36085292509568,17.708235308978026,0.22540531619778592,-48.75,0,0,False,
Lafitte,500,Middle,checkins,Later follow-up,32,23,63.6875,31.90625,148.8125,55.28125,-49.901864573110885,-62.85174296514069,34.85998920454829,0.15162092087606008,61.75,9,7,False,
Lafitte,500,Middle,tips,Main,32,23,6.4375,2.9375,7.46875,2.96875,-54.36893203883495,-60.25104602510461,14.798160449667863,0.07444849487173744,1.0,11,12,False,
Lafitte,500,Middle,tips,Earlier diagnostic,32,23,2.8125,6.4375,5.4375,7.46875,128.88888888888889,37.356321839080465,66.63877266387726,0.4282752573653187,1.59375,7,6,False,
Lafitte,500,Middle,tips,Later follow-up,32,23,6.4375,1.34375,7.46875,3.21875,-79.12621359223301,-56.90376569037656,-51.56470920916203,-0.17224944878161091,-0.84375,16,11,False,
Lafitte,500,Higher,reviews,Main,2,2,36.5,43.0,18.5,6.0,17.808219178082197,-67.56756756756756,263.2420091324201,0.5044803609439681,19.0,1,1,True,
Lafitte,500,Higher,reviews,Earlier diagnostic,2,2,39.0,36.5,5.0,18.5,-6.41025641025641,270.0,-74.7054747054747,-1.3998672418956162,-16.0,0,0,True,
Lafitte,500,Higher,reviews,Later follow-up,2,2,36.5,33.5,18.5,6.0,-8.21917808219178,-67.56756756756756,182.99086757990867,0.3812801542047297,9.5,1,1,True,
Lafitte,500,Higher,reviewers,Main,2,2,36.5,43.0,18.0,5.5,17.808219178082197,-69.44444444444444,285.5541718555417,0.5240907175206089,19.0,1,1,True,
Lafitte,500,Higher,reviewers,Earlier diagnostic,2,2,38.0,36.5,5.0,18.0,-3.9473684210526327,260.0,-73.31871345029239,-1.3394348907987206,-14.5,0,0,True,
Lafitte,500,Higher,reviewers,Later follow-up,2,2,36.5,33.5,18.0,6.0,-8.21917808219178,-66.66666666666667,175.3424657534247,0.3608691569446023,9.0,1,1,True,
Lafitte,500,Higher,checkins,Main,2,2,299.0,203.5,27.0,0.5,-31.93979933110368,-98.14814814814815,3575.2508361204013,0.3545737609531927,-69.0,1,1,True,
Lafitte,500,Higher,checkins,Earlier diagnostic,2,2,185.5,299.0,4.5,27.0,61.18598382749325,500.0,-73.13566936208447,-1.2144667457546754,91.0,0,0,True,
Lafitte,500,Higher,checkins,Later follow-up,2,2,299.0,113.5,27.0,0.5,-62.04013377926421,-98.14814814814815,1949.8327759197327,0.0636129882283325,-159.0,1,1,True,
Lafitte,500,Higher,tips,Main,2,2,20.5,4.0,3.5,0.0,-80.48780487804879,-100.0,,-0.490414626505863,-13.0,1,2,True,
Lafitte,500,Higher,tips,Earlier diagnostic,2,2,13.5,20.5,2.0,3.5,51.85185185185186,75.0,-13.22751322751322,0.11027138480707604,5.5,0,0,True,
Lafitte,500,Higher,tips,Later follow-up,2,2,20.5,2.5,3.5,0.0,-87.8048780487805,-100.0,,-0.6931471805599453,-14.5,1,2,True,
Lafitte,1000,All,reviews,Main,641,286,40.17160686427457,73.5569422776911,35.517940717628704,45.64742589703588,83.10679611650484,28.51934817938244,42.4741089263317,0.3086599894010593,23.255850234009362,95,106,False,
Lafitte,1000,All,reviews,Earlier diagnostic,641,286,23.541341653666148,40.17160686427457,21.81123244929797,35.517940717628704,70.64280980781975,62.84242901080037,4.790140287395261,-0.035847101524263875,2.923556942277691,0,0,False,
Lafitte,1000,All,reviews,Later follow-up,641,286,40.17160686427457,82.37597503900156,35.517940717628704,44.74570982839314,105.06019417475727,25.98058593578425,62.771265629199455,0.36348103425899175,32.97659906396256,127,155,False,
Lafitte,1000,All,reviewers,Main,641,286,39.761310452418094,72.9578783151326,34.99219968798752,45.14352574102964,83.48962216031704,29.010254123941138,42.2287115131462,0.302989484077827,23.045241809672387,95,106,False,
Lafitte,1000,All,reviewers,Earlier diagnostic,641,286,23.26365054602184,39.761310452418094,21.40717628705148,34.99219968798752,70.9160407725322,63.46013700626734,4.561297881439419,-0.03057457649211742,2.9126365054602186,0,0,False,
Lafitte,1000,All,reviewers,Later follow-up,641,286,39.761310452418094,81.31357254290171,34.99219968798752,43.875195007800315,104.5042570722329,25.385644226482395,63.10021640343422,0.3566723835545749,32.66926677067082,127,155,False,
Lafitte,1000,All,checkins,Main,641,286,162.198127925117,201.46489859594385,152.9110764430577,113.06396255850234,24.209139262664834,-26.059010773751222,67.98414595536822,0.2616205305560226,79.11388455538221,119,118,False,
Lafitte,1000,All,checkins,Earlier diagnostic,641,286,62.86583463338533,162.198127925117,59.35257410296412,152.9110764430577,158.00679951361144,157.6317518727822,0.14557508463259872,-0.1327941083413882,5.773790951638065,9,20,False,
Lafitte,1000,All,checkins,Later follow-up,641,286,162.198127925117,149.82839313572543,152.9110764430577,76.44773790951638,-7.62631168906116,-50.00510120796604,84.76622724088283,0.35552400843075443,64.09360374414976,156,179,False,
Lafitte,1000,All,tips,Main,641,286,12.714508580343214,8.118564742589703,11.35569422776911,5.221528861154447,-36.14723926380369,-54.01840912213216,38.86592333396261,0.09097413338055144,1.5382215288611545,199,215,False,
Lafitte,1000,All,tips,Earlier diagnostic,641,286,7.067082683307333,12.714508580343214,7.084243369734789,11.35569422776911,79.91169977924943,60.29508918740365,12.237811333640835,0.0847791786037078,1.3759750390015602,65,94,False,
Lafitte,1000,All,tips,Later follow-up,641,286,12.714508580343214,5.2932917316692665,11.35569422776911,3.221528861154446,-58.36809815950921,-71.6307185052892,46.749933896819606,0.06149909169517984,0.7129485179407177,294,320,False,
Lafitte,1000,Lower,reviews,Main,237,70,28.662447257383967,45.73839662447257,20.780590717299578,26.696202531645568,59.57603415280435,28.467005076142126,24.21557897938382,0.28296923826709924,11.160337552742616,47,43,False,
Lafitte,1000,Lower,reviews,Earlier diagnostic,237,70,15.379746835443038,28.662447257383967,9.278481012658228,20.780590717299578,86.36488340192044,123.96543883583449,-16.788552568360814,-0.12067666026720855,1.780590717299578,0,0,False,
Lafitte,1000,Lower,reviews,Later follow-up,237,70,28.662447257383967,51.64556962025316,20.780590717299578,27.282700421940927,80.18548505814809,31.289340101522846,37.24304267110723,0.23260844966961564,16.481012658227847,62,73,False,
Lafitte,1000,Lower,reviewers,Main,237,70,28.223628691983123,45.278481012658226,20.30801687763713,26.240506329113924,60.42756764837793,29.212549345522554,24.157884401293273,0.2759703390479023,11.122362869198312,47,43,False,
Lafitte,1000,Lower,reviewers,Earlier diagnostic,237,70,15.059071729957806,28.223628691983123,9.033755274261603,20.30801687763713,87.41944522275146,124.80149462867817,-16.628914975709353,-0.11831078630957537,1.890295358649789,0,0,False,
Lafitte,1000,Lower,reviewers,Later follow-up,237,70,28.223628691983123,50.80590717299578,20.30801687763713,26.679324894514767,80.01195993422037,31.37336380635778,37.023179371090094,0.22183003171815582,16.21097046413502,62,73,False,
Lafitte,1000,Lower,checkins,Main,237,70,114.83122362869199,107.25316455696202,89.28270042194093,59.51898734177215,-6.599301855594353,-33.33648393194707,40.10766856200365,0.014283866605857957,22.185654008438817,58,48,False,
Lafitte,1000,Lower,checkins,Earlier diagnostic,237,70,43.70886075949367,114.83122362869199,35.042194092827,89.28270042194093,162.71840911284875,154.78627332931973,3.113250835643133,-0.18609503208370512,16.88185654008439,7,13,False,
Lafitte,1000,Lower,checkins,Later follow-up,237,70,114.83122362869199,84.30801687763713,89.28270042194093,53.49367088607595,-26.580929634392803,-40.08506616257089,22.538849103663704,0.06869587392214238,5.265822784810126,73,79,False,
Lafitte,1000,Lower,tips,Main,237,70,9.012658227848101,5.0886075949367084,7.282700421940929,3.5274261603375527,-43.53932584269663,-51.564310544611814,16.568329659695703,-0.03732522213982124,-0.16877637130801687,82,82,False,
Lafitte,1000,Lower,tips,Earlier diagnostic,237,70,4.9957805907173,9.012658227848101,3.818565400843882,7.282700421940929,80.40540540540539,90.71823204419888,-5.407362750931699,-0.043954572696234234,0.5527426160337553,34,44,False,
Lafitte,1000,Lower,tips,Later follow-up,237,70,9.012658227848101,3.1181434599156117,7.282700421940929,1.7763713080168777,-65.40262172284645,-75.60834298957127,41.84103303175068,0.025240569947543617,-0.3881856540084388,129,141,False,
Lafitte,1000,Middle,reviews,Main,182,55,39.0,70.14835164835165,37.94505494505494,36.862637362637365,79.8675683291068,-2.8525919490298146,85.14911713829353,0.41205958513551605,32.23076923076923,18,25,False,
Lafitte,1000,Middle,reviews,Earlier diagnostic,182,55,25.17032967032967,39.0,28.967032967032967,37.94505494505494,54.94433529796987,30.993930197268572,18.283599144352337,0.09053295523363099,4.851648351648351,0,0,False,
Lafitte,1000,Middle,reviews,Later follow-up,182,55,39.0,78.62637362637362,37.94505494505494,35.8021978021978,101.6060862214708,-5.647263249348377,113.67274884061955,0.4496010942210679,41.76923076923077,26,26,False,
Lafitte,1000,Middle,reviewers,Main,182,55,38.565934065934066,69.63186813186813,37.42857142857143,36.489010989010985,80.55278529705086,-2.510275983558441,85.20186318980736,0.4013611165296127,32.005494505494504,18,25,False,
Lafitte,1000,Middle,reviewers,Earlier diagnostic,182,55,24.873626373626372,38.565934065934066,28.39010989010989,37.42857142857143,55.04749282085266,31.836655699632278,17.605753876298547,0.10520974804476094,4.653846153846154,0,0,False,
Lafitte,1000,Middle,reviewers,Later follow-up,182,55,38.565934065934066,77.86813186813187,37.42857142857143,34.73076923076923,101.90910386094885,-7.207868467410449,117.59291496611036,0.44539042466011236,42.0,26,26,False,
Lafitte,1000,Middle,checkins,Main,182,55,180.71428571428572,209.78021978021977,171.53846153846155,124.45054945054945,16.083916083916062,-27.45035233824472,60.006174840611905,0.5247467730427814,76.15384615384616,24,30,False,
Lafitte,1000,Middle,checkins,Earlier diagnostic,182,55,77.6043956043956,180.71428571428572,68.76373626373626,171.53846153846155,132.86604361370715,149.46064722333202,-6.652192958823033,-0.11985123818484157,0.33516483516483514,1,4,False,
Lafitte,1000,Middle,checkins,Later follow-up,182,55,180.71428571428572,157.74175824175825,171.53846153846155,76.7967032967033,-12.712070538157494,-55.23062139654068,94.97239449085806,0.5625170240797513,71.76923076923077,31,37,False,
Lafitte,1000,Middle,tips,Main,182,55,14.313186813186814,9.642857142857142,10.906593406593407,4.626373626373627,-32.6295585412668,-57.581863979848855,58.82461555295178,0.20338944960405084,1.60989010989011,55,64,False,
Lafitte,1000,Middle,tips,Earlier diagnostic,182,55,8.615384615384615,14.313186813186814,8.186813186813186,10.906593406593407,66.13520408163266,33.22147651006713,24.706022207371614,0.24843509714345705,2.978021978021978,22,31,False,
Lafitte,1000,Middle,tips,Later follow-up,182,55,14.313186813186814,7.214285714285714,10.906593406593407,3.708791208791209,-49.59692898272553,-65.99496221662469,48.22236439894789,0.054252358853706134,0.0989010989010989,75,74,False,
Lafitte,1000,Higher,reviews,Main,222,161,53.41891891891892,106.04954954954955,49.26126126126126,73.08108108108108,98.52432751496754,48.35405998536941,33.8179268801581,0.2513175641536603,28.81081081081081,30,38,False,
Lafitte,1000,Higher,reviews,Earlier diagnostic,222,161,30.91891891891892,53.41891891891892,29.324324324324323,49.26126126126126,72.77097902097903,67.98771121351767,2.847391498406493,-0.04889469119930429,2.563063063063063,0,0,False,
Lafitte,1000,Higher,reviews,Later follow-up,222,161,53.41891891891892,118.25675675675676,49.26126126126126,70.72072072072072,121.3761699974703,43.56254572055596,54.201897776581866,0.4325934290093717,43.37837837837838,39,56,False,
Lafitte,1000,Higher,reviewers,Main,222,161,53.05855855855856,105.23423423423424,48.671171171171174,72.41891891891892,98.33602173359368,48.792225821378985,33.297301413913026,0.2511872330231747,28.42792792792793,30,38,False,
Lafitte,1000,Higher,reviewers,Earlier diagnostic,222,161,30.7027027027027,53.05855855855856,28.89189189189189,48.671171171171174,72.81396713615025,68.45961958216402,2.5848019630974273,-0.04822892486587562,2.5765765765765765,0,0,False,
Lafitte,1000,Higher,reviewers,Later follow-up,222,161,53.05855855855856,116.7072072072072,48.671171171171174,69.72972972972973,119.95924951184311,43.267006015733436,53.530987789112736,0.4278928966357621,42.590090090090094,39,56,False,
Lafitte,1000,Higher,checkins,Main,222,161,197.5855855855856,295.22522522522524,205.56756756756758,160.8918918918919,49.41637789531279,-21.732842492768867,90.9055888244161,0.309953022554216,142.3153153153153,37,40,False,
Lafitte,1000,Higher,checkins,Earlier diagnostic,222,161,71.23423423423424,197.5855855855856,77.59009009009009,205.56756756756758,177.37447831035792,164.94049346879538,4.693123606273875,-0.08650259231238984,-1.6261261261261262,1,3,False,
Lafitte,1000,Higher,checkins,Later follow-up,222,161,197.5855855855856,213.2882882882883,205.56756756756758,100.66666666666667,7.94729162867045,-51.029888684372,120.43505462529107,0.49203544550473494,120.6036036036036,52,63,False,
Lafitte,1000,Higher,tips,Main,222,161,15.355855855855856,10.103603603603604,16.07207207207207,7.518018018018018,-34.20357876210032,-53.223094170403584,40.66005450978194,0.1357820599825849,3.3018018018018016,62,69,False,
Lafitte,1000,Higher,tips,Earlier diagnostic,222,161,8.00900900900901,15.355855855855856,9.666666666666666,16.07207207207207,91.73228346456692,66.26281453867662,15.318800536704202,0.08804279069313076,0.9414414414414415,9,19,False,
Lafitte,1000,Higher,tips,Later follow-up,222,161,15.355855855855856,6.04054054054054,16.07207207207207,4.364864864864865,-60.66295101202699,-72.84192825112108,44.84477893610701,0.10614852877327895,2.391891891891892,90,105,False,
Sun Link,250,All,reviews,Main,130,78,23.107692307692307,30.307692307692307,22.49230769230769,31.053846153846155,31.158455392809593,38.06429548563612,-5.001901518807228,-0.23165952156465014,-1.3615384615384616,29,26,False,
Sun Link,250,All,reviews,Earlier diagnostic,130,78,7.123076923076923,23.107692307692307,5.861538461538461,22.49230769230769,224.40604751619873,283.7270341207349,-15.45916271978679,-0.09041482037614247,-0.6461538461538462,0,0,False,
Sun Link,250,All,reviews,Later follow-up,130,78,23.107692307692307,27.138461538461538,22.49230769230769,31.53846153846154,17.443408788282298,40.218878248974036,-16.242798220259168,-0.33017193062881833,-5.015384615384615,36,30,False,
Sun Link,250,All,reviewers,Main,130,78,22.161538461538463,29.807692307692307,21.576923076923077,30.56923076923077,34.501909059354375,41.67557932263814,-5.063448688603667,-0.2385360202578114,-1.3461538461538463,29,26,False,
Sun Link,250,All,reviewers,Earlier diagnostic,130,78,7.0,22.161538461538463,5.753846153846154,21.576923076923077,216.59340659340663,275.0,-15.575091575091571,-0.08571744120797531,-0.6615384615384615,0,0,False,
Sun Link,250,All,reviewers,Later follow-up,130,78,22.161538461538463,26.615384615384617,21.576923076923077,30.76923076923077,20.097188476223526,42.60249554367201,-15.781846581048253,-0.33580804943187365,-4.7384615384615385,36,30,False,
Sun Link,250,All,checkins,Main,130,78,72.75384615384615,101.8076923076923,52.792307692307695,85.93846153846154,39.934447028970176,62.78595366457817,-14.037763161491023,-0.24545508081977968,-4.092307692307692,30,27,False,
Sun Link,250,All,checkins,Earlier diagnostic,130,78,0.0,72.75384615384615,0.0,52.792307692307695,,,,0.21066999309239043,19.96153846153846,0,0,False,Checkins begin2010; early window incomplete
Sun Link,250,All,checkins,Later follow-up,130,78,72.75384615384615,51.93846153846154,52.792307692307695,56.02307692307692,-28.610699936561645,6.119772694157066,-32.72761687005664,-0.5117940742697873,-24.046153846153846,37,30,False,
Sun Link,250,All,tips,Main,130,78,9.069230769230769,3.423076923076923,6.430769230769231,3.9,-62.25614927905004,-39.35406698564594,-37.76359131614563,-0.43312820157626336,-3.1153846153846154,49,44,False,
Sun Link,250,All,tips,Earlier diagnostic,130,78,0.023076923076923078,9.069230769230769,0.03076923076923077,6.430769230769231,39199.99999999999,20800.0,88.0382775119617,0.28758865664404076,2.646153846153846,14,26,False,
Sun Link,250,All,tips,Later follow-up,130,78,9.069230769230769,2.1615384615384614,6.430769230769231,3.5615384615384613,-76.16624257845632,-44.61722488038278,-56.96539696671594,-0.5953461844685289,-4.038461538461538,67,48,False,
Sun Link,250,Lower,reviews,Main,121,72,23.950413223140497,31.570247933884296,22.958677685950413,32.84297520661157,31.815044858523112,43.05255579553635,-7.855512174892498,-0.32561617743767013,-2.2644628099173554,27,22,False,
Sun Link,250,Lower,reviews,Earlier diagnostic,121,72,7.090909090909091,23.950413223140497,5.983471074380165,22.958677685950413,237.7622377622378,283.70165745856355,-11.972692534247608,-0.0563724290408369,-0.11570247933884298,0,0,False,
Sun Link,250,Lower,reviews,Later follow-up,121,72,23.950413223140497,28.330578512396695,22.958677685950413,33.264462809917354,18.28847481021394,44.88840892728581,-18.358911050242398,-0.4102254786278418,-5.925619834710743,32,25,False,
Sun Link,250,Lower,reviewers,Main,121,72,22.975206611570247,31.05785123966942,22.041322314049587,32.33057851239669,35.179856115107924,46.68166479190099,-7.841340424592824,-0.3318009111705299,-2.206611570247934,27,22,False,
Sun Link,250,Lower,reviewers,Earlier diagnostic,121,72,6.966942148760331,22.975206611570247,5.867768595041323,22.041322314049587,229.77461447212332,275.6338028169014,-12.208482836442602,-0.05344191972594264,-0.1652892561983471,0,0,False,
Sun Link,250,Lower,reviewers,Later follow-up,121,72,22.975206611570247,27.801652892561982,22.041322314049587,32.43801652892562,21.00719424460431,47.169103862017245,-17.776767630481604,-0.413349310413078,-5.570247933884297,32,25,False,
Sun Link,250,Lower,checkins,Main,121,72,75.3305785123967,105.67768595041322,52.900826446280995,88.38842975206612,40.28524410312671,67.08326823933758,-16.038723936034216,-0.3210530355693993,-5.140495867768595,27,23,False,
Sun Link,250,Lower,checkins,Earlier diagnostic,121,72,0.0,75.3305785123967,0.0,52.900826446280995,,,,0.23379608687956668,22.429752066115704,0,0,False,Checkins begin2010; early window incomplete
Sun Link,250,Lower,checkins,Later follow-up,121,72,75.3305785123967,53.31404958677686,52.900826446280995,56.54545454545455,-29.226549643444876,6.889548508045618,-33.788240904368706,-0.5876547988959744,-25.66115702479339,33,25,False,
Sun Link,250,Lower,tips,Main,121,72,9.380165289256198,3.5289256198347108,6.446280991735537,4.099173553719008,-62.37885462555066,-36.410256410256416,-40.83771493534175,-0.49703130279468327,-3.5041322314049586,44,39,False,
Sun Link,250,Lower,tips,Earlier diagnostic,121,72,0.024793388429752067,9.380165289256198,0.03305785123966942,6.446280991735537,37733.33333333333,19400.0,94.01709401709401,0.3264287619770796,2.9421487603305785,11,25,False,
Sun Link,250,Lower,tips,Later follow-up,121,72,9.380165289256198,2.2479338842975207,6.446280991735537,3.7520661157024793,-76.0352422907489,-41.79487179487179,-58.82706825282851,-0.6546998078013084,-4.43801652892562,62,43,False,
Sun Link,250,Middle,reviews,Main,9,6,11.777777777777779,13.333333333333334,16.22222222222222,7.0,13.207547169811317,-56.849315068493155,162.3539982030548,1.0315355185059516,10.777777777777779,2,4,True,
Sun Link,250,Middle,reviews,Earlier diagnostic,9,6,7.555555555555555,11.777777777777779,4.222222222222222,16.22222222222222,55.88235294117649,284.2105263157894,-59.427880741337624,-0.5480958594396953,-7.777777777777778,0,0,True,
Sun Link,250,Middle,reviews,Later follow-up,9,6,11.777777777777779,11.11111111111111,16.22222222222222,8.333333333333334,-5.660377358490576,-48.630136986301366,83.64779874213832,0.7461035480247198,7.222222222222222,4,5,True,
Sun Link,250,Middle,reviewers,Main,9,6,11.222222222222221,13.0,15.333333333333334,6.888888888888889,15.841584158415856,-55.072463768115945,157.84094538486107,1.0153586242354038,10.222222222222221,2,4,True,
Sun Link,250,Middle,reviewers,Earlier diagnostic,9,6,7.444444444444445,11.222222222222221,4.222222222222222,15.333333333333334,50.74626865671641,263.15789473684214,-58.490157906121574,-0.5196438966886369,-7.333333333333333,0,0,True,
Sun Link,250,Middle,reviewers,Later follow-up,9,6,11.222222222222221,10.666666666666666,15.333333333333334,8.333333333333334,-4.950495049504944,-45.652173913043484,74.89108910891092,0.7066911259820965,6.444444444444445,4,5,True,
Sun Link,250,Middle,checkins,Main,9,6,38.111111111111114,49.77777777777778,51.333333333333336,53.0,30.612244897959172,3.246753246753231,26.504941599281228,0.770917421925106,10.0,3,4,True,
Sun Link,250,Middle,checkins,Earlier diagnostic,9,6,0.0,38.111111111111114,0.0,51.333333333333336,,,,-0.10024749004631245,-13.222222222222221,0,0,True,Checkins begin2010; early window incomplete
Sun Link,250,Middle,checkins,Later follow-up,9,6,38.111111111111114,33.44444444444444,51.333333333333336,49.0,-12.244897959183687,-4.545454545454552,-8.066083576287664,0.5081112234822828,-2.3333333333333335,4,5,True,
Sun Link,250,Middle,tips,Main,9,6,4.888888888888889,2.0,6.222222222222222,1.2222222222222223,-59.09090909090909,-80.35714285714286,108.26446280991733,0.42601349258249255,2.111111111111111,5,5,True,
Sun Link,250,Middle,tips,Earlier diagnostic,9,6,0.0,4.888888888888889,0.0,6.222222222222222,,,,-0.23459498172236992,-1.3333333333333333,3,1,True,
Sun Link,250,Middle,tips,Later follow-up,9,6,4.888888888888889,1.0,6.222222222222222,1.0,-79.54545454545455,-83.92857142857143,27.27272727272727,0.2026303070055054,1.3333333333333333,5,5,True,
Sun Link,500,All,reviews,Main,149,86,23.57046979865772,32.43624161073826,23.114093959731544,33.19463087248322,37.61389521640093,43.61207897793265,-4.176656869129647,-0.289886655088568,-1.2147651006711409,33,26,False,
Sun Link,500,All,reviews,Earlier diagnostic,149,86,7.422818791946309,23.57046979865772,6.2885906040268456,23.114093959731544,217.5406871609403,267.5560298826041,-13.607542430371355,-0.06447151625093167,-0.6778523489932886,0,0,False,
Sun Link,500,All,reviews,Later follow-up,149,86,23.57046979865772,30.248322147651006,23.114093959731544,33.81879194630873,28.331435079726642,46.3124274099884,-12.289449808577391,-0.3860498675061235,-4.026845637583893,41,31,False,
Sun Link,500,All,reviewers,Main,149,86,22.624161073825505,31.926174496644297,22.201342281879196,32.67785234899329,41.115396024918425,47.18863361547763,-4.126159365284421,-0.2947600023754873,-1.174496644295302,33,26,False,
Sun Link,500,All,reviewers,Earlier diagnostic,149,86,7.308724832214765,22.624161073825505,6.174496644295302,22.201342281879196,209.55004591368228,259.5652173913044,-13.90990258748861,-0.06352966701854265,-0.7114093959731543,0,0,False,
Sun Link,500,All,reviewers,Later follow-up,149,86,22.624161073825505,29.624161073825505,22.201342281879196,32.993288590604024,30.9403737763275,48.60943168077385,-11.889593886881311,-0.3904104138244914,-3.791946308724832,41,31,False,
Sun Link,500,All,checkins,Main,149,86,71.11409395973155,106.0738255033557,54.19463087248322,90.25503355704699,49.160060400150996,66.5386996904025,-10.435195736821889,-0.33288721919608427,-1.1006711409395973,34,28,False,
Sun Link,500,All,checkins,Earlier diagnostic,149,86,0.0,71.11409395973155,0.0,54.19463087248322,,,,0.20633118914244727,16.91946308724832,0,0,False,Checkins begin2010; early window incomplete
Sun Link,500,All,checkins,Later follow-up,149,86,71.11409395973155,55.7248322147651,54.19463087248322,57.422818791946305,-21.640241600604003,5.956656346749223,-26.045459434885142,-0.5193950307034083,-18.61744966442953,42,31,False,
Sun Link,500,All,tips,Main,149,86,9.033557046979865,3.577181208053691,6.671140939597316,4.1610738255033555,-60.40118870728084,-37.62575452716298,-36.51416383070508,-0.4163649720195483,-2.946308724832215,55,46,False,
Sun Link,500,All,tips,Earlier diagnostic,149,86,0.026845637583892617,9.033557046979865,0.040268456375838924,6.671140939597316,33550.0,16466.666666666668,103.11871227364185,0.2545651695112087,2.3758389261744965,16,28,False,
Sun Link,500,All,tips,Later follow-up,149,86,9.033557046979865,2.442953020134228,6.671140939597316,3.8120805369127515,-72.95690936106983,-42.85714285714286,-52.674591381872204,-0.5479217251281784,-3.7315436241610738,74,51,False,
Sun Link,500,Lower,reviews,Main,140,80,24.32857142857143,33.66428571428571,23.557142857142857,34.878571428571426,38.373458602466215,48.059429957550016,-6.5419482959382265,-0.3748352233910728,-1.9857142857142858,31,22,False,
Sun Link,500,Lower,reviews,Earlier diagnostic,140,80,7.414285714285715,24.32857142857143,6.421428571428572,23.557142857142857,228.131021194605,266.8520578420467,-10.554946011537325,-0.03338137990308257,-0.22142857142857142,0,0,False,
Sun Link,500,Lower,reviews,Later follow-up,140,80,24.32857142857143,31.478571428571428,23.557142857142857,35.457142857142856,29.389312977099237,50.51546391752577,-14.035867405625845,-0.45883115850453504,-4.75,37,26,False,
Sun Link,500,Lower,reviewers,Main,140,80,23.357142857142858,33.142857142857146,22.642857142857142,34.33571428571429,41.896024464831804,51.64037854889592,-6.425962647489747,-0.37898191408618737,-1.9071428571428573,31,22,False,
Sun Link,500,Lower,reviewers,Earlier diagnostic,140,80,7.3,23.357142857142858,6.3,22.642857142857142,219.96086105675147,259.4104308390023,-10.976189447301321,-0.03420803796832231,-0.2857142857142857,0,0,False,
Sun Link,500,Lower,reviewers,Later follow-up,140,80,23.357142857142858,30.84285714285714,22.642857142857142,34.57857142857143,32.04892966360855,52.71293375394321,-13.53127307712474,-0.46093836995491494,-4.45,37,26,False,
Sun Link,500,Lower,checkins,Main,140,80,73.23571428571428,109.69285714285714,54.378571428571426,92.65,49.78055203355116,70.37961381846843,-12.090097707854063,-0.4038460889824465,-1.8142857142857143,31,24,False,
Sun Link,500,Lower,checkins,Earlier diagnostic,140,80,0.0,73.23571428571428,0.0,54.378571428571426,,,,0.2260398185188675,18.857142857142858,0,0,False,Checkins begin2010; early window incomplete
Sun Link,500,Lower,checkins,Later follow-up,140,80,73.23571428571428,57.15714285714286,54.378571428571426,57.964285714285715,-21.954549887837693,6.593983974779993,-26.782500098103313,-0.5854490041867741,-19.664285714285715,38,26,False,
Sun Link,500,Lower,tips,Main,140,80,9.3,3.6785714285714284,6.7,4.35,-60.44546850998464,-35.074626865671654,-39.076928509631514,-0.4705178733153938,-3.2714285714285714,50,41,False,
Sun Link,500,Lower,tips,Earlier diagnostic,140,80,0.02857142857142857,9.3,0.04285714285714286,6.7,32450.000000000007,15533.333333333334,108.20895522388061,0.2860111792333674,2.6142857142857143,13,27,False,
Sun Link,500,Lower,tips,Later follow-up,140,80,9.3,2.5357142857142856,6.7,3.992857142857143,-72.7342549923195,-40.405117270788914,-54.24817742897263,-0.5961714986224864,-4.057142857142857,69,46,False,
Sun Link,500,Middle,reviews,Main,9,6,11.777777777777779,13.333333333333334,16.22222222222222,7.0,13.207547169811317,-56.849315068493155,162.3539982030548,1.0315355185059516,10.777777777777779,2,4,True,
Sun Link,500,Middle,reviews,Earlier diagnostic,9,6,7.555555555555555,11.777777777777779,4.222222222222222,16.22222222222222,55.88235294117649,284.2105263157894,-59.427880741337624,-0.5480958594396953,-7.777777777777778,0,0,True,
Sun Link,500,Middle,reviews,Later follow-up,9,6,11.777777777777779,11.11111111111111,16.22222222222222,8.333333333333334,-5.660377358490576,-48.630136986301366,83.64779874213832,0.7461035480247198,7.222222222222222,4,5,True,
Sun Link,500,Middle,reviewers,Main,9,6,11.222222222222221,13.0,15.333333333333334,6.888888888888889,15.841584158415856,-55.072463768115945,157.84094538486107,1.0153586242354038,10.222222222222221,2,4,True,
Sun Link,500,Middle,reviewers,Earlier diagnostic,9,6,7.444444444444445,11.222222222222221,4.222222222222222,15.333333333333334,50.74626865671641,263.15789473684214,-58.490157906121574,-0.5196438966886369,-7.333333333333333,0,0,True,
Sun Link,500,Middle,reviewers,Later follow-up,9,6,11.222222222222221,10.666666666666666,15.333333333333334,8.333333333333334,-4.950495049504944,-45.652173913043484,74.89108910891092,0.7066911259820965,6.444444444444445,4,5,True,
Sun Link,500,Middle,checkins,Main,9,6,38.111111111111114,49.77777777777778,51.333333333333336,53.0,30.612244897959172,3.246753246753231,26.504941599281228,0.770917421925106,10.0,3,4,True,
Sun Link,500,Middle,checkins,Earlier diagnostic,9,6,0.0,38.111111111111114,0.0,51.333333333333336,,,,-0.10024749004631245,-13.222222222222221,0,0,True,Checkins begin2010; early window incomplete
Sun Link,500,Middle,checkins,Later follow-up,9,6,38.111111111111114,33.44444444444444,51.333333333333336,49.0,-12.244897959183687,-4.545454545454552,-8.066083576287664,0.5081112234822828,-2.3333333333333335,4,5,True,
Sun Link,500,Middle,tips,Main,9,6,4.888888888888889,2.0,6.222222222222222,1.2222222222222223,-59.09090909090909,-80.35714285714286,108.26446280991733,0.42601349258249255,2.111111111111111,5,5,True,
Sun Link,500,Middle,tips,Earlier diagnostic,9,6,0.0,4.888888888888889,0.0,6.222222222222222,,,,-0.23459498172236992,-1.3333333333333333,3,1,True,
Sun Link,500,Middle,tips,Later follow-up,9,6,4.888888888888889,1.0,6.222222222222222,1.0,-79.54545454545455,-83.92857142857143,27.27272727272727,0.2026303070055054,1.3333333333333333,5,5,True,
Sun Link,1000,All,reviews,Main,176,96,22.556818181818183,31.488636363636363,22.15340909090909,32.0,39.596977329974806,44.44729417799436,-3.3578454173345595,-0.2169615632336699,-0.9147727272727273,37,32,False,
Sun Link,1000,All,reviews,Earlier diagnostic,176,96,6.943181818181818,22.556818181818183,6.0852272727272725,22.15340909090909,224.8772504091653,264.0522875816993,-10.760827086889957,-0.02646070371139587,-0.45454545454545453,0,0,False,
Sun Link,1000,All,reviews,Later follow-up,176,96,22.556818181818183,29.09659090909091,22.15340909090909,32.55681818181818,28.99244332493702,46.9607591690177,-12.22660793648701,-0.3246234631489306,-3.8636363636363638,48,39,False,
Sun Link,1000,All,reviewers,Main,176,96,21.664772727272727,30.97159090909091,21.318181818181817,31.488636363636363,42.95830055074745,47.707889125799575,-3.2155280284365872,-0.2187497309274315,-0.8636363636363636,37,32,False,
Sun Link,1000,All,reviewers,Earlier diagnostic,176,96,6.818181818181818,21.664772727272727,5.9602272727272725,21.318181818181817,217.74999999999997,257.67397521449,-11.162113539445627,-0.026285300429927282,-0.5113636363636364,0,0,False,
Sun Link,1000,All,reviewers,Later follow-up,176,96,21.664772727272727,28.488636363636363,21.318181818181817,31.772727272727273,31.497508523472327,49.04051172707891,-11.770627328314,-0.3293212367490747,-3.6306818181818183,48,39,False,
Sun Link,1000,All,checkins,Main,176,96,67.11931818181819,102.96022727272727,54.38068181818182,88.74431818181819,53.39879793447895,63.190889144290054,-6.00039086811589,-0.19387307780383,1.4772727272727273,38,35,False,
Sun Link,1000,All,checkins,Earlier diagnostic,176,96,0.0,67.11931818181819,0.0,54.38068181818182,,,,0.09409686529030874,12.738636363636363,1,0,False,Checkins begin2010; early window incomplete
Sun Link,1000,All,checkins,Later follow-up,176,96,67.11931818181819,52.14204545454545,54.38068181818182,55.88636363636363,-22.314399390501993,2.7687806916727453,-24.407392900212944,-0.41885949563853164,-16.482954545454547,51,39,False,
Sun Link,1000,All,tips,Main,176,96,8.375,3.3863636363636362,6.721590909090909,4.090909090909091,-59.565807327001366,-39.137785291631445,-33.56437509422584,-0.3266426160482,-2.3579545454545454,66,58,False,
Sun Link,1000,All,tips,Earlier diagnostic,176,96,0.022727272727272728,8.375,0.05113636363636364,6.721590909090909,36750.0,13044.444444444443,180.34657650042269,0.18410711154034523,1.6818181818181819,19,32,False,
Sun Link,1000,All,tips,Later follow-up,176,96,8.375,2.3863636363636362,6.721590909090909,3.7329545454545454,-71.50610583446404,-44.4632290786137,-48.693642621264786,-0.4443645927083931,-3.0,85,63,False,
Sun Link,1000,Lower,reviews,Main,166,89,23.210843373493976,32.48795180722892,22.56024096385542,33.355421686746986,39.96885543732158,47.850467289719624,-5.330799419763532,-0.2836509791772492,-1.5180722891566265,35,28,False,
Sun Link,1000,Lower,reviews,Earlier diagnostic,166,89,6.9397590361445785,23.210843373493976,6.22289156626506,22.56024096385542,234.46180555555554,262.5363020329138,-7.74391318053701,0.006546440349204273,-0.06626506024096386,0,0,False,
Sun Link,1000,Lower,reviews,Later follow-up,166,89,23.210843373493976,30.05421686746988,22.56024096385542,33.89156626506024,29.483519335582663,50.22696929238985,-13.808073247110364,-0.3834716238179929,-4.4879518072289155,44,34,False,
Sun Link,1000,Lower,reviewers,Main,166,89,22.301204819277107,31.96385542168675,21.72289156626506,32.825301204819276,43.32793084819018,51.10926234054354,-5.149473547701633,-0.2851751174281396,-1.4397590361445782,35,28,False,
Sun Link,1000,Lower,reviewers,Earlier diagnostic,166,89,6.813253012048193,22.301204819277107,6.090361445783133,21.72289156626506,227.32095490716176,256.67655786350144,-8.230314639173441,0.005713998721304136,-0.14457831325301204,0,0,False,
Sun Link,1000,Lower,reviewers,Later follow-up,166,89,22.301204819277107,29.451807228915662,21.72289156626506,33.0722891566265,32.06374932468936,52.24625623960066,-13.256488148482726,-0.38668120468494466,-4.198795180722891,44,34,False,
Sun Link,1000,Lower,checkins,Main,166,89,69.01204819277109,106.00602409638554,54.45783132530121,90.94578313253012,53.605097765363126,67.00221238938053,-8.022118050017713,-0.2597320937175408,0.5060240963855421,35,31,False,
Sun Link,1000,Lower,checkins,Earlier diagnostic,166,89,0.0,69.01204819277109,0.0,54.45783132530121,,,,0.11448024543649575,14.55421686746988,1,0,False,Checkins begin2010; early window incomplete
Sun Link,1000,Lower,checkins,Later follow-up,166,89,69.01204819277109,53.25301204819277,54.45783132530121,56.43975903614458,-22.83519553072626,3.6393805309734573,-25.544899946394008,-0.4828180622368022,-17.740963855421686,47,34,False,
Sun Link,1000,Lower,tips,Main,166,89,8.596385542168674,3.463855421686747,6.771084337349397,4.228915662650603,-59.70567624386825,-37.54448398576512,-35.483162532917255,-0.36524141371786556,-2.5903614457831323,61,53,False,
Sun Link,1000,Lower,tips,Earlier diagnostic,166,89,0.024096385542168676,8.596385542168674,0.05421686746987952,6.771084337349397,35574.99999999999,12388.888888888889,185.6539145907473,0.2079169064253138,1.855421686746988,16,31,False,
Sun Link,1000,Lower,tips,Later follow-up,166,89,8.596385542168674,2.4698795180722892,6.771084337349397,3.897590361445783,-71.26839523475823,-42.437722419928825,-50.0860529271534,-0.4821195245766671,-3.253012048192771,80,58,False,
Sun Link,1000,Middle,reviews,Main,10,7,11.7,14.9,15.4,9.5,27.350427350427363,-38.31168831168831,106.44174538911382,0.8900827414297459,9.1,2,4,True,
Sun Link,1000,Middle,reviews,Earlier diagnostic,10,7,7.0,11.7,3.8,15.4,67.14285714285712,305.2631578947369,-58.75695732838591,-0.5743792951173586,-6.9,0,0,True,
Sun Link,1000,Middle,reviews,Later follow-up,10,7,11.7,13.2,15.4,10.4,12.82051282051282,-32.467532467532465,67.06114398422089,0.6522560039575022,6.5,4,5,True,
Sun Link,1000,Middle,reviewers,Main,10,7,11.1,14.5,14.6,9.3,30.630630630630627,-36.30136986301369,105.07604378572117,0.8839116849843229,8.7,2,4,True,
Sun Link,1000,Middle,reviewers,Earlier diagnostic,10,7,6.9,11.1,3.8,14.6,60.86956521739128,284.2105263157895,-58.12983918999405,-0.557473666340369,-6.6,0,0,True,
Sun Link,1000,Middle,reviewers,Later follow-up,10,7,11.1,12.5,14.6,10.2,12.612612612612617,-30.136986301369863,61.19060236707297,0.6228542309863669,5.8,4,5,True,
Sun Link,1000,Middle,checkins,Main,10,7,35.7,52.4,53.1,52.2,46.77871148459383,-1.6949152542372836,49.309378923983374,0.8993865863637694,17.6,3,4,True,
Sun Link,1000,Middle,checkins,Earlier diagnostic,10,7,0.0,35.7,0.0,53.1,,,,-0.24426724513639614,-17.4,0,0,True,Checkins begin2010; early window incomplete
Sun Link,1000,Middle,checkins,Later follow-up,10,7,35.7,33.7,53.1,46.7,-5.602240896358546,-12.052730696798486,7.334496967952053,0.642852709892759,4.4,4,5,True,
Sun Link,1000,Middle,tips,Main,10,7,4.7,2.1,5.9,1.8,-55.319148936170215,-69.49152542372882,46.453900709219866,0.31409742526824874,1.5,5,5,True,
Sun Link,1000,Middle,tips,Earlier diagnostic,10,7,0.0,4.7,0.0,5.9,,,,-0.2111354835501329,-1.2,3,1,True,
Sun Link,1000,Middle,tips,Later follow-up,10,7,4.7,1.0,5.9,1.0,-78.72340425531915,-83.05084745762711,25.531914893617035,0.18236727630495486,1.2,5,5,True,
Dilworth Park,250,All,reviews,Main,95,73,31.83157894736842,32.2,30.13684210526316,31.778947368421054,1.157407407407418,5.448829898707652,-4.06967293560535,-0.48299443705084144,-1.2736842105263158,24,13,False,
Dilworth Park,250,All,reviews,Earlier diagnostic,95,73,12.31578947368421,31.83157894736842,13.23157894736842,30.13684210526316,158.46153846153848,127.7645186953063,13.477524920067708,0.12567844648346366,2.610526315789474,0,0,False,
Dilworth Park,250,All,reviews,Later follow-up,95,73,31.83157894736842,28.263157894736842,30.13684210526316,22.63157894736842,-11.210317460317453,-24.903946908836893,18.234819121447043,-0.19765374272183164,3.9368421052631577,34,23,False,
Dilworth Park,250,All,reviewers,Main,95,73,30.852631578947367,31.589473684210525,29.357894736842105,31.157894736842106,2.3882633913340223,6.131229831480822,-3.5267342572869675,-0.471850592804496,-1.063157894736842,24,13,False,
Dilworth Park,250,All,reviewers,Earlier diagnostic,95,73,12.08421052631579,30.852631578947367,12.810526315789474,29.357894736842105,155.3135888501742,129.17009038619557,11.407901624475446,0.10274687069423696,2.221052631578947,0,0,False,
Dilworth Park,250,All,reviewers,Later follow-up,95,73,30.852631578947367,27.91578947368421,29.357894736842105,22.305263157894736,-9.518935516888426,-24.022947292936536,19.08999001576128,-0.17784865576148579,4.11578947368421,34,23,False,
Dilworth Park,250,All,checkins,Main,95,73,67.48421052631579,92.81052631578947,64.93684210526315,89.51578947368421,37.52924660739354,37.85054303776949,-0.23307592650391173,-0.5031793729652987,0.7473684210526316,25,15,False,
Dilworth Park,250,All,checkins,Earlier diagnostic,95,73,0.0,67.48421052631579,0.0,64.93684210526315,,,,0.15566909141745264,2.5473684210526315,2,1,False,Checkins begin2010; early window incomplete
Dilworth Park,250,All,checkins,Later follow-up,95,73,67.48421052631579,54.55789473684211,64.93684210526315,45.126315789473686,-19.154578068944005,-30.507375587615492,16.336694166709687,-0.11595093267465598,6.88421052631579,34,27,False,
Dilworth Park,250,All,tips,Main,95,73,6.705263157894737,3.210526315789474,7.494736842105263,3.4947368421052634,-52.119309262166404,-53.37078651685393,2.6838909799322908,-0.2004546632481526,0.5052631578947369,42,26,False,
Dilworth Park,250,All,tips,Earlier diagnostic,95,73,0.06315789473684211,6.705263157894737,0.07368421052631578,7.494736842105263,10516.666666666666,10071.428571428572,4.377340823970011,0.008380289812646938,-0.7789473684210526,19,14,False,
Dilworth Park,250,All,tips,Later follow-up,95,73,6.705263157894737,2.231578947368421,7.494736842105263,2.0631578947368423,-66.71899529042386,-72.47191011235955,20.8983436388684,-0.08682279889525674,0.9578947368421052,52,41,False,
Dilworth Park,250,Lower,reviews,Main,1,1,21.0,35.0,13.0,22.0,66.66666666666667,69.23076923076923,-1.5151515151515138,-0.00396040121609742,5.0,0,0,True,
Dilworth Park,250,Lower,reviews,Earlier diagnostic,1,1,13.0,21.0,8.0,13.0,61.53846153846154,62.5,-0.591715976331364,0.010152371464018817,3.0,0,0,True,
Dilworth Park,250,Lower,reviews,Later follow-up,1,1,21.0,20.0,13.0,29.0,-4.761904761904767,123.07692307692308,-57.30706075533662,-0.8086600676817901,-17.0,0,0,True,
Dilworth Park,250,Lower,reviewers,Main,1,1,21.0,35.0,13.0,22.0,66.66666666666667,69.23076923076923,-1.5151515151515138,-0.00396040121609742,5.0,0,0,True,
Dilworth Park,250,Lower,reviewers,Earlier diagnostic,1,1,13.0,21.0,8.0,13.0,61.53846153846154,62.5,-0.591715976331364,0.010152371464018817,3.0,0,0,True,
Dilworth Park,250,Lower,reviewers,Later follow-up,1,1,21.0,20.0,13.0,29.0,-4.761904761904767,123.07692307692308,-57.30706075533662,-0.8086600676817901,-17.0,0,0,True,
Dilworth Park,250,Lower,checkins,Main,1,1,242.0,317.0,48.0,80.0,30.99173553719008,66.66666666666667,-21.404958677685958,-0.233638917122184,43.0,0,0,True,
Dilworth Park,250,Lower,checkins,Earlier diagnostic,1,1,0.0,242.0,0.0,48.0,,,,1.6012411452299218,194.0,0,0,True,Checkins begin2010; early window incomplete
Dilworth Park,250,Lower,checkins,Later follow-up,1,1,242.0,120.0,48.0,66.0,-50.413223140495866,37.5,-63.936889556724275,-1.0101432190241462,-140.0,0,0,True,
Dilworth Park,250,Lower,tips,Main,1,1,17.0,9.0,0.0,0.0,-47.05882352941176,,,-0.5877866649021186,-8.0,0,1,True,
Dilworth Park,250,Lower,tips,Earlier diagnostic,1,1,0.0,17.0,0.0,0.0,,,,2.8903717578961645,17.0,0,1,True,
Dilworth Park,250,Lower,tips,Later follow-up,1,1,17.0,6.0,0.0,1.0,-64.70588235294117,,,-1.6376087894007965,-12.0,0,0,True,
Dilworth Park,250,Middle,reviews,Main,21,20,33.666666666666664,46.61904761904762,32.95238095238095,27.761904761904763,38.47241867043849,-15.751445086705196,64.3617731045342,0.22229577557138822,18.142857142857142,4,5,False,
Dilworth Park,250,Middle,reviews,Earlier diagnostic,21,20,17.666666666666668,33.666666666666664,10.714285714285714,32.95238095238095,90.56603773584904,207.55555555555554,-38.03849929108954,-0.5376417454382744,-6.238095238095238,0,0,False,
Dilworth Park,250,Middle,reviews,Later follow-up,21,20,33.666666666666664,41.80952380952381,32.95238095238095,16.047619047619047,24.186704384724187,-51.300578034682076,155.00652651106566,0.7056448566901068,25.047619047619047,6,7,False,
Dilworth Park,250,Middle,reviewers,Main,21,20,33.333333333333336,46.095238095238095,31.571428571428573,27.19047619047619,38.28571428571428,-13.876319758672706,60.56642481861396,0.22157329835475345,17.142857142857142,4,5,False,
Dilworth Park,250,Middle,reviewers,Earlier diagnostic,21,20,17.428571428571427,33.333333333333336,10.380952380952381,31.571428571428573,91.25683060109293,204.12844036697248,-37.11313865605089,-0.554395244289661,-5.285714285714286,0,0,False,
Dilworth Park,250,Middle,reviewers,Later follow-up,21,20,33.333333333333336,41.285714285714285,31.571428571428573,15.857142857142858,23.857142857142843,-49.7737556561086,146.5984555984556,0.698487339050884,23.666666666666668,6,7,False,
Dilworth Park,250,Middle,checkins,Main,21,20,88.85714285714286,141.28571428571428,74.57142857142857,76.14285714285714,59.00321543408358,2.1072796934865856,55.72172318309874,0.33775295814594036,50.857142857142854,4,7,False,
Dilworth Park,250,Middle,checkins,Earlier diagnostic,21,20,0.0,88.85714285714286,0.0,74.57142857142857,,,,0.5007024836388216,14.285714285714286,1,0,False,Checkins begin2010; early window incomplete
Dilworth Park,250,Middle,checkins,Later follow-up,21,20,88.85714285714286,95.71428571428571,74.57142857142857,35.38095238095238,7.717041800643076,-52.55427841634739,127.03215001319927,0.7247005612564698,46.04761904761905,6,8,False,
Dilworth Park,250,Middle,tips,Main,21,20,8.904761904761905,4.238095238095238,9.428571428571429,2.5714285714285716,-52.40641711229947,-72.72727272727273,74.50980392156859,-0.0443325428765358,2.1904761904761907,10,9,False,
Dilworth Park,250,Middle,tips,Earlier diagnostic,21,20,0.09523809523809523,8.904761904761905,0.09523809523809523,9.428571428571429,9250.000000000002,9800.000000000002,-5.555555555555558,0.13197776351451135,-0.5238095238095238,4,2,False,
Dilworth Park,250,Middle,tips,Later follow-up,21,20,8.904761904761905,4.095238095238095,9.428571428571429,1.8571428571428572,-54.01069518716578,-80.3030303030303,133.48416289592757,0.11348583829834638,2.761904761904762,9,9,False,
Dilworth Park,250,Higher,reviews,Main,73,52,31.45205479452055,28.013698630136986,29.561643835616437,33.06849315068493,-10.93205574912892,11.862835959221506,-20.37753782378634,-0.692448252131685,-6.945205479452055,20,8,False,
Dilworth Park,250,Higher,reviews,Earlier diagnostic,73,52,10.767123287671232,31.45205479452055,14.027397260273972,29.561643835616437,192.11195928753182,110.7421875,38.6110501901912,0.31807913285847667,5.1506849315068495,0,0,False,
Dilworth Park,250,Higher,reviews,Later follow-up,73,52,31.45205479452055,24.47945205479452,29.561643835616437,24.438356164383563,-22.168989547038333,-17.330861909175155,-5.8523987906439086,-0.4491368148134856,-1.8493150684931507,28,16,False,
Dilworth Park,250,Higher,reviewers,Main,73,52,30.273972602739725,27.36986301369863,28.945205479452056,32.42465753424658,-9.592760180995475,12.020823473734033,-19.2942552862034,-0.6777381531597376,-6.383561643835616,20,8,False,
Dilworth Park,250,Higher,reviewers,Earlier diagnostic,73,52,10.534246575342467,30.273972602739725,13.575342465753424,28.945205479452056,187.3862158647594,113.2189707366297,34.784543266434696,0.2930561708845393,4.36986301369863,0,0,False,
Dilworth Park,250,Higher,reviewers,Later follow-up,73,52,30.273972602739725,24.17808219178082,28.945205479452056,24.068493150684933,-20.13574660633485,-16.848083293894934,-3.9538034030651925,-0.42130405958531414,-1.2191780821917808,28,16,False,
Dilworth Park,250,Higher,checkins,Main,73,52,58.945205479452056,75.79452054794521,62.397260273972606,93.4931506849315,28.584708343016494,49.83534577387485,-14.182659853122315,-0.748783748433506,-14.246575342465754,21,8,False,
Dilworth Park,250,Higher,checkins,Earlier diagnostic,73,52,0.0,58.945205479452056,0.0,62.397260273972606,,,,0.036610553191956496,-3.452054794520548,1,1,False,Checkins begin2010; early window incomplete
Dilworth Park,250,Higher,checkins,Later follow-up,73,52,58.945205479452056,41.821917808219176,62.397260273972606,47.64383561643836,-29.049500348594005,-23.6443468715697,-7.0789172190470655,-0.3455329749514251,-2.3698630136986303,28,19,False,
Dilworth Park,250,Higher,tips,Main,73,52,5.931506849315069,2.835616438356164,7.041095890410959,3.808219178082192,-52.19399538106235,-45.914396887159526,-11.610480668582934,-0.24006058826390583,0.136986301369863,32,16,False,
Dilworth Park,250,Higher,tips,Earlier diagnostic,73,52,0.0547945205479452,5.931506849315069,0.0684931506849315,7.041095890410959,10725.000000000002,10180.0,5.301556420233489,-0.06665448300684171,-1.095890410958904,15,11,False,
Dilworth Park,250,Higher,tips,Later follow-up,73,52,5.931506849315069,1.643835616438356,7.041095890410959,2.136986301369863,-72.2863741339492,-69.64980544747081,-8.68715580031979,-0.12320218780703927,0.6164383561643836,43,32,False,
Dilworth Park,500,All,reviews,Main,498,272,32.7289156626506,39.25100401606426,31.919678714859437,30.94578313253012,19.92760292042457,-3.0510820332159017,23.70184777256952,-0.11210261794375544,7.495983935742972,109,93,False,
Dilworth Park,500,All,reviews,Earlier diagnostic,498,272,13.630522088353414,32.7289156626506,15.17871485943775,31.919678714859437,140.1149086623453,110.29236671517397,14.181466694682188,0.013425338318906481,2.357429718875502,0,0,False,
Dilworth Park,500,All,reviews,Later follow-up,498,272,32.7289156626506,34.98795180722892,31.919678714859437,24.180722891566266,6.9022639425731835,-24.24509310518369,41.11595977671012,-0.09510071155352263,9.997991967871487,161,119,False,
Dilworth Park,500,All,reviewers,Main,498,272,31.901606425702813,38.66265060240964,31.08835341365462,30.47590361445783,21.193428589412733,-1.9700297119235266,23.628955750233118,-0.1185306114477579,7.373493975903615,109,93,False,
Dilworth Park,500,All,reviewers,Earlier diagnostic,498,272,13.29718875502008,31.901606425702813,14.694779116465863,31.08835341365462,139.91241316822715,111.56053566548239,13.401307296543475,0.015484519337531436,2.210843373493976,0,0,False,
Dilworth Park,500,All,reviewers,Later follow-up,498,272,31.901606425702813,34.5722891566265,31.08835341365462,23.843373493975903,8.371624598728511,-23.30448262498386,41.30111942374219,-0.09583774128198637,9.91566265060241,161,119,False,
Dilworth Park,500,All,checkins,Main,498,272,64.34939759036145,99.53815261044177,57.81124497991968,80.21285140562249,54.683891905386005,38.74956582146578,11.484234916038227,-0.25834103675936526,12.78714859437751,128,100,False,
Dilworth Park,500,All,checkins,Earlier diagnostic,498,272,0.0,64.34939759036145,0.0,57.81124497991968,,,,0.16655338917692433,6.538152610441767,16,12,False,Checkins begin2010; early window incomplete
Dilworth Park,500,All,checkins,Later follow-up,498,272,64.34939759036145,63.6144578313253,57.81124497991968,44.140562248995984,-1.1421082194345678,-23.64709968739146,29.47496607963238,-0.1416749361615651,12.93574297188755,176,144,False,
Dilworth Park,500,All,tips,Main,498,272,6.363453815261044,3.9036144578313254,6.680722891566265,3.608433734939759,-38.65572735878826,-45.987376014427404,13.573953854931231,-0.02434490181726593,0.6124497991967871,205,177,False,
Dilworth Park,500,All,tips,Earlier diagnostic,498,272,0.0321285140562249,6.363453815261044,0.07228915662650602,6.680722891566265,19706.250000000004,9141.666666666668,114.31469792605955,0.012467480264152155,-0.27710843373493976,114,106,False,
Dilworth Park,500,All,tips,Later follow-up,498,272,6.363453815261044,2.7590361445783134,6.680722891566265,2.3012048192771086,-56.64247396655095,-65.55455365193868,25.87302714946329,-0.059369511487645,0.7751004016064257,270,232,False,
Dilworth Park,500,Lower,reviews,Main,1,1,21.0,35.0,13.0,22.0,66.66666666666667,69.23076923076923,-1.5151515151515138,-0.00396040121609742,5.0,0,0,True,
Dilworth Park,500,Lower,reviews,Earlier diagnostic,1,1,13.0,21.0,8.0,13.0,61.53846153846154,62.5,-0.591715976331364,0.010152371464018817,3.0,0,0,True,
Dilworth Park,500,Lower,reviews,Later follow-up,1,1,21.0,20.0,13.0,29.0,-4.761904761904767,123.07692307692308,-57.30706075533662,-0.8086600676817901,-17.0,0,0,True,
Dilworth Park,500,Lower,reviewers,Main,1,1,21.0,35.0,13.0,22.0,66.66666666666667,69.23076923076923,-1.5151515151515138,-0.00396040121609742,5.0,0,0,True,
Dilworth Park,500,Lower,reviewers,Earlier diagnostic,1,1,13.0,21.0,8.0,13.0,61.53846153846154,62.5,-0.591715976331364,0.010152371464018817,3.0,0,0,True,
Dilworth Park,500,Lower,reviewers,Later follow-up,1,1,21.0,20.0,13.0,29.0,-4.761904761904767,123.07692307692308,-57.30706075533662,-0.8086600676817901,-17.0,0,0,True,
Dilworth Park,500,Lower,checkins,Main,1,1,242.0,317.0,48.0,80.0,30.99173553719008,66.66666666666667,-21.404958677685958,-0.233638917122184,43.0,0,0,True,
Dilworth Park,500,Lower,checkins,Earlier diagnostic,1,1,0.0,242.0,0.0,48.0,,,,1.6012411452299218,194.0,0,0,True,Checkins begin2010; early window incomplete
Dilworth Park,500,Lower,checkins,Later follow-up,1,1,242.0,120.0,48.0,66.0,-50.413223140495866,37.5,-63.936889556724275,-1.0101432190241462,-140.0,0,0,True,
Dilworth Park,500,Lower,tips,Main,1,1,17.0,9.0,0.0,0.0,-47.05882352941176,,,-0.5877866649021186,-8.0,0,1,True,
Dilworth Park,500,Lower,tips,Earlier diagnostic,1,1,0.0,17.0,0.0,0.0,,,,2.8903717578961645,17.0,0,1,True,
Dilworth Park,500,Lower,tips,Later follow-up,1,1,17.0,6.0,0.0,1.0,-64.70588235294117,,,-1.6376087894007965,-12.0,0,0,True,
Dilworth Park,500,Middle,reviews,Main,171,85,36.8421052631579,54.432748538011694,36.36842105263158,32.941520467836256,47.74603174603173,-9.422736774401042,63.11602546219981,0.06495927673008448,21.017543859649123,35,30,False,
Dilworth Park,500,Middle,reviews,Earlier diagnostic,171,85,15.660818713450292,36.8421052631579,14.456140350877194,36.36842105263158,135.25018670649743,151.57766990291265,-6.490036736056992,-0.2984994387994053,-0.7309941520467836,0,0,False,
Dilworth Park,500,Middle,reviews,Later follow-up,171,85,36.8421052631579,50.27485380116959,36.36842105263158,23.46783625730994,36.46031746031746,-35.47194082649945,111.47438681428218,0.16194726599149623,26.333333333333332,54,38,False,
Dilworth Park,500,Middle,reviewers,Main,171,85,36.07602339181287,53.87134502923977,35.08771929824562,32.432748538011694,49.32728156913599,-7.566666666666677,61.55133238637145,0.04704215411490486,20.450292397660817,35,30,False,
Dilworth Park,500,Middle,reviewers,Earlier diagnostic,171,85,15.374269005847953,36.07602339181287,13.859649122807017,35.08771929824562,134.6519589197414,153.16455696202533,-7.312476226702158,-0.2922500146312088,-0.5263157894736842,0,0,False,
Dilworth Park,500,Middle,reviewers,Later follow-up,171,85,36.07602339181287,49.71345029239766,35.08771929824562,23.18713450292398,37.80191278975522,-33.916666666666664,108.52748467554383,0.1442148296522904,25.538011695906434,54,38,False,
Dilworth Park,500,Middle,checkins,Main,171,85,76.70760233918129,142.01754385964912,63.09356725146199,87.04093567251462,85.14141953190514,37.955324867921036,34.20389514443192,-0.12609446618444412,41.36257309941521,42,35,False,
Dilworth Park,500,Middle,checkins,Earlier diagnostic,171,85,0.0,76.70760233918129,0.0,63.09356725146199,,,,0.33900752771068215,13.614035087719298,2,2,False,Checkins begin2010; early window incomplete
Dilworth Park,500,Middle,checkins,Later follow-up,171,85,76.70760233918129,97.60233918128655,63.09356725146199,47.04093567251462,27.239460242433466,-25.44258040596904,70.65968878115547,-0.02492625912193969,36.94736842105263,60,52,False,
Dilworth Park,500,Middle,tips,Main,171,85,7.795321637426901,5.684210526315789,7.795321637426901,3.91812865497076,-27.081770442610654,-49.73743435858965,45.074626865671654,0.009474890136196625,1.7660818713450293,62,69,False,
Dilworth Park,500,Middle,tips,Earlier diagnostic,171,85,0.029239766081871343,7.795321637426901,0.08187134502923976,7.795321637426901,26560.000000000004,9421.428571428572,179.99999999999997,0.16011630614264524,0.05263157894736842,32,37,False,
Dilworth Park,500,Middle,tips,Later follow-up,171,85,7.795321637426901,4.444444444444445,7.795321637426901,2.7777777777777777,-42.98574643660915,-64.36609152288074,60.00000000000003,-0.16981951044785107,1.6666666666666667,86,73,False,
Dilworth Park,500,Higher,reviews,Main,326,186,30.607361963190183,31.300613496932517,29.644171779141104,29.926380368098158,2.2649829625175366,0.9519867549668826,1.3006145294966798,-0.20531036704177466,0.4110429447852761,74,63,False,
Dilworth Park,500,Higher,reviews,Earlier diagnostic,326,186,12.567484662576687,30.607361963190183,15.579754601226995,29.644171779141104,143.54405662680009,90.27367592045677,27.99671601898983,0.17705236241119549,3.9754601226993866,0,0,False,
Dilworth Park,500,Higher,reviews,Later follow-up,326,186,30.607361963190183,27.015337423312882,29.644171779141104,24.539877300613497,-11.735818801362996,-17.218543046357617,6.623130887953499,-0.2277437937745961,1.5122699386503067,107,81,False,
Dilworth Park,500,Higher,reviewers,Main,326,186,29.745398773006134,30.696319018404907,29.04601226993865,29.475460122699385,3.1968650097968565,1.4785088182490247,1.6933203015679466,-0.20573157194299407,0.5214723926380368,74,63,False,
Dilworth Park,500,Higher,reviewers,Earlier diagnostic,326,186,12.208588957055214,29.745398773006134,15.153374233128835,29.04601226993865,143.64321608040203,91.68016194331983,27.10924991416053,0.17691991030847648,3.644171779141104,0,0,False,
Dilworth Park,500,Higher,reviewers,Later follow-up,326,186,29.745398773006134,26.67484662576687,29.04601226993865,24.171779141104295,-10.322780241311735,-16.781075087126407,7.760608362312071,-0.219568315832175,1.803680981595092,107,81,False,
Dilworth Park,500,Higher,checkins,Main,326,186,57.32208588957055,76.58895705521472,55.07055214723926,76.6319018404908,33.611601648204626,39.15223082493178,-3.9817034508759286,-0.3277854100352815,-2.294478527607362,86,65,False,
Dilworth Park,500,Higher,checkins,Earlier diagnostic,326,186,0.0,57.32208588957055,0.0,55.07055214723926,,,,0.07169343382316483,2.2515337423312882,14,10,False,Checkins begin2010; early window incomplete
Dilworth Park,500,Higher,checkins,Later follow-up,326,186,57.32208588957055,45.61349693251534,55.07055214723926,42.5521472392638,-20.42596457430299,-22.731576895226425,2.9838997979771076,-0.2002502597533238,0.8098159509202454,116,92,False,
Dilworth Park,500,Higher,tips,Main,326,186,5.579754601226994,2.9539877300613497,6.116564417177914,3.457055214723926,-47.05882352941176,-43.48044132397192,-6.331228143431278,-0.040356382372349515,0.03374233128834356,143,107,False,
Dilworth Park,500,Higher,tips,Earlier diagnostic,326,186,0.03374233128834356,5.579754601226994,0.06748466257668712,6.116564417177914,16436.363636363636,8963.636363636364,82.44734202607825,-0.07380814397773228,-0.5030674846625767,82,68,False,
Dilworth Park,500,Higher,tips,Later follow-up,326,186,5.579754601226994,1.8650306748466257,6.116564417177914,2.0552147239263805,-66.57504123144585,-66.39919759277832,-0.5233316649299047,0.0034071421936690935,0.34662576687116564,184,159,False,
Dilworth Park,1000,All,reviews,Main,1013,431,33.787759131293186,38.00296150049358,32.68608094768016,30.509378084896348,12.475531013527341,-6.659418320195709,20.500139370636905,-0.014351305981394235,6.391905231984206,198,201,False,
Dilworth Park,1000,All,reviews,Earlier diagnostic,1013,431,14.051332675222113,33.787759131293186,14.885488647581441,32.68608094768016,140.45946325699026,119.58352675906893,9.507059480298263,-0.045332090003442994,1.9358341559723593,0,0,False,
Dilworth Park,1000,All,reviews,Later follow-up,1013,431,33.787759131293186,33.379072063178675,32.68608094768016,23.513326752221126,-1.2095713910070915,-28.06318142007188,37.32943791394953,-0.043033257684041114,8.764067127344521,308,251,False,
Dilworth Park,1000,All,reviewers,Main,1013,431,32.90128331688055,37.46001974333662,31.75518262586377,30.051332675222113,13.855801254163037,-5.365580701318073,20.311195543785445,-0.017291573340070414,6.26258637709773,198,201,False,
Dilworth Park,1000,All,reviewers,Earlier diagnostic,1013,431,13.709772951628825,32.90128331688055,14.367226061204343,31.75518262586377,139.98415898617515,121.02514772571115,8.577762058094773,-0.046970323437730215,1.8035538005923002,0,0,False,
Dilworth Park,1000,All,reviewers,Later follow-up,1013,431,32.90128331688055,32.88845014807502,31.75518262586377,23.186574531095754,-0.03900507065918157,-26.983337478239243,36.9016214614712,-0.04459561411835117,8.555774925962488,308,251,False,
Dilworth Park,1000,All,checkins,Main,1013,431,63.03455083909181,98.38993089832182,59.31391905231984,81.98716683119447,56.08889028095343,38.2258467171507,12.923084928071082,-0.09180076200986914,12.68213228035538,248,229,False,
Dilworth Park,1000,All,checkins,Earlier diagnostic,1013,431,0.0,63.03455083909181,0.0,59.31391905231984,,,,0.12473873350601253,3.7206317867719645,41,30,False,Checkins begin2010; early window incomplete
Dilworth Park,1000,All,checkins,Later follow-up,1013,431,63.03455083909181,60.416584402764066,59.31391905231984,44.631786771964464,-4.153224543489841,-24.75326620620787,27.376658924719386,-0.07661649923676477,12.06416584402764,362,309,False,
Dilworth Park,1000,All,tips,Main,1013,431,6.264560710760119,3.9131293188548866,6.85883514313919,3.68213228035538,-37.535455404979515,-46.31548647092688,16.3548675190891,0.023615005249774144,0.8252714708785784,400,364,False,
Dilworth Park,1000,All,tips,Earlier diagnostic,1013,431,0.05133267522211254,6.264560710760119,0.06219151036525173,6.85883514313919,12103.846153846154,10928.571428571428,10.656636110004003,-0.023684301310757667,-0.5834155972359328,241,221,False,
Dilworth Park,1000,All,tips,Later follow-up,1013,431,6.264560710760119,2.790720631786772,6.85883514313919,2.2537018756169793,-55.452253387960916,-67.14162348877375,35.575008086047966,-0.00784145616680346,1.1312931885488648,535,489,False,
Dilworth Park,1000,Lower,reviews,Main,1,1,21.0,35.0,13.0,22.0,66.66666666666667,69.23076923076923,-1.5151515151515138,-0.00396040121609742,5.0,0,0,True,
Dilworth Park,1000,Lower,reviews,Earlier diagnostic,1,1,13.0,21.0,8.0,13.0,61.53846153846154,62.5,-0.591715976331364,0.010152371464018817,3.0,0,0,True,
Dilworth Park,1000,Lower,reviews,Later follow-up,1,1,21.0,20.0,13.0,29.0,-4.761904761904767,123.07692307692308,-57.30706075533662,-0.8086600676817901,-17.0,0,0,True,
Dilworth Park,1000,Lower,reviewers,Main,1,1,21.0,35.0,13.0,22.0,66.66666666666667,69.23076923076923,-1.5151515151515138,-0.00396040121609742,5.0,0,0,True,
Dilworth Park,1000,Lower,reviewers,Earlier diagnostic,1,1,13.0,21.0,8.0,13.0,61.53846153846154,62.5,-0.591715976331364,0.010152371464018817,3.0,0,0,True,
Dilworth Park,1000,Lower,reviewers,Later follow-up,1,1,21.0,20.0,13.0,29.0,-4.761904761904767,123.07692307692308,-57.30706075533662,-0.8086600676817901,-17.0,0,0,True,
Dilworth Park,1000,Lower,checkins,Main,1,1,242.0,317.0,48.0,80.0,30.99173553719008,66.66666666666667,-21.404958677685958,-0.233638917122184,43.0,0,0,True,
Dilworth Park,1000,Lower,checkins,Earlier diagnostic,1,1,0.0,242.0,0.0,48.0,,,,1.6012411452299218,194.0,0,0,True,Checkins begin2010; early window incomplete
Dilworth Park,1000,Lower,checkins,Later follow-up,1,1,242.0,120.0,48.0,66.0,-50.413223140495866,37.5,-63.936889556724275,-1.0101432190241462,-140.0,0,0,True,
Dilworth Park,1000,Lower,tips,Main,1,1,17.0,9.0,0.0,0.0,-47.05882352941176,,,-0.5877866649021186,-8.0,0,1,True,
Dilworth Park,1000,Lower,tips,Earlier diagnostic,1,1,0.0,17.0,0.0,0.0,,,,2.8903717578961645,17.0,0,1,True,
Dilworth Park,1000,Lower,tips,Later follow-up,1,1,17.0,6.0,0.0,1.0,-64.70588235294117,,,-1.6376087894007965,-12.0,0,0,True,
Dilworth Park,1000,Middle,reviews,Main,413,147,35.27845036319613,45.464891041162225,34.66585956416465,33.4818401937046,28.874399450926536,-3.4155200111755324,33.43178890214893,0.060196830967558096,11.37046004842615,77,76,False,
Dilworth Park,1000,Middle,reviews,Earlier diagnostic,413,147,14.7772397094431,35.27845036319613,13.937046004842616,34.66585956416465,138.73504833688352,148.73175816539265,-4.019072555206982,-0.2669233478614193,-0.22760290556900725,0,0,False,
Dilworth Park,1000,Middle,reviews,Later follow-up,413,147,35.27845036319613,41.0,34.66585956416465,24.167070217917676,16.218256691832522,-30.285674373122863,66.70642030427474,0.05995199581497008,16.220338983050848,123,95,False,
Dilworth Park,1000,Middle,reviewers,Main,413,147,34.38256658595642,44.92009685230024,33.530266343825666,32.983050847457626,30.647887323943657,-1.6320046216060091,32.81544146688973,0.0529489495723004,11.084745762711865,77,76,False,
Dilworth Park,1000,Middle,reviewers,Earlier diagnostic,413,147,14.464891041162227,34.38256658595642,13.317191283292978,33.530266343825666,137.69668563776366,151.7818181818182,-5.594181758542738,-0.2695681623089409,-0.29539951573849876,0,0,False,
Dilworth Park,1000,Middle,reviewers,Later follow-up,413,147,34.38256658595642,40.445520581113804,33.530266343825666,23.86682808716707,17.63380281690141,-28.82004621606008,65.2625445275896,0.052287705977268006,15.72639225181598,123,95,False,
Dilworth Park,1000,Middle,checkins,Main,413,147,66.46004842615012,121.84261501210653,63.409200968523,93.53026634382567,83.33211891576799,47.50267297999085,24.290709593200056,0.021472787900573664,25.26150121065375,101,93,False,
Dilworth Park,1000,Middle,checkins,Earlier diagnostic,413,147,0.0,66.46004842615012,0.0,63.409200968523,,,,0.1441864859570403,3.0508474576271185,16,5,False,Checkins begin2010; early window incomplete
Dilworth Park,1000,Middle,checkins,Later follow-up,413,147,66.46004842615012,77.28571428571429,63.409200968523,50.530266343825666,16.288982803847276,-20.310829387505724,45.92821321899238,-0.017832298417254384,23.7046004842615,146,124,False,
Dilworth Park,1000,Middle,tips,Main,413,147,7.0024213075060535,4.9225181598062955,7.544794188861985,4.181598062953995,-29.702627939142467,-44.576379974326066,26.836486011367743,0.039077996932325776,1.2832929782082325,152,154,False,
Dilworth Park,1000,Middle,tips,Earlier diagnostic,413,147,0.04600484261501211,7.0024213075060535,0.07506053268765134,7.544794188861985,15121.052631578948,9951.612903225805,51.42895750287146,0.04126208652696378,-0.513317191283293,94,90,False,
Dilworth Park,1000,Middle,tips,Later follow-up,413,147,7.0024213075060535,3.5738498789346247,7.544794188861985,2.641646489104116,-48.962655601659755,-64.98716302952504,45.767520756396166,-0.07118729044114458,1.4745762711864407,206,183,False,
Dilworth Park,1000,Higher,reviews,Main,599,283,32.78130217028381,32.863105175292155,31.353923205342237,28.474123539232053,0.24954165817885343,-9.184814440125654,10.388522624428752,-0.0657682867237692,2.961602671118531,121,125,False,
Dilworth Park,1000,Higher,reviews,Earlier diagnostic,599,283,13.552587646076795,32.78130217028381,15.550918196994992,31.353923205342237,141.88223700418826,101.62104133118626,19.96874701528213,0.10735856948549988,3.4257095158597664,0,0,False,
Dilworth Park,1000,Higher,reviews,Later follow-up,599,283,32.78130217028381,28.146911519198664,31.353923205342237,23.053422370617696,-14.137298838867396,-26.473563708002768,16.77799916773346,-0.11276160974596744,3.666110183639399,185,156,False,
Dilworth Park,1000,Higher,reviewers,Main,599,283,31.89983305509182,32.320534223706176,30.562604340567614,28.043405676126877,1.318819342683697,-8.242748675370082,10.420503971098372,-0.06574343833995873,2.9398998330550916,121,125,False,
Dilworth Park,1000,Higher,reviewers,Earlier diagnostic,599,283,13.190317195325543,31.89983305509182,15.101836393989982,30.562604340567614,141.84280470826477,102.37674110103913,19.50128428420621,0.10641162106795969,3.2487479131886476,0,0,False,
Dilworth Park,1000,Higher,reviewers,Later follow-up,599,283,31.89983305509182,27.69949916527546,30.562604340567614,22.707846410684475,-13.16725978647687,-25.700551701534934,16.86862043000794,-0.11011939833525818,3.654424040066778,185,156,False,
Dilworth Park,1000,Higher,checkins,Main,599,283,60.37395659432387,81.85475792988314,56.509181969949914,74.03171953255426,35.57958190465656,31.008301574640342,3.489305849379165,-0.1696640974988517,3.958263772954925,147,136,False,
Dilworth Park,1000,Higher,checkins,Earlier diagnostic,599,283,0.0,60.37395659432387,0.0,56.509181969949914,,,,0.10886490349933749,3.8647746243739567,25,25,False,Checkins begin2010; early window incomplete
Dilworth Park,1000,Higher,checkins,Later follow-up,599,283,60.37395659432387,48.686143572621035,56.509181969949914,40.52921535893155,-19.359031080632672,-28.27853112351916,12.436304195397474,-0.11558869993571366,4.292153589315526,216,185,False,
Dilworth Park,1000,Higher,tips,Main,599,283,5.737896494156928,3.2086811352253757,6.397328881469115,3.343906510851419,-44.079138783823105,-47.72964509394573,6.983894248821709,0.013974247495613986,0.5242070116861436,248,209,False,
Dilworth Park,1000,Higher,tips,Earlier diagnostic,599,283,0.05509181969949917,5.737896494156928,0.05342237061769616,6.397328881469115,10315.151515151514,11875.0,-13.025874612513455,-0.0733285654780129,-0.66110183639399,147,130,False,
Dilworth Park,1000,Higher,tips,Later follow-up,599,283,5.737896494156928,2.2454090150250416,6.397328881469115,1.988313856427379,-60.86703520512074,-68.919624217119,25.908917795111087,0.038555199740603674,0.9165275459098498,329,306,False,
Water Works Park,250,All,reviews,Main,1,1,14.0,24.0,17.0,86.0,71.42857142857142,405.88235294117646,-66.11295681063123,-1.0647107369924287,-59.0,0,0,True,
Water Works Park,250,All,reviews,Earlier diagnostic,1,1,11.0,14.0,3.0,17.0,27.27272727272727,466.6666666666667,-77.54010695187165,-1.2809338454620642,-11.0,0,0,True,
Water Works Park,250,All,reviews,Later follow-up,1,1,14.0,29.0,17.0,48.0,107.14285714285717,182.3529411764706,-26.636904761904756,-0.30830135965451655,-16.0,0,0,True,
Water Works Park,250,All,reviewers,Main,1,1,13.0,24.0,17.0,85.0,84.61538461538463,400.0,-63.07692307692307,-0.9841570431044007,-57.0,0,0,True,
Water Works Park,250,All,reviewers,Earlier diagnostic,1,1,11.0,13.0,3.0,17.0,18.181818181818187,466.6666666666667,-79.14438502673798,-1.349926716949016,-12.0,0,0,True,
Water Works Park,250,All,reviewers,Later follow-up,1,1,13.0,26.0,17.0,48.0,100.0,182.3529411764706,-29.166666666666675,-0.34466900382539123,-18.0,0,0,True,
Water Works Park,250,All,checkins,Main,1,1,38.0,62.0,54.0,118.0,63.1578947368421,118.5185185185185,-25.334522747546828,-0.29221722761717217,-40.0,0,0,True,
Water Works Park,250,All,checkins,Earlier diagnostic,1,1,5.0,38.0,3.0,54.0,660.0,1700.0,-57.77777777777777,-0.7492366472109893,-18.0,0,0,True,Checkins begin2010; early window incomplete
Water Works Park,250,All,checkins,Later follow-up,1,1,38.0,61.0,54.0,54.0,60.52631578947369,0.0,60.52631578947369,0.46357273891544537,23.0,0,0,True,
Water Works Park,250,All,tips,Main,1,1,5.0,4.0,5.0,13.0,-19.999999999999996,160.0,-69.23076923076923,-1.029619417181158,-9.0,0,0,True,
Water Works Park,250,All,tips,Earlier diagnostic,1,1,0.0,5.0,0.0,5.0,,,,0.0,0.0,0,0,True,
Water Works Park,250,All,tips,Later follow-up,1,1,5.0,3.0,5.0,6.0,-40.0,19.999999999999996,-50.0,-0.5596157879354227,-3.0,0,0,True,
Water Works Park,250,Higher,reviews,Main,1,1,14.0,24.0,17.0,86.0,71.42857142857142,405.88235294117646,-66.11295681063123,-1.0647107369924287,-59.0,0,0,True,
Water Works Park,250,Higher,reviews,Earlier diagnostic,1,1,11.0,14.0,3.0,17.0,27.27272727272727,466.6666666666667,-77.54010695187165,-1.2809338454620642,-11.0,0,0,True,
Water Works Park,250,Higher,reviews,Later follow-up,1,1,14.0,29.0,17.0,48.0,107.14285714285717,182.3529411764706,-26.636904761904756,-0.30830135965451655,-16.0,0,0,True,
Water Works Park,250,Higher,reviewers,Main,1,1,13.0,24.0,17.0,85.0,84.61538461538463,400.0,-63.07692307692307,-0.9841570431044007,-57.0,0,0,True,
Water Works Park,250,Higher,reviewers,Earlier diagnostic,1,1,11.0,13.0,3.0,17.0,18.181818181818187,466.6666666666667,-79.14438502673798,-1.349926716949016,-12.0,0,0,True,
Water Works Park,250,Higher,reviewers,Later follow-up,1,1,13.0,26.0,17.0,48.0,100.0,182.3529411764706,-29.166666666666675,-0.34466900382539123,-18.0,0,0,True,
Water Works Park,250,Higher,checkins,Main,1,1,38.0,62.0,54.0,118.0,63.1578947368421,118.5185185185185,-25.334522747546828,-0.29221722761717217,-40.0,0,0,True,
Water Works Park,250,Higher,checkins,Earlier diagnostic,1,1,5.0,38.0,3.0,54.0,660.0,1700.0,-57.77777777777777,-0.7492366472109893,-18.0,0,0,True,Checkins begin2010; early window incomplete
Water Works Park,250,Higher,checkins,Later follow-up,1,1,38.0,61.0,54.0,54.0,60.52631578947369,0.0,60.52631578947369,0.46357273891544537,23.0,0,0,True,
Water Works Park,250,Higher,tips,Main,1,1,5.0,4.0,5.0,13.0,-19.999999999999996,160.0,-69.23076923076923,-1.029619417181158,-9.0,0,0,True,
Water Works Park,250,Higher,tips,Earlier diagnostic,1,1,0.0,5.0,0.0,5.0,,,,0.0,0.0,0,0,True,
Water Works Park,250,Higher,tips,Later follow-up,1,1,5.0,3.0,5.0,6.0,-40.0,19.999999999999996,-50.0,-0.5596157879354227,-3.0,0,0,True,
Water Works Park,500,All,reviews,Main,2,2,19.5,49.0,21.0,103.0,151.28205128205127,390.4761904761905,-48.767737117251684,-0.77150658452643,-52.5,0,0,True,
Water Works Park,500,All,reviews,Earlier diagnostic,2,2,10.5,19.5,1.5,21.0,85.71428571428572,1300.0,-86.73469387755102,-1.8394145591302173,-10.5,0,0,True,
Water Works Park,500,All,reviews,Later follow-up,2,2,19.5,34.0,21.0,95.0,74.35897435897436,352.38095238095235,-61.45748987854252,-0.7911332679002436,-59.5,0,0,True,
Water Works Park,500,All,reviewers,Main,2,2,18.0,48.5,20.5,102.5,169.44444444444446,400.0,-46.1111111111111,-0.7175302504883585,-51.5,0,0,True,
Water Works Park,500,All,reviewers,Earlier diagnostic,2,2,10.0,18.0,1.5,20.5,80.0,1266.6666666666665,-86.82926829268293,-1.8466669022316582,-11.0,0,0,True,
Water Works Park,500,All,reviewers,Later follow-up,2,2,18.0,32.5,20.5,94.0,80.55555555555556,358.5365853658536,-60.623522458628834,-0.7818637227846843,-59.0,0,0,True,
Water Works Park,500,All,checkins,Main,2,2,80.0,108.0,63.0,180.0,35.00000000000001,185.71428571428572,-52.75,-0.6317892341312499,-89.0,0,0,True,
Water Works Park,500,All,checkins,Earlier diagnostic,2,2,11.0,80.0,2.0,63.0,627.2727272727273,3050.0,-76.91197691197691,-1.2123681551615912,8.0,0,0,True,Checkins begin2010; early window incomplete
Water Works Park,500,All,checkins,Later follow-up,2,2,80.0,55.0,63.0,144.5,-31.25,129.36507936507934,-70.02595155709342,-0.8049804874530224,-106.5,0,0,True,
Water Works Park,500,All,tips,Main,2,2,4.5,6.0,8.0,14.5,33.33333333333333,81.25,-26.436781609195403,-0.3950697232736271,-5.0,0,0,True,
Water Works Park,500,All,tips,Earlier diagnostic,2,2,1.0,4.5,0.0,8.0,350.0,,,-0.9870405130110049,-4.5,0,0,True,
Water Works Park,500,All,tips,Later follow-up,2,2,4.5,4.0,8.0,7.5,-11.111111111111116,-6.25,-5.185185185185192,-0.09748633717375665,0.0,0,0,True,
Water Works Park,500,Higher,reviews,Main,2,2,19.5,49.0,21.0,103.0,151.28205128205127,390.4761904761905,-48.767737117251684,-0.77150658452643,-52.5,0,0,True,
Water Works Park,500,Higher,reviews,Earlier diagnostic,2,2,10.5,19.5,1.5,21.0,85.71428571428572,1300.0,-86.73469387755102,-1.8394145591302173,-10.5,0,0,True,
Water Works Park,500,Higher,reviews,Later follow-up,2,2,19.5,34.0,21.0,95.0,74.35897435897436,352.38095238095235,-61.45748987854252,-0.7911332679002436,-59.5,0,0,True,
Water Works Park,500,Higher,reviewers,Main,2,2,18.0,48.5,20.5,102.5,169.44444444444446,400.0,-46.1111111111111,-0.7175302504883585,-51.5,0,0,True,
Water Works Park,500,Higher,reviewers,Earlier diagnostic,2,2,10.0,18.0,1.5,20.5,80.0,1266.6666666666665,-86.82926829268293,-1.8466669022316582,-11.0,0,0,True,
Water Works Park,500,Higher,reviewers,Later follow-up,2,2,18.0,32.5,20.5,94.0,80.55555555555556,358.5365853658536,-60.623522458628834,-0.7818637227846843,-59.0,0,0,True,
Water Works Park,500,Higher,checkins,Main,2,2,80.0,108.0,63.0,180.0,35.00000000000001,185.71428571428572,-52.75,-0.6317892341312499,-89.0,0,0,True,
Water Works Park,500,Higher,checkins,Earlier diagnostic,2,2,11.0,80.0,2.0,63.0,627.2727272727273,3050.0,-76.91197691197691,-1.2123681551615912,8.0,0,0,True,Checkins begin2010; early window incomplete
Water Works Park,500,Higher,checkins,Later follow-up,2,2,80.0,55.0,63.0,144.5,-31.25,129.36507936507934,-70.02595155709342,-0.8049804874530224,-106.5,0,0,True,
Water Works Park,500,Higher,tips,Main,2,2,4.5,6.0,8.0,14.5,33.33333333333333,81.25,-26.436781609195403,-0.3950697232736271,-5.0,0,0,True,
Water Works Park,500,Higher,tips,Earlier diagnostic,2,2,1.0,4.5,0.0,8.0,350.0,,,-0.9870405130110049,-4.5,0,0,True,
Water Works Park,500,Higher,tips,Later follow-up,2,2,4.5,4.0,8.0,7.5,-11.111111111111116,-6.25,-5.185185185185192,-0.09748633717375665,0.0,0,0,True,
Water Works Park,1000,All,reviews,Main,23,20,16.347826086956523,30.17391304347826,17.347826086956523,58.0,84.57446808510637,234.33583959899744,-44.793693578742534,-0.8246641605996692,-26.82608695652174,7,4,False,
Water Works Park,1000,All,reviews,Earlier diagnostic,23,20,3.8260869565217392,16.347826086956523,3.6956521739130435,17.347826086956523,327.27272727272737,369.4117647058824,-8.976987924356338,-0.05483427557122523,-1.1304347826086956,0,0,False,
Water Works Park,1000,All,reviews,Later follow-up,23,20,16.347826086956523,24.434782608695652,17.347826086956523,59.78260869565217,49.468085106382965,244.61152882205508,-56.627079303675046,-1.1430040068753586,-34.34782608695652,10,4,False,
Water Works Park,1000,All,reviewers,Main,23,20,15.608695652173912,29.782608695652176,17.0,57.17391304347826,90.80779944289696,236.3171355498721,-43.265513625724175,-0.7896919698993601,-26.0,7,4,False,
Water Works Park,1000,All,reviewers,Earlier diagnostic,23,20,3.739130434782609,15.608695652173912,3.652173913043478,17.0,317.44186046511624,365.4761904761905,-10.319395705703938,-0.06149365433381369,-1.4782608695652173,0,0,False,
Water Works Park,1000,All,reviewers,Later follow-up,23,20,15.608695652173912,24.17391304347826,17.0,58.78260869565217,54.87465181058497,245.78005115089513,-55.210067412767216,-1.1128205197785226,-33.21739130434783,10,4,False,
Water Works Park,1000,All,checkins,Main,23,20,59.56521739130435,113.43478260869566,112.08695652173913,213.95652173913044,90.43795620437956,90.88440651667962,-0.23388516665505676,-0.6200235114671995,-48.0,7,4,False,
Water Works Park,1000,All,checkins,Earlier diagnostic,23,20,5.260869565217392,59.56521739130435,6.782608695652174,112.08695652173913,1032.2314049586778,1552.5641025641025,-31.48638511499079,-0.5155667675686214,-51.0,0,0,False,Checkins begin2010; early window incomplete
Water Works Park,1000,All,checkins,Later follow-up,23,20,59.56521739130435,63.0,112.08695652173913,155.82608695652175,5.766423357664219,39.022498060512035,-23.921361770073013,-0.8701594151694979,-40.30434782608695,10,4,False,
Water Works Park,1000,All,tips,Main,23,20,5.304347826086956,4.521739130434782,9.826086956521738,8.956521739130435,-14.754098360655732,-8.849557522123874,-6.477797230622329,0.007185411334322783,0.08695652173913043,9,7,False,
Water Works Park,1000,All,tips,Earlier diagnostic,23,20,0.43478260869565216,5.304347826086956,0.5652173913043478,9.826086956521738,1120.0,1638.4615384615383,-29.82300884955752,-0.5949720445931721,-4.391304347826087,4,1,False,
Water Works Park,1000,All,tips,Later follow-up,23,20,5.304347826086956,2.347826086956522,9.826086956521738,5.478260869565218,-55.73770491803278,-44.24778761061946,-20.60889929742388,-0.006405150833681462,1.391304347826087,10,4,False,
Water Works Park,1000,Higher,reviews,Main,23,20,16.347826086956523,30.17391304347826,17.347826086956523,58.0,84.57446808510637,234.33583959899744,-44.793693578742534,-0.8246641605996692,-26.82608695652174,7,4,False,
Water Works Park,1000,Higher,reviews,Earlier diagnostic,23,20,3.8260869565217392,16.347826086956523,3.6956521739130435,17.347826086956523,327.27272727272737,369.4117647058824,-8.976987924356338,-0.05483427557122523,-1.1304347826086956,0,0,False,
Water Works Park,1000,Higher,reviews,Later follow-up,23,20,16.347826086956523,24.434782608695652,17.347826086956523,59.78260869565217,49.468085106382965,244.61152882205508,-56.627079303675046,-1.1430040068753586,-34.34782608695652,10,4,False,
Water Works Park,1000,Higher,reviewers,Main,23,20,15.608695652173912,29.782608695652176,17.0,57.17391304347826,90.80779944289696,236.3171355498721,-43.265513625724175,-0.7896919698993601,-26.0,7,4,False,
Water Works Park,1000,Higher,reviewers,Earlier diagnostic,23,20,3.739130434782609,15.608695652173912,3.652173913043478,17.0,317.44186046511624,365.4761904761905,-10.319395705703938,-0.06149365433381369,-1.4782608695652173,0,0,False,
Water Works Park,1000,Higher,reviewers,Later follow-up,23,20,15.608695652173912,24.17391304347826,17.0,58.78260869565217,54.87465181058497,245.78005115089513,-55.210067412767216,-1.1128205197785226,-33.21739130434783,10,4,False,
Water Works Park,1000,Higher,checkins,Main,23,20,59.56521739130435,113.43478260869566,112.08695652173913,213.95652173913044,90.43795620437956,90.88440651667962,-0.23388516665505676,-0.6200235114671995,-48.0,7,4,False,
Water Works Park,1000,Higher,checkins,Earlier diagnostic,23,20,5.260869565217392,59.56521739130435,6.782608695652174,112.08695652173913,1032.2314049586778,1552.5641025641025,-31.48638511499079,-0.5155667675686214,-51.0,0,0,False,Checkins begin2010; early window incomplete
Water Works Park,1000,Higher,checkins,Later follow-up,23,20,59.56521739130435,63.0,112.08695652173913,155.82608695652175,5.766423357664219,39.022498060512035,-23.921361770073013,-0.8701594151694979,-40.30434782608695,10,4,False,
Water Works Park,1000,Higher,tips,Main,23,20,5.304347826086956,4.521739130434782,9.826086956521738,8.956521739130435,-14.754098360655732,-8.849557522123874,-6.477797230622329,0.007185411334322783,0.08695652173913043,9,7,False,
Water Works Park,1000,Higher,tips,Earlier diagnostic,23,20,0.43478260869565216,5.304347826086956,0.5652173913043478,9.826086956521738,1120.0,1638.4615384615383,-29.82300884955752,-0.5949720445931721,-4.391304347826087,4,1,False,
Water Works Park,1000,Higher,tips,Later follow-up,23,20,5.304347826086956,2.347826086956522,9.826086956521738,5.478260869565218,-55.73770491803278,-44.24778761061946,-20.60889929742388,-0.006405150833681462,1.391304347826087,10,4,False,
Riverfront / Ascend,250,All,reviews,Main,21,20,26.333333333333332,71.04761904761905,26.571428571428573,26.80952380952381,169.80108499095846,0.8960573476702427,167.40498299281498,0.34840193778130024,44.476190476190474,6,7,False,
Riverfront / Ascend,250,All,reviews,Earlier diagnostic,21,20,7.476190476190476,26.333333333333332,10.047619047619047,26.571428571428573,252.22929936305732,164.45497630331752,33.19064904230304,0.08666886479112214,2.3333333333333335,0,0,False,
Riverfront / Ascend,250,All,reviews,Later follow-up,21,20,26.333333333333332,61.95238095238095,26.571428571428573,21.476190476190474,135.26220614828208,-19.175627240143378,191.0782949683845,0.493321757930084,40.714285714285715,8,8,False,
Riverfront / Ascend,250,All,reviewers,Main,21,20,25.952380952380953,70.23809523809524,25.857142857142858,26.523809523809526,170.6422018348624,2.5782688766114337,163.83970484080837,0.3268081817001844,43.61904761904762,6,7,False,
Riverfront / Ascend,250,All,reviewers,Earlier diagnostic,21,20,7.380952380952381,25.952380952380953,9.904761904761905,25.857142857142858,251.61290322580646,161.0576923076923,34.68781560030894,0.10235611405015588,2.619047619047619,0,0,False,
Riverfront / Ascend,250,All,reviewers,Later follow-up,21,20,25.952380952380953,60.95238095238095,25.857142857142858,21.047619047619047,134.86238532110087,-18.600368324125228,188.53003445556058,0.4756118606198284,39.80952380952381,8,8,False,
Riverfront / Ascend,250,All,checkins,Main,21,20,94.9047619047619,116.71428571428571,106.76190476190476,38.857142857142854,22.980431510285992,-63.60392506690455,237.89476402703582,0.5267949663907435,89.71428571428571,8,7,False,
Riverfront / Ascend,250,All,checkins,Earlier diagnostic,21,20,6.238095238095238,94.9047619047619,10.428571428571429,106.76190476190476,1421.3740458015266,923.7442922374429,48.608793947606756,0.5731268514252434,-7.666666666666667,1,1,False,Checkins begin2010; early window incomplete
Riverfront / Ascend,250,All,checkins,Later follow-up,21,20,94.9047619047619,69.71428571428571,106.76190476190476,19.571428571428573,-26.542900150526847,-81.66815343443355,300.7075860401917,0.7011593618120312,62.0,9,9,False,
Riverfront / Ascend,250,All,tips,Main,21,20,13.285714285714286,5.333333333333333,14.952380952380953,2.761904761904762,-59.85663082437276,-81.52866242038218,117.32789519218882,0.21174009769013546,4.238095238095238,9,12,False,
Riverfront / Ascend,250,All,tips,Earlier diagnostic,21,20,1.1428571428571428,13.285714285714286,1.2857142857142858,14.952380952380953,1062.5000000000002,1062.962962962963,-0.039808917197436955,0.14366262457636086,-1.5238095238095237,1,2,False,
Riverfront / Ascend,250,All,tips,Later follow-up,21,20,13.285714285714286,2.238095238095238,14.952380952380953,1.4285714285714286,-83.15412186379929,-90.44585987261146,76.32019115890081,-0.009258132410023791,2.4761904761904763,12,12,False,
Riverfront / Ascend,250,Lower,reviews,Main,3,3,12.333333333333334,10.666666666666666,13.0,11.666666666666666,-13.51351351351352,-10.256410256410264,-3.6293436293436288,0.15279299648715283,-0.3333333333333333,1,1,True,
Riverfront / Ascend,250,Lower,reviews,Earlier diagnostic,3,3,5.333333333333333,12.333333333333334,5.333333333333333,13.0,131.25000000000006,143.75,-5.12820512820511,0.09866029175549211,-0.6666666666666666,0,0,True,
Riverfront / Ascend,250,Lower,reviews,Later follow-up,3,3,12.333333333333334,10.0,13.0,13.0,-18.918918918918926,0.0,-18.918918918918926,0.13366836053354506,-2.3333333333333335,1,1,True,
Riverfront / Ascend,250,Lower,reviewers,Main,3,3,12.333333333333334,10.666666666666666,13.0,11.666666666666666,-13.51351351351352,-10.256410256410264,-3.6293436293436288,0.15279299648715283,-0.3333333333333333,1,1,True,
Riverfront / Ascend,250,Lower,reviewers,Earlier diagnostic,3,3,5.333333333333333,12.333333333333334,5.333333333333333,13.0,131.25000000000006,143.75,-5.12820512820511,0.09866029175549211,-0.6666666666666666,0,0,True,
Riverfront / Ascend,250,Lower,reviewers,Later follow-up,3,3,12.333333333333334,10.0,13.0,12.333333333333334,-18.918918918918926,-5.128205128205121,-14.536157779401037,0.15121627169535237,-1.6666666666666667,1,1,True,
Riverfront / Ascend,250,Lower,checkins,Main,3,3,33.333333333333336,50.333333333333336,107.0,26.666666666666668,51.0,-75.0778816199377,505.88750000000005,1.7777084087514732,97.33333333333333,1,1,True,
Riverfront / Ascend,250,Lower,checkins,Earlier diagnostic,3,3,3.6666666666666665,33.333333333333336,15.333333333333334,107.0,809.0909090909091,597.8260869565216,30.274709713962068,0.7490050806130779,-62.0,0,0,True,Checkins begin2010; early window incomplete
Riverfront / Ascend,250,Lower,checkins,Later follow-up,3,3,33.333333333333336,32.666666666666664,107.0,14.0,-2.000000000000013,-86.91588785046729,649.0,1.7186057679802518,92.33333333333333,1,1,True,
Riverfront / Ascend,250,Lower,tips,Main,3,3,6.333333333333333,1.3333333333333333,5.333333333333333,0.0,-78.94736842105263,-100.0,,0.3054302439580518,0.3333333333333333,2,3,True,
Riverfront / Ascend,250,Lower,tips,Earlier diagnostic,3,3,1.0,6.333333333333333,0.6666666666666666,5.333333333333333,533.3333333333333,700.0,-20.833333333333336,0.23104906018664828,0.6666666666666666,0,0,True,
Riverfront / Ascend,250,Lower,tips,Later follow-up,3,3,6.333333333333333,1.0,5.333333333333333,0.0,-84.21052631578947,-100.0,,0.23104906018664853,0.0,2,3,True,
Riverfront / Ascend,250,Higher,reviews,Main,18,17,28.666666666666668,81.11111111111111,28.833333333333332,29.333333333333332,182.94573643410854,1.7341040462427681,178.1227977448908,0.38100342799699144,51.94444444444444,5,6,True,
Riverfront / Ascend,250,Higher,reviews,Earlier diagnostic,18,17,7.833333333333333,28.666666666666668,10.833333333333334,28.833333333333332,265.95744680851067,166.15384615384613,37.49846267371788,0.0846702936303938,2.8333333333333335,0,0,True,
Riverfront / Ascend,250,Higher,reviews,Later follow-up,18,17,28.666666666666668,70.61111111111111,28.833333333333332,22.88888888888889,146.31782945736433,-20.616570327552985,210.28872205915556,0.5532639908295071,47.888888888888886,7,7,True,
Riverfront / Ascend,250,Higher,reviewers,Main,18,17,28.22222222222222,80.16666666666667,28.0,29.0,184.05511811023624,3.571428571428581,174.26011403746946,0.3558107125690231,50.94444444444444,5,6,True,
Riverfront / Ascend,250,Higher,reviewers,Earlier diagnostic,18,17,7.722222222222222,28.22222222222222,10.666666666666666,28.0,265.46762589928056,162.5,39.225762247344974,0.10297208443259982,3.1666666666666665,0,0,True,
Riverfront / Ascend,250,Higher,reviewers,Later follow-up,18,17,28.22222222222222,69.44444444444444,28.0,22.5,146.06299212598427,-19.64285714285714,206.2117235345582,0.5296777921072411,46.72222222222222,7,7,True,
Riverfront / Ascend,250,Higher,checkins,Main,18,17,105.16666666666667,127.77777777777777,106.72222222222223,40.888888888888886,21.50026413100896,-61.68662155127538,217.12229265715797,0.31830939266395536,88.44444444444444,7,6,True,
Riverfront / Ascend,250,Higher,checkins,Earlier diagnostic,18,17,6.666666666666667,105.16666666666667,9.61111111111111,106.72222222222223,1477.5,1010.4046242774567,42.065330557001566,0.543813813227271,1.3888888888888888,1,1,True,Checkins begin2010; early window incomplete
Riverfront / Ascend,250,Higher,checkins,Later follow-up,18,17,105.16666666666667,75.88888888888889,106.72222222222223,20.5,-27.839408346539884,-80.7912545549193,275.66530234768805,0.5315849607839943,56.94444444444444,8,8,True,
Riverfront / Ascend,250,Higher,tips,Main,18,17,14.444444444444445,6.0,16.555555555555557,3.2222222222222223,-58.46153846153847,-80.53691275167785,113.42175066312996,0.19612507331214943,4.888888888888889,7,9,True,
Riverfront / Ascend,250,Higher,tips,Earlier diagnostic,18,17,1.1666666666666667,14.444444444444445,1.3888888888888888,16.555555555555557,1138.095238095238,1092.0000000000002,3.8670501757749776,0.129098218641313,-1.8888888888888888,1,2,True,
Riverfront / Ascend,250,Higher,tips,Later follow-up,18,17,14.444444444444445,2.4444444444444446,16.555555555555557,1.6666666666666667,-83.07692307692307,-89.93288590604027,68.10256410256412,-0.04930933117613588,2.888888888888889,10,9,True,
Riverfront / Ascend,500,All,reviews,Main,85,69,27.352941176470587,65.91764705882353,27.04705882352941,29.68235294117647,140.98924731182797,9.743366681165732,119.59345206892289,0.5191146457418766,35.92941176470588,17,18,False,
Riverfront / Ascend,500,All,reviews,Earlier diagnostic,85,69,10.258823529411766,27.352941176470587,9.929411764705883,27.04705882352941,166.62844036697243,172.39336492890996,-2.1163968378752784,-0.08840177283483609,-0.023529411764705882,0,0,False,
Riverfront / Ascend,500,All,reviews,Later follow-up,85,69,27.352941176470587,64.4,27.04705882352941,23.08235294117647,135.44086021505382,-14.658547194432359,175.88100796860792,0.7554392429557697,41.01176470588236,21,25,False,
Riverfront / Ascend,500,All,reviewers,Main,85,69,26.976470588235294,65.4235294117647,26.32941176470588,29.32941176470588,142.5207152202355,11.394101876675599,117.71414386798517,0.5163970267653443,35.44705882352941,17,18,False,
Riverfront / Ascend,500,All,reviewers,Earlier diagnostic,85,69,10.129411764705882,26.976470588235294,9.776470588235295,26.32941176470588,166.31823461091756,169.31407942238263,-1.112398140450177,-0.0777424541651589,0.29411764705882354,0,0,False,
Riverfront / Ascend,500,All,reviewers,Later follow-up,85,69,26.976470588235294,63.43529411764706,26.32941176470588,22.788235294117648,135.1504579153947,-13.44950848972296,171.6916493622371,0.7423712878041256,40.0,21,25,False,
Riverfront / Ascend,500,All,checkins,Main,85,69,123.4235294117647,159.36470588235295,102.31764705882352,52.811764705882354,29.12019826517969,-48.384500402437624,150.15780002500952,0.5362333311437107,85.44705882352942,20,19,False,
Riverfront / Ascend,500,All,checkins,Earlier diagnostic,85,69,11.623529411764705,123.4235294117647,9.235294117647058,102.31764705882352,961.8421052631579,1007.8980891719747,-4.157059603129953,0.148172607164318,18.71764705882353,1,3,False,Checkins begin2010; early window incomplete
Riverfront / Ascend,500,All,checkins,Later follow-up,85,69,123.4235294117647,105.21176470588236,102.31764705882352,29.870588235294118,-14.755504718329993,-70.80602506611476,191.99345232953294,0.6415784213518776,54.23529411764706,24,26,False,
Riverfront / Ascend,500,All,tips,Main,85,69,12.24705882352941,6.117647058823529,12.564705882352941,2.5764705882352943,-50.048030739673386,-79.49438202247191,143.60138433803112,0.3434201904779546,3.8588235294117648,27,40,False,
Riverfront / Ascend,500,All,tips,Earlier diagnostic,85,69,1.588235294117647,12.24705882352941,1.1176470588235294,12.564705882352941,671.1111111111111,1024.2105263157894,-31.408655846858093,-0.010331821879766763,-0.788235294117647,6,10,False,
Riverfront / Ascend,500,All,tips,Later follow-up,85,69,12.24705882352941,3.3294117647058825,12.564705882352941,1.4823529411764707,-72.8146013448607,-88.20224719101124,130.42861717213304,0.24495305107974538,2.164705882352941,38,53,False,
Riverfront / Ascend,500,Lower,reviews,Main,25,24,40.72,96.8,37.44,55.72,137.72102161100196,48.82478632478633,59.7321437386201,0.14920103221510886,37.8,2,2,False,
Riverfront / Ascend,500,Lower,reviews,Earlier diagnostic,25,24,19.04,40.72,13.52,37.44,113.8655462184874,176.9230769230769,-22.770774976657325,-0.46919494770618414,-2.24,0,0,False,
Riverfront / Ascend,500,Lower,reviews,Later follow-up,25,24,40.72,92.24,37.44,44.64,126.52259332023577,19.23076923076923,89.98669117181063,0.1604289031026046,44.32,3,2,False,
Riverfront / Ascend,500,Lower,reviewers,Main,25,24,40.36,96.32,36.32,55.2,138.65213082259663,51.98237885462555,57.02618462820126,0.13676388356602176,37.08,2,2,False,
Riverfront / Ascend,500,Lower,reviewers,Earlier diagnostic,25,24,18.8,40.36,13.32,36.32,114.68085106382979,172.67267267267266,-21.267925766238626,-0.4443190178987904,-1.44,0,0,False,
Riverfront / Ascend,500,Lower,reviewers,Later follow-up,25,24,40.36,91.08,36.32,44.24,125.66897918731419,21.80616740088106,85.26892685540804,0.13964744766214793,42.8,3,2,False,
Riverfront / Ascend,500,Lower,checkins,Main,25,24,194.56,296.64,128.68,110.32,52.467105263157876,-14.267951507615805,77.84143496431435,0.4135076807455354,120.44,2,2,False,
Riverfront / Ascend,500,Lower,checkins,Earlier diagnostic,25,24,19.8,194.56,9.84,128.68,882.6262626262626,1207.7235772357724,-24.859788434547536,-0.24113972061908565,55.92,0,0,False,Checkins begin2010; early window incomplete
Riverfront / Ascend,500,Lower,checkins,Later follow-up,25,24,194.56,192.36,128.68,64.4,-1.1307565789473673,-49.953372707491454,97.5542584382151,0.20027576060802296,62.08,4,2,False,
Riverfront / Ascend,500,Lower,tips,Main,25,24,18.28,10.28,16.88,4.32,-43.763676148796506,-74.40758293838863,119.73822838155436,0.5172422029313153,4.56,5,10,False,
Riverfront / Ascend,500,Lower,tips,Earlier diagnostic,25,24,2.64,18.28,1.2,16.88,592.4242424242425,1306.6666666666667,-50.77552778974579,-0.28090251601616245,-0.04,0,0,False,
Riverfront / Ascend,500,Lower,tips,Later follow-up,25,24,18.28,5.68,16.88,3.08,-68.9277899343545,-81.75355450236967,70.2918525675637,0.19374730057161124,1.2,9,11,False,
Riverfront / Ascend,500,Middle,reviews,Main,2,2,45.5,86.0,53.0,32.0,89.01098901098901,-39.62264150943396,213.04945054945054,2.1431279257244658,61.5,0,0,True,
Riverfront / Ascend,500,Middle,reviews,Earlier diagnostic,2,2,12.5,45.5,19.5,53.0,264.0,171.7948717948718,33.924528301886795,0.14407346089365292,-0.5,0,0,True,
Riverfront / Ascend,500,Middle,reviews,Later follow-up,2,2,45.5,96.0,53.0,31.0,110.98901098901099,-41.509433962264154,260.723147819922,2.4828593410949487,72.5,0,1,True,
Riverfront / Ascend,500,Middle,reviewers,Main,2,2,45.0,85.0,51.0,31.5,88.88888888888889,-38.23529411764706,205.82010582010582,2.118290259742349,59.5,0,0,True,
Riverfront / Ascend,500,Middle,reviewers,Earlier diagnostic,2,2,12.0,45.0,18.5,51.0,275.0,175.67567567567565,36.029411764705884,0.15660768722847318,0.5,0,0,True,
Riverfront / Ascend,500,Middle,reviewers,Later follow-up,2,2,45.0,96.0,51.0,30.5,113.33333333333333,-40.19607843137255,256.72131147540983,2.4719719597987915,71.5,0,1,True,
Riverfront / Ascend,500,Middle,checkins,Main,2,2,333.0,322.0,282.5,57.5,-3.3033033033033066,-79.64601769911505,375.07507507507506,3.0225856836095097,214.0,0,1,True,
Riverfront / Ascend,500,Middle,checkins,Earlier diagnostic,2,2,37.5,333.0,22.0,282.5,788.0000000000001,1184.0909090909092,-30.84601769911505,-0.47526145835767786,35.0,0,0,True,Checkins begin2010; early window incomplete
Riverfront / Ascend,500,Middle,checkins,Later follow-up,2,2,333.0,258.5,282.5,42.0,-22.372372372372375,-85.13274336283186,422.1382096382096,2.962076429085682,166.0,0,1,True,
Riverfront / Ascend,500,Middle,tips,Main,2,2,35.0,8.5,24.0,1.5,-75.71428571428571,-93.75,288.57142857142856,1.3636194908765393,-4.0,0,1,True,
Riverfront / Ascend,500,Middle,tips,Earlier diagnostic,2,2,5.0,35.0,4.0,24.0,600.0,500.0,16.666666666666675,-0.4411174990031054,10.0,0,0,True,
Riverfront / Ascend,500,Middle,tips,Later follow-up,2,2,35.0,7.5,24.0,1.0,-78.57142857142857,-95.83333333333334,414.28571428571433,1.3047279730483474,-4.5,0,1,True,
Riverfront / Ascend,500,Higher,reviews,Main,58,43,20.96551724137931,51.91379310344828,21.67241379310345,18.379310344827587,147.6151315789474,-15.19490851233094,191.9814450232053,0.6225597108833253,34.241379310344826,15,16,False,
Riverfront / Ascend,500,Higher,reviews,Earlier diagnostic,58,43,6.396551724137931,20.96551724137931,8.051724137931034,21.67241379310345,227.76280323450138,169.16488222698075,21.77026977765484,0.0677168289639005,0.9482758620689655,0,0,False,
Riverfront / Ascend,500,Higher,reviews,Later follow-up,58,43,20.96551724137931,51.310344827586206,21.67241379310345,13.517241379310345,144.73684210526318,-37.62927605409706,292.39057465091304,0.9523430067497487,38.5,18,22,False,
Riverfront / Ascend,500,Higher,reviewers,Main,58,43,20.586206896551722,51.43103448275862,21.17241379310345,18.103448275862068,149.83249581239534,-14.495114006514665,192.18505224535377,0.6247943045934315,33.91379310344828,15,16,False,
Riverfront / Ascend,500,Higher,reviewers,Earlier diagnostic,58,43,6.327586206896552,20.586206896551722,7.948275862068965,21.17241379310345,225.34059945504086,166.3774403470716,22.135192466428187,0.07218364601679841,1.0344827586206897,0,0,False,
Riverfront / Ascend,500,Higher,reviewers,Later follow-up,58,43,20.586206896551722,50.39655172413793,21.17241379310345,13.275862068965518,144.80737018425464,-37.296416938110745,290.4200656964476,0.9425246440034382,37.706896551724135,18,22,False,
Riverfront / Ascend,500,Higher,checkins,Main,58,43,85.53448275862068,94.58620689655173,84.74137931034483,27.862068965517242,10.58254384196735,-67.12105798575789,236.33242758865686,0.5033960303682414,65.93103448275862,18,16,False,
Riverfront / Ascend,500,Higher,checkins,Earlier diagnostic,58,43,7.206896551724138,85.53448275862068,8.53448275862069,84.74137931034483,1086.842105263158,892.929292929293,19.52936767146758,0.3374773713993021,2.1206896551724137,1,3,False,Checkins begin2010; early window incomplete
Riverfront / Ascend,500,Higher,checkins,Later follow-up,58,43,85.53448275862068,62.36206896551724,84.74137931034483,14.568965517241379,-27.091312235436405,-82.80773143438454,324.078343624651,0.7517779127851322,47.0,20,23,False,
Riverfront / Ascend,500,Higher,tips,Main,58,43,8.862068965517242,4.241379310344827,10.310344827586206,1.8620689655172413,-52.14007782101168,-81.93979933110369,165.0021616947687,0.23331762302741677,3.8275862068965516,22,29,False,
Riverfront / Ascend,500,Higher,tips,Earlier diagnostic,58,43,1.0172413793103448,8.862068965517242,0.9827586206896551,10.310344827586206,771.1864406779663,949.1228070175439,-16.96048976815372,0.12114815583844994,-1.4827586206896552,6,10,False,
Riverfront / Ascend,500,Higher,tips,Later follow-up,58,43,8.862068965517242,2.1724137931034484,10.310344827586206,0.8103448275862069,-75.4863813229572,-92.14046822742475,211.8966801887573,0.23048053243778255,2.810344827586207,29,41,False,
Riverfront / Ascend,1000,All,reviews,Main,154,112,24.162337662337663,52.97402597402598,22.805194805194805,39.064935064935064,119.24213920988981,71.29840546697037,27.9884296717309,0.2790427279128401,12.551948051948052,32,34,False,
Riverfront / Ascend,1000,All,reviews,Earlier diagnostic,154,112,8.0,24.162337662337663,8.058441558441558,22.805194805194805,202.0292207792208,182.99758259468172,6.725017934798672,0.04273459759773546,1.4155844155844155,0,0,False,
Riverfront / Ascend,1000,All,reviews,Later follow-up,154,112,24.162337662337663,52.18181818181818,22.805194805194805,35.935064935064936,115.96345068529965,57.57403189066059,37.05522927480527,0.5258552855971423,14.88961038961039,39,51,False,
Riverfront / Ascend,1000,All,reviewers,Main,154,112,23.66883116883117,52.564935064935064,22.181818181818183,38.564935064935064,122.08504801097395,73.85831381733018,27.739101533168387,0.28349918012024866,12.512987012987013,32,34,False,
Riverfront / Ascend,1000,All,reviewers,Earlier diagnostic,154,112,7.8896103896103895,23.66883116883117,7.909090909090909,22.181818181818183,200.0,180.45977011494253,6.9672131147541005,0.03962560429628846,1.5064935064935066,0,0,False,
Riverfront / Ascend,1000,All,reviewers,Later follow-up,154,112,23.66883116883117,51.40909090909091,22.181818181818183,35.54545454545455,117.20164609053496,60.24590163934425,35.542715207392675,0.5222366069260317,14.376623376623376,39,51,False,
Riverfront / Ascend,1000,All,checkins,Main,154,112,107.2012987012987,127.18831168831169,98.64285714285714,63.785714285714285,18.644375795020895,-35.33671252715423,83.48027208614093,0.48728251041854725,54.84415584415584,39,37,False,
Riverfront / Ascend,1000,All,checkins,Earlier diagnostic,154,112,9.071428571428571,107.2012987012987,8.188311688311689,98.64285714285714,1081.7465998568362,1104.6788263283106,-1.9035967072957294,0.09673881621232648,7.675324675324675,2,6,False,Checkins begin2010; early window incomplete
Riverfront / Ascend,1000,All,checkins,Later follow-up,154,112,107.2012987012987,83.6948051948052,98.64285714285714,41.25974025974026,-21.927433521109695,-58.17260219867026,86.65413241750433,0.6210547689925093,33.87662337662338,46,54,False,
Riverfront / Ascend,1000,All,tips,Main,154,112,11.279220779220779,4.818181818181818,11.032467532467532,3.435064935064935,-57.28267127230857,-68.86403766921718,37.19610871143237,0.23974452573716987,1.1363636363636365,55,69,False,
Riverfront / Ascend,1000,All,tips,Earlier diagnostic,154,112,1.1753246753246753,11.279220779220779,0.9935064935064936,11.032467532467532,859.6685082872929,1010.4575163398692,-13.578998370832362,-0.024379213443976568,0.06493506493506493,13,16,False,
Riverfront / Ascend,1000,All,tips,Later follow-up,154,112,11.279220779220779,2.8181818181818183,11.032467532467532,2.24025974025974,-75.01439263097294,-79.69393761035903,23.045063536165134,0.2440874481179546,0.33116883116883117,71,100,False,
Riverfront / Ascend,1000,Lower,reviews,Main,45,41,32.71111111111111,68.35555555555555,30.488888888888887,86.17777777777778,108.96739130434784,182.6530612244898,-26.069298383299312,-0.03638327552997364,-20.044444444444444,5,4,False,
Riverfront / Ascend,1000,Lower,reviews,Earlier diagnostic,45,41,13.28888888888889,32.71111111111111,9.28888888888889,30.488888888888887,146.15384615384613,228.22966507177028,-25.005606638259703,-0.33660781849607835,-1.7777777777777777,0,0,False,
Riverfront / Ascend,1000,Lower,reviews,Later follow-up,45,41,32.71111111111111,65.42222222222222,30.488888888888887,86.97777777777777,100.0,185.27696793002914,-29.892692897291774,-0.11725416690126203,-23.77777777777778,7,5,False,
Riverfront / Ascend,1000,Lower,reviewers,Main,45,41,32.2,67.91111111111111,29.57777777777778,85.31111111111112,110.90407177363697,188.4297520661157,-26.878530989655946,-0.046229522471618635,-20.022222222222222,5,4,False,
Riverfront / Ascend,1000,Lower,reviewers,Earlier diagnostic,45,41,13.155555555555555,32.2,9.155555555555555,29.57777777777778,144.76351351351354,223.0582524271845,-24.235486425569064,-0.32393046101363215,-1.3777777777777778,0,0,False,
Riverfront / Ascend,1000,Lower,reviewers,Later follow-up,45,41,32.2,64.73333333333333,29.57777777777778,86.28888888888889,101.0351966873706,191.73553719008262,-31.089918415943785,-0.12735634861468073,-24.177777777777777,7,5,False,
Riverfront / Ascend,1000,Lower,checkins,Main,45,41,164.95555555555555,214.0888888888889,109.28888888888889,145.3111111111111,29.78580088912839,32.9605530703538,-2.387739903236974,0.12384097071217397,13.11111111111111,7,4,False,
Riverfront / Ascend,1000,Lower,checkins,Earlier diagnostic,45,41,15.2,164.95555555555555,7.222222222222222,109.28888888888889,985.2339181286549,1413.2307692307693,-28.28364713464562,-0.2552754825922461,47.68888888888889,0,0,False,Checkins begin2010; early window incomplete
Riverfront / Ascend,1000,Lower,checkins,Later follow-up,45,41,164.95555555555555,138.66666666666666,109.28888888888889,101.15555555555555,-15.936952714535902,-7.442049613664093,-9.17792914105614,-0.049561396414948826,-18.155555555555555,9,7,False,
Riverfront / Ascend,1000,Lower,tips,Main,45,41,17.644444444444446,7.088888888888889,14.28888888888889,7.688888888888889,-59.823677581863976,-46.189735614307935,-25.33706556398422,0.09978324058778275,-3.9555555555555557,12,19,False,
Riverfront / Ascend,1000,Lower,tips,Earlier diagnostic,45,41,1.8666666666666667,17.644444444444446,1.0,14.28888888888889,845.2380952380953,1328.888888888889,-33.848033770273275,-0.007831231891080306,2.488888888888889,1,3,False,
Riverfront / Ascend,1000,Lower,tips,Later follow-up,45,41,17.644444444444446,3.933333333333333,14.28888888888889,6.111111111111111,-77.70780856423174,-57.231726283048225,-47.8768032974582,-0.09816222214513891,-5.533333333333333,17,23,False,
Riverfront / Ascend,1000,Middle,reviews,Main,42,23,20.547619047619047,43.45238095238095,17.166666666666668,23.595238095238095,111.47161066048668,37.447988904299564,53.855732882150264,0.18407428980431223,16.476190476190474,8,12,False,
Riverfront / Ascend,1000,Middle,reviews,Earlier diagnostic,42,23,5.4523809523809526,20.547619047619047,6.261904761904762,17.166666666666668,276.85589519650654,174.14448669201522,37.46615871939143,0.1348809473392751,4.190476190476191,0,0,False,
Riverfront / Ascend,1000,Middle,reviews,Later follow-up,42,23,20.547619047619047,44.785714285714285,17.166666666666668,18.738095238095237,117.96060254924683,9.153952843273228,99.68182266582843,0.6188460712838365,22.666666666666668,10,20,False,
Riverfront / Ascend,1000,Middle,reviewers,Main,42,23,19.904761904761905,43.142857142857146,16.61904761904762,23.095238095238095,116.74641148325362,38.96848137535815,55.96803630444438,0.20334503126742356,16.761904761904763,8,12,False,
Riverfront / Ascend,1000,Middle,reviewers,Earlier diagnostic,42,23,5.333333333333333,19.904761904761905,6.071428571428571,16.61904761904762,273.2142857142857,173.72549019607848,36.34619320507571,0.10704840303025888,4.023809523809524,0,0,False,
Riverfront / Ascend,1000,Middle,reviewers,Later follow-up,42,23,19.904761904761905,44.023809523809526,16.61904761904762,18.428571428571427,121.17224880382777,10.888252148997113,99.45507708665609,0.6244856636003777,22.30952380952381,10,20,False,
Riverfront / Ascend,1000,Middle,checkins,Main,42,23,87.0952380952381,93.71428571428571,116.0952380952381,37.333333333333336,7.599781301257513,-67.84249384741592,234.60238113834924,0.8357210205948982,85.38095238095238,10,13,False,
Riverfront / Ascend,1000,Middle,checkins,Earlier diagnostic,42,23,6.119047619047619,87.0952380952381,8.952380952380953,116.0952380952381,1323.3463035019458,1196.808510638298,9.75763127906719,-0.044919464318472706,-26.166666666666668,1,2,False,Checkins begin2010; early window incomplete
Riverfront / Ascend,1000,Middle,checkins,Later follow-up,42,23,87.0952380952381,63.30952380952381,116.0952380952381,21.976190476190474,-27.310005467468567,-81.07054963084495,284.00478151746836,1.0804823033124324,70.33333333333333,13,19,False,
Riverfront / Ascend,1000,Middle,tips,Main,42,23,8.833333333333334,3.5714285714285716,9.095238095238095,1.5714285714285714,-59.56873315363882,-82.72251308900523,134.0112717471208,0.36882009612233746,2.261904761904762,17,17,False,
Riverfront / Ascend,1000,Middle,tips,Earlier diagnostic,42,23,0.7619047619047619,8.833333333333334,1.0,9.095238095238095,1059.3750000000002,809.5238095238095,27.47054973821992,-0.2765752704688779,-0.023809523809523808,4,1,False,
Riverfront / Ascend,1000,Middle,tips,Later follow-up,42,23,8.833333333333334,2.857142857142857,9.095238095238095,0.5,-67.65498652291106,-94.50261780104712,488.37119753561797,0.6123739030684099,2.619047619047619,19,29,False,
Riverfront / Ascend,1000,Higher,reviews,Main,67,48,20.686567164179106,48.61194029850746,21.17910447761194,17.119402985074625,134.992784992785,-19.168428470754062,190.71906007389882,0.5504284675469415,31.98507462686567,19,18,False,
Riverfront / Ascend,1000,Higher,reviews,Earlier diagnostic,67,48,6.044776119402985,20.686567164179106,8.35820895522388,21.17910447761194,242.22222222222226,153.39285714285717,35.05598621877692,0.2397534339421676,1.8208955223880596,0,0,False,
Riverfront / Ascend,1000,Higher,reviews,Later follow-up,67,48,20.686567164179106,47.92537313432836,21.17910447761194,12.432835820895523,131.67388167388165,-41.29668780831571,294.65214657291483,0.8995017387850089,35.985074626865675,22,26,False,
Riverfront / Ascend,1000,Higher,reviewers,Main,67,48,20.29850746268657,48.16417910447761,20.70149253731343,16.865671641791046,137.27941176470586,-18.52919971160777,191.2447293076522,0.5552046408434231,31.70149253731343,19,18,False,
Riverfront / Ascend,1000,Higher,reviewers,Earlier diagnostic,67,48,5.955223880597015,20.29850746268657,8.223880597014926,20.70149253731343,240.85213032581456,151.72413793103442,35.407010677378416,0.2415400131338954,1.8656716417910448,0,0,False,
Riverfront / Ascend,1000,Higher,reviewers,Later follow-up,67,48,20.29850746268657,47.08955223880597,20.70149253731343,12.194029850746269,131.98529411764704,-41.0958904109589,293.83549931600544,0.8944339594485622,35.298507462686565,22,26,False,
Riverfront / Ascend,1000,Higher,checkins,Main,67,48,81.01492537313433,89.80597014925372,80.55223880597015,25.611940298507463,10.851142225497412,-68.20455808782657,248.63847004138088,0.5129608963794436,63.73134328358209,22,20,False,
Riverfront / Ascend,1000,Higher,checkins,Earlier diagnostic,67,48,6.8059701492537314,81.01492537313433,8.35820895522388,80.55223880597015,1090.3508771929826,863.7500000000001,23.51241267890869,0.4219670435033613,2.014925373134328,1,4,False,Checkins begin2010; early window incomplete
Riverfront / Ascend,1000,Higher,checkins,Later follow-up,67,48,81.01492537313433,59.55223880597015,80.55223880597015,13.119402985074627,-26.492262343404573,-83.71317398554753,351.33249161848187,0.7834692615581639,45.97014925373134,24,28,False,
Riverfront / Ascend,1000,Higher,tips,Main,67,48,8.537313432835822,4.074626865671642,10.059701492537313,1.7462686567164178,-52.27272727272727,-82.64094955489614,174.94172494172497,0.25283532984978746,3.8507462686567164,26,33,False,
Riverfront / Ascend,1000,Higher,tips,Earlier diagnostic,67,48,0.9701492537313433,8.537313432835822,0.9850746268656716,10.059701492537313,780.0000000000001,921.2121212121211,-13.827893175074168,0.12259952125998654,-1.507462686567164,8,12,False,
Riverfront / Ascend,1000,Higher,tips,Later follow-up,67,48,8.537313432835822,2.044776119402985,10.059701492537313,0.7313432835820896,-76.04895104895105,-92.7299703264095,229.44912230626505,0.24309049369885138,2.8358208955223883,35,48,False,
