{"type": "FeatureCollection", "features": [{"type": "Feature", "id": 8, "geometry": {"type": "Polygon", "coordinates": [[[-110.94593326458217, 32.23727926608696], [-110.94593613383002, 32.23728025037114], [-110.94553158735741, 32.23728260252826], [-110.94553175981025, 32.23730459114171], [-110.94601258881119, 32.23730187083707], [-110.94664893609372, 32.23729826842166], [-110.94665067109145, 32.23729825288182], [-110.94665548818045, 32.23729816450619], [-110.94666033787483, 32.237298003333215], [-110.94666518408229, 32.237297770889434], [-110.94667002575149, 32.23729746626499], [-110.94667485969943, 32.237297089435394], [-110.94667968485557, 32.237296641294314], [-110.94668450015892, 32.23729612183358], [-110.94668930454851, 32.23729553104505], [-110.94669409484139, 32.237294868904286], [-110.94669887209854, 32.23729413541945], [-110.94670363312744, 32.237293331467825], [-110.94670837686712, 32.23729245704132], [-110.94671310224697, 32.23729151303349], [-110.94671780716426, 32.23729049762457], [-110.94672249052923, 32.237289413511704], [-110.94672715128085, 32.23728826068669], [-110.94673178730685, 32.23728703823152], [-110.94673639753657, 32.2372857470398], [-110.9467409808995, 32.237284388005115], [-110.94674553527366, 32.23728296111122], [-110.94675005959807, 32.23728146634996], [-110.94675455279263, 32.23727990551666], [-110.94675901274488, 32.23727827769334], [-110.9467634394453, 32.237276583781714], [-110.94676782970137, 32.23727482465912], [-110.94677218350348, 32.237273001227294], [-110.94677649979067, 32.23727111347811], [-110.94678077644097, 32.23726916139524], [-110.94678501237426, 32.23726714677411], [-110.94678920547817, 32.237265068696644], [-110.94679335572391, 32.23726292986812], [-110.94679746206971, 32.23726072847688], [-110.94680152235529, 32.23725846811364], [-110.94680553553879, 32.23725614696672], [-110.94680949948874, 32.23725376592169], [-110.9468134152373, 32.237251327691844], [-110.9468172796112, 32.23724883135102], [-110.9468210926008, 32.23724627780105], [-110.94682485206502, 32.23724366882906], [-110.94682855801342, 32.23724100353334], [-110.94683220830491, 32.23723828370111], [-110.94683580185936, 32.237235511127714], [-110.94683933762536, 32.23723268490327], [-110.94684281558374, 32.23722980683126], [-110.946846233603, 32.2372268777972], [-110.94684959168309, 32.237223897801044], [-110.9468528876734, 32.23722086953177], [-110.94685612052248, 32.23721779207951], [-110.94685929021118, 32.23721466724772], [-110.94686239460799, 32.23721149592193], [-110.94686543370331, 32.23720827900384], [-110.94686840642665, 32.23720501738708], [-110.94687131169779, 32.23720171286699], [-110.9468741484654, 32.23719836453373], [-110.94687691669115, 32.23719497599423], [-110.94687961426267, 32.23719154633052], [-110.94688224117041, 32.237188076444305], [-110.94688479632464, 32.237184569032706], [-110.94688727972536, 32.23718102409576], [-110.94688968924106, 32.2371774425189], [-110.9468920248526, 32.237173826105604], [-110.94689428655039, 32.23717017575766], [-110.94689647221249, 32.23716649145877], [-110.9468985818006, 32.23716277681595], [-110.94690061533387, 32.2371590300257], [-110.94690257171303, 32.23715525468683], [-110.94690444988667, 32.23715144988953], [-110.9469062498261, 32.23714761833898], [-110.94690797046076, 32.2371437609288], [-110.94690961178105, 32.237139878560775], [-110.94691117271648, 32.2371359721285], [-110.94691265430882, 32.23713204344359], [-110.94691405443618, 32.23712809248976], [-110.94691537306021, 32.23712412287407], [-110.9469166102001, 32.23712013279292], [-110.94691776475656, 32.23711612584526], [-110.94691883672962, 32.23711210203104], [-110.94691982716108, 32.23710806316192], [-110.94692073285847, 32.23710401011519], [-110.94692155592459, 32.237099944710664], [-110.94692229635943, 32.237095866948344], [-110.94692295201233, 32.23709177951716], [-110.94692352394428, 32.237087682425276], [-110.94692401107514, 32.23708357746806], [-110.94692441444677, 32.237079466457125], [-110.94692473299817, 32.23707534938438], [-110.94692496670064, 32.23707122895497], [-110.94692511661512, 32.237067105177125], [-110.94692518115383, 32.23706302763874], [-110.94692519600682, 32.23706023120646], [-110.94693028803455, 32.236120853411244], [-110.94693034266884, 32.23606237344856], [-110.94692849441464, 32.23592842352391], [-110.94692848568727, 32.23592804649578], [-110.94692828370539, 32.235919792382234], [-110.94692806808435, 32.23591152373488], [-110.94692782185842, 32.23590323952167], [-110.94692753230571, 32.2358949387432], [-110.94692718242219, 32.23588662397442], [-110.94692675840585, 32.23587829601127], [-110.94692624541288, 32.23586995383797], [-110.94692562855163, 32.23586160094756], [-110.94692489189818, 32.235853238119624], [-110.94692402449817, 32.23584489773569], [-110.9469237155261, 32.235842220563654], [-110.94692246779067, 32.23583252723503], [-110.94692101755659, 32.235822818825085], [-110.94691936759484, 32.23581313413337], [-110.94691751895688, 32.235803474069805], [-110.94691547264622, 32.23579384405298], [-110.94691322865339, 32.23578424498462], [-110.94691079002718, 32.23577468951366], [-110.94690853953118, 32.23576650174516], [-110.94690616437695, 32.23575836262008], [-110.94690367951367, 32.235750263235026], [-110.94690110085567, 32.23574220371204], [-110.94689844119195, 32.23573417873837], [-110.94689571644638, 32.235726187534375], [-110.9468929415107, 32.23571822660708], [-110.94689012916427, 32.235710291545416], [-110.94688729429878, 32.2357023788564], [-110.94688445179632, 32.23569448594877], [-110.94688428362177, 32.23569403645311], [-110.94678205516273, 32.23541044262379], [-110.94677567813235, 32.235392185011584], [-110.94676969205166, 32.235373881701335], [-110.94676408248873, 32.23535549290212], [-110.9467588515077, 32.23533702404084], [-110.94675400012142, 32.23531847963438], [-110.94674953038451, 32.23529986601126], [-110.94674544435158, 32.23528118950007], [-110.94674174197448, 32.23526245460962], [-110.94673842423728, 32.23524366856196], [-110.94673549321378, 32.23522483588224], [-110.94673294990716, 32.23520596198905], [-110.94673079425013, 32.23518705319467], [-110.9467290261754, 32.23516811581134], [-110.94672764880806, 32.235149155273966], [-110.94672665996853, 32.2351301769768], [-110.94672606081329, 32.235111171910454], [-110.94672587334342, 32.235097858691105], [-110.94671861520212, 32.234044552570474], [-110.94671862729693, 32.234044013374245], [-110.94671970356444, 32.23402300469212], [-110.94672318950636, 32.23400218675284], [-110.94672905754135, 32.23398175864697], [-110.94673725146215, 32.23396191744162], [-110.94674769283957, 32.23394285462229], [-110.9467602821218, 32.23392475249407], [-110.94677489756397, 32.233907785075225], [-110.94679139735958, 32.23389211721183], [-110.94680962395141, 32.23387789829812], [-110.94682940187126, 32.233865265867195], [-110.94685054097067, 32.23385434110676], [-110.94687283748185, 32.23384522886731], [-110.94689607720996, 32.23383801678485], [-110.94692003659408, 32.23383277528905], [-110.9469444848768, 32.233829553110716], [-110.94696918623569, 32.233828376396545], [-110.94696981984251, 32.23382835961471], [-110.94700106022565, 32.2338281853937], [-110.94700158854151, 32.23382819215297], [-110.94702217333545, 32.2338287956004], [-110.94704263163796, 32.23383081934423], [-110.94706282884553, 32.23383424972627], [-110.94706334452388, 32.2338343474723], [-110.9472248149444, 32.233867698322754], [-110.94722533063273, 32.233867795166375], [-110.9472465636106, 32.23387140661466], [-110.9472476061616, 32.23387154717996], [-110.94726911484979, 32.23387367453801], [-110.94727016772484, 32.23387374213483], [-110.94729180796938, 32.23387437167122], [-110.94729233629513, 32.233874377527556], [-110.94771297417464, 32.23387200766161], [-110.94778708025395, 32.233870689236966], [-110.9477874506729, 32.23387067764781], [-110.94786148144746, 32.23386755676304], [-110.94794647678486, 32.23386293718925], [-110.94802226403635, 32.233859769252625], [-110.9480226450646, 32.233859757744064], [-110.9480985096935, 32.233858496805134], [-110.95102721088439, 32.233846426742566], [-110.95109625779843, 32.23384582795322], [-110.95116534635132, 32.23384460267814], [-110.95138900517081, 32.23383807853809], [-110.95151152456846, 32.233836351249586], [-110.95151464535815, 32.23383632007317], [-110.95235703984623, 32.23383132938855], [-110.95243273784303, 32.23382996898119], [-110.95250836239786, 32.23382792709262], [-110.95252133885117, 32.23382750845039], [-110.95253428365727, 32.233827072430756], [-110.95254722650333, 32.23382662106385], [-110.9525601652579, 32.23382615523529], [-110.95257310201431, 32.233825677666424], [-110.95258603463162, 32.233825190144664], [-110.95259896520315, 32.23382469539136], [-110.95261189371936, 32.23382419430834], [-110.95262481910027, 32.23382368869093], [-110.9526377413078, 32.23382318214616], [-110.95270639867363, 32.23382048637613], [-110.9527193187681, 32.233819978905075], [-110.95273223671205, 32.23381947412176], [-110.95274515354734, 32.23381897383779], [-110.95275806714261, 32.2338184789387], [-110.95277097959115, 32.23381799214597], [-110.95278388981298, 32.233817515254934], [-110.9527967988405, 32.23381705097899], [-110.95280970560324, 32.23381660021178], [-110.95282261006314, 32.233816166560295], [-110.95283547401704, 32.233815750635024], [-110.952936830778, 32.233813171563696], [-110.953038219131, 32.23381182093347], [-110.95305109230297, 32.23381173782878], [-110.9530640077315, 32.233811672179606], [-110.95307692512011, 32.23381162187506], [-110.95308984553927, 32.23381158602145], [-110.9531027679566, 32.23381156190542], [-110.95311569239112, 32.2338115477235], [-110.95312861992284, 32.23381154168026], [-110.95314154951934, 32.23381154106238], [-110.95315448119018, 32.23381154496813], [-110.95316741496387, 32.23381155069219], [-110.95458474297862, 32.233812221426604], [-110.9545928257905, 32.23381222524491], [-110.9546009075319, 32.23381222995636], [-110.95460898712298, 32.23381223735641], [-110.95461706349325, 32.233812248338694], [-110.95462513875506, 32.23381226382114], [-110.95463321183803, 32.23381228469742], [-110.95464128272312, 32.23381231277102], [-110.9546493503399, 32.23381234893565], [-110.95465741680076, 32.23381239410915], [-110.95466542692753, 32.23381244877336], [-110.95475464109437, 32.23381382047984], [-110.95476264765547, 32.2338140121877], [-110.95477071033217, 32.233814215144065], [-110.95477877502628, 32.2338144280353], [-110.9547868417663, 32.23381464815619], [-110.95479491056174, 32.23381487460496], [-110.95480298034218, 32.23381510827527], [-110.95481105220654, 32.23381534556823], [-110.95481912721576, 32.23381558649189], [-110.95482720325744, 32.23381583012838], [-110.95483528141158, 32.233816074682224], [-110.95489666837123, 32.23381793430353], [-110.95490474970866, 32.23381817887719], [-110.95491283211658, 32.23381842255666], [-110.95492091772635, 32.23381866445631], [-110.95492900444461, 32.23381890185479], [-110.95493709438375, 32.233819135669975], [-110.95494518651128, 32.233819363188516], [-110.95495328082725, 32.23381958441046], [-110.95496137841157, 32.23381979754035], [-110.95496947715186, 32.2338200016603], [-110.95497763328719, 32.23382019629647], [-110.9550671063214, 32.233821571556064], [-110.9550752660323, 32.23382162823432], [-110.9550833685667, 32.23382167365516], [-110.95509146908374, 32.23382170914007], [-110.95509956755491, 32.23382173739432], [-110.9551076639802, 32.233821758417896], [-110.95511575834064, 32.23382177401431], [-110.95512385062669, 32.233821785085304], [-110.95513194082888, 32.23382179253265], [-110.95514002893772, 32.23382179725809], [-110.95514811493418, 32.23382180106511], [-110.95554816120084, 32.23382198546056], [-110.95556271195287, 32.233821993317235], [-110.95557725950313, 32.23382200295153], [-110.95559180487463, 32.23382201797852], [-110.95560634696845, 32.23382204199714], [-110.95562088682654, 32.23382207681897], [-110.95563542228905, 32.23382212603481], [-110.95564995545888, 32.23382219146434], [-110.9556644862981, 32.2338222767146], [-110.95567901372675, 32.23382238358097], [-110.95569349951325, 32.233822515380055], [-110.9557840763246, 32.23382396345668], [-110.95587462162314, 32.233826490710065], [-110.95588909606528, 32.233826994853075], [-110.95590361055743, 32.23382752454992], [-110.95591812586402, 32.2338280776987], [-110.95593264415436, 32.233828649806746], [-110.95594716333504, 32.23382923815269], [-110.95596168553743, 32.233829841850934], [-110.95597620975757, 32.23383045548287], [-110.95599073706585, 32.233831078154864], [-110.95600526643932, 32.23383170625181], [-110.95601979789696, 32.23383233797022], [-110.95649720236749, 32.233853088169774], [-110.95650529959936, 32.23385343647147], [-110.95651343417273, 32.233853765216246], [-110.95652160949798, 32.2338540527863], [-110.95652982791513, 32.233854278457514], [-110.9565380886003, 32.233854419677996], [-110.95654638967815, 32.233854452986165], [-110.95655473030587, 32.233854357633646], [-110.9565629472699, 32.23385411614766], [-110.95656326251971, 32.23385410411362], [-110.95657133267858, 32.233853697380056], [-110.95657168728732, 32.233853675724966], [-110.95657974138273, 32.233853081289794], [-110.95658055605014, 32.23385299910047], [-110.95660610494915, 32.23384971577354], [-110.95660734114122, 32.233849504218504], [-110.95663239324978, 32.233844123982365], [-110.9566335986757, 32.23384381118927], [-110.95665791579245, 32.23383638454034], [-110.95665907980482, 32.23383597403557], [-110.95668243200747, 32.23382657137352], [-110.9566835429075, 32.2338260657737], [-110.95670570750148, 32.23381477649146], [-110.95670675567433, 32.23381418203633], [-110.95672752251652, 32.2338011127569], [-110.95672849730535, 32.233800433874706], [-110.95674766985552, 32.23378570936105], [-110.95674856268754, 32.23378495410305], [-110.95676595804635, 32.23376871365091], [-110.95676676037715, 32.23376788736322], [-110.95678221352044, 32.233750285735205], [-110.95678291783817, 32.23374939647716], [-110.95679628271571, 32.233730600303595], [-110.95679688148957, 32.23372965793809], [-110.95680803209564, 32.23370984482347], [-110.95680851993563, 32.233708857426], [-110.95681734817742, 32.23368821683443], [-110.95681772074511, 32.23368719339034], [-110.95682414499662, 32.233665920397804], [-110.95682439900496, 32.23366487080216], [-110.95682835666145, 32.233643167843624], [-110.95682845731419, 32.23364247510669], [-110.95682918602786, 32.2336356322021], [-110.95682921359585, 32.23363533120279], [-110.9568297217774, 32.23362847309587], [-110.95682973732433, 32.23362820537268], [-110.95683005265377, 32.2336212222513], [-110.95683019614124, 32.233614134115115], [-110.95683018756442, 32.23360707819139], [-110.95683005236677, 32.23360005647702], [-110.95682981812311, 32.23359307008324], [-110.95682951028638, 32.23358612010524], [-110.95682915433797, 32.233579204932845], [-110.95682877471722, 32.23357232114446], [-110.95681161391019, 32.233264411428515], [-110.95681092575191, 32.23325205754673], [-110.9568102407481, 32.23323970639431], [-110.95680956315198, 32.233227357101796], [-110.95680889508539, 32.23321500968528], [-110.95680824079206, 32.23320266417697], [-110.95680760239382, 32.23319032059302], [-110.95680698413442, 32.23317797896567], [-110.95680638813565, 32.233165639311004], [-110.95680581865071, 32.23315330075953], [-110.95680527968631, 32.23314098588722], [-110.95680321038257, 32.23308409944064], [-110.95680183621499, 32.233027196629635], [-110.95680162941622, 32.233014875261844], [-110.95680145153742, 32.23300252796081], [-110.95680130021023, 32.232990178155916], [-110.95680117119092, 32.23297782581502], [-110.95680106235763, 32.23296547092195], [-110.95680096946666, 32.23295311344446], [-110.95680089039614, 32.23294075336648], [-110.95680081984143, 32.23292839064769], [-110.95680075673218, 32.232916026181755], [-110.95680069684354, 32.23290365813296], [-110.95679960824339, 32.23267790384626], [-110.95679823935986, 32.232579727359166], [-110.95679507750215, 32.232481539055854], [-110.95679012685247, 32.23238344628494], [-110.95678674458945, 32.23232670948181], [-110.9567813469612, 32.23221744424044], [-110.95677817761677, 32.23210816255474], [-110.95677723506151, 32.23199880399123], [-110.95677731957106, 32.23194504969121], [-110.9567773343144, 32.23193819775476], [-110.95677737419733, 32.23193137667121], [-110.95677746147058, 32.23192458931506], [-110.9567776215866, 32.23191783678144], [-110.95677787682456, 32.23191111923956], [-110.95677825155698, 32.23190443958003], [-110.95677876697374, 32.231897800669266], [-110.95677942906958, 32.23189133872798], [-110.95677946052047, 32.231891072027366], [-110.9567802849721, 32.231884809720256], [-110.9567803295047, 32.23188450975156], [-110.95678134596166, 32.23187835171055], [-110.95678638057642, 32.2318575452219], [-110.95679372610677, 32.23183743896496], [-110.95680335487282, 32.23181804174729], [-110.95681517578488, 32.23179954045564], [-110.9568290734379, 32.231782113675614], [-110.95684491555681, 32.23176592994455], [-110.95686254773001, 32.231751144104365], [-110.95688180081672, 32.23173789916131], [-110.95690248992403, 32.23172632267117], [-110.95692441334593, 32.23171652673111], [-110.95694736321035, 32.23170860445326], [-110.9569711148226, 32.231702634392995], [-110.9569954416128, 32.23169867164422], [-110.95702032954426, 32.231696739547345], [-110.9570276426724, 32.2316965678204], [-110.9570279981535, 32.231696563305135], [-110.95703541130936, 32.23169656548727], [-110.95703572745144, 32.231696568789715], [-110.95704335538406, 32.231696729519385], [-110.95705117596604, 32.23169703419946], [-110.9570590270675, 32.231697463562334], [-110.95706690890647, 32.231697996867716], [-110.95707482169149, 32.23169861427708], [-110.95708276774342, 32.23169929686982], [-110.95709074727077, 32.231700024807346], [-110.95709875944011, 32.23170077643962], [-110.95713387335583, 32.23170408399836], [-110.95722136815309, 32.23171147768659], [-110.95722165970477, 32.231711498838315], [-110.95730925610523, 32.231717201417766], [-110.95730954876525, 32.23171721806858], [-110.9573972743099, 32.231721233355316], [-110.95739756703624, 32.2317212436937], [-110.95748537717138, 32.231723570447414], [-110.95748566995461, 32.231723575375064], [-110.95757359333892, 32.231724212009404], [-110.96080741581541, 32.23171647068727], [-110.96086758638282, 32.23171623137387], [-110.96418407082058, 32.23169771358832], [-110.96418459918374, 32.23169771486503], [-110.96450695312633, 32.23169590992472], [-110.96457130517979, 32.23169464431618], [-110.96457173290663, 32.231694630403936], [-110.96463589265234, 32.23169155876473], [-110.96463632051079, 32.23169153222774], [-110.96470043126223, 32.23168664661938], [-110.96482947777861, 32.23167498227817], [-110.96489294823463, 32.231670144055094], [-110.96489337609295, 32.2316701175172], [-110.96495668022988, 32.23166708616577], [-110.96495710795658, 32.231667072252236], [-110.9650208168692, 32.23166582141123], [-110.965361627847, 32.23166391158422], [-110.96536981607207, 32.23166386229676], [-110.96537795889397, 32.23166379192502], [-110.96538614142064, 32.23166367856412], [-110.96539436068541, 32.23166350144972], [-110.96540261693258, 32.231663237136274], [-110.96541090720484, 32.231662863957744], [-110.96541922642307, 32.231662360232114], [-110.96542741341295, 32.231661716629795], [-110.96542772776277, 32.23166168833391], [-110.96543575617993, 32.23166088752197], [-110.96543610778384, 32.23166084778278], [-110.96544410844, 32.23165986008386], [-110.96544657694486, 32.231659392580994], [-110.96546943125482, 32.231655378334516], [-110.96547061486042, 32.231655117597825], [-110.96549455410293, 32.23164880554957], [-110.96549570367523, 32.23164845076686], [-110.96551883505435, 32.23164024601845], [-110.96551993994662, 32.23163980071684], [-110.96554205686418, 32.231629776565214], [-110.96554310748114, 32.23162924518169], [-110.96556401271843, 32.23161749122734], [-110.96556499841333, 32.23161687728907], [-110.96558450520142, 32.23160349854222], [-110.9655854195336, 32.23160280921536], [-110.96560335262362, 32.23158792520221], [-110.96560418599789, 32.2315871649237], [-110.96562038592356, 32.23157090791476], [-110.9656211318899, 32.231570084752505], [-110.96563545389716, 32.231552600656414], [-110.9656361049635, 32.23155172086688], [-110.96564842222153, 32.23153316654903], [-110.96564897193784, 32.23153223820005], [-110.96565917345464, 32.23151277785957], [-110.96565961748341, 32.23151180993683], [-110.96566761232137, 32.231491617843744], [-110.96566794633449, 32.23149061843104], [-110.96567366364773, 32.231469875319256], [-110.96567388542013, 32.23146885431999], [-110.96567727342195, 32.23144774467398], [-110.96567735687064, 32.2314470671305], [-110.96567795131962, 32.231440214136136], [-110.96567797249216, 32.23143991308633], [-110.96567834530458, 32.231433049405894], [-110.9656783555299, 32.23143278073936], [-110.9656785333417, 32.23142579384534], [-110.96567853715516, 32.23141870463768], [-110.96567838889206, 32.2314116494568], [-110.96567811504704, 32.231404631207496], [-110.96567774321319, 32.2313976491956], [-110.9656772977821, 32.23139070450647], [-110.9656768052953, 32.23138379553618], [-110.96567629020072, 32.23137691795962], [-110.96567022676575, 32.23129663527037], [-110.96566618338517, 32.23123367738615], [-110.96566356387883, 32.231170717590494], [-110.96566236167219, 32.231107673768044], [-110.96561555107297, 32.22509256994711], [-110.96563314120924, 32.22510254662368], [-110.96563434541751, 32.2251031517909], [-110.96565469975563, 32.225112163569584], [-110.96565597410182, 32.22511265563442], [-110.96567735526459, 32.22511974613289], [-110.96567868391114, 32.22512011776154], [-110.96570084027253, 32.225125203019964], [-110.96570220840522, 32.22512545049369], [-110.96572488170159, 32.22512847265533], [-110.96572627343592, 32.22512859314911], [-110.96574919775225, 32.225129515943685], [-110.9657498978394, 32.22512952752366], [-110.9658287905951, 32.22512906592491], [-110.96582932528548, 32.225129067241916], [-110.96584225868114, 32.22512899319266], [-110.96584279241395, 32.22512898458234], [-110.96642119160448, 32.225125620292346], [-110.96642598912614, 32.2251256166813], [-110.96654622866792, 32.22512489553163], [-110.9665510272505, 32.225124891923834], [-110.9668570291266, 32.225123112907845], [-110.96685761999458, 32.22512311915179], [-110.96685956328093, 32.22512314998816], [-110.96688143229355, 32.22512394199881], [-110.96690502857861, 32.225126663362865], [-110.96692821808789, 32.225131263774095], [-110.96695079435317, 32.22513770380473], [-110.96697255534633, 32.22514592512209], [-110.96699330768516, 32.22515585412757], [-110.96701286450218, 32.22516740284242], [-110.96703105394087, 32.2251804680698], [-110.96704771171086, 32.22519493314237], [-110.96706269168695, 32.22521066890365], [-110.96707040580264, 32.225220551340385], [-110.96707285648115, 32.2255395072818], [-110.9670987244074, 32.22553936344635], [-110.96709661507953, 32.225264911512966], [-110.96710271524553, 32.22528135251723], [-110.96710340293102, 32.22528337326207], [-110.96710356855066, 32.22528387231362], [-110.96712975294196, 32.22536919948466], [-110.9671319772275, 32.22565852156349], [-110.96715784518771, 32.22565837771657], [-110.96715561070927, 32.22536768117977], [-110.96715189764873, 32.22488562343634], [-110.9671519011336, 32.22488508417126], [-110.96715176910841, 32.22486788447859], [-110.96715175116093, 32.224867365794495], [-110.96715040909011, 32.224846142087216], [-110.96715028613171, 32.224845111279535], [-110.96714659839023, 32.22482408999548], [-110.9671463617726, 32.22482307276314], [-110.96714036143828, 32.22480243992655], [-110.96714020114219, 32.224801939111366], [-110.96713702764082, 32.224792886200014], [-110.96714903805011, 32.224805969921064], [-110.96714973103794, 32.22480666412131], [-110.96716336591894, 32.22481921804815], [-110.96716373806987, 32.22481954640265], [-110.96743362736001, 32.225048251814115], [-110.96745189064514, 32.225032678285515], [-110.96718237671479, 32.2248042985856], [-110.96718200456387, 32.224803970231164], [-110.96716910220248, 32.224792083748675], [-110.96715739812417, 32.224779332398704], [-110.9671469709913, 32.2247658033477], [-110.96714668643843, 32.224765417032614], [-110.96710736018714, 32.22470941676916], [-110.96709367641189, 32.224689935552526], [-110.96747494397269, 32.22501302209341], [-110.9674932072437, 32.224997448558476], [-110.96702124232333, 32.22459750350498], [-110.9670992395112, 32.22463680755945], [-110.96709956453178, 32.224636975035246], [-110.96712484914713, 32.224650563405], [-110.96714747793624, 32.224665717225896], [-110.9671485863771, 32.22466655433011], [-110.96751603578159, 32.2249779827591], [-110.96753429902923, 32.22496241011966], [-110.96716576801167, 32.224650115080294], [-110.96716468533083, 32.224649249311355], [-110.96669567138453, 32.22425180163718], [-110.96669464131249, 32.224250876739255], [-110.96618631411417, 32.22382010869032], [-110.96616805087537, 32.223835681137714], [-110.96667534798897, 32.22426552526274], [-110.96667634387997, 32.224266472449536], [-110.96669182349805, 32.224283110227496], [-110.96670507589678, 32.224302639649], [-110.9667518054779, 32.224369180292605], [-110.96614522233914, 32.22385514759878], [-110.96612695908631, 32.223870720039905], [-110.96680682284612, 32.224446852201524], [-110.96692882672403, 32.22455020279863], [-110.96692971528688, 32.22455096340106], [-110.96693041455994, 32.224551562958105], [-110.96701904758068, 32.22462665563694], [-110.96701925120675, 32.22462686639027], [-110.9670843203664, 32.224719509144364], [-110.96711524132101, 32.224807718970574], [-110.96711540162634, 32.22480821888405], [-110.96712110262683, 32.22482784574193], [-110.96712461112395, 32.22484784120706], [-110.96712589394635, 32.22486802827272], [-110.96712591296388, 32.224868546063036], [-110.9671260368869, 32.224884687854335], [-110.96712602597603, 32.22488522706361], [-110.96712496615706, 32.224906243343035], [-110.96712149578772, 32.22492706926397], [-110.96711564132828, 32.22494750662354], [-110.9671074589332, 32.224967358343655], [-110.96709702698786, 32.22498643202227], [-110.9670844460523, 32.22500454534388], [-110.96707208978233, 32.225018906957374], [-110.96707015246331, 32.22476689369626], [-110.96707013364299, 32.22476635696909], [-110.96706869968409, 32.224744381350426], [-110.96706856862448, 32.224743313506984], [-110.96706462116074, 32.22472156069287], [-110.96706436792722, 32.224720509066174], [-110.96705794298461, 32.224699187648596], [-110.96705756959578, 32.224698162173894], [-110.96704872872566, 32.2246774746237], [-110.96704824038262, 32.22467648526008], [-110.96703706852138, 32.22465662971459], [-110.96703646832233, 32.224655684601764], [-110.9670230706556, 32.22463685033198], [-110.96702236486246, 32.22463595943705], [-110.96700687107781, 32.224618325978014], [-110.96700606702267, 32.224617498374236], [-110.96698862285109, 32.22460123275599], [-110.96698818553959, 32.224600845292734], [-110.96611553202796, 32.223862976707615], [-110.9660972887365, 32.223878567330935], [-110.96696950065079, 32.22461605215213], [-110.96696993690144, 32.22461643960745], [-110.9669865235819, 32.22463191509948], [-110.96700126139382, 32.22464868795085], [-110.96701400448441, 32.22466660285429], [-110.96702463156853, 32.224685488454234], [-110.96703304054947, 32.224705164520905], [-110.96703915167335, 32.224725444679656], [-110.96704290648721, 32.224746134599236], [-110.9670442773208, 32.22476703837598], [-110.96704429721117, 32.22476757420937], [-110.96704629897059, 32.225029095892786], [-110.96704639111005, 32.2250303356923], [-110.96704795647238, 32.225041408334256], [-110.96703512014155, 32.22505143216722], [-110.96701534360832, 32.22506407595975], [-110.96699420458656, 32.225075010473844], [-110.96697190785493, 32.225084131733986], [-110.96694866544952, 32.22509135205223], [-110.96692470301002, 32.22509660187946], [-110.96690025129298, 32.22509982974161], [-110.96687491033597, 32.22510103533831], [-110.96687495527395, 32.22510171294638], [-110.9668594398604, 32.22510114994801], [-110.96685806936122, 32.22510112972882], [-110.96685747422188, 32.22510112615826], [-110.96655102791912, 32.22510290273709], [-110.96654650629137, 32.22510290121228], [-110.966542216142, 32.22510288068544], [-110.96654199124443, 32.225102878994825], [-110.9665377029057, 32.225102684429274], [-110.96653330643663, 32.225102481836124], [-110.9665289148958, 32.225102213446675], [-110.96652452827385, 32.22510188016268], [-110.96652015082348, 32.22510148111425], [-110.96651578146513, 32.22510101809697], [-110.9665113916031, 32.2251004863867], [-110.96650976848268, 32.22510027397963], [-110.96650947397326, 32.225100232987145], [-110.96650601096437, 32.22509973890646], [-110.96650259193773, 32.225099198261475], [-110.96649918403553, 32.22509860809965], [-110.96649579045902, 32.22509796664143], [-110.96649240907719, 32.225097274772594], [-110.96648904306313, 32.22509653341884], [-110.96648569242628, 32.22509574167846], [-110.9664823592695, 32.225094901370824], [-110.96647904255076, 32.22509401068451], [-110.9664757454338, 32.22509307144695], [-110.96647246898885, 32.22509208276434], [-110.9664692121363, 32.22509104643223], [-110.96646597700723, 32.22508996156485], [-110.96646276571391, 32.22508882907984], [-110.96645957719555, 32.2250876489693], [-110.9664564135644, 32.22508642215086], [-110.96645327589073, 32.225085147730795], [-110.96645016415573, 32.22508382751262], [-110.9664470231865, 32.22508246198332], [-110.96644607943284, 32.225082009386675], [-110.96644565818535, 32.225081811425554], [-110.96644407271772, 32.225081141173746], [-110.96635203255275, 32.225038627951214], [-110.9663516841656, 32.22503846300332], [-110.96634859293631, 32.225037007663126], [-110.96634558044362, 32.22503553036925], [-110.96634259918444, 32.22503400821893], [-110.96633965021029, 32.22503244212187], [-110.96633673351174, 32.225030832979826], [-110.96633385014965, 32.22502918080081], [-110.96633100118486, 32.2250274855928], [-110.96632818765941, 32.2250257491672], [-110.96632540958274, 32.22502397062235], [-110.9663226690671, 32.22502215087594], [-110.96631996609374, 32.22502029173143], [-110.96631730173287, 32.22501839229512], [-110.96631467703595, 32.22501645347671], [-110.9663120919936, 32.225014476177954], [-110.9663095487275, 32.22501246041479], [-110.96630704615802, 32.22501040798278], [-110.96630458747707, 32.22500831800407], [-110.96630217054422, 32.225006192266264], [-110.96629979854197, 32.22500403079327], [-110.96629747146093, 32.22500183448683], [-110.96629518929171, 32.224999604248744], [-110.966292954156, 32.224997340094916], [-110.9662907649742, 32.22499504382089], [-110.9662886228165, 32.22499271453292], [-110.96628652978583, 32.22499035405046], [-110.96628448481195, 32.2249879632673], [-110.96628249001654, 32.224985542199335], [-110.96628054538083, 32.22498309265015], [-110.96627864985334, 32.22498061371], [-110.96627680659783, 32.22497810720627], [-110.96627501560492, 32.224975574040805], [-110.96627327581378, 32.224973014205545], [-110.96627158932728, 32.22497042952004], [-110.96626995614544, 32.22496781998421], [-110.96626837625885, 32.224965186499844], [-110.96626685177982, 32.22496252998467], [-110.96626538163811, 32.22495985133246], [-110.96626396582433, 32.22495715144494], [-110.96626260646016, 32.2249544303381], [-110.96626130352682, 32.22495168981544], [-110.96626005701492, 32.22494893077868], [-110.96625886692445, 32.2249461532279], [-110.96625773323666, 32.224943358966556], [-110.96625665807319, 32.2249405480106], [-110.96625564036383, 32.22493772125384], [-110.96625468116002, 32.22493487960596], [-110.966253780443, 32.224932024870526], [-110.96625293927357, 32.22492915705548], [-110.96625215552069, 32.22492627704665], [-110.96625143235751, 32.22492338576969], [-110.9662507676529, 32.224920484110406], [-110.96625016351918, 32.224917572986534], [-110.96624961586316, 32.22491463793809], [-110.96624928701537, 32.224912697444], [-110.96624923899505, 32.224912418419066], [-110.96622881579616, 32.22478656941643], [-110.9662031909616, 32.224789574590446], [-110.96622347786466, 32.22491414288258], [-110.9662236720973, 32.224915765823994], [-110.96622372011754, 32.224916044848925], [-110.96622403791498, 32.22491792573957], [-110.96622465092081, 32.22492120758021], [-110.96622533387611, 32.22492449625966], [-110.96622608377672, 32.2249277746206], [-110.96622690170224, 32.224931040867546], [-110.96622778659184, 32.224934294992465], [-110.96622873740347, 32.22493753518395], [-110.96622975519796, 32.22494076144991], [-110.96623083894262, 32.2249439710771], [-110.96623198862812, 32.22494716496734], [-110.96623320428257, 32.22495034041528], [-110.96623448377495, 32.22495349830682], [-110.96623582819427, 32.22495663594457], [-110.96623723754047, 32.22495975332857], [-110.96623870970134, 32.22496284954112], [-110.96624024574707, 32.224965923688444], [-110.96624184462623, 32.22496897486078], [-110.96624350529673, 32.224972001246684], [-110.96624522882881, 32.22497500195233], [-110.96624701309145, 32.22497797786353], [-110.96624885811276, 32.224980926275045], [-110.96625076390217, 32.224983846285106], [-110.96625272938942, 32.224986738787436], [-110.96625475354186, 32.224989601068884], [-110.96625683636888, 32.22499243222762], [-110.96625897680025, 32.22499523315743], [-110.96626117486414, 32.22499800115309], [-110.96626342843886, 32.225000736198595], [-110.96626573858528, 32.225003438301975], [-110.96626810427067, 32.22500610474992], [-110.96627052336403, 32.22500873642828], [-110.96627299695432, 32.22501133063973], [-110.9662755229011, 32.225013889171855], [-110.96627810124191, 32.225016408417574], [-110.96628073089714, 32.22501889017252], [-110.96628341083415, 32.22502133172336], [-110.9662861410435, 32.225023733971874], [-110.96628891942233, 32.22502609509859], [-110.96629174597997, 32.225028414201795], [-110.96629461965564, 32.22503069127342], [-110.96629754045871, 32.225032925411774], [-110.96630050627687, 32.22503511569917], [-110.9663035160493, 32.225037262127564], [-110.96630656979474, 32.22503936289346], [-110.966309666443, 32.22504141889065], [-110.966312804952, 32.225043428307664], [-110.96631598427027, 32.2250453902347], [-110.9663192033276, 32.22504730556562], [-110.96632246108193, 32.225049172488845], [-110.96632575647239, 32.22505099099649], [-110.96632908845693, 32.22505275927699], [-110.96633245701678, 32.225054479133924], [-110.96633585899757, 32.22505614783801], [-110.96633889850902, 32.22505757753856], [-110.96633924687745, 32.22505774429001], [-110.9663409041336, 32.2250584484504], [-110.96643294325209, 32.22510096167322], [-110.96643336556048, 32.22510115964233], [-110.96643498595157, 32.22510183827326], [-110.96643830765892, 32.2251033710974], [-110.96643850984792, 32.22510351600762], [-110.96642598876402, 32.22510362748717], [-110.96642146712698, 32.22510362685966], [-110.96641717803855, 32.225103606336575], [-110.96641695208953, 32.22510360373596], [-110.96641266374178, 32.22510341006795], [-110.96640826728245, 32.2251032065687], [-110.96640387573268, 32.225102939076656], [-110.9663994901721, 32.22510260579629], [-110.96639511166151, 32.22510220673559], [-110.96639074230389, 32.22510174371398], [-110.9663863535035, 32.22510121200735], [-110.96638473039278, 32.225100998696924], [-110.96638443587402, 32.225100958605914], [-110.96638097180505, 32.225100464513844], [-110.9663775527792, 32.225099923865486], [-110.96637414593872, 32.22509933370827], [-110.9663707513023, 32.22509869223875], [-110.96636736992147, 32.225098000366565], [-110.96636400390851, 32.22509725900953], [-110.96636065433363, 32.2250964672738], [-110.9663573201266, 32.22509562605316], [-110.9663540044606, 32.225094736273334], [-110.96635070734499, 32.22509379703252], [-110.96634742984061, 32.22509280833873], [-110.96634417298955, 32.225091772003424], [-110.96634093892285, 32.22509068714082], [-110.96633772657033, 32.2250895546447], [-110.96633453805362, 32.22508837453102], [-110.96633137442421, 32.225087147709495], [-110.96632823675232, 32.22508587328638], [-110.96632512608004, 32.225084553073124], [-110.96632201494755, 32.22508317513955], [-110.96632101666019, 32.225082763615866], [-110.96632061247084, 32.22508255766615], [-110.96632016489036, 32.22508234147013], [-110.96631979420677, 32.225082178158104], [-110.96631903469275, 32.22508186221954], [-110.96631817000522, 32.22508145801315], [-110.96631672960069, 32.22508071309724], [-110.96631371710708, 32.22507923580263], [-110.96631073584709, 32.22507771365153], [-110.9663077868721, 32.225076147553736], [-110.96630487017276, 32.225074538410944], [-110.96630198680991, 32.22507288623119], [-110.96629913784437, 32.22507119102244], [-110.96629632431824, 32.22506945459617], [-110.96629354624089, 32.225067676050614], [-110.96629080572461, 32.2250658563035], [-110.96628810275064, 32.22506399715833], [-110.9662854383892, 32.22506209772132], [-110.96628281369175, 32.22506015890225], [-110.9662802286489, 32.22505818160283], [-110.96627768538231, 32.22505616583905], [-110.9662751828124, 32.2250541134064], [-110.96627272413106, 32.22505202342708], [-110.96627030719783, 32.22504989768867], [-110.96626793519525, 32.2250477362151], [-110.96626560811389, 32.22504553990808], [-110.96626332594442, 32.2250433096694], [-110.96626109080847, 32.22504104551503], [-110.96625890162647, 32.22503874924047], [-110.96625675946859, 32.22503641995199], [-110.96625466643778, 32.225034059469], [-110.9662526214638, 32.22503166868534], [-110.96625062666831, 32.22502924761691], [-110.96624868097173, 32.22502679805925], [-110.9662467865051, 32.22502431912659], [-110.96624494324963, 32.22502181262246], [-110.96624315225678, 32.225019279456546], [-110.96624141246575, 32.22501671962086], [-110.96623972597938, 32.22501413493496], [-110.96623809279771, 32.225011525398735], [-110.96623651291132, 32.225008891913994], [-110.96623498843255, 32.225006235398446], [-110.9662335182911, 32.22500355674589], [-110.96623210247763, 32.22500085685803], [-110.96623074311381, 32.22499813575088], [-110.96622944018084, 32.22499539522791], [-110.96622819260851, 32.22499263618293], [-110.96622700357933, 32.22498985863981], [-110.96622586989201, 32.22498706437821], [-110.96622479472904, 32.22498425342201], [-110.96622377702023, 32.22498142666502], [-110.96622281781701, 32.22497858501695], [-110.96622191710058, 32.22497573028129], [-110.96622107487096, 32.224972862458095], [-110.9662202921796, 32.22496998245707], [-110.96621956901708, 32.224967091179956], [-110.96621890431324, 32.224964189520534], [-110.96621830017091, 32.22496127929834], [-110.96621775146421, 32.22495834334002], [-110.96621742366844, 32.22495640375559], [-110.96621737565758, 32.22495612382891], [-110.96619102441265, 32.22479374962998], [-110.96616539957502, 32.22479675479625], [-110.9661916145144, 32.2249578482857], [-110.96619180874656, 32.224959471227116], [-110.96619185675733, 32.224959751153804], [-110.96619217456363, 32.224961631142754], [-110.9661927865077, 32.22496491297555], [-110.966193470523, 32.22496820166312], [-110.96619422042278, 32.22497148002419], [-110.9661950383475, 32.2249747462713], [-110.96619592323633, 32.22497800039641], [-110.96619687404723, 32.22498124058811], [-110.96619789184103, 32.22498446685429], [-110.96619897558506, 32.22498767648173], [-110.96620012526994, 32.224990870372224], [-110.96620133986299, 32.224994045812466], [-110.96620262041567, 32.224997203712256], [-110.96620396483448, 32.22500034135032], [-110.96620537417083, 32.225003459636405], [-110.96620684633127, 32.225006555849305], [-110.966208382386, 32.22500962909525], [-110.96620998126481, 32.225012680267966], [-110.96621164193502, 32.22501570665423], [-110.96621336545743, 32.22501870826205], [-110.96621514972922, 32.22502168327191], [-110.96621699475034, 32.225024631683894], [-110.96621890053021, 32.22502755259613], [-110.96622086602673, 32.225030444197195], [-110.9662228901791, 32.22503330647912], [-110.96622497299668, 32.225036138540126], [-110.96622711343744, 32.22503893856872], [-110.96622931150135, 32.22504170656493], [-110.96623156506676, 32.22504444251274], [-110.96623387522268, 32.225047143714896], [-110.96623624090823, 32.22504981016345], [-110.96623866000178, 32.225052441842394], [-110.9662411335829, 32.225055036956206], [-110.96624365953934, 32.2250575945872], [-110.96624623787108, 32.225060114735335], [-110.96624886753605, 32.225062595589165], [-110.96625154746404, 32.22506503804243], [-110.9662542776832, 32.22506743938986], [-110.96625705606247, 32.22506980051729], [-110.96625988262063, 32.22507211962116], [-110.96626275629684, 32.225074396693536], [-110.96626567710045, 32.225076630832646], [-110.96626864290985, 32.225078822022496], [-110.96627165269228, 32.2250809675499], [-110.96627470642903, 32.22508306921832], [-110.96627780308741, 32.225085124314575], [-110.96628094159715, 32.22508713373235], [-110.96628412091621, 32.22508909566021], [-110.96628733997439, 32.22509101099194], [-110.96629059666873, 32.22509287790804], [-110.96629389312093, 32.22509469642446], [-110.96629722509702, 32.225096465607585], [-110.96630059366723, 32.22509818456359], [-110.96630399563963, 32.2250998541703], [-110.96630705879073, 32.22510125519098], [-110.96630741448188, 32.225101431917665], [-110.96630783034051, 32.22510163795515], [-110.96630834460366, 32.22510186908183], [-110.96630904288952, 32.2251021557017], [-110.96630994785149, 32.225102563818275], [-110.9663132695567, 32.225104096645666], [-110.96631347051573, 32.22510425777967], [-110.96595389737249, 32.22510635759395], [-110.9659591256569, 32.225104108992014], [-110.96595960959576, 32.225103889881524], [-110.96596047429067, 32.22510347793907], [-110.96596105021254, 32.22510318737451], [-110.9659777414399, 32.225094241470174], [-110.96597883464631, 32.22509358595014], [-110.96599435027326, 32.2250832225508], [-110.9659953574482, 32.22508247439743], [-110.9660095308198, 32.22507080407626], [-110.96601044233131, 32.22506997133353], [-110.96602312149447, 32.225057119203605], [-110.96602392663088, 32.225056211711035], [-110.96603497648417, 32.225042314735816], [-110.96603566773517, 32.225041340553396], [-110.96604496896789, 32.22502654753885], [-110.96604553772481, 32.22502551832559], [-110.96605299214009, 32.225009988156565], [-110.96605322895915, 32.22500945605751], [-110.96606885039664, 32.22497139389982], [-110.966044424928, 32.224964150707656], [-110.96602903289383, 32.22500167890389], [-110.96602879608405, 32.22500221010111], [-110.96602183961865, 32.22501668437005], [-110.96601316947648, 32.22503047298785], [-110.96600286996987, 32.225043425983635], [-110.96599105180083, 32.225055406210515], [-110.96597784044825, 32.22506628384727], [-110.965963378205, 32.22507594453033], [-110.96594782311723, 32.225084289345446], [-110.96594734742105, 32.22508453196537], [-110.96594696052537, 32.22508470310727], [-110.96593186932964, 32.22509118733832], [-110.96591618810882, 32.22509656509945], [-110.96590002765988, 32.22510079213275], [-110.96588349116628, 32.22510384215945], [-110.96586286518097, 32.225106144469265], [-110.96584208237938, 32.22510700087293], [-110.96584154861851, 32.225107012188516], [-110.96582968256928, 32.225107080740024], [-110.96582914897743, 32.22510707582397], [-110.96580835498646, 32.225106459458324], [-110.96578769382756, 32.22510439575822], [-110.96577111063304, 32.22510153756575], [-110.9657548834885, 32.22509749705236], [-110.96573911713573, 32.22509230206093], [-110.96572392361081, 32.22508599311492], [-110.96572343569181, 32.22508577931877], [-110.96571900955439, 32.22508373945736], [-110.96571844800594, 32.22508346468493], [-110.96570156655655, 32.22507471081553], [-110.96568579654215, 32.22506457018379], [-110.96567130035542, 32.22505313780182], [-110.96565822426014, 32.22504052930229], [-110.9656466984947, 32.22502687101923], [-110.96563684044506, 32.22501230091368], [-110.965628747266, 32.22499696400897], [-110.96562250114766, 32.224981016037766], [-110.96561815771217, 32.22496461704179], [-110.96561804595034, 32.22496414274287], [-110.96561799392335, 32.22496384114201], [-110.96561529987639, 32.22494625242475], [-110.96561428835433, 32.22492816322969], [-110.96560995799335, 32.22431901211317], [-110.96560759435926, 32.2239863734105], [-110.96560710545752, 32.22391779227159], [-110.96560710600274, 32.22391753615747], [-110.96560787019293, 32.223879808657706], [-110.96560789462147, 32.223879296605034], [-110.96561071460901, 32.22384189750724], [-110.96561076661891, 32.223841385662126], [-110.96561563786747, 32.22380413907619], [-110.96561571848196, 32.223803631053606], [-110.96562262847486, 32.22376661804932], [-110.96562273769389, 32.22376611384926], [-110.96563173911348, 32.22372916527959], [-110.96563180432176, 32.22372891416113], [-110.96599783009914, 32.22238455955632], [-110.96599795324572, 32.22238414383936], [-110.9660056719033, 32.222360124969285], [-110.96601556672026, 32.22233669061568], [-110.9660275831625, 32.22231398375805], [-110.96604164657852, 32.22229214361724], [-110.96605767178406, 32.22227130212017], [-110.96607556196386, 32.22225158749895], [-110.96609520658764, 32.222233120667916], [-110.9661164867516, 32.22221601165657], [-110.96613927297243, 32.222200367709384], [-110.96616342529987, 32.222186282464705], [-110.96618879541953, 32.222173837774385], [-110.96618923677866, 32.2221736309681], [-110.96628316645184, 32.22213164035636], [-110.96628366408004, 32.222131429463694], [-110.96630325554905, 32.22212357036811], [-110.96632356602183, 32.222117165006516], [-110.96634444751281, 32.222112263669985], [-110.9663657479247, 32.22210890399322], [-110.96638730792235, 32.22210710552009], [-110.96638786102278, 32.22210706909628], [-110.96661509905945, 32.2220965115927], [-110.96688050073098, 32.22208417708316], [-110.96691597373392, 32.222082528156776], [-110.96691708609275, 32.22208247519096], [-110.96692099334533, 32.222082270075575], [-110.9687695043164, 32.221996361080826], [-110.96884146208015, 32.22199287855585], [-110.96912310899164, 32.22197661555848], [-110.9700659114347, 32.22191514016857], [-110.97017476372874, 32.221908355641894], [-110.97028366786876, 32.221902197276385], [-110.97101766745762, 32.22186280159124], [-110.97112155350682, 32.22185684935387], [-110.97133550687121, 32.221842222247545], [-110.97154915566801, 32.22182441987786], [-110.97176235120429, 32.221803456465565], [-110.97276553545824, 32.22169725694537], [-110.97288337229783, 32.22168396917543], [-110.97301195790342, 32.221667606054275], [-110.97314019183216, 32.22164933822566], [-110.97326792958391, 32.221629186255846], [-110.9734091535021, 32.2216067449599], [-110.97355065052686, 32.221586101980364], [-110.97369249185164, 32.221567247025654], [-110.973834647745, 32.22155018348029], [-110.97397708528392, 32.221534915606895], [-110.97411976836304, 32.22152144764451], [-110.97424349377106, 32.221511447281856], [-110.97436739192999, 32.221503209351944], [-110.97449143524764, 32.22149673545236], [-110.97461563539999, 32.221492025669725], [-110.97479969814142, 32.221486356804505], [-110.97483765540306, 32.2214848089331], [-110.9748379579072, 32.22148479405245], [-110.97487586357344, 32.22148248825111], [-110.97584327695839, 32.22141396185787], [-110.97584414221437, 32.22141389975942], [-110.97584892652482, 32.22141351241389], [-110.97585374874333, 32.221413049596904], [-110.97585856214842, 32.221412515469865], [-110.97586336248757, 32.221411910902944], [-110.97586814977934, 32.22141123409264], [-110.97587292294433, 32.22141048683454], [-110.97587767986099, 32.22140966911285], [-110.97588241946845, 32.221408780919745], [-110.97588713964514, 32.22140782223935], [-110.97589184038176, 32.22140679397348], [-110.97589651849587, 32.221405696098444], [-110.97590117292673, 32.22140452860633], [-110.97590580366497, 32.2214032923989], [-110.97591040752823, 32.221401987452495], [-110.97591498450723, 32.22140061466882], [-110.97591953247102, 32.22139917493393], [-110.97592404930734, 32.2213976673302], [-110.97592853606767, 32.22139609276733], [-110.9759329884995, 32.2213944521155], [-110.97593740766365, 32.22139274538256], [-110.97594179036842, 32.22139097344663], [-110.97594613555302, 32.22138913629984], [-110.97595044319885, 32.22138723574565], [-110.9759547111936, 32.22138527086656], [-110.9759589373971, 32.22138324345026], [-110.97596312287014, 32.22138115350468], [-110.97596726336025, 32.221379001900004], [-110.97597135991889, 32.22137678954588], [-110.9759754093637, 32.22137451641862], [-110.97597941274618, 32.22137218342789], [-110.97598336687466, 32.22136979145175], [-110.97598727173984, 32.221367341391975], [-110.97599112522009, 32.2213648332328], [-110.97599492623607, 32.22136226876981], [-110.97599867478779, 32.22135964800304], [-110.97600236873505, 32.2213569727202], [-110.97600600808714, 32.221354242019544], [-110.9760095896338, 32.22135145858268], [-110.97601311337506, 32.221348622409614], [-110.97601657931088, 32.2213457335003], [-110.97601998529184, 32.22134279454429], [-110.97602332920562, 32.221339804624], [-110.97602661208514, 32.22133676645264], [-110.97602983287892, 32.22133367912052], [-110.97603298837667, 32.22133054530924], [-110.97603607963924, 32.221327365026724], [-110.97603910559653, 32.22132413916684], [-110.97604206411764, 32.22132086861555], [-110.976044955184, 32.22131755517638], [-110.97604777879565, 32.221314198849285], [-110.97605053174232, 32.22131080231593], [-110.97605321510338, 32.22130736378067], [-110.9760558277809, 32.22130388684266], [-110.9760583676533, 32.22130037148607], [-110.97606083576278, 32.22129681952235], [-110.97606323104858, 32.22129323094361], [-110.97606555137052, 32.22128960753758], [-110.97606779671933, 32.221285950206024], [-110.97606996708576, 32.22128225985066], [-110.97607206139038, 32.22127853826721], [-110.97607407962397, 32.221274786357284], [-110.97607601965562, 32.221271005007004], [-110.97607788253688, 32.22126719512595], [-110.97607966612756, 32.22126335850189], [-110.9760813704277, 32.22125949513479], [-110.97608299647023, 32.22125560773781], [-110.97608454106349, 32.22125169718907], [-110.97608600632908, 32.22124776350436], [-110.97608739011756, 32.22124380937313], [-110.97608869242892, 32.221239834795426], [-110.97608991218382, 32.221235841566816], [-110.97609105042451, 32.221231831498756], [-110.97609210609018, 32.22122780458334], [-110.97609307916227, 32.2212237626241], [-110.97609396962226, 32.22121970742452], [-110.9760947753485, 32.22121563896883], [-110.97609549844407, 32.22121155907636], [-110.97609613782959, 32.221207469542684], [-110.97609669244429, 32.22120337035998], [-110.9760971633211, 32.22119926424132], [-110.97609754938998, 32.221195152080625], [-110.97609785170242, 32.221191034787566], [-110.97609806812758, 32.221186913248076], [-110.97609820077776, 32.221182788379714], [-110.97609824855503, 32.2211786637816], [-110.97609821253879, 32.221174537658136], [-110.9760980905703, 32.22117041360057], [-110.97609788477116, 32.22116629162465], [-110.97609759300124, 32.22116217351815], [-110.97609721843362, 32.22115806020647], [-110.97609675893747, 32.221153952575605], [-110.9760962144849, 32.221149853330814], [-110.97609558613676, 32.22114576247996], [-110.97609487493528, 32.221141681834524], [-110.97609407875885, 32.22113761137869], [-110.97609319970121, 32.22113355383346], [-110.97609223775314, 32.221129510100646], [-110.97609119289602, 32.221125481983734], [-110.97609006513919, 32.22112146858099], [-110.97608885550629, 32.221117473507306], [-110.97608756399732, 32.22111349676272], [-110.97608620710214, 32.221109585364864], [-110.97594104059091, 32.220704308281015], [-110.97594095098623, 32.22070404698631], [-110.9759283360228, 32.22066543429121], [-110.97592818021594, 32.22066490556319], [-110.9759179088658, 32.22062607312899], [-110.97591778387765, 32.22062553921938], [-110.97590978888614, 32.22058632151187], [-110.97590969577746, 32.22058578242853], [-110.97590399841523, 32.22054627700369], [-110.97590393610662, 32.220545734542256], [-110.9759005491764, 32.22050603708918], [-110.97590051871, 32.22050549306112], [-110.9758994518136, 32.220465701048724], [-110.9758994531801, 32.220465156355736], [-110.97590070741437, 32.220425368993105], [-110.97590074060444, 32.220424824536984], [-110.97590434427842, 32.220384867982204], [-110.97590437253278, 32.22038459674273], [-110.97590580491651, 32.22037262754139], [-110.9760088741055, 32.21965855463657], [-110.97600895428663, 32.21965808267615], [-110.97601887750866, 32.21960760824312], [-110.97601895103932, 32.219607266998054], [-110.97603076833367, 32.21955695455819], [-110.97603085456569, 32.2195566161131], [-110.97604453224888, 32.219506645780505], [-110.97604463119154, 32.219506309233644], [-110.97606015495987, 32.21945673050171], [-110.97606026660387, 32.219456396754836], [-110.97607762110232, 32.219407258207234], [-110.97607774437756, 32.21940692815418], [-110.9760970133072, 32.21935803381475], [-110.97613580646309, 32.219264499137246], [-110.97616311319489, 32.21920192255889], [-110.97616326620827, 32.219201589119706], [-110.97619284197086, 32.21914005208798], [-110.97619300766688, 32.219139723252226], [-110.97622492546869, 32.21907903782691], [-110.97622510384731, 32.21907871359464], [-110.97625933118388, 32.219018945365455], [-110.97625952224506, 32.219018625736595], [-110.97629602239698, 32.21895983755639], [-110.97629622507068, 32.218959523424815], [-110.97633496026741, 32.2189017772366], [-110.97633517455358, 32.21890146860231], [-110.97637610278188, 32.218844826317536], [-110.976376328662, 32.21884452498404], [-110.97641940686678, 32.21878904670269], [-110.97641964435935, 32.21878875086646], [-110.97646482526146, 32.21873449485339], [-110.97646507434791, 32.21873420631792], [-110.97651231172, 32.218681231747645], [-110.97651257240963, 32.21868094961116], [-110.9765618147674, 32.2186293111099], [-110.97656208598085, 32.218629037168014], [-110.97661328183108, 32.21857879026373], [-110.97661356357763, 32.21857852361466], [-110.97666665826385, 32.21852972200812], [-110.97666694948276, 32.21852946264401], [-110.97672211203414, 32.21848196870844], [-110.97709405978982, 32.218171970494645], [-110.97771962923953, 32.21765058133891], [-110.97771990952069, 32.217650353454935], [-110.97774143562387, 32.21763346250572], [-110.97776411283175, 32.217617696564496], [-110.97778786095783, 32.21760311635938], [-110.97781259461398, 32.21758977265968], [-110.97783822527636, 32.21757771170241], [-110.97783856740008, 32.21757755642365], [-110.97798208819506, 32.21751474045723], [-110.97798238759168, 32.21751461371925], [-110.97808914153974, 32.21747082459748], [-110.97822726733105, 32.21741320429755], [-110.9782765062731, 32.217393751283154], [-110.9782770099724, 32.21739356383504], [-110.97832679868631, 32.21737604569384], [-110.9783273106862, 32.21737587634368], [-110.97837792940285, 32.217360173408494], [-110.97837844969405, 32.217360023058035], [-110.97842980901666, 32.217346163522805], [-110.97843033548699, 32.21734603125457], [-110.97848274051148, 32.21733395335316], [-110.97850259462813, 32.21732975840961], [-110.97852069454966, 32.217325935524165], [-110.9785387890456, 32.21732212431958], [-110.97855688122414, 32.21731833203355], [-110.97857497522642, 32.217314568616935], [-110.97859307095986, 32.21731084308728], [-110.97861117257489, 32.21730716449367], [-110.97862928209118, 32.2173035427712], [-110.97864740154695, 32.217299986051394], [-110.97866553297112, 32.21729650336769], [-110.97868367839268, 32.21729310375327], [-110.97870183982205, 32.21728979804505], [-110.97872001824597, 32.21728659346492], [-110.9787381423535, 32.217283512931346], [-110.97881184376432, 32.21727223500846], [-110.97881224002599, 32.217272179329704], [-110.97888604403667, 32.21726289245717], [-110.97888644230868, 32.217262847614975], [-110.9789605508554, 32.21725551541389], [-110.97896095113776, 32.21725548140832], [-110.97903556800038, 32.21725009456781], [-110.97905401049411, 32.21724906620358], [-110.97907254523219, 32.21724814583824], [-110.9790910927139, 32.2172473274712], [-110.97910965409261, 32.21724660209272], [-110.97912822733944, 32.21724596066946], [-110.97914681149551, 32.217245393274204], [-110.97916540664409, 32.217244891791125], [-110.9791840097048, 32.2172444462773], [-110.97920262396171, 32.21724404683691], [-110.97922124526438, 32.217243684420964], [-110.97923987581764, 32.21724335092934], [-110.979258513611, 32.21724303552523], [-110.97927715979777, 32.21724272919888], [-110.979897695012, 32.21723259166889], [-110.97991184357595, 32.217232359235624], [-110.97992599965758, 32.21723211783818], [-110.97994016547086, 32.21723185847476], [-110.97995434004748, 32.21723157211983], [-110.97996852346144, 32.21723125155938], [-110.97998271476285, 32.21723088596442], [-110.97999691297424, 32.21723046721124], [-110.980011153202, 32.21722998563988], [-110.98005219804517, 32.21722820384129], [-110.98009460876214, 32.21722574405502], [-110.98010881680865, 32.2172247797566], [-110.98012297240902, 32.217223757351064], [-110.98013711369482, 32.21722268253188], [-110.98015124056431, 32.21722156521843], [-110.98016535400426, 32.21722041263264], [-110.98017945496447, 32.21721923560346], [-110.9801935454925, 32.21721804136072], [-110.98020764141638, 32.21721683813808], [-110.9802217267232, 32.21721563573706], [-110.98023578858225, 32.217214443982705], [-110.98024984283086, 32.217213270206905], [-110.98026389043736, 32.21721212343518], [-110.9802779334308, 32.21721101270082], [-110.98029197066728, 32.217209946111765], [-110.9803060052459, 32.2172089318075], [-110.98031999991102, 32.21720798213752], [-110.98036133753908, 32.21720557834254], [-110.98040271778625, 32.217203777270356], [-110.98041674576645, 32.21720330309943], [-110.98043082194033, 32.217202887902694], [-110.98044490924636, 32.21720252509282], [-110.98045900670702, 32.21720220654611], [-110.98047311549395, 32.21720192144936], [-110.98048723461108, 32.21720166348231], [-110.9805013631086, 32.217201421816085], [-110.98051550106042, 32.217201189236576], [-110.98071765710294, 32.21719788487696], [-110.98073150748938, 32.21719766006416], [-110.98074534824589, 32.217197443294985], [-110.98075918141083, 32.21719724270096], [-110.98077300584954, 32.21719706548836], [-110.9807868225212, 32.21719692158436], [-110.98080063030959, 32.217196816391606], [-110.98081443017391, 32.217196759837385], [-110.98082822097952, 32.2171967591279], [-110.98084200264329, 32.21719682237897], [-110.98085577509136, 32.2171969568047], [-110.98086953717987, 32.217197170513025], [-110.9808832888165, 32.21719747252156], [-110.98089702781512, 32.21719786912695], [-110.98091049536195, 32.21719835751139], [-110.98091081451845, 32.21719837249962], [-110.98096832543341, 32.21720167685522], [-110.98096884271932, 32.21720171585556], [-110.9810259518106, 32.21720696605968], [-110.98102646785111, 32.2172070230871], [-110.98108328225806, 32.21721421993331], [-110.98108379494094, 32.21721429407037], [-110.98114022354419, 32.21722342696461], [-110.98114073180872, 32.217223518203454], [-110.98119668354416, 32.21723457114131], [-110.98119718739035, 32.21723467948197], [-110.98125257121217, 32.21724763465563], [-110.98125306957009, 32.217247760992], [-110.98130798591126, 32.21726265251303], [-110.98130828949739, 32.21726273772757], [-110.98132102561377, 32.21726648978067], [-110.98133397532797, 32.21727041295656], [-110.98134689440055, 32.217274427890814], [-110.9813597871484, 32.217278527400744], [-110.98137265364544, 32.21728270427232], [-110.9813854992785, 32.21728695042891], [-110.98139832517303, 32.21729125956608], [-110.98141113460362, 32.21729562268984], [-110.98142393188711, 32.21730003261745], [-110.98143671920968, 32.21730448305228], [-110.98144949983669, 32.21730896590211], [-110.98146227915497, 32.21731347309032], [-110.98147505828065, 32.217317999214174], [-110.98148784155836, 32.21732253438578], [-110.98258471658144, 32.21771180909673], [-110.98259750948169, 32.21771634783544], [-110.98261031303687, 32.21772088214249], [-110.98262313263382, 32.21772540394119], [-110.98263597046775, 32.21772990603313], [-110.98264883190701, 32.21773438214522], [-110.98266171810455, 32.217738823267666], [-110.9826746344379, 32.21774322222557], [-110.98268758310232, 32.21774757182057], [-110.98270056842377, 32.21775186396811], [-110.98271359153676, 32.21775609146195], [-110.98272665676728, 32.21776024621763], [-110.98273976631978, 32.217764320134975], [-110.98275292345949, 32.21776830512161], [-110.98276614201309, 32.21777219767236], [-110.98278545482262, 32.21777767195999], [-110.98280987187758, 32.21778423368087], [-110.98283443158263, 32.21779043571986], [-110.98285911383846, 32.21779627251748], [-110.98288391336865, 32.21780174132917], [-110.98290882062614, 32.21780684208428], [-110.98293382820371, 32.21781157292445], [-110.98295892976424, 32.217815931097284], [-110.98298411682134, 32.21781991654006], [-110.98300938195864, 32.21782352829612], [-110.98303471777818, 32.21782676360527], [-110.98306011578437, 32.21782962330656], [-110.98308556857003, 32.217832105541575], [-110.98311106871876, 32.217834209353704], [-110.98313660774417, 32.217835934680224], [-110.98316217822988, 32.217837280564495], [-110.98318777274102, 32.21783824785344], [-110.9832133838704, 32.21783883468871], [-110.9832390020709, 32.21783904099974], [-110.98326462096841, 32.21783886764129], [-110.98329023313731, 32.21783831455858], [-110.98331582903967, 32.2178373807793], [-110.98334140229218, 32.217836068060016], [-110.98336694441768, 32.21783437543629], [-110.98339242142553, 32.217832307166326], [-110.98340634007008, 32.21783101750694], [-110.98342021095118, 32.21782962648871], [-110.9834340594717, 32.217828139710114], [-110.98344788553949, 32.217826566188776], [-110.98346169013236, 32.2178249140484], [-110.98347547317658, 32.217823190503026], [-110.9834892367015, 32.21782140458593], [-110.98350298168496, 32.217819564420815], [-110.98351670911403, 32.21781767722958], [-110.9835304199573, 32.217815752037616], [-110.98354411520184, 32.217813796066906], [-110.98355779794699, 32.21781181745671], [-110.9835714691614, 32.217809825232514], [-110.98358512984137, 32.217807825714466], [-110.9837141234032, 32.21778893130712], [-110.98373093993024, 32.21779691755526], [-110.98374797770657, 32.21780713114473], [-110.98376366607906, 32.21781880114483], [-110.98377783447589, 32.217831801845016], [-110.98379032629892, 32.21784598960134], [-110.9838010062754, 32.217861210105276], [-110.98380975730332, 32.21787729565494], [-110.98381649102221, 32.21789406884046], [-110.98381669228073, 32.21789461773506], [-110.98403389978942, 32.2185462641599], [-110.98403683326669, 32.218555073211455], [-110.98403975304657, 32.218563873143616], [-110.98404264529312, 32.21857266836338], [-110.98404549939859, 32.218581458792556], [-110.98404830258777, 32.218590248846006], [-110.98405104636528, 32.21859903936284], [-110.98405371690428, 32.21860783384842], [-110.98405630251796, 32.218616634020144], [-110.9840587936409, 32.218625441611124], [-110.9840611775347, 32.218634257429166], [-110.98406344356401, 32.21864308410136], [-110.98406551704541, 32.21865165143019], [-110.98406559312303, 32.21865199288231], [-110.98407234364129, 32.21868521100299], [-110.98407243777456, 32.21868575820502], [-110.9840771786121, 32.21871901921515], [-110.98407723982476, 32.2187195697816], [-110.98408000478791, 32.21875299116836], [-110.98408003414993, 32.21875354420529], [-110.9840808145775, 32.21878724674976], [-110.98408081632776, 32.21878759486813], [-110.98408069203181, 32.218796340776535], [-110.98408043539433, 32.21880537248971], [-110.9840800619708, 32.21881441326134], [-110.98407958025658, 32.218823462252274], [-110.98407900404162, 32.218832519564295], [-110.98407834394281, 32.218841584373834], [-110.9840776116102, 32.21885065857053], [-110.98407681873066, 32.218859740436955], [-110.98407597695422, 32.218868831862714], [-110.98407509901008, 32.21887793294174], [-110.9840741954968, 32.218887044654004], [-110.9840732791436, 32.218896167093426], [-110.98394459485667, 32.22017458247645], [-110.98394413548041, 32.220179155860485], [-110.98394368231227, 32.220183744621366], [-110.98394324383857, 32.22018834882173], [-110.98394282534477, 32.22019297030428], [-110.98394243743878, 32.22019760914722], [-110.98394208542453, 32.22020226538974], [-110.98394177883986, 32.220206940004005], [-110.98394152618951, 32.220211631249185], [-110.98394133488057, 32.22021634098351], [-110.98394121235695, 32.220221067458326], [-110.98394116817497, 32.22022580984227], [-110.98394120976015, 32.22023056819017], [-110.98394134667795, 32.220235340768944], [-110.98394158637238, 32.220240125829875], [-110.98394193735732, 32.220244920730266], [-110.98394239559036, 32.22024960188999], [-110.98394242278779, 32.22024984738771], [-110.98394299157104, 32.22025440310739], [-110.98394302710746, 32.22025466309589], [-110.98394374028851, 32.22025931096561], [-110.98394421062457, 32.220261975728704], [-110.98394485479355, 32.22026527846464], [-110.98394557003527, 32.220268581725016], [-110.98394635223552, 32.22027187285389], [-110.98394720138512, 32.22027515275301], [-110.98394811857247, 32.22027841872495], [-110.98394910273677, 32.22028167076189], [-110.98395015282648, 32.22028490795418], [-110.98395126991159, 32.22028812940796], [-110.98395245188894, 32.220291333304026], [-110.98395370088012, 32.220294519658005], [-110.98395501372119, 32.22029768664293], [-110.98395639254292, 32.220300833372676], [-110.98395783522378, 32.22030395983158], [-110.98395934179136, 32.22030706331437], [-110.98396091223648, 32.22031014472286], [-110.98396254550758, 32.220313203147384], [-110.98396424057145, 32.22031623587483], [-110.98396599848894, 32.220319242913085], [-110.98396781820844, 32.2203222233525], [-110.98396969760839, 32.22032517717744], [-110.983971638838, 32.22032810169832], [-110.98397363870568, 32.22033099779335], [-110.98397569829066, 32.22033386366686], [-110.98397781548057, 32.22033669840145], [-110.98397999134541, 32.22033950110315], [-110.9839822248336, 32.2203422708624], [-110.98398451382356, 32.22034500766354], [-110.98398685939452, 32.220347709710865], [-110.98398926048566, 32.22035037699656], [-110.98399171499385, 32.220353007701426], [-110.98399422397988, 32.22035560183331], [-110.98399678533137, 32.220358158474774], [-110.98399939799674, 32.22036067671625], [-110.98400206304599, 32.220363155663776], [-110.98400477836677, 32.22036559439993], [-110.98400754289825, 32.22036799291695], [-110.98401035665889, 32.22037034941126], [-110.98401321857868, 32.220372664776754], [-110.98401612762444, 32.2203749363004], [-110.98401908272619, 32.22037716487607], [-110.98402208283234, 32.220379349594204], [-110.98402512795211, 32.220381489553034], [-110.9840282159823, 32.220383582933394], [-110.98403134584376, 32.22038563153094], [-110.98403451862485, 32.22038763264823], [-110.98403675087107, 32.220388965786455], [-110.98403773436245, 32.22038958267826], [-110.98403859076906, 32.22039007418021], [-110.98404098339891, 32.220391492371654], [-110.98404427541028, 32.22039334917425], [-110.98404760398577, 32.220395157547856], [-110.98405096914378, 32.22039691568894], [-110.98405436981432, 32.22039862449146], [-110.984057804955, 32.220400282144084], [-110.98406127456585, 32.22040188864675], [-110.98406477547368, 32.22040344307428], [-110.98406830873928, 32.22040494543446], [-110.98407187224107, 32.22040639571164], [-110.9840754638759, 32.220407792086625], [-110.98407908469531, 32.22040913546903], [-110.98408273258694, 32.220410424941456], [-110.98408640543843, 32.22041165958646], [-110.98409010430134, 32.2204128403136], [-110.98409382601173, 32.220413965295926], [-110.98409757056037, 32.22041503543516], [-110.98410133583488, 32.2204160498139], [-110.98410512184446, 32.22041700753041], [-110.98410892751915, 32.2204179094786], [-110.98411275074652, 32.22041875474103], [-110.98411659046579, 32.22041954330989], [-110.98412044562536, 32.220420274275625], [-110.98412431515527, 32.22042094853211], [-110.9841281990647, 32.22042156517765], [-110.98413209418045, 32.22042212328693], [-110.98413600048416, 32.22042262466354], [-110.98413993919154, 32.22042306946396], [-110.9841454312731, 32.22042359245951], [-110.98414573760168, 32.220423618166954], [-110.98415110576228, 32.220424017599484], [-110.98415139519189, 32.22042403596762], [-110.98415690861404, 32.22042433907423], [-110.98416255558305, 32.220424550277606], [-110.98416818761608, 32.22042466577684], [-110.98417380356027, 32.22042469458171], [-110.9841794001688, 32.22042464298105], [-110.9841849784288, 32.22042451819676], [-110.98419053508424, 32.22042432741946], [-110.98419607006147, 32.22042407786323], [-110.9842015843476, 32.220423776749925], [-110.98420707575664, 32.220423430376265], [-110.98421254633651, 32.22042304597196], [-110.98421799495273, 32.22042263074327], [-110.98422342261091, 32.22042219010859], [-110.98422883028893, 32.22042173219153], [-110.9842342179224, 32.220421263304466], [-110.98423958863843, 32.2204207888814], [-110.98504984016185, 32.220349082594794], [-110.98505521088866, 32.2203486063334], [-110.98506059761004, 32.220348122073204], [-110.98506599932956, 32.22034762349407], [-110.98507141824234, 32.22034710339758], [-110.98507685016044, 32.220346556341894], [-110.98508229622739, 32.22034597421894], [-110.98508775437679, 32.2203453516026], [-110.98509322256986, 32.22034468036135], [-110.98509869979176, 32.220343955978585], [-110.98510418401288, 32.220343169421085], [-110.98510967211521, 32.22034231435305], [-110.98511516203233, 32.22034138534828], [-110.98512064960386, 32.22034037425974], [-110.98512613277258, 32.220339274759354], [-110.98513160736891, 32.22033807960187], [-110.98513692988296, 32.22033681748997], [-110.9851372085359, 32.22033674829918], [-110.98514236413502, 32.22033541731989], [-110.98514265880094, 32.22033533832697], [-110.98514789431442, 32.22033386905495], [-110.98515089615884, 32.220332973116804], [-110.9851545902558, 32.22033181353554], [-110.98515827221175, 32.22033059614775], [-110.98516192820885, 32.22032932355708], [-110.98516555716795, 32.220327997559245], [-110.98516915908901, 32.220326618154196], [-110.98517273185047, 32.220325185326345], [-110.98517627438234, 32.22032369996965], [-110.98517978563302, 32.22032216117446], [-110.98518326557492, 32.22032057164617], [-110.98518671103484, 32.22031893045947], [-110.98519012412521, 32.22031723853183], [-110.98519350060283, 32.22031549583192], [-110.9851968415193, 32.220313703269376], [-110.98520014474384, 32.22031186173028], [-110.9852034092157, 32.22030997120688], [-110.98520663492562, 32.22030803260085], [-110.98520981974286, 32.2203060467984], [-110.98521296366742, 32.220304013799485], [-110.98521606562932, 32.22030193449806], [-110.98521912456773, 32.220299808886324], [-110.98522213940352, 32.220297638759995], [-110.98522510907587, 32.22029542411121], [-110.98522803250562, 32.22029316673571], [-110.98523090971112, 32.22029086482998], [-110.98523373854327, 32.220288521083646], [-110.98523651899283, 32.22028613639852], [-110.98523925000822, 32.220283709864965], [-110.98524193156186, 32.22028124418828], [-110.98524456154135, 32.22027873845113], [-110.98524713993753, 32.220276193555215], [-110.98524966461041, 32.22027361128842], [-110.98525213767238, 32.22027099256823], [-110.98525455488027, 32.22026833736325], [-110.9852569183557, 32.220265645689224], [-110.98525922594948, 32.22026292023573], [-110.98526147660083, 32.22026016099503], [-110.98526367136135, 32.22025736887662], [-110.98526580704869, 32.22025454385712], [-110.985267885766, 32.220251687755656], [-110.98526990432178, 32.22024880145054], [-110.98527186482838, 32.220245885859164], [-110.98527376409426, 32.22024294185984], [-110.9852756031802, 32.22023996946042], [-110.98527737994624, 32.22023697044875], [-110.98527909544399, 32.22023394573444], [-110.98528074966424, 32.22023089621923], [-110.98528233942464, 32.220227821879675], [-110.9852838668192, 32.22022472543673], [-110.98528532973556, 32.22022160597293], [-110.98528672921609, 32.220218465299666], [-110.98528806313001, 32.22021530430307], [-110.98528933251977, 32.22021212479447], [-110.98529053633376, 32.220208925864284], [-110.98529167348362, 32.22020571020995], [-110.98529274608174, 32.22020247874894], [-110.98529375095494, 32.22019923055598], [-110.98529468912727, 32.22019596924595], [-110.9852955606079, 32.220192693917085], [-110.98529636432689, 32.220189405463344], [-110.9852971002566, 32.220186106589985], [-110.98529776840628, 32.220182796395285], [-110.98529836874837, 32.220179477584495], [-110.98529890128282, 32.22017615015759], [-110.9852993649397, 32.220172815008596], [-110.98529975970064, 32.22016947394096], [-110.9853000866172, 32.220166127864296], [-110.98530034462861, 32.220162776770756], [-110.98530053391877, 32.22015940262517], [-110.98530068257895, 32.22015470700291], [-110.98530068737614, 32.22015444460646], [-110.98530070332194, 32.22014986344027], [-110.98530070053732, 32.22014961631903], [-110.98530059140813, 32.22014492060096], [-110.98530036134595, 32.22014012028165], [-110.98530002287218, 32.22013533990553], [-110.98529958234234, 32.22013058042135], [-110.98529904928513, 32.22012584370287], [-110.98529843324765, 32.22012112982047], [-110.98529774059462, 32.22011643882105], [-110.9852969819339, 32.22011177078277], [-110.98529616362102, 32.2201071266543], [-110.98529529523063, 32.2201025038007], [-110.98529438312745, 32.22009790226884], [-110.98529343685857, 32.220093322129095], [-110.98529246280707, 32.22008876162485], [-110.98529147052925, 32.22008421992463], [-110.98529046640816, 32.220079695271906], [-110.98528945682695, 32.22007518590998], [-110.98524360887117, 32.21987049395991], [-110.98523477629685, 32.21982803035495], [-110.9852347208687, 32.219827744067175], [-110.98522724801263, 32.219785311223035], [-110.98522720214076, 32.219785024103864], [-110.98522101881066, 32.219742222895725], [-110.98517648569612, 32.219396449678115], [-110.98517420726768, 32.219379567810066], [-110.9851698588723, 32.21935084953172], [-110.98516491802377, 32.219322180094984], [-110.98515938867148, 32.21929358838742], [-110.98515328510588, 32.219265129525716], [-110.98507480114628, 32.218916528629265], [-110.98483194411816, 32.21783782732133], [-110.98483092819865, 32.21783331971169], [-110.98482990074886, 32.21782879848958], [-110.98482885644661, 32.21782426541945], [-110.98482778468431, 32.21781972042317], [-110.9848266801306, 32.217815166166815], [-110.98482553323862, 32.21781060258011], [-110.9848243386678, 32.217806033230936], [-110.9848230858014, 32.217801458942844], [-110.9848217693172, 32.21779688148029], [-110.9848203796408, 32.217792303478156], [-110.98481891037085, 32.21778772849657], [-110.98481735301215, 32.21778315737473], [-110.98481570008416, 32.217778595468445], [-110.98481394414323, 32.21777404452652], [-110.9848120766481, 32.2177695098969], [-110.98481014412786, 32.217765110062054], [-110.98481003933695, 32.217764879323475], [-110.98480803955053, 32.217760625990664], [-110.98480792215013, 32.217760383435355], [-110.98480580313588, 32.21775617070763], [-110.9848054344254, 32.21775550153879], [-110.98479480435317, 32.21773776538616], [-110.98479409150418, 32.21773672212724], [-110.98478123944795, 32.217720084252036], [-110.98478039644175, 32.217719113081564], [-110.98476547737982, 32.21770377212593], [-110.98476451469521, 32.21770288574666], [-110.98474770815008, 32.217689026104395], [-110.98474663628426, 32.21768823541567], [-110.98472814528942, 32.217676024519136], [-110.98472697794944, 32.21767533773836], [-110.98470702484312, 32.217664922420326], [-110.98470577572675, 32.21766434866676], [-110.98468460003049, 32.21765585514466], [-110.98468328604544, 32.217655400855705], [-110.9846611423885, 32.21764893020735], [-110.98465977726931, 32.21764860089522], [-110.98463693323981, 32.217644231748444], [-110.98463553391248, 32.21764403204697], [-110.98461226479034, 32.21764181693349], [-110.98461139761595, 32.217641759135226], [-110.98460601381126, 32.2176415571088], [-110.98460570519553, 32.21764154852043], [-110.98460031816529, 32.21764145468935], [-110.98460002751801, 32.21764145254621], [-110.98459450257373, 32.21764146321182], [-110.98458885249046, 32.217641573959106], [-110.98458322372619, 32.21764177865348], [-110.98457761848522, 32.21764206919468], [-110.98457203789269, 32.21764243927823], [-110.98456648309217, 32.217642880796106], [-110.98456095415723, 32.21764338653423], [-110.98455545115227, 32.21764395018029], [-110.98454997309015, 32.21764456451241], [-110.98454452111444, 32.21764522142255], [-110.98453909421956, 32.217645915492355], [-110.98453369034839, 32.21764664039381], [-110.984528308523, 32.217647388003314], [-110.98452294986853, 32.21764815201638], [-110.98451761126715, 32.217648926097155], [-110.98451228959179, 32.21764970481171], [-110.98371757396501, 32.21776611257795], [-110.9837031419145, 32.217760855722865], [-110.98370187190473, 32.217760458563454], [-110.98368066121442, 32.21775487932275], [-110.98367934971718, 32.21775459729084], [-110.98365756890698, 32.21775093202572], [-110.98365622968443, 32.21775076792837], [-110.98363411913965, 32.21774905809329], [-110.98363276595393, 32.21774901473752], [-110.98361056629926, 32.2177492783413], [-110.98360921613158, 32.217749354950605], [-110.98358716926425, 32.217751589269646], [-110.9835864480336, 32.217751679539546], [-110.98357179182042, 32.21775382952897], [-110.9835571718842, 32.217755959042464], [-110.98354256074657, 32.217758057957035], [-110.98352795535426, 32.217760113624614], [-110.98351335375155, 32.217762109797846], [-110.98349875393671, 32.217764034738195], [-110.98348415289331, 32.21776587219052], [-110.98346955074115, 32.217767610431906], [-110.98345496570663, 32.217769230658554], [-110.98342994378795, 32.217771717141915], [-110.98340489811152, 32.21777382918641], [-110.98337981379015, 32.217775570289504], [-110.98335469615562, 32.21777693778496], [-110.98332955579737, 32.217777933554665], [-110.9833043980379, 32.21777855583426], [-110.98327923136361, 32.2177788046864], [-110.9832540632001, 32.21777868016585], [-110.98322890204298, 32.21777818143363], [-110.98320375423866, 32.21777731034018], [-110.98317862828269, 32.217776066046454], [-110.98315353265225, 32.21777444951689], [-110.98312847265143, 32.21777246079071], [-110.98310345782735, 32.21777009993845], [-110.9830784955872, 32.21776736881843], [-110.98305359335654, 32.2177642674856], [-110.98302875854257, 32.21776079779833], [-110.98300399857088, 32.21775695981152], [-110.98297932085784, 32.21775275448185], [-110.9829547338621, 32.217748184577275], [-110.98293024394852, 32.217743250144935], [-110.98290585852423, 32.21773795304321], [-110.98288158605713, 32.21773229513835], [-110.98285743396356, 32.217726277387115], [-110.98283340857144, 32.21771990344357], [-110.98280944749919, 32.217713153006756], [-110.98279641826524, 32.217709316870724], [-110.98278346842262, 32.21770539384259], [-110.98277054922264, 32.21770137905315], [-110.98275765740931, 32.2176972796929], [-110.98274478972664, 32.217693102952495], [-110.98273194397017, 32.21768885693207], [-110.98271911795388, 32.21768454792824], [-110.98270630840334, 32.217680184935155], [-110.98269351100178, 32.21767577513549], [-110.98268072356318, 32.21767132482594], [-110.9826679428223, 32.21766684209878], [-110.98265516445315, 32.21766233503853], [-110.98264238414816, 32.21765780992614], [-110.98262960077285, 32.21765327396787], [-110.98146387911802, 32.2172395657368], [-110.98145108634326, 32.217235026885284], [-110.98143828185536, 32.217230492454995], [-110.98142546344975, 32.21722597054601], [-110.98141262468809, 32.21722146832533], [-110.98139976444499, 32.21721699209743], [-110.9813868783851, 32.21721255084849], [-110.98137396219155, 32.21720815176118], [-110.98136101366899, 32.21720380203384], [-110.98134802849127, 32.21719950975095], [-110.98133500552382, 32.21719528211869], [-110.98132194044047, 32.21719112722147], [-110.9813088310366, 32.21718705315945], [-110.98129567404686, 32.21718306802489], [-110.98128252651163, 32.21717919568734], [-110.98128222292581, 32.21717911047277], [-110.9812265057843, 32.21716400469275], [-110.98122600741766, 32.217163879258024], [-110.98116962145662, 32.217150688494364], [-110.9811691176109, 32.21715058015359], [-110.98111215382072, 32.21713932762449], [-110.98111164450516, 32.217139235475905], [-110.98105419500136, 32.2171299380952], [-110.98105368231897, 32.217129863958014], [-110.98099583924467, 32.21712253593449], [-110.98099532425616, 32.21712247981656], [-110.98093718082436, 32.21711713446519], [-110.98093666353893, 32.217117095464715], [-110.98087831513938, 32.21711374070591], [-110.98087799492244, 32.21711372570977], [-110.9808640936897, 32.217113219682155], [-110.98085013517513, 32.21711281693908], [-110.98083618203681, 32.217112510729834], [-110.98082223434857, 32.217112293840266], [-110.98080829538502, 32.21711215727644], [-110.98079436309851, 32.217112093808495], [-110.98078044076365, 32.21711209444247], [-110.98076652634205, 32.21711215104678], [-110.98075262202909, 32.217112256423064], [-110.98073872684714, 32.21711240244769], [-110.9807248408978, 32.21711257920126], [-110.98071096317578, 32.21711278126541], [-110.98069709591338, 32.217112997834704], [-110.98068323598383, 32.21711322347508], [-110.98051357454293, 32.21711599647098], [-110.98049943663202, 32.21711622634527], [-110.98048530729947, 32.21711644726322], [-110.98047118769848, 32.21711665021514], [-110.98045707686069, 32.21711682617557], [-110.9804429737993, 32.21711696792255], [-110.98042888072827, 32.217117066454215], [-110.98041479668849, 32.217117111843415], [-110.98040075889864, 32.21711709534752], [-110.98035862427665, 32.217116635361585], [-110.98031791179096, 32.21711559700266], [-110.98030388311561, 32.2171151053005], [-110.98028981371826, 32.2171145501672], [-110.98027573848348, 32.21711394358495], [-110.98026165628583, 32.21711329185819], [-110.98024756702371, 32.21711260490625], [-110.98023346954388, 32.21711189173887], [-110.98021936482394, 32.21711116047974], [-110.98020523474797, 32.217110419111094], [-110.9801910951348, 32.217109676768395], [-110.98017696073317, 32.21710894348098], [-110.98016281660021, 32.21710822815647], [-110.98014866160118, 32.217107538001], [-110.98013449457362, 32.21710688292613], [-110.98012031543432, 32.21710627104766], [-110.98010612409082, 32.217105711383134], [-110.98009188333367, 32.21710521177332], [-110.98005009857991, 32.21710415185618], [-110.98000829803983, 32.2171037005417], [-110.97999404596355, 32.21710368421647], [-110.97997983993152, 32.2171037295551], [-110.9799656429007, 32.21710382816664], [-110.97995145603358, 32.2171039701396], [-110.9799372783526, 32.21710414735029], [-110.97992311100168, 32.21710435169078], [-110.97990895409178, 32.217104572339935], [-110.97989480557538, 32.21710480206802], [-110.97855081273451, 32.21712675514251], [-110.97855052410901, 32.217126762920635], [-110.9784929118515, 32.21712879643266], [-110.97849233656454, 32.217128827334214], [-110.97843488754235, 32.21713304264931], [-110.97843431415457, 32.21713309520859], [-110.97837714303553, 32.21713948235616], [-110.97837657365913, 32.21713955749063], [-110.97831979406898, 32.217148104688846], [-110.9783192287132, 32.21714820149674], [-110.97826295433333, 32.21715889155355], [-110.97826239406812, 32.21715900914102], [-110.97820673649568, 32.21717182124166], [-110.97820618344251, 32.21717195962442], [-110.97815125219961, 32.21718686842985], [-110.97815070741919, 32.217187027615815], [-110.97809661207454, 32.21720400327832], [-110.97809607556682, 32.2172041832675], [-110.97804292467491, 32.217223191422924], [-110.97804239857065, 32.21722339132934], [-110.97799029753183, 32.21724439488477], [-110.97798978183098, 32.2172446147084], [-110.97793883398002, 32.21726757114482], [-110.97793832975258, 32.21726780999182], [-110.97788863632158, 32.21729267497104], [-110.97788814568904, 32.21729293285714], [-110.9778398047931, 32.21731965570516], [-110.97783932882545, 32.21731993173654], [-110.97779243647715, 32.21734845996022], [-110.97779197517434, 32.217348754136864], [-110.97774662532069, 32.21737902981682], [-110.97774617975277, 32.21737934124489], [-110.97770246315892, 32.21741130643824], [-110.97770203439589, 32.21741163422387], [-110.97766003659788, 32.21744522373431], [-110.97765982905084, 32.2174453935397], [-110.97704014473467, 32.217963628296594], [-110.97699222661332, 32.2180042637311], [-110.97694506726071, 32.21804538455938], [-110.97646080575609, 32.218457025177585], [-110.97641797633881, 32.21849412249234], [-110.976417640131, 32.21849442390711], [-110.97637653060133, 32.218532832630906], [-110.97637620913255, 32.2185331449771], [-110.9763368345457, 32.21857284538343], [-110.97633652676448, 32.21857316775144], [-110.97629894603863, 32.218614104366964], [-110.97629865194499, 32.2186144367568], [-110.97626291660107, 32.218656551347664], [-110.9762626383258, 32.21865689287336], [-110.97622879991302, 32.218700124500465], [-110.97622853745615, 32.21870047516204], [-110.97619660127968, 32.218744823866366], [-110.97617875502958, 32.218770339036396], [-110.97613562672254, 32.21883324610953], [-110.97613544029436, 32.21883352789595], [-110.97609453462174, 32.2188974444028], [-110.97609435769378, 32.21889773076897], [-110.97605568011124, 32.218962642323106], [-110.97605551375358, 32.21896293237518], [-110.97601909878485, 32.21902878332231], [-110.97601894192745, 32.21902907795416], [-110.97598482094219, 32.21909580991099], [-110.97598467464583, 32.21909610913054], [-110.97595287687383, 32.21916366550138], [-110.97595274115712, 32.21916396750508], [-110.97592329478637, 32.21923228988285], [-110.97592316858854, 32.219232594662834], [-110.97589609863424, 32.219301623714756], [-110.97589598406755, 32.21930193218863], [-110.97587131342361, 32.21937160856614], [-110.97587120944594, 32.21937191892241], [-110.9758489610251, 32.21944218147332], [-110.97584886761784, 32.219442495515544], [-110.9758290590199, 32.21951328394978], [-110.97582897620168, 32.21951359987448], [-110.97581162503597, 32.219584853000086], [-110.97581155387688, 32.219585169913366], [-110.97579667563132, 32.219656826522545], [-110.97579661506131, 32.219657145318266], [-110.97578420729485, 32.21972923695764], [-110.97574855844415, 32.21996484882156], [-110.97571440320189, 32.22020055294785], [-110.97568173489894, 32.22043637995026], [-110.97568170254937, 32.22043663672996], [-110.97567666527387, 32.22048218024083], [-110.97567662662809, 32.22048263627727], [-110.97567382212017, 32.22052831725422], [-110.9756738057323, 32.220528775260036], [-110.9756732390374, 32.22057451618379], [-110.97567324493535, 32.22057497345364], [-110.97567491687435, 32.22062069496961], [-110.97567494504887, 32.22062115240533], [-110.97567885326032, 32.220666775135186], [-110.97567890267851, 32.220667230023565], [-110.97568504054844, 32.220712675459005], [-110.97568511226184, 32.22071312870971], [-110.97569346787235, 32.22075831830285], [-110.97569356296036, 32.220758768120255], [-110.9757041222811, 32.22080362240549], [-110.97570423862219, 32.22080406877378], [-110.97571698441253, 32.22084851096708], [-110.9757171230675, 32.22084895389415], [-110.97573206985646, 32.2208930156669], [-110.97577726386886, 32.22101652172429], [-110.97577743473083, 32.22101703072437], [-110.975783514562, 32.22103701445913], [-110.9757873125528, 32.22105740055748], [-110.97578878605263, 32.221078003827714], [-110.9757879221966, 32.221098631183324], [-110.97578472930785, 32.22111909240081], [-110.97577923691618, 32.22113919831632], [-110.97577149468803, 32.22115876171938], [-110.97576157557177, 32.22117760098364], [-110.97574957046591, 32.22119554273277], [-110.97573559142945, 32.22121241915884], [-110.97571976842518, 32.22122807521276], [-110.97570224723523, 32.221242364981336], [-110.97568319047548, 32.2212551562043], [-110.97566277547396, 32.22126633025815], [-110.9756411910699, 32.22127578393631], [-110.97561863656206, 32.22128342853937], [-110.9755953227232, 32.22128919439181], [-110.9755714644022, 32.22129302808146], [-110.97554728264564, 32.221294892475356], [-110.9755230014596, 32.22129477210651], [-110.97549884681385, 32.221292666853856], [-110.97547446518459, 32.2212884983316], [-110.97544730282145, 32.22128372922392], [-110.97544620637505, 32.22128357766895], [-110.9754186298674, 32.22128080391818], [-110.97541752197681, 32.221280733442086], [-110.97538976762941, 32.221279981156975], [-110.9753886567809, 32.221279991822946], [-110.97536092821821, 32.22128126702889], [-110.97536037513461, 32.22128130259037], [-110.97531212136957, 32.22128529363965], [-110.97521766488444, 32.221292312478035], [-110.97512312810268, 32.22129775425532], [-110.97502842187583, 32.22130162281634], [-110.97399511361867, 32.22133521532851], [-110.97399443458815, 32.22133522198809], [-110.97393334000697, 32.22133447233905], [-110.97393282351094, 32.221334457664895], [-110.97387164961982, 32.221331627783606], [-110.97387113437077, 32.221331595081985], [-110.97381014316262, 32.2213266896282], [-110.97380962915129, 32.221326639800864], [-110.97374891710683, 32.22131966490557], [-110.97374840645483, 32.221319597968346], [-110.97368796302605, 32.22131054814232], [-110.97368756375771, 32.22131048203583], [-110.97360988648657, 32.22129669617167], [-110.97360951484559, 32.22129662576193], [-110.97353232340056, 32.22128089553087], [-110.97353195398371, 32.2212808152174], [-110.97345534153317, 32.2212631593521], [-110.97345497539197, 32.22126307004459], [-110.97337900756997, 32.221243502563354], [-110.97337864470445, 32.2212434042618], [-110.97330314913667, 32.22122187247527], [-110.9731985483957, 32.22119007705856], [-110.97309413182559, 32.22115730264595], [-110.9730493700736, 32.22114387217319], [-110.972777622123, 32.22106497063155], [-110.97277693866806, 32.22106478967176], [-110.97277332575096, 32.22106392760129], [-110.97269153081237, 32.22104508364916], [-110.97260930866868, 32.221027443096816], [-110.97252673867119, 32.22101102637628], [-110.97244395107987, 32.22099585520193], [-110.97236488197878, 32.22098139263223], [-110.97228621571979, 32.22096583189366], [-110.97220776175473, 32.22094913368652], [-110.97220694113346, 32.22094898326268], [-110.97213846657016, 32.22093836303384], [-110.97213809580617, 32.22093831066284], [-110.9720692865514, 32.2209293833284], [-110.97206891569425, 32.22092933997478], [-110.97199983106466, 32.220922114093874], [-110.97199945693195, 32.220922079733825], [-110.9719301552206, 32.22091656025078], [-110.97192978099467, 32.2209165349081], [-110.97186031942448, 32.2209127276612], [-110.9718599451053, 32.22091271133587], [-110.97179038305794, 32.22091061857241], [-110.97178963413047, 32.22091061387575], [-110.97170961049203, 32.22091214215338], [-110.97170925604806, 32.22091215303096], [-110.97162931179567, 32.220915544121624], [-110.9716289572677, 32.22091556311476], [-110.9715490414132, 32.220920822950035], [-110.97123308471113, 32.22094625885599], [-110.97109277263523, 32.22095824517353], [-110.97095263309023, 32.22097159798994], [-110.96986359866557, 32.221080739343776], [-110.96985075511817, 32.22108202563616], [-110.96983791371072, 32.22108331013961], [-110.96982507340113, 32.22108459104269], [-110.96981223528756, 32.221085864746286], [-110.96979939830926, 32.2210871312425], [-110.9697865625036, 32.22108838692426], [-110.96977372681914, 32.221089630881885], [-110.96976089234474, 32.221090860418066], [-110.9697480580383, 32.22109207372135], [-110.96973527276171, 32.22109326484495], [-110.96961346192127, 32.22110361603001], [-110.96949151048048, 32.22111217772351], [-110.96936940251591, 32.22111895160955], [-110.96924712529587, 32.22112393849411], [-110.96923427375141, 32.22112435800935], [-110.9692213682655, 32.221124761787934], [-110.9692084608169, 32.22112515021944], [-110.96919554927476, 32.22112552418973], [-110.96918263573254, 32.221125886419976], [-110.9691697191108, 32.22112623870572], [-110.96915680045157, 32.22112658285846], [-110.96914387866605, 32.221126921575504], [-110.96913095480564, 32.22112725576651], [-110.9691180277815, 32.22112758812886], [-110.96892341570019, 32.22113258974982], [-110.9687297742069, 32.22113657838516], [-110.96853608953764, 32.221138593205545], [-110.96726646232793, 32.221145322243444], [-110.9671959484763, 32.22114651146327], [-110.96719559616214, 32.22114652144236], [-110.96712523511563, 32.22114933956524], [-110.96712488377791, 32.22114935766786], [-110.96705463841441, 32.221153803513296], [-110.96705428699227, 32.22115382973154], [-110.9669842103945, 32.221159899189374], [-110.96698386100952, 32.22115993353913], [-110.96691400413866, 32.221167622483364], [-110.96691365573004, 32.22116766495673], [-110.96684398456198, 32.221176980346634], [-110.96672031146102, 32.221194984767465], [-110.96666886505578, 32.221201747783724], [-110.96666844868119, 32.22120179696019], [-110.96661708325136, 32.22120709780334], [-110.9666166648771, 32.22120713524085], [-110.96656512433334, 32.22121101437182], [-110.96656470502016, 32.22121104007838], [-110.96651304247018, 32.22121349158343], [-110.96651262221813, 32.22121350555903], [-110.96646059893918, 32.22121453215257], [-110.96643008520037, 32.221214714895176], [-110.96636199089028, 32.221216132865486], [-110.96636153878629, 32.22121614930659], [-110.96629365788372, 32.221219589834845], [-110.96629320563896, 32.221219619802035], [-110.96622539696955, 32.221225089943374], [-110.96609155088537, 32.22123790209901], [-110.96605803994932, 32.221240857869425], [-110.966024529977, 32.22124331312516], [-110.9659909742753, 32.22124526931875], [-110.96595738449471, 32.22124672834142], [-110.96592376913154, 32.22124768935521], [-110.96589008470318, 32.22124815113125], [-110.96588928899604, 32.22124815596779], [-110.96551526797839, 32.22125037238918], [-110.96551024547267, 32.22125040313336], [-110.96550520912031, 32.22125043918413], [-110.96550015567317, 32.22125048682974], [-110.96549508613575, 32.22125055148877], [-110.96549000045167, 32.22125063857172], [-110.96548489856455, 32.22125075348909], [-110.96547978146012, 32.221250903462945], [-110.96547464910078, 32.221251092100246], [-110.96546950246282, 32.22125132752481], [-110.96546434362082, 32.221251614261355], [-110.9654591714389, 32.221251959515925], [-110.96545399011322, 32.22125236782923], [-110.96544880063885, 32.221252845521526], [-110.96544360400144, 32.22125339981487], [-110.9654384033364, 32.221254035241934], [-110.96543320175097, 32.221254759040704], [-110.96542814158855, 32.221255553344115], [-110.96542786315376, 32.22125559994726], [-110.96542295606427, 32.221256466646615], [-110.96542266269387, 32.221256521253764], [-110.96541778111923, 32.22125748464022], [-110.96541747279441, 32.221257549054904], [-110.96541261987005, 32.22125861366118], [-110.96541175192479, 32.22125883168364], [-110.96539067146009, 32.22126482257924], [-110.96538929488699, 32.22126528928463], [-110.96536915888173, 32.22127329023815], [-110.96536785520209, 32.22127388825657], [-110.96534892784939, 32.22128379393968], [-110.96534771305956, 32.22128451527511], [-110.96533024288519, 32.22129619679433], [-110.9653291330097, 32.2212970307455], [-110.96531334863838, 32.221310334708285], [-110.96531235864107, 32.22131127056599], [-110.96529846876827, 32.221326021786034], [-110.96529761043055, 32.2213270488171], [-110.96528579636882, 32.221343052963775], [-110.96528508150975, 32.221344156828], [-110.9652754982025, 32.22136120494292], [-110.96527493758975, 32.22136237039036], [-110.96526771148966, 32.221380238871426], [-110.96526731057756, 32.22138145151397], [-110.9652625353751, 32.22139990478865], [-110.96526230069756, 32.22140114844265], [-110.96526004043757, 32.22141994530422], [-110.96525997428537, 32.22142120375409], [-110.96526025807239, 32.22144009641991], [-110.96526036167553, 32.22144135344205], [-110.96526318572012, 32.221460094783474], [-110.96526345819633, 32.22146133323658], [-110.96526878475417, 32.22147967677115], [-110.96526922202948, 32.22148088039167], [-110.96527698252733, 32.221498585717434], [-110.96527757839671, 32.22149973912763], [-110.96528767023104, 32.22151657370281], [-110.96528810984725, 32.221517247067744], [-110.9652906921883, 32.22152089815415], [-110.96529085847848, 32.221521127567506], [-110.96529354535069, 32.22152472442928], [-110.96529370967895, 32.221524938496856], [-110.96529649472693, 32.221528480184354], [-110.96529665496232, 32.22152867979194], [-110.96529960827316, 32.22153226152431], [-110.96530272036547, 32.22153587691742], [-110.96530590418885, 32.221539429722654], [-110.96530915335968, 32.2215429216955], [-110.96531245936347, 32.22154635547739], [-110.96531581791005, 32.22154973554521], [-110.96531922156446, 32.221553062744746], [-110.96532266390557, 32.22155634243864], [-110.96532613960122, 32.22155957729223], [-110.96532964330986, 32.22156277087263], [-110.96533316968993, 32.22156592674688], [-110.9653367123297, 32.22156904937594], [-110.96534026800924, 32.22157214234277], [-110.96534382925594, 32.22157521010032], [-110.96534739392008, 32.22157825533785], [-110.96535095558991, 32.22158128251627], [-110.9653545110267, 32.22158429702211], [-110.96579794946929, 32.22196009197478], [-110.96586527551229, 32.22201714106914], [-110.9658656549978, 32.22201747669722], [-110.96588250234089, 32.22203302193046], [-110.96589774956956, 32.22204971757778], [-110.96591128543054, 32.22206744827117], [-110.96592301046115, 32.22208608700745], [-110.96593284329784, 32.22210550060685], [-110.96594071217092, 32.22212555145254], [-110.96594656129774, 32.22214609483331], [-110.96595034976546, 32.222166984345996], [-110.96595205047034, 32.22218807188761], [-110.9659516490758, 32.22220920584375], [-110.96594915140052, 32.22223023475156], [-110.96594457912832, 32.22225101177654], [-110.96594446724693, 32.22225146635663], [-110.96591672775983, 32.222353325358576], [-110.96554916879631, 32.22370330098298], [-110.96553874867227, 32.2237452647401], [-110.96553865411686, 32.22374568518071], [-110.96553018600719, 32.22378785661645], [-110.96553011051832, 32.223788279906024], [-110.96552357809071, 32.22383069947995], [-110.9655235227386, 32.22383112472471], [-110.96551893727076, 32.2238737284925], [-110.965518901004, 32.223874154782685], [-110.96551626847888, 32.2239168778582], [-110.96551625128815, 32.223917306095586], [-110.96551557537896, 32.22396020351796], [-110.96551576362482, 32.22398674653865], [-110.96551739000715, 32.22421574560336], [-110.96552248445671, 32.224931878715736], [-110.96552249280985, 32.22493240093504], [-110.96552256942142, 32.22494480701092], [-110.96552262801693, 32.22495272907928], [-110.96557250104227, 32.23136221274512], [-110.96557255061487, 32.23136906517484], [-110.96557257504499, 32.231375886753334], [-110.96557255103018, 32.231382673697944], [-110.96557245415067, 32.23138942762851], [-110.96557226108528, 32.2313961465659], [-110.96557194957357, 32.23140282853893], [-110.96557149735524, 32.23140947157642], [-110.96557089420679, 32.231415936720566], [-110.96557086595509, 32.231416204349586], [-110.96557009935223, 32.231422471666036], [-110.96557005803143, 32.23142277166237], [-110.96556909936659, 32.23142893923456], [-110.96556431016114, 32.23144960365311], [-110.96555724364056, 32.23146959530661], [-110.96554792319988, 32.231488908959776], [-110.96553643881933, 32.23150736041546], [-110.96552289736007, 32.23152477462169], [-110.9655074278406, 32.231540988416974], [-110.9654901761792, 32.23155584598149], [-110.96547130722188, 32.2315692078708], [-110.96545099948469, 32.23158094646704], [-110.96542944509748, 32.231590951389585], [-110.96540684876165, 32.231599127683445], [-110.9653834234876, 32.23160539759103], [-110.96535917690977, 32.231609741329265], [-110.96535193370285, 32.23161063732766], [-110.96535158210848, 32.2316106761649], [-110.96534421856889, 32.231611410732434], [-110.96534390528014, 32.23161143903613], [-110.96533630657562, 32.23161203565755], [-110.96532849801783, 32.23161250895262], [-110.96532064190761, 32.23161286194671], [-110.96531274016014, 32.23161311449431], [-110.9653047968218, 32.231613285564194], [-110.96529681167647, 32.231613395896666], [-110.96528878663926, 32.231613465346264], [-110.96528072574714, 32.23161351378348], [-110.96385534813332, 32.23162149802917], [-110.96385482083154, 32.231621496759054], [-110.9608671314371, 32.2316381697289], [-110.96080700971366, 32.231638410313906], [-110.95735125604342, 32.231646679361454], [-110.9572541652662, 32.23164628951737], [-110.95715709282672, 32.23164465973167], [-110.95704478306818, 32.23164205563484], [-110.95703667899974, 32.231641871449696], [-110.95702853759094, 32.231641706820575], [-110.95702035541265, 32.23164158516882], [-110.95701213332673, 32.231641525439294], [-110.95700387107722, 32.231641551979216], [-110.95699557161939, 32.23164168645477], [-110.95698723684751, 32.23164195052407], [-110.95697902894821, 32.231642358044255], [-110.95697871469119, 32.23164237730157], [-110.9569706578758, 32.231642946493], [-110.9569703042608, 32.231642975371436], [-110.95696226987471, 32.23164373231178], [-110.95696149011418, 32.231643826492586], [-110.95693738098802, 32.23164737154047], [-110.95693621584125, 32.23164758995142], [-110.95691259312711, 32.23165300726509], [-110.95691145672832, 32.23165331697824], [-110.95688852142978, 32.23166056118972], [-110.95688742336503, 32.23166095867057], [-110.95686537240341, 32.23166996905005], [-110.95686432120735, 32.23167044985434], [-110.95684334000482, 32.23168114935195], [-110.95684234631491, 32.231681710855035], [-110.95682261514104, 32.2316940079528], [-110.95682168644053, 32.231694644800605], [-110.95680337190609, 32.231708435251285], [-110.95680251567819, 32.23170914208975], [-110.95678577392736, 32.231724308039354], [-110.95678499872575, 32.2317250786207], [-110.95676997222496, 32.231741491289554], [-110.9567692834111, 32.2317423202436], [-110.95675610094905, 32.23175983992624], [-110.9567555049832, 32.231760718283866], [-110.95674427739874, 32.23177919702204], [-110.9567437796519, 32.23178011851133], [-110.9567346030452, 32.231799397412914], [-110.95673420784638, 32.23180035395037], [-110.95672716032976, 32.23182026947751], [-110.95672686988617, 32.23182125296348], [-110.95672201159356, 32.23184163603063], [-110.95672187840482, 32.2318422951531], [-110.95672075859389, 32.23184909991722], [-110.95672071406112, 32.23184939988588], [-110.95671981469238, 32.231856227968166], [-110.95671978324134, 32.23185649466877], [-110.95671906812905, 32.231863457620406], [-110.95671851949372, 32.23187053095712], [-110.95671812390475, 32.23187757930348], [-110.95671785700858, 32.231884597965426], [-110.95671769124046, 32.231891584929905], [-110.95671760113848, 32.23189854000354], [-110.9567175612502, 32.23190546209111], [-110.95671754609475, 32.2319123528028], [-110.9567174088094, 32.23199958055409], [-110.95671835464346, 32.23210922592168], [-110.95672153477753, 32.23221888735732], [-110.95672694630335, 32.232328438583714], [-110.95673033290463, 32.232385263799564], [-110.95673527132031, 32.23248310126335], [-110.95673842184463, 32.23258094859237], [-110.9567397869909, 32.232678868933355], [-110.95674124077034, 32.2329806784876], [-110.95674130168314, 32.23299304924941], [-110.9567413646988, 32.233005421830825], [-110.95674143512197, 32.23301779627213], [-110.956741515065, 32.233030173491166], [-110.9567416077107, 32.233042553512156], [-110.95674171731224, 32.23305493546556], [-110.95674184598202, 32.23306732026925], [-110.95674199797323, 32.23307970705368], [-110.95674217646864, 32.2330920958431], [-110.95674238527585, 32.233104528150186], [-110.95674505266501, 32.23319918295592], [-110.95674963361506, 32.233293785560626], [-110.9567503773308, 32.233306202992196], [-110.95675114698311, 32.233318575529616], [-110.95675194319674, 32.23333094466146], [-110.95675276173749, 32.23334330945377], [-110.95675360046452, 32.23335567169393], [-110.95675445514365, 32.233368030447934], [-110.95675532155956, 32.2333803829783], [-110.95675580621597, 32.23338726666307], [-110.95675619745766, 32.23339274189343], [-110.95675708196667, 32.23340508915025], [-110.95675796965868, 32.23341743643121], [-110.95676668464712, 32.23353875265385], [-110.95676717189136, 32.23354559216877], [-110.95676763292519, 32.23355240172445], [-110.95676804334721, 32.23355918113556], [-110.95676837770445, 32.233565929306955], [-110.95676861476878, 32.23357264697915], [-110.95676873120911, 32.233579333073145], [-110.9567687036849, 32.23358598741166], [-110.95676851562034, 32.23359247098812], [-110.95676850431695, 32.23359273874352], [-110.95676813998766, 32.23359903340206], [-110.95676811772415, 32.23359933444165], [-110.95676755371271, 32.23360554822303], [-110.95676428682269, 32.2336255303385], [-110.95675889165527, 32.23364499577625], [-110.9567513872586, 32.23366394918989], [-110.95674183690082, 32.23368222602605], [-110.95673032607299, 32.2336996673111], [-110.95671695292177, 32.233716121382066], [-110.95670183459619, 32.23373144573855], [-110.9566851019618, 32.23374550519881], [-110.95666690164674, 32.23375817913005], [-110.95664739184559, 32.23376935690751], [-110.95662674122019, 32.2337789415132], [-110.95660512997028, 32.233786848642474], [-110.95658274555166, 32.23379301027873], [-110.95655978375612, 32.23379737289784], [-110.95653623838056, 32.233799921121495], [-110.956528921538, 32.23380032906721], [-110.95652856699583, 32.23380034440994], [-110.95652115857385, 32.2338005821168], [-110.95652084337165, 32.23380058964202], [-110.956513212676, 32.23380067505532], [-110.95650538502696, 32.23380062189472], [-110.95649751940363, 32.23380044669908], [-110.95648961985067, 32.23380016843741], [-110.95648168403754, 32.2337998069321], [-110.95647371388701, 32.23379938113597], [-110.95646570705904, 32.23379891177323], [-110.95645766652784, 32.23379841870648], [-110.95586566719687, 32.233761911675366], [-110.95585760124871, 32.23376141476996], [-110.95584953315978, 32.23376091965144], [-110.95584146079877, 32.23376042720536], [-110.95583338520758, 32.23375993924333], [-110.95582530634826, 32.23375945937236], [-110.9558172231694, 32.23375898668256], [-110.95580913563299, 32.23375852478102], [-110.95580104373906, 32.23375807366769], [-110.95579294744961, 32.23375763694957], [-110.95578477993527, 32.23375721321671], [-110.95570896673215, 32.23375410352302], [-110.95570866338072, 32.23375409400172], [-110.95563278545266, 32.233752497027936], [-110.95562460267185, 32.23375241495927], [-110.95561649081233, 32.233752348760405], [-110.95560838199322, 32.233752296111454], [-110.95560027622406, 32.23375225611071], [-110.95559217459423, 32.23375222606098], [-110.95558407499136, 32.23375220504433], [-110.9555759795658, 32.23375219037173], [-110.95556788620516, 32.233752181125226], [-110.95555979705031, 32.233752175517495], [-110.95555170999835, 32.23375217172887], [-110.9551592142177, 32.23375199068725], [-110.95515112822737, 32.23375198688107], [-110.95514304009622, 32.2337519848617], [-110.95513495088515, 32.23375198463725], [-110.9551268584533, 32.23375198799509], [-110.95511876385211, 32.23375199584498], [-110.95511066707208, 32.233752009088754], [-110.95510256914564, 32.23375203043963], [-110.95509446796042, 32.233752058979825], [-110.95508636561931, 32.23375209652888], [-110.95507820586424, 32.23375214536428], [-110.95498873132358, 32.23375343769185], [-110.95498057541037, 32.23375362543079], [-110.95497247564117, 32.23375382171283], [-110.95496437789885, 32.23375402702801], [-110.95495628325381, 32.23375424048262], [-110.95494819172504, 32.23375446027319], [-110.95494010119069, 32.23375468638358], [-110.95493201379162, 32.2337549170264], [-110.95492392848591, 32.23375515039009], [-110.95491584527352, 32.23375538647469], [-110.95490776416399, 32.23375562437843], [-110.95483531867836, 32.23375775142116], [-110.95482724076084, 32.23375798844221], [-110.95481916391373, 32.23375822456908], [-110.95481108921696, 32.233758458006285], [-110.95480301668005, 32.23375868785215], [-110.95479494630295, 32.23375891410662], [-110.9547868770628, 32.23375913315471], [-110.95477881107193, 32.23375934591422], [-110.95477074622747, 32.23375955056557], [-110.95476268253894, 32.23375974620694], [-110.95475467520343, 32.23375993055306], [-110.95466545958168, 32.233761219211466], [-110.9546574494466, 32.233761266453165], [-110.954649383177, 32.233761304248794], [-110.95464131489007, 32.23376133210849], [-110.9546332445573, 32.23376135273756], [-110.95462517217868, 32.233761366135944], [-110.95461709667428, 32.233761374099075], [-110.95460902015648, 32.23376137754487], [-110.9546009404939, 32.23376137735892], [-110.95459285872847, 32.233761375352785], [-110.9545847759211, 32.23376137153458], [-110.95321806331116, 32.23376072507606], [-110.95320189238721, 32.23376071812454], [-110.95318572038335, 32.23376071296636], [-110.95316954513964, 32.233760713192325], [-110.95315336769801, 32.23376072061408], [-110.95313718802984, 32.233760737936784], [-110.95312100611615, 32.233760766964004], [-110.95310482191883, 32.23376081130271], [-110.95308863541885, 32.233760872756406], [-110.95307244658764, 32.233760954030316], [-110.95305622781235, 32.23376105761938], [-110.95296222492135, 32.23376213993008], [-110.95294600968977, 32.233762410369074], [-110.95292982394535, 32.233762701772775], [-110.9529136422257, 32.23376301394699], [-110.9528974624565, 32.23376334236678], [-110.95288128465678, 32.23376368522871], [-110.95286511096747, 32.23376404074539], [-110.95284893929524, 32.23376440619546], [-110.95283276966862, 32.2337647788736], [-110.95281660317714, 32.23376515608271], [-110.95280043877888, 32.23376553601116], [-110.95264617280469, 32.23376916420566], [-110.952630010537, 32.23376954322674], [-110.95261385147107, 32.23376992046654], [-110.9525976935136, 32.23377029320359], [-110.95258153776362, 32.23377065783903], [-110.9525653842402, 32.233771012569356], [-110.95254923296237, 32.233771355591045], [-110.95253308290728, 32.233771683289035], [-110.95251693515496, 32.23377199386792], [-110.95250078973397, 32.233772284622404], [-110.95248464878522, 32.23377255376525], [-110.95245691156887, 32.23377295988337], [-110.95244077026386, 32.233773162283065], [-110.95242462175136, 32.23377334388379], [-110.9524084713265, 32.2337735056278], [-110.95239231790936, 32.233773649310464], [-110.95237616145226, 32.23377377944055], [-110.95236000406761, 32.233773896935965], [-110.952343842544, 32.2337740044777], [-110.95232768003567, 32.23377410479526], [-110.9523115144017, 32.23377419967598], [-110.95229534666495, 32.23377429273495], [-110.95156798975947, 32.23377845535765], [-110.95145194522598, 32.23377823371924], [-110.95118620510132, 32.233776665481024], [-110.95108203402012, 32.23377638361105], [-110.94918489010038, 32.233784211774754], [-110.94864270515257, 32.23379501193814], [-110.9483713392428, 32.233798479153705], [-110.94700194520064, 32.23380620037105], [-110.94700141682745, 32.23380619902226], [-110.94696901454859, 32.233806381462415], [-110.94696837988099, 32.23380639823609], [-110.94694241004304, 32.2338076283439], [-110.94694114835238, 32.23380774130992], [-110.94691544526523, 32.233811127910066], [-110.94691420262112, 32.23381134563324], [-110.94688901278332, 32.23381685634832], [-110.94688780088464, 32.233817176212945], [-110.94686336889328, 32.23382475790922], [-110.94686219943895, 32.23382517729964], [-110.94683875842226, 32.23383475781735], [-110.94683764313997, 32.2338352714127], [-110.94681541795939, 32.23384675778686], [-110.94681436748714, 32.23384736296333], [-110.94679357470856, 32.23386064412901], [-110.94679259867134, 32.23386133374599], [-110.94677343593672, 32.23387628226039], [-110.94677254395954, 32.233877049177146], [-110.94675519634292, 32.23389352217011], [-110.94675439804128, 32.23389436014774], [-110.94673903275368, 32.23391219837924], [-110.94673833458897, 32.23391309844919], [-110.9467250988183, 32.2339321299], [-110.9467245072424, 32.2339330839954], [-110.9467135291855, 32.233953126580495], [-110.94671305066943, 32.233954124831044], [-110.94670443636846, 32.23397498457161], [-110.94670407524224, 32.23397601889416], [-110.94669790534437, 32.23399749530355], [-110.9466976659668, 32.23399855490977], [-110.94669400101905, 32.23402044193605], [-110.94669388456614, 32.23402151601307], [-110.9466927607622, 32.2340436029082], [-110.94669274866726, 32.23404414210444], [-110.94670000325442, 32.23509805421957], [-110.94670019463342, 32.235111598335116], [-110.94670080487114, 32.235130957902214], [-110.94670181297418, 32.23515031962134], [-110.94670321915355, 32.23516966365404], [-110.94670502241561, 32.235188983679855], [-110.94670722176679, 32.23520827337846], [-110.94670981725518, 32.23522752824109], [-110.94671280682624, 32.23524674193921], [-110.94671619160822, 32.235265908168714], [-110.94671996847599, 32.23528502149463], [-110.9467241374969, 32.235304075604716], [-110.94672869767724, 32.23532306417857], [-110.94673364587278, 32.2353419835847], [-110.94673898323089, 32.235360825715546], [-110.94674470555593, 32.23537958602968], [-110.94675081290559, 32.23539825911663], [-110.94675728567772, 32.23541679252024], [-110.94685927063072, 32.23569953047531], [-110.94685971419105, 32.23570092448734], [-110.94686255050782, 32.23570880021344], [-110.94686536784285, 32.23571666497194], [-110.94686815238454, 32.235724520460465], [-110.94687088922201, 32.235732371975566], [-110.94687356561427, 32.235740220321254], [-110.94687616772092, 32.23574806990047], [-110.94687868065988, 32.23575592330438], [-110.94688109167089, 32.23576378314059], [-110.94688338695192, 32.235771650205], [-110.94688555061738, 32.235779521670224], [-110.94688789755816, 32.23578871841512], [-110.94689005430088, 32.235797940754935], [-110.94689201972712, 32.2358071940921], [-110.94689379599701, 32.23581647483581], [-110.94689538101733, 32.23582578026463], [-110.94689677481676, 32.23583510767331], [-110.94689798129421, 32.235844489557316], [-110.94689826508517, 32.2358469401791], [-110.94689910651927, 32.235855027854036], [-110.94689981749416, 32.235863110920505], [-110.94690041681966, 32.235871216577515], [-110.94690091617582, 32.23587934401286], [-110.94690133149612, 32.23588749154515], [-110.94690167446068, 32.235895658362246], [-110.946901959942, 32.23590384277459], [-110.94690220385444, 32.23591204490436], [-110.94690241893905, 32.235920263947456], [-110.94690261899784, 32.23592849910802], [-110.94690262559598, 32.23592877691951], [-110.94690447204947, 32.23606249325866], [-110.94690441718299, 32.23612079375697], [-110.94689932532972, 32.237060130065615], [-110.94689931043045, 32.23706283090455], [-110.94689925107811, 32.237066619900034], [-110.94689911478265, 32.23707036050852], [-110.946898903187, 32.23707409783364], [-110.9468986141788, 32.237077830957425], [-110.946898248819, 32.23708155988795], [-110.94689780606578, 32.237085282813645], [-110.94689728805064, 32.23708899884894], [-110.94689669267082, 32.237092706174174], [-110.94689602204822, 32.23709640480554], [-110.94689527515062, 32.237100092029735], [-110.946894453039, 32.23710376785479], [-110.94689355572288, 32.237107431379044], [-110.94689258322146, 32.237111080798975], [-110.9468915355443, 32.23711471521283], [-110.9468904137619, 32.237118333727025], [-110.94688921789347, 32.237121934538024], [-110.94688794793898, 32.23712551764587], [-110.94688660498815, 32.23712908035342], [-110.94688518797038, 32.23713262355429], [-110.94688370008777, 32.237136145469414], [-110.94688213923752, 32.23713964427903], [-110.94688050649016, 32.23714311908948], [-110.94687880291626, 32.23714656900719], [-110.9468770285158, 32.23714999403217], [-110.9468751843785, 32.23715339146731], [-110.94687327156532, 32.23715676132072], [-110.94687128902484, 32.23716010268251], [-110.94686923783722, 32.23716341375738], [-110.94686711907299, 32.23716669365166], [-110.94686493380269, 32.23716994147177], [-110.94686268202634, 32.23717315721769], [-110.94686036377264, 32.237176338184206], [-110.94685798115398, 32.23717948528932], [-110.94685553526006, 32.23718259583593], [-110.9468530250299, 32.23718566981591], [-110.94685045154364, 32.237188705433894], [-110.94684781691362, 32.237191703607884], [-110.94684512010764, 32.237194661624514], [-110.94684236430858, 32.23719757950824], [-110.94683954741367, 32.23720045543923], [-110.9468366736668, 32.23720328945006], [-110.94683374095561, 32.23720608062271], [-110.94683075142119, 32.23720882716996], [-110.94682770611493, 32.237211530001694], [-110.94682460612657, 32.237214186420815], [-110.94682145144648, 32.23721679732907], [-110.94681824422541, 32.23721936003746], [-110.94681498445374, 32.23722187544777], [-110.94681167427255, 32.2372243417728], [-110.94680831368193, 32.23722675901251], [-110.94680490376193, 32.23722912537154], [-110.94680144556398, 32.237231441759825], [-110.9467979401778, 32.23723370548022], [-110.94679438971576, 32.23723591745074], [-110.94679079313602, 32.2372380758598], [-110.94678715361196, 32.23724018163354], [-110.9467834711723, 32.237242232066706], [-110.94677974686846, 32.2372442280692], [-110.94677598283194, 32.23724616875558], [-110.94677217908192, 32.237248052322286], [-110.94676833772121, 32.23724988058913], [-110.9467644587785, 32.23725165085089], [-110.94676054437582, 32.23725336312381], [-110.9467565955741, 32.23725501741607], [-110.94675261344389, 32.23725661283403], [-110.94674859905578, 32.237258148484116], [-110.94674455347072, 32.23725962437444], [-110.94674047774973, 32.23726104051314], [-110.9467363750853, 32.2372623960229], [-110.94673224336505, 32.237263689985724], [-110.94672808682331, 32.23726492333587], [-110.94672390547926, 32.23726609426988], [-110.94671970039388, 32.237267202795884], [-110.94671547368911, 32.23726824893018], [-110.94671122643553, 32.23726923177914], [-110.94670695862354, 32.23727015224453], [-110.94670267344569, 32.23727100944901], [-110.94669837091152, 32.23727180249084], [-110.94669405208204, 32.23727253137822], [-110.94668972014018, 32.23727319613546], [-110.94668537508595, 32.23727379676265], [-110.9466810179899, 32.23727433236617], [-110.94667664990345, 32.2372748038559], [-110.9466722740191, 32.23727521035454], [-110.94666788927589, 32.23727555185391], [-110.94666349885672, 32.23727582837847], [-110.94665910383219, 32.237276039034626], [-110.94665470418312, 32.237276185625845], [-110.94665026596799, 32.237276266989774], [-110.94664872411566, 32.237276279503156], [-110.94601378508906, 32.23727987470023], [-110.94599345291535, 32.23727629701211], [-110.94597320349781, 32.237270524924945], [-110.9459532097798, 32.23726245966527], [-110.94595286635419, 32.237262326263135], [-110.94595221426577, 32.23726208317322], [-110.94594898624388, 32.23726091216194], [-110.94594569207739, 32.23725977491164], [-110.94594237512233, 32.23725868528271], [-110.94593903534991, 32.23725764598033], [-110.94593567595265, 32.237256656127265], [-110.94593229692094, 32.23725571662522], [-110.94592889826438, 32.23725482657248], [-110.9459254820857, 32.23725398778883], [-110.9459220494555, 32.23725319938065], [-110.94591860036415, 32.23725246224967], [-110.94591513799459, 32.237251776420415], [-110.94591166128583, 32.237251141884656], [-110.9459081723598, 32.237250558658744], [-110.94590467120692, 32.2372500276444], [-110.9459011599491, 32.237249548857925], [-110.94589763964733, 32.23724912230746], [-110.94589411136259, 32.237248748001164], [-110.94589057615582, 32.23724842594721], [-110.94588703402702, 32.23724815614557], [-110.94588348709816, 32.23724793861255], [-110.94587993642054, 32.23724777425806], [-110.94587638305521, 32.237247663090244], [-110.94587282807268, 32.237247604215476], [-110.94586932877505, 32.2372475971722], [-110.94553132826177, 32.237249509131736], [-110.94553150071471, 32.2372714977453], [-110.94586938777579, 32.23726958581647], [-110.94587254860484, 32.23726959206311], [-110.94587565272282, 32.23726964296503], [-110.94587875528117, 32.23726974074959], [-110.94588185416751, 32.23726988449867], [-110.9458849515134, 32.237270073326904], [-110.94588804305575, 32.23727030900517], [-110.94589112986515, 32.23727059063979], [-110.94589420982922, 32.23727091731282], [-110.9458972829384, 32.23727128992595], [-110.94590034813173, 32.23727170847106], [-110.94590340435781, 32.237272172038246], [-110.94590645055568, 32.23727268061934], [-110.94590948566436, 32.237273234206214], [-110.94591250862291, 32.23727383279069], [-110.9459155194313, 32.23727447637281], [-110.94591851596762, 32.23727516493626], [-110.94592149930241, 32.2372758975874], [-110.9459244651918, 32.23727667429368], [-110.94592741576731, 32.23727749416964], [-110.94593034888784, 32.237278359002495], [-110.94593326458217, 32.23727926608696]], [[-110.96702099933918, 32.22205476910104], [-110.96702433402758, 32.222053003130384], [-110.96702763208471, 32.22205118908767], [-110.96703089246843, 32.22204932516141], [-110.9670341151507, 32.22204741405692], [-110.96703729695845, 32.22204545484851], [-110.96704043787292, 32.222043449339715], [-110.96704353790349, 32.22204139662876], [-110.96704659490044, 32.222039299404976], [-110.9670496088825, 32.222037155864854], [-110.96705257769995, 32.22203496869774], [-110.96705550135277, 32.222032737903625], [-110.96705837877082, 32.2220304643763], [-110.96706120995407, 32.2220281481158], [-110.96706399171075, 32.2220257899999], [-110.96706672615305, 32.22202339094633], [-110.96706941008927, 32.222020951833], [-110.96707204350994, 32.222018473561555], [-110.96707462535434, 32.222015956124096], [-110.96707715561303, 32.222013400422405], [-110.96707963214571, 32.22201080824399], [-110.96708205601315, 32.22200817959689], [-110.96708442508438, 32.22200551536689], [-110.96708673935004, 32.22200281645573], [-110.96708899773994, 32.222000083757216], [-110.9670912002447, 32.22199731817313], [-110.96709334474274, 32.221994519687485], [-110.96709543227611, 32.22199169011182], [-110.96709746072321, 32.22198882943013], [-110.96709943111671, 32.221985940355744], [-110.96710134029296, 32.22198302106114], [-110.96710319033609, 32.22198007516938], [-110.96710497913382, 32.22197710176271], [-110.96710670773766, 32.22197410175087], [-110.9671083729464, 32.22197107691346], [-110.9671099768723, 32.22196802816821], [-110.96711151739375, 32.22196495549913], [-110.96711299448263, 32.22196186161153], [-110.9671144081577, 32.221958744701865], [-110.96711575838147, 32.22195560837721], [-110.9671170430417, 32.22195245171984], [-110.9671182631711, 32.221949277442945], [-110.96711941771824, 32.22194608463689], [-110.96712050559418, 32.22194287599894], [-110.96712152892056, 32.22193965154502], [-110.96712248556638, 32.22193641216097], [-110.9671233744615, 32.22193315874054], [-110.96712419770876, 32.22192989310321], [-110.96712495318656, 32.22192661523302], [-110.96712564193699, 32.2219233269415], [-110.96712626182904, 32.221920029114415], [-110.96712681497496, 32.2219167226695], [-110.9671271540975, 32.22191441023177], [-110.9671272992438, 32.22191340849253], [-110.96712771674775, 32.221910087501215], [-110.9671280642951, 32.22190676057341], [-110.96712834504947, 32.221903429536525], [-110.96712855688926, 32.221900094374654], [-110.96712869979575, 32.221896756891255], [-110.96712877482037, 32.221893417996085], [-110.96712878146627, 32.22189012548214], [-110.96712665122584, 32.22163816836691], [-110.96712465310145, 32.22140187152875], [-110.96712459251383, 32.22139861728797], [-110.9671244617154, 32.221395279551835], [-110.967124262998, 32.2213919440109], [-110.96712399529146, 32.221388611559036], [-110.96712365963782, 32.22138528400767], [-110.96712325602775, 32.22138196225858], [-110.9671227844612, 32.22137864631175], [-110.96712224385868, 32.221375337962705], [-110.9671216363324, 32.22137203812918], [-110.96712096080283, 32.221368748606686], [-110.96712021834011, 32.22136546850144], [-110.9671194078554, 32.221362200510725], [-110.96711915454664, 32.22136125890584], [-110.96711853040006, 32.22135894554432], [-110.96711758703492, 32.22135570361011], [-110.9671165766898, 32.22135247560193], [-110.9671155004068, 32.22134926333126], [-110.96711435817649, 32.22134606769981], [-110.96711314998953, 32.22134288960938], [-110.96711187795815, 32.22133972997765], [-110.96711053995136, 32.22133658969044], [-110.96710913914221, 32.22133346967339], [-110.96710767339974, 32.22133037081229], [-110.96710614483614, 32.22132729402492], [-110.9671045523719, 32.221324241106736], [-110.96710289813797, 32.22132121117193], [-110.96710118210623, 32.221318206925815], [-110.96709940427671, 32.22131522836835], [-110.96709756675224, 32.22131227731899], [-110.9670956674206, 32.22130935285999], [-110.96709370943607, 32.22130645772062], [-110.9670916917378, 32.22130359189282], [-110.96708961537732, 32.221300756286354], [-110.96708748139659, 32.22129795271267], [-110.96708528980503, 32.22129518027007], [-110.96708304164467, 32.22129244076997], [-110.96708073795756, 32.22128973602386], [-110.96707837875307, 32.22128706512999], [-110.96707596613408, 32.22128442990781], [-110.96707349797893, 32.22128183034137], [-110.96707097851213, 32.22127926826605], [-110.96706840561201, 32.22127674366589], [-110.96706578245166, 32.22127425746663], [-110.96706310795146, 32.221271811463694], [-110.96706038318165, 32.221269404763355], [-110.967057610245, 32.221267039185086], [-110.96705478808077, 32.22126471472085], [-110.96705191985258, 32.221262433198135], [-110.96704900450898, 32.22126019370714], [-110.96704604415284, 32.221257998067344], [-110.96704303877478, 32.22125584718051], [-110.96703998944494, 32.22125374015282], [-110.9670368982568, 32.22125167970551], [-110.96703376415896, 32.22124966492884], [-110.96703059031499, 32.22124769765021], [-110.96702737567351, 32.2212457769599], [-110.96702412233735, 32.221243904677344], [-110.96702083030651, 32.22124208080259], [-110.96701750275399, 32.221240306261215], [-110.96701413861898, 32.22123858104536], [-110.96701073895291, 32.22123690606462], [-110.96700730587736, 32.22123528133504], [-110.96700384043434, 32.22123370866804], [-110.96700034263327, 32.22123218716187], [-110.96699681458632, 32.221230717734194], [-110.96699325734492, 32.221229301294805], [-110.96698967091842, 32.22122793694189], [-110.96698605634887, 32.22122662648694], [-110.96698241681867, 32.22122536995388], [-110.9669787512576, 32.22122416823646], [-110.96697506179665, 32.22122302044891], [-110.96697134842641, 32.22122192749292], [-110.96696761432928, 32.221220889392434], [-110.96696385948647, 32.221219907951], [-110.96696008391676, 32.221218981365034], [-110.96695629078374, 32.22121811146197], [-110.96695248114821, 32.221217298249805], [-110.96694865395877, 32.22121654081882], [-110.966944812379, 32.2212158409964], [-110.96694095747908, 32.22121519788875], [-110.96693708924964, 32.22121461239768], [-110.9669332098216, 32.221214083637335], [-110.96692932023701, 32.22121361341919], [-110.96692542156606, 32.22121320084947], [-110.96692151486948, 32.221212845936165], [-110.96691760120811, 32.221212548687205], [-110.96691368269413, 32.22121231002031], [-110.96690975933689, 32.22121212903373], [-110.9669058332486, 32.22121200664513], [-110.96690190549006, 32.22121194286253], [-110.96689803230201, 32.221211936304826], [-110.96689479325225, 32.22121195525396], [-110.9668624600094, 32.22121214787649], [-110.96675112699555, 32.22121280826247], [-110.96684817746636, 32.22119867910834], [-110.96691732599074, 32.22118943193525], [-110.96691767546024, 32.22118938946989], [-110.96698683349308, 32.2211817773393], [-110.96698718287814, 32.22118174298953], [-110.96705655868533, 32.221175734098615], [-110.96705691010753, 32.221175707880384], [-110.96712645272784, 32.2211713063551], [-110.96712680406564, 32.22117128825245], [-110.96719646252846, 32.22116849912069], [-110.96719681378191, 32.22116848913362], [-110.96726679922607, 32.22116731037376], [-110.96853632913927, 32.221160581507995], [-110.96873024515476, 32.221158563913676], [-110.96892412013452, 32.221154570716074], [-110.96911881078941, 32.221149566978134], [-110.96913173993822, 32.22114923463166], [-110.9691446712273, 32.2211489004963], [-110.96915760362387, 32.22114856185877], [-110.96917053926825, 32.22114821693147], [-110.9691834771183, 32.22114786390297], [-110.96919641719278, 32.22114750096974], [-110.96920935844959, 32.22114712632029], [-110.96922230197757, 32.22114673725734], [-110.96923524673464, 32.22114633196941], [-110.96924824262479, 32.22114590632143], [-110.96937086480015, 32.22114090578858], [-110.96949341755597, 32.221134107277955], [-110.9696158138626, 32.22112551374492], [-110.96973796769522, 32.22111513356365], [-110.96975089632204, 32.2211139299863], [-110.9697637699276, 32.22111271246808], [-110.96977664050937, 32.22111147959482], [-110.9697895059271, 32.22111023315419], [-110.96980236722287, 32.22110897495763], [-110.96981522543875, 32.2211077068166], [-110.96982808054673, 32.22110643143642], [-110.96984093147664, 32.22110514971078], [-110.96985378032203, 32.22110386436097], [-110.96986662600341, 32.22110257718245], [-110.9709555874076, 32.220993443375946], [-110.97109550716868, 32.220980111458154], [-110.97123559735796, 32.22096814422034], [-110.9715512589836, 32.22094273045201], [-110.9716306005402, 32.22093750780576], [-110.97163095400747, 32.2209374888047], [-110.9717101914192, 32.22093412850196], [-110.97171054586326, 32.22093411762437], [-110.9717898415946, 32.22093260554883], [-110.97185865494554, 32.220934672876304], [-110.97185902926479, 32.22093468920165], [-110.97192774229697, 32.22093845568345], [-110.97192811652297, 32.22093848102615], [-110.97199667095266, 32.220943940815964], [-110.97199704402469, 32.22094397516809], [-110.97206538368037, 32.22095112333733], [-110.97206575559841, 32.22095116669889], [-110.97213382325708, 32.22095999740936], [-110.97213419296035, 32.22096004977244], [-110.9722018858408, 32.22097055143472], [-110.97228014294463, 32.22098720669081], [-110.97235922952542, 32.22100285083598], [-110.97243850511627, 32.22101735192672], [-110.9725210671967, 32.22103248083818], [-110.97260319785026, 32.22104881041137], [-110.97268498178492, 32.22106635661076], [-110.97276644546763, 32.22108512504567], [-110.97276925842026, 32.22108578815176], [-110.97276994188464, 32.22108596820984], [-110.97304088488981, 32.221164644615385], [-110.97308534734948, 32.22117798537984], [-110.97318971424068, 32.221210744097974], [-110.97329467986779, 32.22124264956275], [-110.9733707794417, 32.22126435269987], [-110.97337114336806, 32.221264451009375], [-110.97344783915177, 32.22128420609653], [-110.97344820635384, 32.22128429541198], [-110.97352555437885, 32.22130212090264], [-110.97352592379576, 32.22130220121613], [-110.97360385525481, 32.22131808216652], [-110.97360422794736, 32.22131815348596], [-110.97368267614533, 32.22133207586992], [-110.97368307648385, 32.2213321410826], [-110.97374443088914, 32.22134132576618], [-110.97374494153195, 32.22134139360517], [-110.9738066782541, 32.22134848526698], [-110.97380719226557, 32.22134853509432], [-110.97386921273944, 32.22135352398029], [-110.97386972798863, 32.22135355668194], [-110.97393193470049, 32.22135643394785], [-110.97393245119665, 32.22135644862203], [-110.97399474234295, 32.22135720990105], [-110.97399542243446, 32.221357203249376], [-110.97502953634526, 32.221323591488414], [-110.9751246225552, 32.22131970681892], [-110.97521966463329, 32.221314236338635], [-110.97531450016126, 32.221307189659875], [-110.97536232609309, 32.221303228791285], [-110.97536288023761, 32.22130319323769], [-110.97538949854504, 32.221301974694974], [-110.97541614246848, 32.22130269706742], [-110.97544261469226, 32.22130535978761], [-110.97546929841788, 32.221310044167936], [-110.9754943578101, 32.22131432956432], [-110.97549558892234, 32.22131448753258], [-110.9755209836835, 32.221316701220545], [-110.97552222750525, 32.22131675827862], [-110.97554775410927, 32.221316884313296], [-110.97554899897168, 32.22131684037436], [-110.97557442189209, 32.221314879707506], [-110.97557565508406, 32.22131473287319], [-110.97560073861784, 32.22131070359027], [-110.97560194950348, 32.221310456486876], [-110.97562646094427, 32.221304394732215], [-110.97562763887836, 32.221304050887866], [-110.97565135061957, 32.221296012684135], [-110.97565248391473, 32.221295573815475], [-110.97567517663201, 32.22128563508748], [-110.97567625569451, 32.221285105632234], [-110.97569771839225, 32.221273357697825], [-110.97569873149759, 32.22127274297969], [-110.97571876679434, 32.22125929439301], [-110.97571970540035, 32.221258599759416], [-110.97573812634656, 32.221243576286916], [-110.97573898297193, 32.22124280709315], [-110.97575561840026, 32.22122634724453], [-110.97575638340494, 32.22122551243712], [-110.9757710800427, 32.22120776838263], [-110.97577174698765, 32.221206875128274], [-110.97578436840519, 32.22118801178912], [-110.97578493084204, 32.22118706815631], [-110.97579535960226, 32.22116726051509], [-110.97579581320427, 32.2211662745881], [-110.97580395299343, 32.22114570680284], [-110.97580429235454, 32.221144688461514], [-110.9758100669492, 32.221123551152516], [-110.97581029091579, 32.22112250940656], [-110.97581364738382, 32.22110099787651], [-110.97581375161062, 32.221099942613705], [-110.97581465925953, 32.221078255937925], [-110.97581464364445, 32.221077197077605], [-110.97581309403067, 32.221055537202425], [-110.97581295847165, 32.22105448466392], [-110.97580896545612, 32.22103305099607], [-110.97580871197265, 32.221032014714474], [-110.97580231274442, 32.221011007735996], [-110.9758021418916, 32.22101049783419], [-110.97575684896604, 32.220886704268175], [-110.97574212134263, 32.220843301561075], [-110.97574198267827, 32.22084285953576], [-110.97572949187256, 32.220799306640075], [-110.97572937553136, 32.220798860271834], [-110.97571902762787, 32.22075490217408], [-110.97571893253973, 32.22075445235669], [-110.97571074370917, 32.22071016673482], [-110.97571067198636, 32.22070971438588], [-110.97570465735717, 32.22066517710628], [-110.97570460687805, 32.22066472221002], [-110.9757007773075, 32.220620011812684], [-110.97570074912358, 32.220619555278724], [-110.97569911019285, 32.22057474755875], [-110.97569910535555, 32.22057429029676], [-110.97569965943558, 32.22052946373081], [-110.9756996768748, 32.22052900663466], [-110.975702425285, 32.22048423878949], [-110.97570246393063, 32.22048378275303], [-110.97570742595518, 32.220438952025496], [-110.97570745830467, 32.2204386952458], [-110.97574008510303, 32.22020318356635], [-110.97577422317039, 32.21996759564024], [-110.97580983333563, 32.21973223148278], [-110.97582215203329, 32.21966064870973], [-110.97582221260319, 32.21966032991395], [-110.97583695802128, 32.21958931080615], [-110.97583702918958, 32.21958899299109], [-110.97585422635943, 32.219518372699675], [-110.97585430916827, 32.21951805767674], [-110.97587394153199, 32.21944789830346], [-110.97587403492987, 32.21944758516295], [-110.97589608594836, 32.21937794700592], [-110.97589618993526, 32.21937763574787], [-110.97592064094802, 32.21930857908926], [-110.97592075551461, 32.219308270615386], [-110.97594758573985, 32.21923985572151], [-110.97594771088612, 32.21923955003183], [-110.97597689531773, 32.21917183533373], [-110.97597703209516, 32.21917153333789], [-110.97600854678811, 32.219104577274436], [-110.97600869307512, 32.21910427895662], [-110.97604250985084, 32.21903813903326], [-110.97604266670818, 32.21903784440138], [-110.97607875843988, 32.21897257903312], [-110.97607892479748, 32.218972288981014], [-110.97611725802192, 32.21890795383011], [-110.97611743494053, 32.21890766836567], [-110.97615797724627, 32.21884432000402], [-110.9761581647352, 32.21884403822546], [-110.9762010463658, 32.218781493647285], [-110.97621874835257, 32.21875618301729], [-110.97625033911487, 32.218712307902045], [-110.97625060262318, 32.21871195815009], [-110.97628389924706, 32.218669417794914], [-110.97628417752229, 32.21866907626916], [-110.97631934155379, 32.21862763559588], [-110.97631963458664, 32.218627303198105], [-110.97635661449523, 32.21858702134237], [-110.97635692227641, 32.218586698974306], [-110.97639566655039, 32.21854763326832], [-110.97639598801915, 32.21854732092206], [-110.97643643985265, 32.21850952775669], [-110.97643677606047, 32.21850922634188], [-110.97647918154487, 32.21847250192942], [-110.97696347302265, 32.218060835311604], [-110.97701062167496, 32.218019723415296], [-110.97705834823283, 32.21797925068246], [-110.9776777618595, 32.21746124018537], [-110.97767797046728, 32.21746107038782], [-110.97771933405008, 32.217427981183725], [-110.97771976281312, 32.217427653398026], [-110.97776260612984, 32.217396328322415], [-110.97776305063702, 32.21739601688642], [-110.97780749363277, 32.21736634590395], [-110.9778079549356, 32.21736605172723], [-110.97785390894812, 32.217338094600166], [-110.97785438491583, 32.217337818568744], [-110.97790175921733, 32.21731162963309], [-110.97790224984993, 32.21731137174692], [-110.97795095054005, 32.217287004413436], [-110.97795145370681, 32.21728676555855], [-110.97800138269814, 32.21726426779603], [-110.97800189839909, 32.21726404797236], [-110.97805295763237, 32.217243465044426], [-110.97805348373672, 32.21724326513799], [-110.9781055720264, 32.21722463687424], [-110.97810610853419, 32.217224456885006], [-110.97815912153123, 32.217207821288035], [-110.97815966631178, 32.21720766210204], [-110.9782134986623, 32.21719305175614], [-110.9782140517156, 32.21719291337336], [-110.97826859704229, 32.21718035724817], [-110.97826915624688, 32.217180239652805], [-110.9783243060882, 32.217169763095264], [-110.9783248714441, 32.21716966628736], [-110.97838051526347, 32.21716129012011], [-110.97838108464, 32.217161214985616], [-110.97843711194734, 32.2171549555227], [-110.97843768533525, 32.217154902963415], [-110.97849398568691, 32.21715077201021], [-110.97849456097401, 32.217150741108625], [-110.978551309379, 32.217148741767296], [-110.97855159800457, 32.21714873398918], [-110.97989530043127, 32.217126787776145], [-110.97990943834358, 32.2171265579695], [-110.97992356767742, 32.21712633711597], [-110.97993768727954, 32.21712613422526], [-110.97995179812752, 32.21712595742116], [-110.97996590118036, 32.21712581663077], [-110.97997999425192, 32.217125718150704], [-110.979994078292, 32.217125672810006], [-110.98000811714266, 32.217125689358966], [-110.98004954857058, 32.21712613613502], [-110.98009096424913, 32.21712718790697], [-110.98010499186384, 32.21712767962492], [-110.98011906127081, 32.217128233877034], [-110.98013313649705, 32.21712884137851], [-110.98014721869579, 32.21712949311962], [-110.98016130795949, 32.217130180082776], [-110.98017540544137, 32.21713089325825], [-110.98018951016385, 32.21713162452233], [-110.98020364024292, 32.2171323658928], [-110.98021777985976, 32.21713310823416], [-110.98023191426554, 32.217133841517054], [-110.98024605840321, 32.21713455683394], [-110.98026021340745, 32.21713524697856], [-110.98027438044066, 32.217135902039466], [-110.98028855958604, 32.21713651390077], [-110.98030275093598, 32.21713707354492], [-110.98031699064833, 32.21713757222143], [-110.98035807008914, 32.21713862051347], [-110.98040057597431, 32.21713908415136], [-110.98041482911815, 32.2171391004387], [-110.98042903515675, 32.2171390550513], [-110.98044323219386, 32.21713895638781], [-110.9804574190671, 32.21713881435972], [-110.98047159676321, 32.217138636189], [-110.98048576411058, 32.21713843268887], [-110.980499921026, 32.217138211975175], [-110.98051406954781, 32.21713798217946], [-110.98068373209031, 32.21713520919148], [-110.98069758141573, 32.21713498347262], [-110.98071142322347, 32.21713476671483], [-110.98072525531812, 32.21713456611652], [-110.9807390797381, 32.21713438980918], [-110.98075289640946, 32.21713424500694], [-110.98076670418833, 32.217134139817745], [-110.9807805040431, 32.217134083267055], [-110.98079429483914, 32.217134082561074], [-110.98080807649332, 32.21713414581568], [-110.98082184893181, 32.21713428024492], [-110.98083561100147, 32.21713449485853], [-110.9808493626377, 32.21713479596884], [-110.98086310162665, 32.21713519257773], [-110.98087656916398, 32.217135680965626], [-110.98087688832027, 32.217135695953914], [-110.98093439919418, 32.21713900032422], [-110.98093491754048, 32.21713903933256], [-110.9809920265903, 32.21714428955126], [-110.98099254156969, 32.21714434657101], [-110.98104935699547, 32.21715154343957], [-110.98104986861722, 32.21715161756893], [-110.98110629823887, 32.21716075048545], [-110.98110680650302, 32.21716084172446], [-110.98116275819577, 32.21717189467662], [-110.98116326098084, 32.21717200300956], [-110.98121864475046, 32.217184959099185], [-110.98121914311722, 32.217185084533895], [-110.98127405941504, 32.21719997606905], [-110.98127436300095, 32.217200061283634], [-110.98128710015868, 32.21720381424963], [-110.981300048811, 32.21720773651922], [-110.98131296893395, 32.217211751464625], [-110.98132586061067, 32.21721585097], [-110.98133872815806, 32.21722002785271], [-110.98135157271074, 32.21722427490654], [-110.9813643986041, 32.21722858314526], [-110.981377209085, 32.21723294628012], [-110.98139000528808, 32.217237357104906], [-110.98140279260944, 32.21724180664128], [-110.98141557428676, 32.21724628950223], [-110.98142835252459, 32.217250797587646], [-110.98144113164909, 32.21725532281303], [-110.98145391491632, 32.21725985798789], [-110.98261963783176, 32.217673567223166], [-110.98263243072851, 32.21767810595833], [-110.98264523428945, 32.21768263935999], [-110.98265805388289, 32.21768716115511], [-110.98267089170409, 32.217691664145235], [-110.98268375314905, 32.217696139351965], [-110.98269663934303, 32.21770058047082], [-110.98270955567278, 32.21770497942513], [-110.98272250433358, 32.217709329016465], [-110.98273548859062, 32.21771362115255], [-110.98274851276068, 32.21771784865061], [-110.98276157798745, 32.21772200340263], [-110.98277468753616, 32.217726077316264], [-110.98278784467202, 32.21773006229923], [-110.98280112033665, 32.21773397150113], [-110.98282548654981, 32.21774083585738], [-110.98284994253197, 32.21774732481002], [-110.98287452847175, 32.21775345037964], [-110.98289923591055, 32.21775920979825], [-110.98292405850192, 32.21776460121513], [-110.98294898775958, 32.217769624567644], [-110.98297401628557, 32.21777427709554], [-110.98299913667273, 32.21777855694038], [-110.98302434043471, 32.217782464039466], [-110.98304962122509, 32.21778599654215], [-110.98307497056673, 32.217789153484055], [-110.98310037999173, 32.217791932998836], [-110.98312584418673, 32.21779433594907], [-110.9831513525623, 32.217796360452894], [-110.98317689875357, 32.21779800646328], [-110.98320247534414, 32.21779927302356], [-110.98322807384763, 32.217800160071064], [-110.98325368684762, 32.2178006666492], [-110.9832793058485, 32.217800793597], [-110.98330492449466, 32.2178005399658], [-110.98333053322051, 32.2177999074885], [-110.98335612567959, 32.21779889431467], [-110.98338169231559, 32.217797501275584], [-110.98340722781514, 32.21779572923382], [-110.98343272156116, 32.21779357901286], [-110.98345814382446, 32.21779105309875], [-110.98347301986016, 32.21778940075062], [-110.98348784080822, 32.217787637069286], [-110.98350262986709, 32.217785775753384], [-110.9835173890201, 32.21778383034504], [-110.98353212130206, 32.21778181529584], [-110.98354682761716, 32.2177797459436], [-110.983561512061, 32.21777763674777], [-110.98357617556536, 32.21777550034082], [-110.98359023370035, 32.217773431609814], [-110.98359085509098, 32.21777335322846], [-110.98361160526782, 32.21777125723723], [-110.98363245007316, 32.217771009785885], [-110.9836532123064, 32.21777261497745], [-110.98366250412472, 32.21777417879085], [-110.98358073972841, 32.217786154855986], [-110.98356708860763, 32.217788153542365], [-110.98355344395218, 32.217790142354865], [-110.98353980477495, 32.217792114071614], [-110.98352616902817, 32.217794061462854], [-110.98351253680393, 32.217795975511], [-110.98349890498444, 32.21779784988024], [-110.98348527261035, 32.21779967464338], [-110.98347163974611, 32.217801443488135], [-110.98345800435317, 32.21780314828297], [-110.98344436544447, 32.217804781805995], [-110.98343072312139, 32.217806334137826], [-110.98341707532694, 32.21780779895053], [-110.9834034231956, 32.21780916903782], [-110.98338979019309, 32.2178104319474], [-110.98336470920415, 32.21781246887141], [-110.9833396171871, 32.21781413145052], [-110.98331449503011, 32.217815421347304], [-110.98328935016802, 32.21781633771479], [-110.98326419001725, 32.21781688150962], [-110.98323902201261, 32.217817051884765], [-110.98321385464048, 32.217816848902956], [-110.98318869532649, 32.21781627261904], [-110.9831635525662, 32.21781532219389], [-110.98313843163608, 32.21781400037204], [-110.98311334316244, 32.21781230542827], [-110.98308829244017, 32.21781023830355], [-110.98306328794641, 32.21780779996232], [-110.98303833710675, 32.21780499045951], [-110.98301344838916, 32.21780181166134], [-110.98298862814922, 32.21779826451658], [-110.9829638848733, 32.21779434908799], [-110.98293922596856, 32.21779006723397], [-110.98291465778141, 32.217785420805164], [-110.9828901898589, 32.21778040987208], [-110.98286582854746, 32.217775036285346], [-110.98284158018421, 32.217769302797336], [-110.98281745430705, 32.21776321038037], [-110.98279344562164, 32.217756758093614], [-110.98277446601418, 32.21775137825538], [-110.98276149707361, 32.217747558794045], [-110.98274854827875, 32.21774363667189], [-110.98273562801428, 32.21773962187096], [-110.98272273619725, 32.217735522507134], [-110.98270986851091, 32.21773134576312], [-110.9826970238208, 32.21772709884519], [-110.98268419779173, 32.217722790739536], [-110.98267138717686, 32.217718427735015], [-110.98265859084177, 32.21771401703786], [-110.98264580339043, 32.217709567626486], [-110.98263302158527, 32.217705084887925], [-110.98262024322186, 32.21770057692234], [-110.98260746397416, 32.21769605181421], [-110.98259468058615, 32.217691516754115], [-110.98149780470828, 32.217302241222555], [-110.9814850119138, 32.21729770327612], [-110.98147220847618, 32.217293168856926], [-110.98145938899935, 32.2172886469434], [-110.98144655128796, 32.217284144733895], [-110.98143369103434, 32.217279668509256], [-110.98142080390319, 32.217275227255776], [-110.98140788769913, 32.21727082817179], [-110.98139493916607, 32.21726647844778], [-110.9813819550386, 32.21726218617608], [-110.9813689320606, 32.21725795854715], [-110.98135586590598, 32.21725380364544], [-110.98134275649159, 32.21724972958676], [-110.98132960055207, 32.21724574446343], [-110.98131645300637, 32.21724187212927], [-110.98131614835954, 32.217241786906904], [-110.98126043223483, 32.21722668114902], [-110.98125993387701, 32.21722655481267], [-110.98120354786302, 32.21721336496522], [-110.98120304295615, 32.21721325661672], [-110.98114607913173, 32.21720200320045], [-110.98114557086731, 32.21720191196158], [-110.98108812132043, 32.21719261459561], [-110.98108760863764, 32.21719254045855], [-110.98102976552066, 32.21718521244984], [-110.98102924947104, 32.21718515632417], [-110.98097110705777, 32.21717981099555], [-110.98097058871122, 32.21717977198736], [-110.98091224027928, 32.2171764163417], [-110.98091192112287, 32.21717640135349], [-110.98089801987106, 32.21717589623119], [-110.98088406029517, 32.2171754925821], [-110.98087010713783, 32.21717518727812], [-110.98085616050061, 32.21717497040002], [-110.9808422204666, 32.21717483383187], [-110.98082828923117, 32.21717477037537], [-110.98081436688665, 32.21717477101287], [-110.98080045245541, 32.21717482762075], [-110.98078654813285, 32.21717493300061], [-110.98077265188982, 32.21717507811915], [-110.98075876592169, 32.21717525577805], [-110.98074488926011, 32.217175456951836], [-110.98073102197895, 32.21717567442642], [-110.98071716203987, 32.21717590007033], [-110.98051500180303, 32.217179204398626], [-110.98050085324711, 32.2171794368996], [-110.98048669611273, 32.21717967835376], [-110.98047253030752, 32.21717993777862], [-110.98045835573902, 32.217180224191814], [-110.98044417339405, 32.217180544815314], [-110.98042998210094, 32.21718091046226], [-110.980415783898, 32.217181329264264], [-110.98040154261804, 32.21718181087352], [-110.98035979410652, 32.21718362815604], [-110.98031808710708, 32.21718605266211], [-110.98030388012894, 32.21718701699208], [-110.98028972453578, 32.21718803941804], [-110.9802755832567, 32.21718911425442], [-110.98026145639342, 32.2171902315819], [-110.98024734295909, 32.217191384178534], [-110.98023324094311, 32.21719256120752], [-110.98021915148017, 32.21719375546264], [-110.98020505555996, 32.21719495868661], [-110.98019097025617, 32.21719616108586], [-110.98017690839949, 32.217197352835285], [-110.98016285415261, 32.21719852660298], [-110.9801488054865, 32.21719967335562], [-110.98013476355435, 32.217200784083516], [-110.98012072525714, 32.217201850647236], [-110.98010669173883, 32.217202864938805], [-110.98009269813366, 32.21720381459299], [-110.980050657869, 32.217206253676046], [-110.9800099802586, 32.21720801835523], [-110.97999595120676, 32.217208493374834], [-110.97998187504052, 32.21720890762135], [-110.979967787733, 32.21720927037955], [-110.97995368920098, 32.21720958976533], [-110.97993958041275, 32.21720987480406], [-110.97992546235514, 32.217210132717696], [-110.9799113338564, 32.21721037431951], [-110.97989719591263, 32.21721060592967], [-110.97927666189932, 32.21722074436963], [-110.97925800723104, 32.21722105063308], [-110.97923934610567, 32.21722136586416], [-110.97922067735139, 32.21722170087608], [-110.9792020019457, 32.217222063792605], [-110.97918331978676, 32.217222464532995], [-110.97916463078201, 32.21722291211486], [-110.97914593695114, 32.2172234164733], [-110.9791272381923, 32.217223987527625], [-110.97910853548291, 32.21722463340154], [-110.97908982871185, 32.21722536491614], [-110.9790711199173, 32.217226190202986], [-110.97905241005812, 32.217227119189324], [-110.97903362684593, 32.217228166669955], [-110.97895836026677, 32.21723360279945], [-110.9789579599845, 32.217233636805034], [-110.97888305396192, 32.21724104786032], [-110.97888265462926, 32.21724109269462], [-110.97880805504164, 32.217250480078356], [-110.97880765878932, 32.21725053485538], [-110.97873331565626, 32.21726190992095], [-110.97871485681472, 32.21726504658895], [-110.97869650516857, 32.21726828144697], [-110.97867818644673, 32.2172716157476], [-110.97865989967168, 32.21727504136719], [-110.97864164070228, 32.21727854835486], [-110.97862340963103, 32.21728212769312], [-110.97860520338678, 32.21728576853718], [-110.97858701992206, 32.217289463657295], [-110.97856885721721, 32.21729320311835], [-110.9785507121918, 32.21729697697742], [-110.97853258174692, 32.21730077709506], [-110.97851446492366, 32.21730459354406], [-110.97849635756236, 32.21730841817714], [-110.97847623552968, 32.217312670651886], [-110.9784230361445, 32.217324936547556], [-110.97842250862281, 32.21732506790618], [-110.9783701014889, 32.21733921004919], [-110.97836958118855, 32.21733936130136], [-110.97831792912113, 32.21735538482767], [-110.97831741712135, 32.21735555417778], [-110.97826661271783, 32.217373429113515], [-110.97826610901863, 32.21737361656157], [-110.97821612025928, 32.217393361608345], [-110.97807782297856, 32.217451051867535], [-110.97797084636916, 32.21749493492027], [-110.97797054697256, 32.21749506165822], [-110.97782638361986, 32.21755815962061], [-110.97782604043545, 32.21755831489148], [-110.97779973076838, 32.2175706927554], [-110.97779906322417, 32.21757102958976], [-110.97777367352828, 32.217584726439426], [-110.97777303109902, 32.21758509682777], [-110.97774865310818, 32.21760006374464], [-110.97774803793395, 32.217600465899224], [-110.97772476024626, 32.21761664943232], [-110.97772417446704, 32.217617081565464], [-110.97770208043272, 32.21763442281393], [-110.97770179910007, 32.21763464978822], [-110.97707595042026, 32.21815626855098], [-110.97670385285461, 32.21846639275584], [-110.97664824821777, 32.21851427118144], [-110.97664795700814, 32.21851452964378], [-110.9765942893554, 32.21856385725551], [-110.97659400866031, 32.21856412481416], [-110.97654225984776, 32.21861491230146], [-110.97654198968577, 32.218615187152984], [-110.97649221542142, 32.21866738172475], [-110.97649195579253, 32.21866766386909], [-110.97644420969111, 32.218721210013186], [-110.97644395953456, 32.21872149944249], [-110.97639829204752, 32.21877633981961], [-110.97639805350342, 32.218776634746185], [-110.97635451190959, 32.21883271109152], [-110.97635428495938, 32.21883301331886], [-110.97631291654729, 32.218890266465884], [-110.97631270120029, 32.218890575092246], [-110.97627354904363, 32.218948943137505], [-110.97627334636987, 32.218949257269045], [-110.97623645247268, 32.219008679202915], [-110.97623626141143, 32.21900899883168], [-110.97620166461436, 32.219069411817266], [-110.97620148622642, 32.21906973695127], [-110.9761692243376, 32.21913107543842], [-110.97616905863222, 32.219131405175844], [-110.97613993114547, 32.219192161850124], [-110.97613918104501, 32.219193611817], [-110.97613901978677, 32.2191939217473], [-110.97611148278132, 32.219257018764544], [-110.97607255145024, 32.219350886082076], [-110.97605309071511, 32.21940027409318], [-110.9760529674398, 32.2194006041462], [-110.97603537801, 32.2194504064901], [-110.97603526636593, 32.219450740236944], [-110.97601953305909, 32.219500989267196], [-110.97601943411632, 32.21950132581403], [-110.9760055712454, 32.219551971135566], [-110.97600548607404, 32.21955230958852], [-110.97599350794275, 32.21960330170804], [-110.97599343441198, 32.21960364295306], [-110.97598335428201, 32.219654930565646], [-110.97598327409146, 32.21965540342781], [-110.9758800988189, 32.220370178043055], [-110.97587860718643, 32.220382646414926], [-110.97587857893197, 32.22038291765438], [-110.97587490848892, 32.22042369076608], [-110.97587487529869, 32.22042423522219], [-110.97587358543548, 32.220465111725574], [-110.97587358405954, 32.22046565732031], [-110.97587468109573, 32.220506538963406], [-110.97587471156196, 32.2205070829915], [-110.97587819018561, 32.22054786782838], [-110.97587825249407, 32.22054841028979], [-110.9758841063138, 32.220588998169994], [-110.97588420047383, 32.22058953816301], [-110.97589241354187, 32.22062982976667], [-110.97589253852986, 32.220630363676335], [-110.97590309065515, 32.220670259651826], [-110.97590324752265, 32.22067078838776], [-110.97591611320078, 32.220710190245626], [-110.97591620279611, 32.220710452442106], [-110.976061428995, 32.22111589863863], [-110.97606269007687, 32.22111953336489], [-110.97606386233072, 32.22112314037531], [-110.9760649590918, 32.22112676395865], [-110.97606598142093, 32.22113040412279], [-110.97606692934595, 32.22113405816248], [-110.97606780287613, 32.221137725175915], [-110.97606859988989, 32.22114140514736], [-110.97606932146657, 32.22114509628118], [-110.97606996655463, 32.22114879766773], [-110.97607053622419, 32.22115250841312], [-110.976071029433, 32.22115622670599], [-110.97607144619033, 32.22115995164453], [-110.97607178756627, 32.22116368233491], [-110.97607205038767, 32.22116741785169], [-110.97607223786483, 32.22117115551326], [-110.9760723478668, 32.22117489620561], [-110.97607238147296, 32.22117863813311], [-110.97607233763182, 32.221182380386104], [-110.97607221743199, 32.221186120267255], [-110.97607202086418, 32.221189858678265], [-110.97607174689543, 32.221193592906005], [-110.97607139658658, 32.221197322958346], [-110.97607096995613, 32.22120104703178], [-110.97607046700409, 32.221204765126295], [-110.97606988670684, 32.22120847362697], [-110.97606923116733, 32.22121217435315], [-110.97606850042274, 32.22121586369775], [-110.97606769340294, 32.22121954255464], [-110.97606681013582, 32.22122320821858], [-110.97606585274293, 32.22122686070531], [-110.97606482018206, 32.22123049820347], [-110.97606371352327, 32.22123411981916], [-110.97606253277586, 32.22123772465061], [-110.97606127689757, 32.22124131088644], [-110.97605994907077, 32.22124487855033], [-110.97605854720177, 32.22124842492119], [-110.97605707340284, 32.221251950916596], [-110.97605552769255, 32.22125545473302], [-110.97605390902864, 32.221258934559], [-110.97605222060281, 32.22126238951654], [-110.97605046029345, 32.2212658195898], [-110.97604863024071, 32.22126922299107], [-110.9760467304632, 32.221272597916844], [-110.97604476201236, 32.2212759452767], [-110.9760427249161, 32.22127926236544], [-110.97604062024445, 32.221282548289196], [-110.97603844905824, 32.22128580305581], [-110.97603621031523, 32.22128902485389], [-110.97603390613698, 32.22129221369925], [-110.97603153655137, 32.22129536688657], [-110.97602910367073, 32.221298485333406], [-110.97602660540127, 32.22130156631871], [-110.97602404598621, 32.221304609874025], [-110.97602142331323, 32.22130761508184], [-110.9760187395132, 32.221310581056194], [-110.97601599565618, 32.221313506903144], [-110.9760131917515, 32.221316391721004], [-110.97601032886924, 32.22131923461586], [-110.97600740914955, 32.22132203380002], [-110.97600443152233, 32.221324790167316], [-110.97600139813704, 32.22132750102825], [-110.97599830898439, 32.221330167284606], [-110.97599516620457, 32.22133278714867], [-110.97599196980686, 32.22133535971862], [-110.97598872086132, 32.22133788410065], [-110.9759854204288, 32.22134036030262], [-110.97598207064011, 32.221342787438545], [-110.97597867044381, 32.2213451645988], [-110.97597522304082, 32.22134749000352], [-110.97597172736107, 32.221349764546616], [-110.97596818553545, 32.22135198734207], [-110.97596459970414, 32.22135415660215], [-110.97596096880633, 32.221356272318985], [-110.97595729602442, 32.22135833451622], [-110.9759535803162, 32.22136034138251], [-110.97594982486405, 32.22136229294147], [-110.97594602967726, 32.22136418829135], [-110.97594219582595, 32.221366026538306], [-110.97593832542239, 32.22136780859987], [-110.9759344184852, 32.22136953267253], [-110.97593047713595, 32.22137119877208], [-110.97592650139323, 32.22137280509497], [-110.97592249442086, 32.22137435346844], [-110.9759184551859, 32.221375841179295], [-110.9759143868615, 32.22137726915296], [-110.97591028945692, 32.221378636487714], [-110.9759061650938, 32.22137994319932], [-110.9759020137814, 32.221381188386026], [-110.9758978376413, 32.221382372063616], [-110.97589363881372, 32.221383492444346], [-110.97588941621929, 32.221384551323894], [-110.97588517305897, 32.22138554692237], [-110.9758809103843, 32.22138648014944], [-110.97587662927464, 32.2213873492095], [-110.97587233078151, 32.22138815501214], [-110.97586801597501, 32.22138889666358], [-110.97586368696746, 32.22138957508135], [-110.97585934483823, 32.22139018846979], [-110.97585499064813, 32.221390736836845], [-110.97585062650948, 32.22139122110001], [-110.97584625243158, 32.221391640357545], [-110.97584182381452, 32.22139199878664], [-110.9758411093127, 32.221392050283434], [-110.97487386601695, 32.2214605653047], [-110.97483641575823, 32.221462843836804], [-110.97483611325416, 32.22146285871746], [-110.97479860920413, 32.22146438651817], [-110.97461459107909, 32.22147005391122], [-110.97449006619432, 32.22147477660366], [-110.97436559089189, 32.2214812734348], [-110.9742412606829, 32.221489540607664], [-110.97411711697777, 32.221499573922294], [-110.97397403995764, 32.22151307952625], [-110.97383122117904, 32.221528387840536], [-110.97368868611137, 32.221545497252315], [-110.97354646450454, 32.22156440257342], [-110.9734045882115, 32.22158510043523], [-110.97326319217842, 32.22160756930036], [-110.97313569460663, 32.22162768337831], [-110.97300790480192, 32.22164588868519], [-110.97287975689079, 32.22166219555027], [-110.97276223658865, 32.221675447804344], [-110.97175926710538, 32.22178162455765], [-110.97154640825741, 32.22180255531174], [-110.9713332075988, 32.22182031954505], [-110.97111964709002, 32.22183491982674], [-110.97101598186171, 32.2218408592857], [-110.97028199412716, 32.22188025415016], [-110.97017295944124, 32.22188642055523], [-110.9700639766106, 32.22189321221949], [-110.96912124339227, 32.22195468360759], [-110.96883985025777, 32.22197093136997], [-110.96876806233318, 32.221974406149656], [-110.9670191542409, 32.22205570846766], [-110.96702099933918, 32.22205476910104]], [[-110.98375300186323, 32.217783236424], [-110.98451667886934, 32.21767137473268], [-110.984521979294, 32.21767059946859], [-110.98452726477596, 32.21766983311237], [-110.98453253419007, 32.21766908196852], [-110.98453778960264, 32.21766835146321], [-110.9845430320008, 32.2176676488184], [-110.98454826239012, 32.217666979452446], [-110.9845534807062, 32.217666349677664], [-110.98455868899694, 32.21766576672378], [-110.98456388616482, 32.21766523419], [-110.9845690721362, 32.21766475929044], [-110.98457424790745, 32.21766434834522], [-110.98457941237182, 32.21766400585534], [-110.98458456440419, 32.21766373812526], [-110.98458970394015, 32.21766355146735], [-110.9845948277422, 32.21766345126867], [-110.98459979044073, 32.21766344096647], [-110.98460008108809, 32.21766344310957], [-110.98460486991722, 32.21766352621707], [-110.98460517747226, 32.21766353479762], [-110.98460981896011, 32.217663710608576], [-110.98463194878623, 32.217665818121155], [-110.98465340583299, 32.21766992182521], [-110.98467420518229, 32.21767599928659], [-110.98469409615345, 32.21768397831486], [-110.98471283893997, 32.217693760646824], [-110.9847302077088, 32.21770523008596], [-110.98474599381949, 32.21771824891861], [-110.98476000793639, 32.217732658831494], [-110.98477207996429, 32.21774828722397], [-110.98478219059744, 32.217765154696274], [-110.98478401745264, 32.21776878539526], [-110.98478413591376, 32.21776902795842], [-110.98478591243801, 32.21777280889159], [-110.98478601722887, 32.217773039630195], [-110.98478775275746, 32.21777699160838], [-110.98478944633999, 32.217781103802665], [-110.98479104931668, 32.217785258616715], [-110.98479256914962, 32.217789452498224], [-110.98479401010943, 32.21779368277317], [-110.9847953796582, 32.21779794588929], [-110.98479668206656, 32.217802239172606], [-110.98479792582975, 32.217806561783874], [-110.98479911627918, 32.217810911056944], [-110.98480026085852, 32.217815285243006], [-110.98480136488998, 32.21781968257765], [-110.98480243687803, 32.21782410131996], [-110.98480348320557, 32.21782853971327], [-110.98480451023718, 32.21783299780455], [-110.9848055275473, 32.21783747295888], [-110.98480653939731, 32.21784196340403], [-110.98504939510072, 32.21892066204154], [-110.98512785870697, 32.21926916901245], [-110.98513390256659, 32.21929734426137], [-110.98513935727593, 32.2193255566523], [-110.98514423302835, 32.2193538468426], [-110.9851485297314, 32.21938222384997], [-110.98515077950763, 32.219398898086936], [-110.9851953243538, 32.21974475977792], [-110.98520157222731, 32.21978799253637], [-110.98520161808993, 32.21978828055733], [-110.98520919118258, 32.21983128590015], [-110.98520924661065, 32.219831572187935], [-110.98521816709368, 32.21987446481036], [-110.98526404646228, 32.22007929588184], [-110.98526505091306, 32.22008378807139], [-110.985266044894, 32.22008826665642], [-110.9852670209612, 32.22009273338565], [-110.98526797275917, 32.22009718731046], [-110.98526889071326, 32.220101631065795], [-110.98526976951952, 32.220106064612544], [-110.98527060067326, 32.22011048969172], [-110.98527137887976, 32.22011490536244], [-110.98527209563433, 32.220119313365764], [-110.98527274457224, 32.22012371365472], [-110.98527331933796, 32.22012810528069], [-110.98527381249683, 32.22013248909074], [-110.98527421769326, 32.22013686413616], [-110.98527452752016, 32.220141228558724], [-110.98527473561279, 32.220145582311545], [-110.98527483476295, 32.22014979998754], [-110.98527483648668, 32.220150047100965], [-110.98527482361312, 32.220154118757264], [-110.98527481881585, 32.220154381153705], [-110.9852746847402, 32.22015858268192], [-110.98527451886481, 32.220161533141045], [-110.98527429021915, 32.22016450117422], [-110.98527400114544, 32.220167465154816], [-110.9852736505829, 32.220170425075], [-110.98527324068067, 32.22017337824513], [-110.98527276930798, 32.22017632555137], [-110.985272237544, 32.220179265197984], [-110.98527164538874, 32.22018219718499], [-110.98527099286976, 32.22018511880708], [-110.98527028103868, 32.22018803097385], [-110.98526950991382, 32.22019093188175], [-110.98526867843444, 32.220193821523004], [-110.98526778767972, 32.2201966981019], [-110.98526683871958, 32.22019956072449], [-110.98526583156325, 32.22020240848898], [-110.98526476514995, 32.22020524138759], [-110.98526364054963, 32.22020805852637], [-110.98526245884148, 32.2202108581096], [-110.98526122003467, 32.22021363923554], [-110.98525992412922, 32.22021640190417], [-110.9852585711343, 32.220219145213754], [-110.98525716318987, 32.22022186737634], [-110.98525569816516, 32.220224569278145], [-110.98525417927013, 32.22022724823725], [-110.98525260438318, 32.220229904238074], [-110.9852509756351, 32.22023253639447], [-110.98524929302586, 32.22023514470647], [-110.98524755763464, 32.22023772737832], [-110.98524576947065, 32.22024028350826], [-110.98524392853385, 32.22024281309632], [-110.98524203590345, 32.220245314346776], [-110.98524009263105, 32.220247788169196], [-110.98523809874419, 32.22025023185832], [-110.98523605529448, 32.220252646323715], [-110.98523396230033, 32.22025502976185], [-110.98523182083169, 32.220257381278785], [-110.98522963087936, 32.22025970177627], [-110.98522739459253, 32.22026198856466], [-110.9852251109012, 32.220264242537894], [-110.98522278089374, 32.22026646099853], [-110.98522040667332, 32.2202686457657], [-110.98521798719759, 32.22027079502807], [-110.98521552460646, 32.220272906997735], [-110.98521301888157, 32.220274983478234], [-110.98521047112048, 32.22027702087031], [-110.98520788129562, 32.2202790218793], [-110.98520525156532, 32.220280982913735], [-110.98520258085962, 32.22028290486759], [-110.98519987237007, 32.220284786862535], [-110.98519712503588, 32.220286628890754], [-110.98519433992705, 32.220288430058304], [-110.98519151812273, 32.22029018856952], [-110.98518866173534, 32.22029190534173], [-110.98518576970406, 32.22029358036713], [-110.98518284417808, 32.220295210956095], [-110.985179885139, 32.22029679891216], [-110.98517689472679, 32.22029834244736], [-110.98517387188987, 32.22029984065221], [-110.9851708198014, 32.22030129445184], [-110.98516773847057, 32.220302702944544], [-110.9851646279066, 32.22030406522855], [-110.98516149023104, 32.22030538131946], [-110.98515832545311, 32.22030665031554], [-110.98515513569441, 32.220307872232404], [-110.98515192095492, 32.22030904707007], [-110.98514868337459, 32.22031017304067], [-110.98514542293508, 32.22031125194766], [-110.98514212901927, 32.22031228461467], [-110.98513955493637, 32.2203130538419], [-110.98513484924122, 32.220314375511144], [-110.98513455563615, 32.22031445451186], [-110.9851299712353, 32.22031563729159], [-110.9851296925824, 32.220315706482374], [-110.98512491243233, 32.22031683912061], [-110.98511994819245, 32.22031792260511], [-110.98511494126949, 32.22031892641402], [-110.98510989691215, 32.22031985599702], [-110.98510481613529, 32.22032071587067], [-110.98509970205689, 32.22032151237079], [-110.98509455887414, 32.22032225003739], [-110.98508938653187, 32.22032293428107], [-110.98508418707809, 32.22032357233154], [-110.98507896258836, 32.22032416871319], [-110.98507371512913, 32.220324728852226], [-110.9850684446268, 32.220325259962756], [-110.9850631531478, 32.220325767470946], [-110.98505784062773, 32.2203262576891], [-110.98505250806299, 32.220326736937395], [-110.98504715857159, 32.220327211551535], [-110.98423691360571, 32.22039891787174], [-110.98423156413435, 32.22039938974595], [-110.9842262295876, 32.220399854515385], [-110.98422091322152, 32.22040030498949], [-110.98421561085735, 32.22040073482463], [-110.98421032574191, 32.22040113773196], [-110.98420505368728, 32.22040150826965], [-110.98419979794029, 32.22040184014883], [-110.98419455539222, 32.22040212613198], [-110.98418932821069, 32.22040236172594], [-110.98418411539932, 32.220402540610564], [-110.98417891913498, 32.22040265739098], [-110.9841737394913, 32.220402704853065], [-110.98416857756591, 32.220402679397644], [-110.98416343450246, 32.22040257291669], [-110.98415831351095, 32.22040238272842], [-110.98415336203178, 32.22040211082244], [-110.98415307261145, 32.22040209155253], [-110.98414830020094, 32.220401737097426], [-110.98414799388166, 32.22040171048825], [-110.9841430804671, 32.2204012431661], [-110.9841396355633, 32.22040085341301], [-110.98413617530005, 32.22040040943686], [-110.98413272509947, 32.22039991503255], [-110.9841292860408, 32.22039936840432], [-110.98412585809639, 32.22039877225752], [-110.98412244341544, 32.22039812390249], [-110.98411904303117, 32.22039742605233], [-110.98411565696196, 32.22039667690352], [-110.9841122862502, 32.220395878267425], [-110.98410893301745, 32.220395030159736], [-110.98410559727296, 32.2203941316786], [-110.98410228112907, 32.220393183741514], [-110.98409898457659, 32.22039218725021], [-110.98409570868553, 32.22039114131075], [-110.98409245555906, 32.220390047742306], [-110.98408922414558, 32.22038890563529], [-110.98408601761828, 32.220387715914974], [-110.98408283597715, 32.22038647858134], [-110.98407968027377, 32.220385194543944], [-110.98407655050814, 32.22038386380284], [-110.98407344985343, 32.22038248728325], [-110.98407037725808, 32.22038106407557], [-110.98406733482523, 32.22037959599904], [-110.98406432255487, 32.22037808305357], [-110.98406134150784, 32.22037652524705], [-110.98405839273569, 32.220374923489025], [-110.98405547835078, 32.22037327869693], [-110.98405358294207, 32.22037220416329], [-110.98405259729236, 32.22037159086298], [-110.98405174302583, 32.22037109757326], [-110.98404975168198, 32.22036986000279], [-110.98404694150125, 32.22036808791989], [-110.98404416888091, 32.22036627372817], [-110.98404143380262, 32.220364419231174], [-110.98403873732711, 32.22036252443668], [-110.98403607945438, 32.22036058934476], [-110.98403346228764, 32.220358615774515], [-110.98403088583605, 32.22035660282425], [-110.9840283511328, 32.22035455320705], [-110.98402585925709, 32.22035246512721], [-110.9840234101813, 32.220350341290036], [-110.98402100497543, 32.2203481808016], [-110.98401864575182, 32.22034598457928], [-110.98401633037052, 32.220343754411], [-110.98401406201384, 32.22034149032018], [-110.98401183962105, 32.220339192299036], [-110.98400966529526, 32.22033686216675], [-110.9840075390365, 32.22033449992328], [-110.98400546188712, 32.22033210738004], [-110.98400343386557, 32.22032968273344], [-110.98400145705655, 32.22032722960624], [-110.9839995293477, 32.220324747080994], [-110.98399765391217, 32.220322236082936], [-110.9839958296708, 32.220319698407806], [-110.98399405769352, 32.22031713316162], [-110.98399233901353, 32.22031454305748], [-110.98399067364002, 32.2203119271937], [-110.98398906262456, 32.2203092864798], [-110.98398750593955, 32.22030662362111], [-110.98398600360336, 32.220303936814055], [-110.98398455770997, 32.22030122877966], [-110.98398316613782, 32.22029849950216], [-110.98398183206001, 32.22029574990687], [-110.98398055440656, 32.22029298088771], [-110.98397933315906, 32.2202901942482], [-110.98397817044827, 32.22028738910223], [-110.98397706413422, 32.22028456723768], [-110.98397601633847, 32.22028172867017], [-110.98397502809416, 32.22027887611287], [-110.98397409728895, 32.220276008648334], [-110.98397322602598, 32.220273128095684], [-110.98397241429602, 32.220270235356764], [-110.9839716610383, 32.220267330423695], [-110.98397096835595, 32.220264415115686], [-110.98397033517901, 32.220261490326635], [-110.98396976054792, 32.220258546129386], [-110.98396935741657, 32.220256260629775], [-110.9839687158136, 32.220252083140366], [-110.98396867921633, 32.22025182314406], [-110.98396817421738, 32.22024777382028], [-110.98396814701988, 32.22024752832255], [-110.98396773696312, 32.22024332368322], [-110.98396741749492, 32.22023897451813], [-110.98396719900403, 32.220234606257954], [-110.98396707406494, 32.22023021884784], [-110.98396703521524, 32.22022581584011], [-110.9839670760995, 32.220221396285986], [-110.9839671913861, 32.22021696285164], [-110.98396737258875, 32.220212515474394], [-110.9839676133335, 32.22020805500915], [-110.98396790619488, 32.220203581401016], [-110.98396824480812, 32.22019909460309], [-110.98396862175696, 32.220194593658775], [-110.98396903065822, 32.220190080324635], [-110.98396946198328, 32.22018555272674], [-110.98396991042817, 32.2201810108259], [-110.98397036750663, 32.22017645455955], [-110.98409905249758, 32.21889803915177], [-110.98409997004713, 32.218888903193545], [-110.98410087710842, 32.21887975543413], [-110.98410176097984, 32.218870593074406], [-110.98410260998375, 32.218861416929975], [-110.98410341247003, 32.21885222511125], [-110.98410415571873, 32.218843016622635], [-110.98410482698215, 32.21883379317362], [-110.98410541567107, 32.21882455288254], [-110.98410590798628, 32.21881529654933], [-110.98410629119856, 32.21880602408013], [-110.98410655469105, 32.21879673629841], [-110.98410668285814, 32.21878750703893], [-110.98410668216853, 32.21878715892842], [-110.98410587487116, 32.21875255435816], [-110.98410584550898, 32.21875200132126], [-110.98410298997061, 32.21871747542976], [-110.98410292770622, 32.21871692395376], [-110.98409803046161, 32.218682564266416], [-110.98409793526741, 32.21868201705659], [-110.98409100922511, 32.21864791024384], [-110.98409093315658, 32.21864756788997], [-110.98408874887313, 32.21863852718639], [-110.98408641856318, 32.21862945023417], [-110.98408397332251, 32.21862040850705], [-110.98408142591718, 32.218611398491916], [-110.98407878694572, 32.21860242116881], [-110.98407607023492, 32.2185934730324], [-110.98407328642011, 32.218584551455685], [-110.98407044823972, 32.21857565563075], [-110.98406756845058, 32.218566782946326], [-110.98406465663643, 32.21855792986575], [-110.9840617255541, 32.21854909377765], [-110.98405878690886, 32.21854027116111], [-110.98384138650813, 32.217888071434636], [-110.98384118419793, 32.21788752163045], [-110.98383402243509, 32.21786965678141], [-110.98383351884199, 32.21786858800659], [-110.98382419926281, 32.21785145755364], [-110.983823567854, 32.21785043923975], [-110.98381219357772, 32.21783422971989], [-110.98381144058891, 32.21783327453845], [-110.98379813604168, 32.21781816362762], [-110.98379726987605, 32.217817279757064], [-110.98378217974864, 32.2178034344587], [-110.98378120984258, 32.21780263279057], [-110.98376450127626, 32.21779020313917], [-110.98376343709367, 32.21778949185971], [-110.98375300186323, 32.217783236424]], [[-110.96558299196124, 32.22426418297238], [-110.96557259160927, 32.2242550377652], [-110.96557237404642, 32.22425484133391], [-110.96556222122689, 32.22424545990681], [-110.96555401287077, 32.2242353833751], [-110.96554751523009, 32.22422444133898], [-110.96554324534527, 32.22421381998168], [-110.96554163102974, 32.22398671213378], [-110.96554144382743, 32.22396027192894], [-110.96554210549021, 32.22391802822203], [-110.96554212267147, 32.223917600886374], [-110.96554470278811, 32.22387573234569], [-110.96554473799392, 32.2238753060475], [-110.96554923289212, 32.223833553821514], [-110.96554928824412, 32.22383312857675], [-110.9655556898193, 32.22379155753565], [-110.96555576530805, 32.223791134246056], [-110.96556406443253, 32.22374980564489], [-110.96556415897844, 32.22374938610603], [-110.9655744261434, 32.22370805066941], [-110.96594192953852, 32.22235828377385], [-110.9659697861752, 32.22225597112749], [-110.96596989806585, 32.22225551564561], [-110.96597467715031, 32.22223382662646], [-110.9659748331245, 32.22223290703624], [-110.96597744121927, 32.22221095188224], [-110.96597750497855, 32.22221002438384], [-110.9659779234698, 32.22218796077452], [-110.96597789494854, 32.22218703168018], [-110.96597612007373, 32.222165017406674], [-110.9659759991969, 32.22216409393046], [-110.96597204418516, 32.222142285107914], [-110.96597183194791, 32.222141373570096], [-110.96596572487952, 32.222119926425265], [-110.96596542333783, 32.22211903315404], [-110.96595720824253, 32.22209810042623], [-110.9659568183822, 32.22209723264361], [-110.96594655310815, 32.22207696447049], [-110.9659460791161, 32.22207612761891], [-110.96593383747968, 32.22205666884721], [-110.96593328248204, 32.22205586836108], [-110.96591915109461, 32.22203735762098], [-110.96591851819873, 32.22203660073827], [-110.96590259964918, 32.222019170467235], [-110.96590189412156, 32.222018460834846], [-110.96588430063012, 32.22200223542633], [-110.9658839222054, 32.222001899806294], [-110.96581621238631, 32.22194451957037], [-110.9653727760436, 32.221568726500365], [-110.96536923427506, 32.2215657238216], [-110.96536570837172, 32.22156272577131], [-110.96536220259559, 32.22155973057785], [-110.96535872228816, 32.22155673467415], [-110.9653552728098, 32.22155373268964], [-110.96535185736165, 32.22155072284474], [-110.96534848023389, 32.22154770066256], [-110.96534514782883, 32.22154466258408], [-110.96534186335705, 32.22154160592793], [-110.96533863215069, 32.22153852802882], [-110.9653354584905, 32.22153542531164], [-110.96533234876004, 32.221532296020804], [-110.96532930617927, 32.22152913657321], [-110.96532633713173, 32.2215259452133], [-110.96532344694018, 32.2215227201775], [-110.96532063986659, 32.221519459694235], [-110.96531800294261, 32.221516261815616], [-110.96531784269781, 32.221516063109846], [-110.96531538222244, 32.22151293419614], [-110.96531521895494, 32.22151272013658], [-110.96531286269132, 32.22150956765791], [-110.96531269641052, 32.221509337342816], [-110.96531051242744, 32.22150624658309], [-110.96530096282036, 32.221490317014094], [-110.96529372043996, 32.22147379427485], [-110.96528874924621, 32.221456675389], [-110.96528611372923, 32.22143918539663], [-110.96528584969059, 32.221421553630925], [-110.96528795894876, 32.22140401277642], [-110.96529241472786, 32.2213867907932], [-110.96529915841877, 32.22137011630344], [-110.96530810182321, 32.22135420688457], [-110.96531912607394, 32.221339270864945], [-110.96533208908869, 32.22132550467427], [-110.96534681817288, 32.22131309008269], [-110.96536312175391, 32.221302187976335], [-110.96538078508188, 32.22129294373584], [-110.96539957669741, 32.22128547736508], [-110.96541952291456, 32.22127980890181], [-110.96542362941663, 32.221278906417375], [-110.9654239377415, 32.221278842002675], [-110.96542821762188, 32.22127799763785], [-110.96542851099235, 32.22127794303068], [-110.96543284521684, 32.22127717753348], [-110.96543312471248, 32.22127713093832], [-110.9654376418812, 32.22127642182904], [-110.96544233243765, 32.22127576993761], [-110.96544705298693, 32.22127519222138], [-110.96545180248711, 32.22127468686884], [-110.9654565778309, 32.22127424664205], [-110.96546137692495, 32.221273868819694], [-110.96546619771335, 32.22127354707361], [-110.96547104023372, 32.22127327779671], [-110.9654759034816, 32.22127305557053], [-110.96548078538238, 32.22127287587029], [-110.9654856860018, 32.22127273238375], [-110.96549060431661, 32.22127262149587], [-110.96549553932239, 32.221272537788174], [-110.96550049214565, 32.22127247495635], [-110.96550546178197, 32.221272427581845], [-110.9655104482689, 32.22127239205767], [-110.96551545062077, 32.221272361161844], [-110.96588947278929, 32.22127014474962], [-110.96589038626341, 32.22127013899528], [-110.96592441235967, 32.22126967167279], [-110.9659584787369, 32.221268697818374], [-110.9659925195972, 32.22126721964257], [-110.96602652540221, 32.22126523617182], [-110.96606048552478, 32.22126274912989], [-110.96609433307799, 32.221259763424754], [-110.96622806556717, 32.22124696213615], [-110.96629519793667, 32.22124154372358], [-110.96629565018154, 32.22124151375638], [-110.96636262570006, 32.22123811872616], [-110.96636307780415, 32.22123810228506], [-110.966430491928, 32.2212367017465], [-110.9664609695978, 32.22123651963456], [-110.96686264085477, 32.22123413663757], [-110.9668949741054, 32.221233944015154], [-110.96689810069316, 32.221233926024624], [-110.96690163441906, 32.22123393093342], [-110.9669051113791, 32.22123398772143], [-110.96690858568309, 32.22123409589347], [-110.96691205838249, 32.2212342563592], [-110.96691552737443, 32.22123446729918], [-110.96691899051858, 32.221234730501024], [-110.96692244783371, 32.22123504416118], [-110.96692589931045, 32.221235409181396], [-110.96692934175707, 32.221235826439546], [-110.96693277520166, 32.221236293230355], [-110.96693619855533, 32.22123681225112], [-110.96693961078543, 32.22123738078859], [-110.96694301081239, 32.22123800063834], [-110.96694639864562, 32.221238670898586], [-110.96694977111213, 32.22123939064365], [-110.9669531282025, 32.22124016077532], [-110.96695646886538, 32.22124098038388], [-110.96695979310074, 32.221241849469315], [-110.9669630977262, 32.22124276800769], [-110.96696638381195, 32.22124373510527], [-110.96696965028784, 32.221244751655796], [-110.9669728939902, 32.22124581583187], [-110.96697611597988, 32.2212469276415], [-110.96697931413526, 32.22124808706868], [-110.96698248845635, 32.22124929411346], [-110.96698563788239, 32.22125054876783], [-110.96698876031051, 32.22125184921239], [-110.96699185680154, 32.22125319545509], [-110.96699492417308, 32.22125458747202], [-110.96699796242514, 32.22125602526318], [-110.9670009705063, 32.22125750791885], [-110.96700394842595, 32.221259034537276], [-110.96700689405314, 32.221260606004265], [-110.96700980741598, 32.22126221961458], [-110.96701268637415, 32.221263877155764], [-110.96701553200717, 32.22126557683232], [-110.96701834113267, 32.221267318620306], [-110.96702111482085, 32.22126910162595], [-110.9670238520109, 32.22127092584128], [-110.9670265505906, 32.22127279034863], [-110.96702921056934, 32.2212746942462], [-110.96703183088631, 32.221276637526046], [-110.96703441049011, 32.22127861927846], [-110.96703694939012, 32.22128063860166], [-110.96703944757694, 32.22128269639746], [-110.96704190189635, 32.221284789936625], [-110.96704431339973, 32.221286920128904], [-110.96704667998428, 32.221289085154844], [-110.96704900270139, 32.221291285924195], [-110.9670512794576, 32.22129351971576], [-110.96705351024356, 32.221295787431245], [-110.96705569400783, 32.221298088160964], [-110.96705782969897, 32.2213004209952], [-110.9670599173264, 32.22130278503221], [-110.96706195689946, 32.22130517937019], [-110.96706394629658, 32.22130760399329], [-110.96706588553647, 32.221310057097895], [-110.9670677746192, 32.221312538684074], [-110.96706961248388, 32.22131504874387], [-110.96707139808854, 32.221317585465776], [-110.96707313144252, 32.22132014794804], [-110.9670748125552, 32.22132273528891], [-110.96707643929561, 32.221325348374236], [-110.96707801275268, 32.22132798450667], [-110.96707953186556, 32.221330643678286], [-110.9670809955829, 32.22133332497934], [-110.96708240497482, 32.221336027516045], [-110.96708375792912, 32.221338750370755], [-110.96708505444576, 32.22134149354341], [-110.96708629561371, 32.221344254336785], [-110.9670874792926, 32.221347034538404], [-110.96708860551992, 32.22134983054123], [-110.96708967427692, 32.221352644148794], [-110.96709068453093, 32.2213554726479], [-110.96709163735211, 32.22135831514471], [-110.96709253167967, 32.2213611716313], [-110.96709336752296, 32.221364041205916], [-110.9670939405604, 32.221366168407606], [-110.96709414383058, 32.2213669229588], [-110.96709486062124, 32.22136981508643], [-110.96709551789496, 32.22137271758885], [-110.96709611565173, 32.221375630466056], [-110.96709665392906, 32.221378550111034], [-110.96709713164736, 32.22138147831929], [-110.96709754988622, 32.221384413295326], [-110.96709790760353, 32.22138735322764], [-110.96709820478995, 32.22139029901795], [-110.9670984414736, 32.221393247961096], [-110.96709861659366, 32.22139620004899], [-110.96709873227172, 32.22139915529764], [-110.96709878734384, 32.2214021236184], [-110.96710078425467, 32.22163832665723], [-110.96710291329586, 32.22189018816959], [-110.96710290752739, 32.221893192106045], [-110.96710284179015, 32.22189614779525], [-110.96710271560602, 32.22189910122668], [-110.96710252790481, 32.221902053294144], [-110.96710227976608, 32.221905002202085], [-110.96710197120856, 32.22190794614698], [-110.96710160329306, 32.221910885136865], [-110.96710148452301, 32.22191169678912], [-110.96710117389794, 32.22191381915571], [-110.96710068411217, 32.22191674550632], [-110.9671001349965, 32.22191966419654], [-110.96709952549016, 32.221922575218514], [-110.96709885774284, 32.221925475882834], [-110.96709812857216, 32.22192836616562], [-110.96709734116988, 32.22193124518905], [-110.96709649553597, 32.2219341129531], [-110.96709558957697, 32.221936966736564], [-110.96709462646592, 32.2219398074651], [-110.9670936041093, 32.22194263241751], [-110.96709252461937, 32.22194544251149], [-110.96709138801485, 32.22194823594351], [-110.96709019323494, 32.22195101270563], [-110.96708894242938, 32.22195377010849], [-110.96708763451858, 32.22195650994767], [-110.96708627060089, 32.221959228624094], [-110.9670848517183, 32.2219619279492], [-110.96708337684754, 32.22196460430807], [-110.96708184809144, 32.22196725952011], [-110.96708026440795, 32.221969891773846], [-110.96707862687663, 32.22197249927373], [-110.96707693654889, 32.22197508292947], [-110.96707519345287, 32.221977640035846], [-110.96707339757917, 32.22198017149459], [-110.96707154999798, 32.22198267641188], [-110.96706965178883, 32.221985152992225], [-110.96706770295174, 32.221987601235604], [-110.96706570349609, 32.221990020240234], [-110.96706365555282, 32.22199240912032], [-110.96706155807053, 32.221994766966155], [-110.96705941317082, 32.22199709379364], [-110.96705722087242, 32.22199938779927], [-110.96705498117535, 32.22200164898305], [-110.96705269620121, 32.22200387736093], [-110.96705036490793, 32.22200607112142], [-110.96704798941715, 32.22200823028045], [-110.96704556974758, 32.222010353034506], [-110.96704310695067, 32.22201244029331], [-110.96704060210597, 32.222014490261344], [-110.96703805521346, 32.22201650293856], [-110.96703546734336, 32.22201847743119], [-110.96703283955645, 32.22202041374725], [-110.96703017187147, 32.22202231008316], [-110.96702746641002, 32.22202416645488], [-110.96702472317213, 32.22202598286242], [-110.96702194216716, 32.22202775840402], [-110.96701912552611, 32.22202949219384], [-110.96701627430976, 32.22203118423988], [-110.9670133885275, 32.22203283364036], [-110.96701046924952, 32.2220344395015], [-110.96700751753659, 32.222036001831256], [-110.96700453338875, 32.222037520629655], [-110.96700151893695, 32.22203899501087], [-110.96699847525142, 32.222040424081094], [-110.96699540233212, 32.222041807840355], [-110.96699230124923, 32.222043145394835], [-110.966989174115, 32.222044437662255], [-110.96698601988739, 32.2220456828311], [-110.96698284068799, 32.222046880917375], [-110.96697963757764, 32.22204803192896], [-110.96697641162648, 32.22204913497214], [-110.96697316283452, 32.22205019004688], [-110.96696989333276, 32.22205119626736], [-110.96696660417265, 32.222052154543306], [-110.96696329536354, 32.22205306397299], [-110.96695996797561, 32.222053923662585], [-110.96695662412111, 32.22205473452985], [-110.9669532638188, 32.22205549477118], [-110.9669498881201, 32.222056205296404], [-110.96694649808582, 32.22205686611339], [-110.96694309584696, 32.22205747633639], [-110.96693968140352, 32.22205803596539], [-110.96693625581628, 32.22205854500835], [-110.96693282015545, 32.222059002571505], [-110.96692937653326, 32.222059409572516], [-110.96692592389829, 32.222059765101676], [-110.96692258153988, 32.2220601259685], [-110.96692235649037, 32.222060139608516], [-110.96691899991706, 32.222060337138075], [-110.96691551294008, 32.22206052647305], [-110.96691454387424, 32.222060572399144], [-110.96687908786204, 32.222062220551045], [-110.96661368625429, 32.222074555058896], [-110.9663858952282, 32.22208514357427], [-110.96638534107646, 32.22208517908834], [-110.96636267472383, 32.22208706573846], [-110.96636157426875, 32.22208719814951], [-110.96633918148025, 32.2220907299775], [-110.96633809929389, 32.222090941886314], [-110.9663161458256, 32.222096093985684], [-110.96631508934288, 32.22209638454633], [-110.96629373683915, 32.22210311935422], [-110.96629271246239, 32.22210348500757], [-110.96627211845578, 32.22211175230475], [-110.96627162188847, 32.22211196320535], [-110.9661767521729, 32.22215437240121], [-110.96617630975304, 32.22215457919951], [-110.96615006316162, 32.22216744927043], [-110.9661492086345, 32.22216790638237], [-110.9661242226889, 32.22218247865365], [-110.9661234121428, 32.2221829911075], [-110.96609984054572, 32.22219917565149], [-110.96609908037361, 32.22219974078987], [-110.96607706524384, 32.2222174394754], [-110.96607635867501, 32.2222180528135], [-110.96605603586065, 32.222237158444145], [-110.9660553882273, 32.22223781731662], [-110.96603688095982, 32.222258211779085], [-110.9660362965521, 32.2222589117091], [-110.96601971751164, 32.222280471399834], [-110.96601919849813, 32.222281207894625], [-110.96600464982282, 32.222303802818026], [-110.96600419943286, 32.22230457139273], [-110.96599176851315, 32.222328061522106], [-110.96599139103694, 32.22232885769996], [-110.9659811546743, 32.22235310112523], [-110.96598085016821, 32.22235391949565], [-110.96597501497922, 32.22237209066812], [-110.96597469524477, 32.22237202784096], [-110.96597286614498, 32.22237876694909], [-110.96597274722275, 32.2223791845014], [-110.96560653592549, 32.22372420588689], [-110.96560647071712, 32.223724457005346], [-110.96559729062642, 32.22376215995784], [-110.96559718245868, 32.22376266506763], [-110.96559008260317, 32.22380069209646], [-110.96559000197917, 32.223801201020784], [-110.96558499809564, 32.22383946747321], [-110.96558494502479, 32.223839979310334], [-110.96558204752719, 32.22387840229714], [-110.96558202308913, 32.22387891525154], [-110.96558123763138, 32.223917563354085], [-110.96558172589329, 32.223986407820874], [-110.96558370473181, 32.22426491159929], [-110.96558299196124, 32.22426418297238]], [[-110.94729216451121, 32.23385238439604], [-110.94727158076991, 32.23385178100058], [-110.94725112245666, 32.23384975729367], [-110.94723092418644, 32.23384632603162], [-110.94723040955917, 32.23384622919617], [-110.94713931396227, 32.233827411850385], [-110.94837161956916, 32.23382046680592], [-110.94864320308344, 32.233816996748295], [-110.94918525550702, 32.233806199177046], [-110.95108205609363, 32.23379837289896], [-110.95118607335496, 32.23379865449585], [-110.95145182628436, 32.23380022193107], [-110.95156804803129, 32.23380044402148], [-110.95229552182433, 32.23379628139067], [-110.95231169168683, 32.233796188347945], [-110.9523278636903, 32.233796093515814], [-110.95234403893373, 32.23379599329547], [-110.95236021532384, 32.23379588496537], [-110.95237639499202, 32.233795767640004], [-110.95239257585449, 32.23379563769619], [-110.95240875899121, 32.233795493338484], [-110.95242494444031, 32.233795330959914], [-110.95244113221126, 32.233795149658725], [-110.95245732552499, 32.233794945852196], [-110.95248512535268, 32.23379453930996], [-110.95250131723968, 32.23379426965391], [-110.95251750192865, 32.23379397829715], [-110.95253368471474, 32.23379366618188], [-110.95254986448938, 32.23379333780878], [-110.95256604123354, 32.23379299498136], [-110.95258221598907, 32.23379263951114], [-110.95259838766647, 32.23379227409534], [-110.95261455623717, 32.23379190143921], [-110.95263072273355, 32.23379152425606], [-110.95264688713652, 32.23379114434941], [-110.95280115420881, 32.233787516162884], [-110.95281731647955, 32.23378713711996], [-110.9528334755484, 32.233786759854205], [-110.95284963350863, 32.23378638708702], [-110.95286578926122, 32.23378602241735], [-110.95288194278717, 32.23378566764865], [-110.95289809406742, 32.23378532458445], [-110.95291424306392, 32.23378499683174], [-110.95293039081855, 32.23378468620212], [-110.95294653730275, 32.23378439540081], [-110.95296265385232, 32.23378412601289], [-110.9530565007801, 32.23378304521835], [-110.95307261981243, 32.23378294267243], [-110.95308876938343, 32.233782862000986], [-110.95310492087648, 32.23378280028039], [-110.95312107536202, 32.23378275661701], [-110.95313723182672, 32.23378272649398], [-110.95315339027056, 32.23378270991129], [-110.9531695518021, 32.23378270236831], [-110.9531857153794, 32.23378270205342], [-110.95320188102156, 32.23378270716314], [-110.9532180487666, 32.23378271409049], [-110.95458476170577, 32.23378336055549], [-110.95459284769788, 32.233783364397965], [-110.95460093583087, 32.2337833664526], [-110.95460902610475, 32.23378336671936], [-110.95461711747757, 32.233783363386664], [-110.95462521208073, 32.23378335556894], [-110.9546333088628, 32.23378334235634], [-110.95464140785225, 32.233783321043674], [-110.95464950797869, 32.23378329252451], [-110.95465761138294, 32.233783255011595], [-110.95466577007934, 32.23378320619536], [-110.95475524464767, 32.233781914097094], [-110.9547634005635, 32.23378172637279], [-110.95477150033526, 32.23378153010421], [-110.95477959808014, 32.23378132480145], [-110.95478769272769, 32.23378111135821], [-110.95479578531986, 32.233780891586036], [-110.95480387479572, 32.23378066547688], [-110.95481196219717, 32.23378043484229], [-110.95482004750522, 32.233780201485786], [-110.95482813071989, 32.233779965407386], [-110.95483621183165, 32.23377972750879], [-110.95490865733476, 32.23377760046589], [-110.95491673525392, 32.23377736343968], [-110.95492481210263, 32.23377712730661], [-110.95493288680096, 32.233776893862135], [-110.9549409593394, 32.23377666400801], [-110.95494902971792, 32.23377643774423], [-110.9549570989595, 32.23377621868584], [-110.95496516601268, 32.23377600592304], [-110.95497323085849, 32.23377580125931], [-110.95498129348742, 32.23377560559642], [-110.95498930082424, 32.23377542123596], [-110.95507851646137, 32.23377413234908], [-110.95508652659808, 32.233774085080704], [-110.95509459286937, 32.23377404725722], [-110.95510266115807, 32.23377401936856], [-110.95511073149264, 32.233773998709566], [-110.95511880493407, 32.23377398528826], [-110.95512687937946, 32.23377397728499], [-110.95513495696017, 32.23377397381418], [-110.95514303556384, 32.23377397395795], [-110.95515111733134, 32.233773975928905], [-110.95515920014078, 32.23377397971091], [-110.95555169601599, 32.233774160754415], [-110.95555977882616, 32.23377416451078], [-110.95556785842504, 32.233774170947676], [-110.95557593481267, 32.233774180065126], [-110.95558400797003, 32.233774193666584], [-110.95559207892012, 32.23377421536717], [-110.95560014554104, 32.2337742451507], [-110.95560820887478, 32.23377428482873], [-110.95561626889281, 32.23377433710658], [-110.95562432558567, 32.233774402885956], [-110.95563231210498, 32.233774482560314], [-110.955707720133, 32.23377606874679], [-110.95570802242355, 32.233776078260036], [-110.95578336687291, 32.23377916905931], [-110.95579133819213, 32.23377958408593], [-110.95579937934335, 32.23378001767944], [-110.95580742246467, 32.2337804657166], [-110.95581546758459, 32.23378092549213], [-110.95582351578298, 32.23378139521061], [-110.95583156599898, 32.23378187486395], [-110.95583961933141, 32.23378236085325], [-110.9558476747384, 32.2337828513669], [-110.95585573328081, 32.233783346413], [-110.95586379498717, 32.23378384328627], [-110.95645580081526, 32.23382035127887], [-110.9564638880106, 32.23382084650395], [-110.95647201254744, 32.233821322172176], [-110.9564801799391, 32.23382175848527], [-110.95648839042268, 32.23382213289955], [-110.95649664528673, 32.233822423780985], [-110.95650494370737, 32.23382260857781], [-110.95651328380929, 32.23382266382835], [-110.95652150557132, 32.233822571182145], [-110.95652182182502, 32.23382256456676], [-110.95652989998385, 32.23382230489367], [-110.95653025452607, 32.233822289550915], [-110.95653832193567, 32.233821841314736], [-110.95653911202113, 32.23382177607354], [-110.95656364951122, 32.233819121757364], [-110.95656483865194, 32.233818945016345], [-110.95658897842567, 32.233814357773774], [-110.95659014308058, 32.2338140879588], [-110.95661367567682, 32.23380760948622], [-110.95661480415659, 32.233807248312125], [-110.95663752525795, 32.23379893567617], [-110.95663861009803, 32.23379848669357], [-110.95666032054979, 32.23378841052756], [-110.95666135110284, 32.23378787726288], [-110.9566818621702, 32.23377612631585], [-110.9566828298918, 32.23377551411517], [-110.95670196437788, 32.23376218984942], [-110.95670286179406, 32.23376150316508], [-110.95672045189897, 32.23374672154349], [-110.95672126938545, 32.23374596751702], [-110.95673716415193, 32.23372985725605], [-110.95673789527673, 32.233729042151346], [-110.95675195423392, 32.23371174377081], [-110.95675259362602, 32.23371087385986], [-110.95676469530547, 32.23369253704202], [-110.95676523651395, 32.23369162039227], [-110.95677527631815, 32.23367240486762], [-110.95677571395306, 32.23367144955456], [-110.95678360417449, 32.233651523298235], [-110.95678393496777, 32.23365053741349], [-110.95678960695795, 32.23363007215253], [-110.95678982869296, 32.233629064697475], [-110.95679323282467, 32.23360823951796], [-110.95679331732661, 32.233607569203926], [-110.95679393685175, 32.2336007173538], [-110.95679395910568, 32.23360041721594], [-110.95679435699996, 32.23359355376234], [-110.95679436936419, 32.233593286014994], [-110.95679457226566, 32.233586299334256], [-110.95679460223592, 32.233579210335876], [-110.95679447907153, 32.233572154443635], [-110.95679423244074, 32.233565135490096], [-110.95679388569356, 32.23355815275083], [-110.95679346535334, 32.23355120642731], [-110.95679299794342, 32.233544296720964], [-110.95679250793161, 32.2335374175049], [-110.95678379190483, 32.233416095864825], [-110.95678290525132, 32.23340375039551], [-110.9567820207009, 32.23339140674582], [-110.95678163042376, 32.23338594054107], [-110.95678114666516, 32.23337907219418], [-110.956780280132, 32.23336673048491], [-110.95677942733423, 32.233354394290906], [-110.95677859044112, 32.23334205911947], [-110.9567777736869, 32.23332972590464], [-110.95677698026384, 32.233317393768814], [-110.95677621334522, 32.23330506363793], [-110.95677547675763, 32.23329277522123], [-110.95677090965536, 32.23319846761827], [-110.95676825080929, 32.23310410777359], [-110.95676804488647, 32.233091804449046], [-110.95676786700287, 32.23307945804993], [-110.95676771568036, 32.233067108245265], [-110.95676758666576, 32.23305475590454], [-110.9567674778372, 32.23304240101169], [-110.956767384951, 32.23303004353441], [-110.9567673048243, 32.23301768344857], [-110.9567672353353, 32.233005320738044], [-110.95676717224026, 32.23299295537059], [-110.95676711128604, 32.23298058821572], [-110.9567656572608, 32.23267869298576], [-110.95676428734342, 32.232580517392705], [-110.95676112552223, 32.232482329089265], [-110.95675617596997, 32.232384236325785], [-110.95675278818739, 32.2323274210215], [-110.9567473905998, 32.2322181557795], [-110.95674422129603, 32.232108874093704], [-110.95674327878147, 32.23199951553074], [-110.95674341605066, 32.231912387881316], [-110.95674343079646, 32.2319055359449], [-110.95674347068184, 32.23189871486139], [-110.95674355795752, 32.23189192750526], [-110.95674371807593, 32.231885174971694], [-110.95674397331622, 32.23187845742991], [-110.95674434805095, 32.23187177777049], [-110.95674486347939, 32.23186513795811], [-110.95674552556785, 32.23185867691878], [-110.9567455570188, 32.23185841021817], [-110.95674638148189, 32.231852147009526], [-110.9567464260051, 32.231851847942586], [-110.95674744475639, 32.23184567368647], [-110.95675210656825, 32.23182611609728], [-110.9567588096345, 32.23180717372452], [-110.95676753815407, 32.23178883562599], [-110.9567782172545, 32.23177125995335], [-110.95679075625405, 32.231754594818085], [-110.95680504860508, 32.231738983702016], [-110.95682097303062, 32.23172455825136], [-110.95683839349608, 32.23171144098204], [-110.95685716240142, 32.23169974440208], [-110.9568771184972, 32.23168956738861], [-110.95689809430156, 32.23168099614592], [-110.95691990866423, 32.23167410505093], [-110.95694237848394, 32.23166895223297], [-110.95696551104615, 32.231665551274446], [-110.95697280201927, 32.231664862637984], [-110.9569731545829, 32.23166483284971], [-110.95698054352803, 32.231664311794006], [-110.95698085778515, 32.23166429253668], [-110.95698847653017, 32.23166391390992], [-110.95699629866608, 32.23166366668964], [-110.95700416516053, 32.231663539748176], [-110.95701207195948, 32.2316635150182], [-110.95702001822005, 32.231663571751476], [-110.95702800200996, 32.2316636918968], [-110.95703602567855, 32.23166385382826], [-110.95704408413927, 32.23166403676535], [-110.95715648515365, 32.23166664245776], [-110.9572538493386, 32.231668277164516], [-110.95735123083828, 32.231668668314136], [-110.96080710629433, 32.23166039929628], [-110.96086727683422, 32.231660159080555], [-110.96385446300549, 32.23164348322345], [-110.96385499025092, 32.231643489904066], [-110.96387557469917, 32.231644094205905], [-110.96389603292165, 32.231646118826575], [-110.96391622925422, 32.23164955011784], [-110.9639168349578, 32.231649663804866], [-110.9640467052872, 32.23167649720361], [-110.96086744098591, 32.23169424202238], [-110.96080731923497, 32.231694481705084], [-110.95757366730227, 32.231702222524426], [-110.957486183147, 32.231701590125915], [-110.95748589036387, 32.23170158519827], [-110.95739866574976, 32.23169927461326], [-110.9573983730235, 32.2316992642749], [-110.95731123183461, 32.23169527506889], [-110.95731094022611, 32.23169525932788], [-110.9572239269971, 32.23168959454466], [-110.95722363545498, 32.23168957249118], [-110.95713657742319, 32.23168221548837], [-110.95710160344228, 32.23167891981487], [-110.95709354463266, 32.231678164221364], [-110.95708544744082, 32.23167742637236], [-110.95707730634425, 32.231676726967855], [-110.95706911793273, 32.23167608762567], [-110.95706088303024, 32.231675530897625], [-110.95705259822655, 32.23167507840159], [-110.95704426645793, 32.2316747536072], [-110.95703604661459, 32.23167458116836], [-110.9570357315335, 32.231674577874], [-110.9570276467564, 32.231674576904744], [-110.95702729234577, 32.23167458052627], [-110.95701921089234, 32.23167476806265], [-110.95701838712304, 32.23167480960391], [-110.95699245432273, 32.23167682304642], [-110.95699119651692, 32.23167697401935], [-110.95696562199528, 32.23168113922054], [-110.9569643874908, 32.23168139498161], [-110.95693941676195, 32.23168767142043], [-110.95693821726668, 32.23168802845126], [-110.95691409073946, 32.23169635662992], [-110.95691293902217, 32.2316968114202], [-110.95688988884582, 32.231707110134565], [-110.95688879555345, 32.231707659157884], [-110.956867044519, 32.23171982909649], [-110.95686601925661, 32.23172046701492], [-110.95684577760456, 32.231734391636415], [-110.95684483105707, 32.2317351113165], [-110.95682629330435, 32.231750655923776], [-110.95682543509577, 32.23175145022414], [-110.9568087799977, 32.23176846557126], [-110.95680801655988, 32.231769328228], [-110.95679340499785, 32.23178764960237], [-110.95679274491292, 32.231788571662484], [-110.95678031773475, 32.231808022475505], [-110.9567797664021, 32.23180899496183], [-110.95676964335146, 32.23182938764282], [-110.9567692072314, 32.23183040158619], [-110.95676148585851, 32.23185154027936], [-110.95676116929911, 32.23185258579278], [-110.95675592284823, 32.23187426543935], [-110.956755781892, 32.23187495696848], [-110.95675466207366, 32.23188176263464], [-110.95675461755043, 32.23188206170156], [-110.95675371818385, 32.2318888897841], [-110.95675368672342, 32.23188915738647], [-110.95675297162288, 32.231896119436534], [-110.9567524229899, 32.231903192773416], [-110.95675202740333, 32.2319102411199], [-110.95675176050962, 32.23191725978192], [-110.95675159474395, 32.23192424674647], [-110.95675150464444, 32.231931201820124], [-110.95675146475867, 32.231938123907746], [-110.9567514496057, 32.23194501461942], [-110.95675136508, 32.23199886992327], [-110.95675230990342, 32.23210851438161], [-110.95675549006882, 32.232218176718945], [-110.9567609016354, 32.232327727944664], [-110.95676428483898, 32.23238447467547], [-110.95676922223963, 32.23248231122886], [-110.95677237280036, 32.23258015855773], [-110.95677373904397, 32.232678078907114], [-110.95677482634002, 32.23290374931389], [-110.95677488620616, 32.23291611916612], [-110.95677494922661, 32.23292849174775], [-110.95677501964508, 32.23294086709102], [-110.95677509959287, 32.23295324431027], [-110.9567751922528, 32.23296562342973], [-110.95677530184962, 32.23297800628509], [-110.95677543053358, 32.23299039018721], [-110.95677558252949, 32.233002776971844], [-110.95677576102011, 32.23301516666318], [-110.9567759700406, 32.23302757913195], [-110.95677734863298, 32.233084665046576], [-110.9567794244834, 32.23314173461312], [-110.95677996673047, 32.2331541405945], [-110.95678053789763, 32.23316652064266], [-110.95678113561657, 32.233178898187], [-110.95678175566253, 32.2331912713918], [-110.95678239483375, 32.23320364203638], [-110.95678305100843, 32.2332160101046], [-110.9567837199618, 32.233228373760774], [-110.95678439848263, 32.23324073568592], [-110.95678508339759, 32.23325309495417], [-110.95678577152394, 32.2332654515413], [-110.95680293230069, 32.233573355848506], [-110.95680330914436, 32.233580200837515], [-110.956803660848, 32.23358701497358], [-110.95680396194926, 32.23359379806333], [-110.9568041880466, 32.23360054992144], [-110.95680431793086, 32.23360726948496], [-110.95680432613962, 32.233613956560504], [-110.95680419147313, 32.23362060918337], [-110.95680390050985, 32.23362709107651], [-110.9568038839019, 32.233627358791615], [-110.95680341883354, 32.233633648175946], [-110.95680339127495, 32.23363394827347], [-110.95680272877892, 32.23364014417238], [-110.95679892991419, 32.233660972666605], [-110.95679281896452, 32.23368120733447], [-110.95678442147627, 32.23370084025326], [-110.95677381579809, 32.233719685340404], [-110.9567611024826, 32.23373756389647], [-110.9567464032067, 32.23375430640062], [-110.95672985651822, 32.2337697533802], [-110.95671162098098, 32.233783759041984], [-110.95669186775758, 32.23379619031389], [-110.95667078589524, 32.233806928689], [-110.95664857381924, 32.23381587196444], [-110.95662544355764, 32.23382293607726], [-110.9566016143852, 32.233828054154415], [-110.95657709501847, 32.23383120461796], [-110.95656980331238, 32.23383174442302], [-110.95656944975516, 32.23383176698796], [-110.95656204840513, 32.233832139122434], [-110.95656173315543, 32.2338321511565], [-110.95655410630135, 32.233832375482066], [-110.95654627927298, 32.23383246481661], [-110.95653841108744, 32.23383243209197], [-110.95653050577985, 32.23383229717885], [-110.95652256315114, 32.233832079014036], [-110.95651458405356, 32.233831797444076], [-110.95650656826903, 32.23383147320921], [-110.95649851664038, 32.23383112705777], [-110.95602111864976, 32.2338103769137], [-110.95600658294236, 32.23380974606499], [-110.95599204509438, 32.23380911700196], [-110.9559775039974, 32.23380849422536], [-110.95596295964197, 32.23380787863689], [-110.95594841198059, 32.233807274745274], [-110.95593385993335, 32.233806684346014], [-110.95591930452325, 32.23380611105412], [-110.95590474467035, 32.23380555666504], [-110.95589018033668, 32.23380502478577], [-110.95587557544094, 32.233804516043826], [-110.95578474482946, 32.23380198121102], [-110.95569388055489, 32.23380052824369], [-110.95567926427685, 32.23380039545239], [-110.95566468698772, 32.23380028820692], [-110.95565011371461, 32.23380020263405], [-110.95563554235459, 32.23380013691411], [-110.95562097399707, 32.23380008834996], [-110.95560640868005, 32.233800053334605], [-110.95559184643197, 32.233800029162765], [-110.95557728621088, 32.23380001402288], [-110.95556273018613, 32.233800003422346], [-110.9555481762453, 32.23379999644326], [-110.95514812901408, 32.23379981204165], [-110.95514004514142, 32.233799808250815], [-110.95513196447058, 32.233799802680196], [-110.95512388487968, 32.23379979531361], [-110.95511580743917, 32.2337997852574], [-110.95510773323846, 32.23379976981442], [-110.95509966016519, 32.233799748066744], [-110.95509158928029, 32.233799720022404], [-110.95508352059326, 32.23379968477973], [-110.95507545519354, 32.233799639641504], [-110.95506744506694, 32.23379958500329], [-110.95497823091294, 32.23379821261609], [-110.95497022435241, 32.2337980209219], [-110.95496216167635, 32.233797817978314], [-110.95495409697345, 32.23379760600056], [-110.95494603023425, 32.23379738589038], [-110.95493796144923, 32.23379715854952], [-110.9549298916603, 32.233796925789584], [-110.95492181873612, 32.233796688496184], [-110.95491374478908, 32.233796447587174], [-110.95490566874874, 32.233796203956274], [-110.95489759059605, 32.233795959406926], [-110.95483620259968, 32.23379409887653], [-110.95482812232562, 32.233793854306604], [-110.95482003885932, 32.23379361061368], [-110.95481195430364, 32.233793369617445], [-110.9548038665367, 32.23379313130172], [-110.95479577765188, 32.23379289838788], [-110.95478768553681, 32.233792669958056], [-110.95477959015346, 32.23379244961923], [-110.95477149363325, 32.23379223648581], [-110.95476339383526, 32.23379203234516], [-110.95475523876419, 32.233791837703286], [-110.95466576470878, 32.23379046221545], [-110.95465760606254, 32.23379040551884], [-110.95464950353184, 32.23379036007078], [-110.95464140301853, 32.233790324557596], [-110.95463330455107, 32.23379029627404], [-110.95462520812949, 32.23379027522014], [-110.95461711377277, 32.23379025959233], [-110.95460902149043, 32.23379024848893], [-110.95460093129196, 32.23379024100817], [-110.95459284318689, 32.23379023624828], [-110.95458475719417, 32.23379023240579], [-110.95316742952082, 32.23378956167811], [-110.95315449256744, 32.233789555929825], [-110.95314155347317, 32.233789551967554], [-110.9531286122095, 32.23378955249651], [-110.95311566876688, 32.23378955841846], [-110.95310272311679, 32.233789572438646], [-110.95308977417922, 32.233789596352466], [-110.95307682404749, 32.233789632881404], [-110.95306387059023, 32.23378968291094], [-110.9530509159007, 32.23378974916258], [-110.95303791857398, 32.23378983402602], [-110.9529362405532, 32.23379118785825], [-110.95283459619874, 32.2337937746559], [-110.95282160808054, 32.233794193241444], [-110.95280866221874, 32.23379462928255], [-110.95279572043876, 32.23379508068441], [-110.95278278168914, 32.23379554653723], [-110.95276984493754, 32.23379602412762], [-110.95275691232483, 32.233796511668324], [-110.95274398174821, 32.23379700733962], [-110.95273105323622, 32.233797508436275], [-110.95271812786885, 32.233798013162875], [-110.95270520459465, 32.23379852060959], [-110.95263654830629, 32.233801216387405], [-110.95262362822375, 32.23380172294827], [-110.95261070922106, 32.23380222771243], [-110.9525977934392, 32.233802728892556], [-110.95258487984573, 32.23380322377528], [-110.95257196740832, 32.23380370964728], [-110.95255905718791, 32.23380418651665], [-110.95254614816164, 32.23380465076831], [-110.9525332414, 32.23380510150862], [-110.95252033587063, 32.233805536024214], [-110.95250746024732, 32.233805951828394], [-110.95243205327843, 32.23380798816226], [-110.9523566757973, 32.23380934199697], [-110.95151438337142, 32.233814332559234], [-110.95151134429348, 32.23381436255603], [-110.95138834846105, 32.23381609612559], [-110.95116463343732, 32.233822622541176], [-110.95109585690155, 32.23382384208371], [-110.95102701587307, 32.23382443793716], [-110.94809819336133, 32.23383650887727], [-110.94802175673543, 32.23383778166463], [-110.94802137571685, 32.23383779227143], [-110.94794501635347, 32.233840982876785], [-110.94786001573183, 32.233845602409346], [-110.94778653798933, 32.233848702282486], [-110.94778616864095, 32.23384871297805], [-110.94771261761038, 32.233850020327274], [-110.94729269283684, 32.233852390252366], [-110.94729216451121, 32.23385238439604]], [[-110.96418442862429, 32.23167572171114], [-110.96416384416555, 32.231675117459474], [-110.9641433869904, 32.231673092889935], [-110.96412318958225, 32.2316696616267], [-110.96412267389594, 32.23166956395016], [-110.96399271353431, 32.23164271461964], [-110.96528090298347, 32.231635502480266], [-110.9652890095062, 32.23163545348476], [-110.96529715338639, 32.231635383126196], [-110.96530533484957, 32.23163526976246], [-110.96531355517273, 32.231635092661264], [-110.9653218103565, 32.231634828345065], [-110.96533010062636, 32.23163445517179], [-110.96533841984231, 32.23163395145142], [-110.96534660683007, 32.23163330785433], [-110.9653469211798, 32.23163327955862], [-110.96535494959502, 32.23163247875177], [-110.96535530225978, 32.231632439020785], [-110.96536330185327, 32.23163145131896], [-110.96536410948141, 32.231631329339415], [-110.96538937439252, 32.23162680388268], [-110.96539059312083, 32.23162653258926], [-110.96541522067956, 32.23161994076083], [-110.96541640118738, 32.231619569978854], [-110.96544015838516, 32.23161097405479], [-110.96544129108662, 32.23161050731944], [-110.96546395214418, 32.231599988568654], [-110.96546502744405, 32.231599430316855], [-110.96548637699436, 32.23158708902502], [-110.96548738316616, 32.23158644457948], [-110.96550722052623, 32.23157239737578], [-110.96550814689508, 32.231571672968954], [-110.96552628394417, 32.231556052810014], [-110.96552712301789, 32.23155525469833], [-110.96554338739908, 32.23153820908863], [-110.96554413165735, 32.23153734623376], [-110.96555836783844, 32.23151903723364], [-110.96555901084066, 32.231518116801716], [-110.9655710854469, 32.23149871836193], [-110.9655716196728, 32.23149774931464], [-110.96558141833228, 32.2314774445471], [-110.96558183838341, 32.231476435862135], [-110.96558926783948, 32.231455417957704], [-110.96558957150019, 32.231454378636585], [-110.96559456071923, 32.23143284636418], [-110.96559469414404, 32.231432158374986], [-110.96559575077109, 32.23142534583402], [-110.9655957920824, 32.23142504673943], [-110.96559662825588, 32.23141821179743], [-110.96559665649812, 32.23141794507018], [-110.96559730625226, 32.23141097796078], [-110.96559778951902, 32.23140390047782], [-110.96559811866247, 32.23139684979151], [-110.96559832016786, 32.23138982970844], [-110.96559842054856, 32.23138284133001], [-110.96559844525707, 32.23137588574956], [-110.96559842080676, 32.231368964068444], [-110.96559837163612, 32.23136207286332], [-110.96554907511982, 32.225026941749306], [-110.96555000613363, 32.2250286171309], [-110.96555067103947, 32.225029663741864], [-110.96556265698581, 32.225046299713966], [-110.96556345096688, 32.2250472787575], [-110.96557748105144, 32.22506271715648], [-110.96557839573381, 32.225063617747615], [-110.96558953367163, 32.22507346110582], [-110.96563649317763, 32.23110792460387], [-110.96563770162712, 32.23117128411168], [-110.96564034006921, 32.23123466520183], [-110.96564440136274, 32.23129793885979], [-110.9656504722291, 32.23137832080651], [-110.9656509845429, 32.23138515958384], [-110.96565147064395, 32.2313919684037], [-110.9656519050798, 32.23139874617278], [-110.96565226450099, 32.23140549361716], [-110.96565252662842, 32.23141221056918], [-110.9656526670611, 32.23141889684526], [-110.96565266459955, 32.231425550482186], [-110.96565250050476, 32.23143203516356], [-110.96565248922785, 32.23143230292037], [-110.96565214780212, 32.23143859778612], [-110.9656521266295, 32.23143889883591], [-110.96565158553686, 32.231445111034986], [-110.96564833480377, 32.231465366784334], [-110.96564289752347, 32.2314850974506], [-110.96563529279108, 32.23150430317714], [-110.96562559028835, 32.231522813141495], [-110.96561387449378, 32.2315404620433], [-110.96560025101975, 32.231557092857706], [-110.96558484132693, 32.23157255499173], [-110.96556778263964, 32.2315867124003], [-110.96554922906326, 32.231599438183586], [-110.96552934412014, 32.23161061813822], [-110.96550830709639, 32.231620152608684], [-110.96548630454508, 32.23162795732531], [-110.96546353454863, 32.23163396163257], [-110.96544038622925, 32.23163808909849], [-110.96543999198221, 32.23163814835688], [-110.9654327402676, 32.2316390460995], [-110.96543238867315, 32.231639084936944], [-110.9654250251318, 32.231639819509155], [-110.96542471185235, 32.231639846911264], [-110.96541711313648, 32.23164044443931], [-110.96540930458592, 32.231640916837584], [-110.96540144847344, 32.23164126983662], [-110.96539354672362, 32.23164152238924], [-110.9653856023125, 32.231641694357926], [-110.96537761822555, 32.231641804703465], [-110.96536959318577, 32.23164187415813], [-110.96536153123016, 32.23164192259248], [-110.96502043278, 32.23164383476453], [-110.96495608077197, 32.23164509970083], [-110.96495565303599, 32.23164511451615], [-110.96489149332946, 32.231648186318566], [-110.96489106653216, 32.231648212864414], [-110.9648269547545, 32.23165309856223], [-110.96469790826887, 32.23166476290153], [-110.96463443780884, 32.23166960102649], [-110.96463400995047, 32.2316696275635], [-110.96457070580531, 32.23167265875303], [-110.96457027807858, 32.23167267266527], [-110.96450656916099, 32.23167392327891], [-110.96418495694027, 32.23167572749663], [-110.96418442862429, 32.23167572171114]], [[-110.9655843514377, 32.225034307271436], [-110.96557309649545, 32.22501868684571], [-110.96556389257927, 32.22500212411546], [-110.96555684694465, 32.22498481287865], [-110.9655520229116, 32.22496688708222], [-110.96554934959589, 32.22494944822261], [-110.96554835563123, 32.2249318136789], [-110.96554834340986, 32.224931357263685], [-110.9655435792048, 32.22426071196807], [-110.9655535533925, 32.22426992792034], [-110.96555377096475, 32.224270123449905], [-110.9655637223905, 32.224278876593985], [-110.96557148430533, 32.22428811918504], [-110.96557755345651, 32.224298235531464], [-110.96558179635845, 32.22430900368191], [-110.96558409676177, 32.22432007465754], [-110.9655884377838, 32.2249292042093], [-110.96558853252296, 32.22494445477651], [-110.96558859115235, 32.224952374139654], [-110.96558927077226, 32.22503972096732], [-110.9655843514377, 32.225034307271436]], [[-110.96707515005285, 32.22504946122739], [-110.96708954471956, 32.2250357786713], [-110.96709034275835, 32.22503494055897], [-110.96710570162824, 32.22501709069811], [-110.96710639953417, 32.225016189607516], [-110.96711962563096, 32.22499714593837], [-110.96712021693591, 32.22499619174098], [-110.96712679449472, 32.22498416482084], [-110.96712906701147, 32.225279869492745], [-110.96712843798103, 32.22527781942845], [-110.96712827661403, 32.22527731950707], [-110.9671277641141, 32.22527579608209], [-110.96712081205834, 32.225257004836365], [-110.96712039358636, 32.2252560295254], [-110.96711071516553, 32.22523640254684], [-110.96711019020667, 32.225235465214304], [-110.96709837671743, 32.22521670237521], [-110.96709775049152, 32.22521581117665], [-110.96709622295157, 32.22521385446426], [-110.96709610320994, 32.22519822945079], [-110.9670960110697, 32.22519698965133], [-110.96707515005285, 32.22504946122739]], [[-110.96705981403302, 32.22459137862809], [-110.96694681617277, 32.22453443519533], [-110.96682623134969, 32.22443224961539], [-110.96675889092676, 32.22433637285065], [-110.96705981403302, 32.22459137862809]], [[-110.96696074263738, 32.22511739912146], [-110.96695960394094, 32.22511702262072], [-110.96694897851668, 32.22511399110774], [-110.96695573605511, 32.225112511488085], [-110.9669569477816, 32.22511219052529], [-110.96698138332934, 32.225104600404336], [-110.96698255258342, 32.225104180823216], [-110.96700599467992, 32.22509459110191], [-110.96700710976417, 32.22509407552009], [-110.96702933464765, 32.22508257920931], [-110.96703038488798, 32.22508197385945], [-110.96705117604478, 32.2250686811594], [-110.96705175531308, 32.225068272475895], [-110.96706768984843, 32.22518096247207], [-110.96706743798508, 32.22518069724697], [-110.96706662489399, 32.22517992188153], [-110.96704911125238, 32.22516471449197], [-110.96704821682526, 32.22516400705397], [-110.96702909437641, 32.22515027197765], [-110.96702812490327, 32.22514963972894], [-110.96700756319485, 32.2251374981817], [-110.96700652922776, 32.22513694661248], [-110.96698471171982, 32.225126508191074], [-110.96698362063773, 32.225126041865856], [-110.96696074263738, 32.22511739912146]], [[-110.96561501907131, 32.225024155333024], [-110.965624598148, 32.22503831301085], [-110.96562530038155, 32.22503923905784], [-110.96563758279162, 32.2250537940389], [-110.96563839071499, 32.225054656851526], [-110.96565232495863, 32.225068093372336], [-110.96565323019783, 32.22506888206565], [-110.9656686786954, 32.22508106562042], [-110.96566967176862, 32.22508177381031], [-110.96568647773238, 32.22509258057064], [-110.96568754917662, 32.22509320006941], [-110.96570554398032, 32.22510252235065], [-110.96570610552887, 32.22510279712313], [-110.96570889401711, 32.225104084265375], [-110.96570690754797, 32.225103819513826], [-110.965686103824, 32.22509904383974], [-110.96566602839529, 32.22509238612326], [-110.9656469170314, 32.22508392479385], [-110.96562899150419, 32.22507375801597], [-110.96561532935176, 32.225064043566526], [-110.96561501907131, 32.225024155333024]]]}, "properties": {"OBJECTID": 8, "Project_Nm": "Modern Streetcar", "Project_No": 52}}]}