zip5,month,n_reviews,compound_sum,stars_sum,n_negative
19100,2012-01,2,1.9734,7,0
19100,2012-03,2,1.5742,10,0
19100,2012-04,2,1.9547,10,0
19100,2012-05,3,2.8673,14,0
19100,2012-06,5,4.3201,25,0
19100,2012-07,2,1.8709,9,0
19100,2012-08,4,3.6711,19,0
19100,2012-09,2,1.8597,10,0
19100,2013-01,2,1.8654,10,0
19100,2013-03,2,1.8613,10,0
19100,2013-04,1,0.9833,5,0
19100,2013-05,1,0.9262,5,0
19100,2013-06,2,1.4707,10,0
19100,2013-07,7,5.8202,33,0
19100,2013-08,5,4.3581,24,0
19100,2013-09,1,0.9586,2,0
19100,2013-11,1,0.7902,5,0
19100,2013-12,1,0.9941,5,0
19100,2014-01,1,0.4019,5,0
19100,2014-02,1,0.9789,4,0
19100,2014-04,1,0.9865,5,0
19100,2014-05,2,1.9541,10,0
19100,2014-06,1,0.8338,3,0
19100,2014-07,2,1.9495,10,0
19100,2014-08,1,0.4232,5,0
19100,2014-10,1,0.9608,5,0
19100,2014-11,1,0.4939,5,0
19100,2014-12,1,0.9500,5,0
19100,2015-01,2,0.6614,7,1
19100,2015-02,1,-0.4475,1,1
19100,2015-06,3,0.4918,12,1
19100,2015-07,1,0.9807,5,0
19100,2015-08,2,1.9607,10,0
19100,2015-10,2,1.9092,10,0
19100,2016-01,1,0.9641,5,0
19100,2016-02,2,0.9061,10,1
19100,2016-04,2,1.8655,10,0
19100,2016-05,1,0.9731,5,0
19100,2016-06,3,2.7454,12,0
19100,2016-07,1,0.7228,5,0
19100,2016-08,4,3.6815,20,0
19100,2016-10,1,0.9296,5,0
19100,2016-12,2,1.9141,10,0
19100,2017-01,1,0.4215,5,0
19100,2017-02,3,2.8477,15,0
19100,2017-05,1,0.5719,5,0
19100,2017-06,1,0.9198,5,0
19100,2017-07,4,3.7791,20,0
19100,2017-08,2,1.5986,10,0
19100,2017-09,1,0.8943,5,0
19100,2017-10,2,1.8371,10,0
19100,2017-11,3,2.8556,15,0
19100,2017-12,2,1.8775,10,0
19100,2018-01,1,0.7500,5,0
19100,2018-03,1,0.9370,5,0
19100,2018-05,1,0.7486,1,0
19100,2018-06,3,2.0844,14,0
19100,2018-07,2,1.7006,10,0
19100,2018-09,2,1.8165,9,0
19100,2018-10,3,2.6671,15,0
19100,2018-11,1,0.4368,5,0
19100,2019-06,1,0.8658,5,0
19100,2019-10,1,0.0472,1,0
19100,2019-12,5,4.7018,25,0
19100,2020-01,2,0.2640,6,1
19100,2020-04,1,0.8655,5,0
19100,2021-07,1,0.9126,5,0
19101,2012-05,1,0.9740,1,0
19101,2012-12,1,0.9719,4,0
19101,2013-01,1,-0.2732,3,1
19101,2013-05,1,0.8475,4,0
19101,2014-01,1,0.7717,5,0
19101,2014-02,1,0.5499,5,0
19101,2014-03,1,0.9811,3,0
19101,2014-04,1,0.0000,4,0
19101,2014-05,1,0.9895,5,0
19101,2014-06,1,0.9579,2,0
19101,2014-07,1,0.8770,4,0
19101,2014-08,1,0.4767,3,0
19101,2014-09,1,0.7840,5,0
19101,2014-10,2,0.7839,2,1
19101,2014-11,1,0.9877,1,0
19101,2014-12,1,0.8860,4,0
19101,2015-01,3,-2.4261,3,3
19101,2015-02,2,-0.0714,3,1
19101,2015-03,2,1.9646,7,0
19101,2015-04,2,0.7359,3,1
19101,2015-05,3,-0.7643,5,2
19101,2015-06,6,0.6745,18,3
19101,2015-08,5,1.1987,9,2
19101,2015-09,1,0.9979,5,0
19101,2015-10,1,-0.9680,1,1
19101,2015-11,2,1.9823,10,0
19101,2015-12,3,1.5955,11,1
19101,2016-01,3,-0.4877,6,2
19101,2016-02,1,0.9048,5,0
19101,2016-06,1,0.9659,5,0
19101,2016-07,1,-0.9009,1,1
19101,2016-09,1,0.9844,5,0
19101,2016-11,1,0.9868,5,0
19101,2016-12,1,0.4061,5,0
19101,2017-01,1,0.9487,5,0
19101,2017-03,1,0.9674,5,0
19101,2017-05,3,2.5413,15,0
19101,2017-06,2,1.9581,10,0
19101,2017-07,1,0.9802,5,0
19101,2017-09,1,0.9753,5,0
19101,2017-10,7,5.0000,29,1
19101,2017-11,1,0.9677,5,0
19101,2018-02,1,0.9726,5,0
19101,2018-03,1,0.9696,5,0
19101,2018-05,1,0.9493,5,0
19101,2018-06,4,3.6729,16,0
19101,2018-07,4,2.8450,16,0
19101,2018-08,2,1.9593,10,0
19101,2018-09,6,5.7821,30,0
19101,2018-10,6,5.9290,30,0
19101,2018-11,1,0.9473,5,0
19101,2018-12,3,2.8111,15,0
19101,2019-01,5,4.4227,25,0
19101,2019-02,3,1.2538,11,1
19101,2019-03,2,1.8795,10,0
19101,2019-04,3,2.8660,15,0
19101,2019-05,2,1.9623,10,0
19101,2019-06,6,2.8067,16,2
19101,2019-07,8,4.7710,36,2
19101,2019-08,1,0.2465,5,0
19101,2019-09,2,1.6759,10,0
19101,2019-10,3,2.0424,15,0
19101,2019-12,1,0.8126,5,0
19101,2020-01,1,0.7376,5,0
19101,2020-02,3,2.1091,15,0
19101,2020-04,2,1.7276,10,0
19101,2020-06,2,1.2918,9,0
19101,2020-07,1,0.8255,5,0
19101,2020-08,1,-0.8423,5,1
19101,2020-09,1,0.8930,5,0
19101,2020-11,1,0.6249,5,0
19101,2020-12,2,0.1423,10,1
19101,2021-02,1,0.8271,5,0
19101,2021-03,5,3.3957,21,1
19101,2021-04,1,0.3612,5,0
19101,2021-05,2,0.1321,6,1
19101,2021-06,3,2.3855,13,0
19101,2021-07,4,1.9639,13,1
19101,2021-09,3,2.6358,12,0
19101,2021-10,2,1.9004,10,0
19101,2021-11,3,2.8504,15,0
19101,2021-12,2,1.6499,10,0
19102,2012-01,335,244.7226,1183,31
19102,2012-02,359,258.1175,1272,37
19102,2012-03,273,183.3315,986,32
19102,2012-04,262,189.5850,941,28
19102,2012-05,235,166.4169,835,25
19102,2012-06,304,221.4314,1102,25
19102,2012-07,307,209.0030,1082,35
19102,2012-08,289,187.6952,1036,38
19102,2012-09,249,166.5831,895,34
19102,2012-10,294,201.4822,1030,35
19102,2012-11,243,164.0693,872,30
19102,2012-12,279,203.7440,988,24
19102,2013-01,352,256.1074,1305,36
19102,2013-02,350,226.4719,1234,49
19102,2013-03,337,251.2978,1238,26
19102,2013-04,320,235.6018,1180,29
19102,2013-05,280,192.2545,1002,34
19102,2013-06,296,216.3788,1113,27
19102,2013-07,290,208.5706,1111,27
19102,2013-08,323,230.0417,1176,30
19102,2013-09,375,271.1790,1330,35
19102,2013-10,330,216.0730,1188,41
19102,2013-11,366,253.3787,1338,39
19102,2013-12,370,270.5714,1373,34
19102,2014-01,421,292.9288,1563,49
19102,2014-02,361,246.2118,1309,45
19102,2014-03,421,286.3886,1521,51
19102,2014-04,358,259.7699,1371,34
19102,2014-05,345,247.4283,1269,38
19102,2014-06,351,261.2520,1358,32
19102,2014-07,346,248.4385,1291,32
19102,2014-08,388,259.3632,1462,49
19102,2014-09,356,240.8604,1273,47
19102,2014-10,323,222.4634,1242,36
19102,2014-11,391,268.0560,1418,48
19102,2014-12,369,242.7170,1316,50
19102,2015-01,415,299.4089,1486,43
19102,2015-02,389,272.4935,1440,41
19102,2015-03,347,231.7393,1287,47
19102,2015-04,375,247.9618,1353,49
19102,2015-05,350,219.1323,1251,55
19102,2015-06,400,259.9016,1480,50
19102,2015-07,455,332.3668,1702,44
19102,2015-08,491,338.7216,1873,54
19102,2015-09,325,227.6201,1212,36
19102,2015-10,363,226.8147,1362,53
19102,2015-11,369,244.3002,1332,47
19102,2015-12,393,262.7483,1428,49
19102,2016-01,459,300.1597,1708,62
19102,2016-02,410,250.5438,1444,67
19102,2016-03,434,287.6609,1585,56
19102,2016-04,316,223.4095,1179,32
19102,2016-05,352,233.6520,1327,44
19102,2016-06,368,239.5077,1393,51
19102,2016-07,388,263.2515,1489,48
19102,2016-08,385,273.1928,1472,37
19102,2016-09,458,312.5878,1720,56
19102,2016-10,411,285.4655,1571,48
19102,2016-11,366,255.0167,1387,46
19102,2016-12,433,289.6622,1574,55
19102,2017-01,493,337.1214,1880,59
19102,2017-02,498,347.1984,1891,55
19102,2017-03,486,337.1920,1878,59
19102,2017-04,440,302.1309,1716,49
19102,2017-05,520,339.2853,1989,78
19102,2017-06,445,301.0476,1679,53
19102,2017-07,453,312.6138,1788,52
19102,2017-08,424,293.7108,1629,45
19102,2017-09,455,319.1110,1754,54
19102,2017-10,437,288.4398,1636,62
19102,2017-11,431,283.4745,1653,59
19102,2017-12,468,310.0126,1720,65
19102,2018-01,530,364.8070,1978,65
19102,2018-02,443,279.3782,1633,69
19102,2018-03,464,314.5008,1764,58
19102,2018-04,453,321.8491,1810,48
19102,2018-05,405,257.1586,1485,63
19102,2018-06,401,255.9558,1523,58
19102,2018-07,368,254.3417,1396,46
19102,2018-08,380,258.9708,1462,50
19102,2018-09,369,254.5293,1436,49
19102,2018-10,440,298.2140,1673,59
19102,2018-11,351,228.7493,1301,51
19102,2018-12,430,290.4097,1613,52
19102,2019-01,517,348.9019,1969,71
19102,2019-02,405,260.4907,1494,58
19102,2019-03,461,293.4850,1738,66
19102,2019-04,435,298.1341,1676,50
19102,2019-05,495,320.4552,1861,69
19102,2019-06,445,287.0433,1682,67
19102,2019-07,430,296.6384,1705,50
19102,2019-08,386,251.6199,1460,52
19102,2019-09,404,260.5500,1539,58
19102,2019-10,395,269.1531,1521,46
19102,2019-11,367,247.3343,1396,47
19102,2019-12,436,272.9720,1571,72
19102,2020-01,435,289.7749,1637,57
19102,2020-02,355,223.3686,1330,59
19102,2020-03,202,131.7896,746,27
19102,2020-04,63,34.3222,240,11
19102,2020-05,63,41.3256,242,11
19102,2020-06,73,44.7359,291,10
19102,2020-07,96,68.4150,387,6
19102,2020-08,122,81.3923,469,16
19102,2020-09,160,109.3061,651,18
19102,2020-10,177,120.7371,699,19
19102,2020-11,135,95.1347,532,16
19102,2020-12,113,75.6013,449,14
19102,2021-01,143,97.0497,587,19
19102,2021-02,128,86.5586,506,16
19102,2021-03,168,117.4298,717,22
19102,2021-04,149,93.0241,549,23
19102,2021-05,199,108.3158,731,42
19102,2021-06,181,101.9986,641,33
19102,2021-07,259,158.0106,987,42
19102,2021-08,243,144.8246,912,42
19102,2021-09,199,132.0780,733,27
19102,2021-10,225,135.6962,840,40
19102,2021-11,183,108.4630,682,32
19102,2021-12,233,153.1394,875,32
19103,2012-01,680,475.3016,2502,70
19103,2012-02,692,505.5840,2564,72
19103,2012-03,657,470.7440,2497,67
19103,2012-04,736,552.1397,2747,63
19103,2012-05,685,488.4688,2515,66
19103,2012-06,729,537.7263,2739,65
19103,2012-07,862,627.6083,3263,77
19103,2012-08,777,566.8337,2851,73
19103,2012-09,689,497.6489,2596,70
19103,2012-10,709,483.2375,2584,85
19103,2012-11,647,459.4105,2447,67
19103,2012-12,645,477.9223,2422,57
19103,2013-01,899,667.2410,3371,71
19103,2013-02,798,594.0386,2996,71
19103,2013-03,892,670.3038,3333,70
19103,2013-04,840,620.5627,3151,72
19103,2013-05,846,619.8401,3192,86
19103,2013-06,893,656.6578,3355,76
19103,2013-07,827,619.2857,3180,68
19103,2013-08,935,663.5214,3492,95
19103,2013-09,932,682.5941,3545,82
19103,2013-10,830,586.4415,3141,93
19103,2013-11,856,636.9549,3304,69
19103,2013-12,746,542.0036,2817,73
19103,2014-01,917,663.4843,3481,92
19103,2014-02,857,614.7632,3272,90
19103,2014-03,979,697.0611,3731,99
19103,2014-04,973,708.3947,3741,91
19103,2014-05,936,696.0956,3606,77
19103,2014-06,1036,744.9250,3902,105
19103,2014-07,1175,852.1074,4456,109
19103,2014-08,1158,831.5800,4352,112
19103,2014-09,966,682.0533,3639,109
19103,2014-10,936,665.7879,3569,100
19103,2014-11,938,664.0564,3603,104
19103,2014-12,869,613.0398,3321,95
19103,2015-01,1095,805.6625,4279,104
19103,2015-02,1112,809.2682,4271,109
19103,2015-03,1059,738.9345,4091,124
19103,2015-04,1059,781.0329,4215,100
19103,2015-05,1039,765.4713,4079,92
19103,2015-06,1000,655.1615,3743,132
19103,2015-07,1209,843.3851,4725,129
19103,2015-08,1285,898.7035,4831,147
19103,2015-09,933,639.9916,3571,104
19103,2015-10,939,654.2527,3589,107
19103,2015-11,971,650.9648,3670,123
19103,2015-12,989,688.8701,3804,114
19103,2016-01,1090,800.9949,4251,100
19103,2016-02,1052,735.8300,4052,120
19103,2016-03,1139,798.1866,4395,116
19103,2016-04,935,653.6407,3638,104
19103,2016-05,1102,761.2990,4244,123
19103,2016-06,1034,708.6444,4052,120
19103,2016-07,1135,804.8835,4450,117
19103,2016-08,1157,778.4861,4434,144
19103,2016-09,1072,734.7233,4090,124
19103,2016-10,975,683.6989,3824,106
19103,2016-11,909,624.3672,3551,108
19103,2016-12,971,653.9905,3725,121
19103,2017-01,1114,807.0149,4410,106
19103,2017-02,1094,794.1557,4310,103
19103,2017-03,1133,804.6985,4474,121
19103,2017-04,1082,752.8103,4199,117
19103,2017-05,1144,776.9801,4475,137
19103,2017-06,1255,873.5370,4928,145
19103,2017-07,1267,877.4130,4971,136
19103,2017-08,1242,905.3327,4943,119
19103,2017-09,1009,706.4963,3901,105
19103,2017-10,1075,729.4405,4120,131
19103,2017-11,1016,703.7075,3923,117
19103,2017-12,1011,699.3516,3900,119
19103,2018-01,1077,775.4580,4184,107
19103,2018-02,982,676.9209,3774,113
19103,2018-03,1136,784.9684,4417,132
19103,2018-04,1192,803.6638,4637,156
19103,2018-05,1203,801.3504,4583,153
19103,2018-06,1204,798.3456,4628,170
19103,2018-07,1236,851.6541,4798,149
19103,2018-08,1242,833.9946,4798,150
19103,2018-09,1071,735.4610,4174,134
19103,2018-10,1126,791.9406,4378,119
19103,2018-11,990,690.6647,3927,111
19103,2018-12,985,662.0298,3711,121
19103,2019-01,1062,760.7455,4167,115
19103,2019-02,988,656.0111,3796,128
19103,2019-03,1016,690.7306,3986,123
19103,2019-04,980,646.5764,3743,136
19103,2019-05,1028,678.1957,3963,145
19103,2019-06,1099,743.7644,4260,139
19103,2019-07,1141,772.2029,4450,140
19103,2019-08,1102,736.2473,4254,144
19103,2019-09,1094,743.1406,4256,129
19103,2019-10,1000,701.6697,3811,106
19103,2019-11,928,629.0100,3601,117
19103,2019-12,994,701.5395,3868,101
19103,2020-01,921,655.0960,3656,104
19103,2020-02,921,625.0318,3587,114
19103,2020-03,528,375.0494,2118,61
19103,2020-04,154,91.0898,586,27
19103,2020-05,175,93.2697,657,35
19103,2020-06,216,126.6655,805,41
19103,2020-07,358,214.4534,1370,57
19103,2020-08,437,294.4169,1774,58
19103,2020-09,510,327.6179,1990,75
19103,2020-10,462,339.9694,1917,44
19103,2020-11,417,306.7029,1754,40
19103,2020-12,347,255.9067,1463,33
19103,2021-01,395,289.7399,1658,34
19103,2021-02,344,231.6763,1333,43
19103,2021-03,498,333.9491,1997,61
19103,2021-04,434,269.1021,1676,68
19103,2021-05,492,329.3363,1952,66
19103,2021-06,496,344.6202,2036,63
19103,2021-07,652,433.5971,2567,87
19103,2021-08,626,409.4891,2436,86
19103,2021-09,571,371.1502,2235,83
19103,2021-10,558,380.9896,2197,70
19103,2021-11,508,356.3804,2008,62
19103,2021-12,575,392.4990,2238,70
19104,2012-01,264,193.5826,982,25
19104,2012-02,324,227.6237,1161,37
19104,2012-03,307,198.6099,1062,40
19104,2012-04,331,224.5905,1182,39
19104,2012-05,303,196.7298,1077,42
19104,2012-06,330,216.4921,1183,42
19104,2012-07,388,284.1585,1378,37
19104,2012-08,330,209.6902,1180,48
19104,2012-09,339,225.9495,1225,38
19104,2012-10,346,233.7988,1198,44
19104,2012-11,349,206.5887,1196,60
19104,2012-12,277,185.7328,970,34
19104,2013-01,318,213.1721,1169,37
19104,2013-02,347,227.5431,1243,44
19104,2013-03,351,228.1227,1204,43
19104,2013-04,360,235.9148,1264,44
19104,2013-05,355,233.5308,1276,47
19104,2013-06,352,205.9684,1212,63
19104,2013-07,354,251.3590,1299,36
19104,2013-08,356,228.4330,1293,51
19104,2013-09,406,278.4579,1451,42
19104,2013-10,394,272.3460,1417,41
19104,2013-11,335,220.5037,1203,46
19104,2013-12,321,224.6811,1160,33
19104,2014-01,340,237.1503,1257,37
19104,2014-02,396,257.6083,1440,58
19104,2014-03,466,318.8128,1688,55
19104,2014-04,435,273.9134,1513,62
19104,2014-05,434,328.8744,1630,33
19104,2014-06,379,261.1888,1310,39
19104,2014-07,379,245.4900,1347,52
19104,2014-08,421,280.8192,1489,51
19104,2014-09,405,276.0687,1484,47
19104,2014-10,461,303.2318,1673,65
19104,2014-11,364,226.1097,1278,50
19104,2014-12,370,257.6461,1341,37
19104,2015-01,520,347.3761,1858,66
19104,2015-02,442,297.2157,1547,51
19104,2015-03,461,285.7943,1577,68
19104,2015-04,526,354.0424,1861,61
19104,2015-05,452,288.9252,1617,61
19104,2015-06,427,288.6761,1556,55
19104,2015-07,461,295.2614,1676,62
19104,2015-08,510,331.2673,1874,66
19104,2015-09,420,269.5372,1530,57
19104,2015-10,426,243.3536,1491,82
19104,2015-11,382,235.8652,1367,60
19104,2015-12,404,248.3442,1477,65
19104,2016-01,432,250.3061,1488,75
19104,2016-02,533,334.6288,1994,78
19104,2016-03,483,321.3120,1737,59
19104,2016-04,488,276.0045,1692,83
19104,2016-05,458,286.5659,1637,60
19104,2016-06,421,267.4800,1566,55
19104,2016-07,502,289.3939,1721,85
19104,2016-08,410,255.3191,1457,60
19104,2016-09,419,256.8441,1482,65
19104,2016-10,397,219.3394,1371,75
19104,2016-11,318,164.1997,1069,66
19104,2016-12,327,210.7883,1191,45
19104,2017-01,417,245.0202,1483,70
19104,2017-02,400,239.6492,1436,66
19104,2017-03,468,260.0765,1667,91
19104,2017-04,452,273.1880,1594,70
19104,2017-05,475,276.9339,1715,78
19104,2017-06,446,230.8041,1544,94
19104,2017-07,454,270.7689,1616,73
19104,2017-08,467,278.3444,1736,79
19104,2017-09,427,250.4018,1557,76
19104,2017-10,434,248.7285,1528,77
19104,2017-11,335,195.8807,1149,57
19104,2017-12,340,190.8383,1187,58
19104,2018-01,337,192.0480,1172,65
19104,2018-02,352,193.2119,1229,70
19104,2018-03,454,269.3662,1623,77
19104,2018-04,492,284.1173,1796,89
19104,2018-05,415,262.7731,1499,56
19104,2018-06,429,248.0468,1551,77
19104,2018-07,467,257.5702,1728,87
19104,2018-08,449,280.8486,1694,65
19104,2018-09,518,327.3628,1914,69
19104,2018-10,448,269.7336,1628,73
19104,2018-11,419,274.7699,1549,53
19104,2018-12,366,229.1126,1318,53
19104,2019-01,391,238.7653,1417,63
19104,2019-02,373,233.0694,1337,49
19104,2019-03,458,263.4004,1654,79
19104,2019-04,478,293.0701,1705,75
19104,2019-05,467,264.8657,1647,80
19104,2019-06,484,319.8666,1747,59
19104,2019-07,475,279.4890,1661,78
19104,2019-08,418,249.8899,1544,66
19104,2019-09,399,221.7138,1383,68
19104,2019-10,365,191.3159,1212,72
19104,2019-11,330,188.3169,1181,60
19104,2019-12,299,163.9423,1049,60
19104,2020-01,298,177.2826,1086,55
19104,2020-02,296,176.2726,1037,45
19104,2020-03,194,106.8798,678,32
19104,2020-04,85,51.4459,322,12
19104,2020-05,133,83.3428,492,20
19104,2020-06,123,77.6258,496,18
19104,2020-07,153,63.0768,530,41
19104,2020-08,180,86.8827,648,37
19104,2020-09,209,104.4362,733,50
19104,2020-10,199,113.7985,735,37
19104,2020-11,169,103.2907,639,29
19104,2020-12,142,84.8699,554,23
19104,2021-01,132,72.4988,486,26
19104,2021-02,123,77.9023,464,15
19104,2021-03,178,111.6377,684,26
19104,2021-04,196,127.1186,739,29
19104,2021-05,200,122.7787,706,28
19104,2021-06,215,140.5989,808,30
19104,2021-07,225,117.9057,824,47
19104,2021-08,252,136.1655,903,50
19104,2021-09,250,119.7998,847,60
19104,2021-10,179,87.5428,609,42
19104,2021-11,163,79.4221,529,36
19104,2021-12,190,101.2742,675,37
19106,2012-01,479,365.7908,1804,39
19106,2012-02,489,383.0852,1890,33
19106,2012-03,453,331.9023,1691,47
19106,2012-04,389,293.3282,1479,37
19106,2012-05,400,287.1832,1479,39
19106,2012-06,404,301.6951,1501,31
19106,2012-07,443,329.1919,1681,35
19106,2012-08,476,356.3772,1826,45
19106,2012-09,485,374.2433,1847,36
19106,2012-10,435,331.5186,1638,36
19106,2012-11,422,294.5292,1589,50
19106,2012-12,392,293.9830,1511,31
19106,2013-01,554,430.2784,2111,43
19106,2013-02,491,370.5354,1880,40
19106,2013-03,483,368.9071,1860,35
19106,2013-04,537,401.7434,2054,50
19106,2013-05,487,375.0795,1848,36
19106,2013-06,489,359.7114,1890,47
19106,2013-07,557,405.7208,2110,50
19106,2013-08,616,447.2965,2290,60
19106,2013-09,520,382.6302,2027,47
19106,2013-10,464,342.6594,1761,39
19106,2013-11,482,373.2012,1893,36
19106,2013-12,480,363.9411,1886,43
19106,2014-01,588,452.5617,2291,46
19106,2014-02,496,388.0914,1923,35
19106,2014-03,631,473.7873,2427,58
19106,2014-04,595,453.2920,2309,48
19106,2014-05,565,417.3951,2155,51
19106,2014-06,527,386.0541,2049,50
19106,2014-07,745,566.0011,2861,54
19106,2014-08,751,567.0704,2994,58
19106,2014-09,652,472.8613,2497,68
19106,2014-10,601,452.6913,2339,47
19106,2014-11,539,408.7571,2144,45
19106,2014-12,536,426.0494,2132,33
19106,2015-01,677,514.9266,2656,53
19106,2015-02,608,430.3699,2373,71
19106,2015-03,625,465.5602,2426,53
19106,2015-04,591,430.6054,2329,56
19106,2015-05,749,548.7838,2898,70
19106,2015-06,776,540.8191,2935,86
19106,2015-07,809,613.6429,3226,62
19106,2015-08,943,689.4292,3709,84
19106,2015-09,559,383.8367,2144,63
19106,2015-10,591,396.5983,2281,73
19106,2015-11,556,389.8311,2148,60
19106,2015-12,554,401.0305,2176,57
19106,2016-01,713,529.0136,2808,55
19106,2016-02,626,428.2788,2476,78
19106,2016-03,645,488.9629,2631,50
19106,2016-04,556,409.5901,2243,51
19106,2016-05,673,489.0747,2705,64
19106,2016-06,757,499.7229,2934,105
19106,2016-07,838,573.1680,3284,103
19106,2016-08,803,551.1867,3092,94
19106,2016-09,715,484.9449,2778,88
19106,2016-10,610,440.5993,2419,58
19106,2016-11,567,414.8923,2228,58
19106,2016-12,538,396.4252,2114,49
19106,2017-01,612,433.5194,2441,69
19106,2017-02,621,439.3724,2434,69
19106,2017-03,581,411.1559,2304,63
19106,2017-04,671,479.9865,2653,74
19106,2017-05,765,514.2673,2928,94
19106,2017-06,829,570.6470,3161,91
19106,2017-07,892,600.3785,3432,106
19106,2017-08,807,555.4841,3189,97
19106,2017-09,729,486.1555,2815,95
19106,2017-10,644,441.6945,2486,85
19106,2017-11,598,427.8361,2396,67
19106,2017-12,603,442.9147,2450,64
19106,2018-01,614,442.1546,2387,66
19106,2018-02,590,413.0631,2288,66
19106,2018-03,677,483.1721,2761,73
19106,2018-04,719,499.2973,2821,86
19106,2018-05,770,556.5683,3042,75
19106,2018-06,767,549.3899,3047,84
19106,2018-07,877,615.7091,3450,101
19106,2018-08,772,528.4582,3067,91
19106,2018-09,734,529.3239,2949,76
19106,2018-10,684,492.8858,2695,73
19106,2018-11,551,397.2033,2202,55
19106,2018-12,601,441.4072,2433,60
19106,2019-01,728,537.4019,2973,71
19106,2019-02,581,443.3897,2381,46
19106,2019-03,612,454.7848,2486,55
19106,2019-04,610,436.9350,2491,64
19106,2019-05,693,495.9276,2775,76
19106,2019-06,769,546.1294,3035,85
19106,2019-07,762,542.8783,3054,76
19106,2019-08,709,514.1411,2864,62
19106,2019-09,684,476.7521,2670,79
19106,2019-10,579,395.5514,2314,68
19106,2019-11,520,362.9134,2033,59
19106,2019-12,548,399.0100,2178,52
19106,2020-01,491,362.6836,1910,47
19106,2020-02,461,324.4862,1845,53
19106,2020-03,310,233.3542,1270,24
19106,2020-04,60,36.5655,233,11
19106,2020-05,97,58.7140,374,13
19106,2020-06,127,76.1263,482,26
19106,2020-07,221,149.1761,907,26
19106,2020-08,277,202.5037,1141,22
19106,2020-09,286,207.2931,1110,26
19106,2020-10,275,189.1918,1097,31
19106,2020-11,245,177.4095,1031,28
19106,2020-12,203,152.5475,846,15
19106,2021-01,186,128.5949,760,21
19106,2021-02,198,157.3250,843,15
19106,2021-03,258,186.2073,1034,24
19106,2021-04,281,206.5197,1166,28
19106,2021-05,357,239.6787,1419,46
19106,2021-06,398,267.0127,1593,55
19106,2021-07,445,298.4244,1817,55
19106,2021-08,403,269.2831,1617,56
19106,2021-09,360,255.2242,1434,37
19106,2021-10,399,258.5623,1574,54
19106,2021-11,268,187.8405,1085,29
19106,2021-12,255,181.3820,1027,30
19107,2012-01,872,644.1911,3284,76
19107,2012-02,864,641.6970,3195,80
19107,2012-03,863,661.5433,3230,65
19107,2012-04,826,621.7024,3105,67
19107,2012-05,691,510.1446,2552,58
19107,2012-06,777,588.5112,2945,60
19107,2012-07,892,646.7337,3370,81
19107,2012-08,901,674.7565,3468,78
19107,2012-09,841,612.2950,3212,76
19107,2012-10,869,628.9570,3288,83
19107,2012-11,727,546.0531,2761,57
19107,2012-12,751,532.9026,2724,70
19107,2013-01,945,703.9526,3614,75
19107,2013-02,856,622.6371,3242,80
19107,2013-03,960,696.5439,3551,86
19107,2013-04,986,731.1384,3765,78
19107,2013-05,1023,749.0199,3908,85
19107,2013-06,938,704.9884,3589,78
19107,2013-07,1020,716.7245,3888,104
19107,2013-08,1067,758.0938,4067,106
19107,2013-09,1108,810.8464,4258,102
19107,2013-10,1065,775.7214,4074,97
19107,2013-11,1035,737.5367,3971,107
19107,2013-12,957,698.4392,3637,87
19107,2014-01,1198,882.3967,4640,103
19107,2014-02,1013,741.3779,3887,99
19107,2014-03,1224,920.4569,4793,92
19107,2014-04,1203,880.8179,4665,108
19107,2014-05,1170,844.6530,4468,115
19107,2014-06,1169,847.3237,4489,111
19107,2014-07,1258,931.0465,4946,103
19107,2014-08,1344,960.2305,5157,130
19107,2014-09,1250,893.9135,4805,123
19107,2014-10,1184,879.3887,4627,97
19107,2014-11,1095,820.4733,4294,92
19107,2014-12,1249,928.4785,4897,104
19107,2015-01,1472,1102.0266,5786,122
19107,2015-02,1382,1037.5072,5396,109
19107,2015-03,1453,1015.4678,5616,148
19107,2015-04,1350,956.8713,5182,141
19107,2015-05,1395,999.8952,5460,131
19107,2015-06,1358,954.6516,5338,138
19107,2015-07,1416,983.2170,5443,145
19107,2015-08,1601,1153.0383,6260,152
19107,2015-09,1165,798.4704,4520,139
19107,2015-10,1269,866.9540,4938,143
19107,2015-11,1291,899.5849,5069,140
19107,2015-12,1432,983.9962,5484,159
19107,2016-01,1447,1018.9109,5679,151
19107,2016-02,1597,1137.3761,6185,163
19107,2016-03,1639,1185.0337,6404,157
19107,2016-04,1373,982.3548,5385,140
19107,2016-05,1523,1060.0499,6020,156
19107,2016-06,1384,964.6276,5400,146
19107,2016-07,1541,1063.4371,6039,166
19107,2016-08,1628,1104.0051,6295,174
19107,2016-09,1391,970.7486,5343,142
19107,2016-10,1251,850.5813,4835,148
19107,2016-11,1202,854.2103,4682,120
19107,2016-12,1326,936.8269,5204,134
19107,2017-01,1506,1073.7321,5903,155
19107,2017-02,1483,1045.8050,5812,154
19107,2017-03,1657,1138.0079,6425,180
19107,2017-04,1591,1108.8707,6251,165
19107,2017-05,1574,1099.0439,6159,175
19107,2017-06,1533,1080.8220,6053,161
19107,2017-07,1618,1159.0312,6364,158
19107,2017-08,1520,1045.6291,6012,178
19107,2017-09,1507,1079.0292,5995,154
19107,2017-10,1517,1050.4497,5933,159
19107,2017-11,1484,1023.9140,5799,170
19107,2017-12,1376,964.5036,5436,155
19107,2018-01,1494,1023.1919,5862,182
19107,2018-02,1443,1011.3565,5668,155
19107,2018-03,1728,1212.0543,6885,187
19107,2018-04,1666,1170.8279,6625,174
19107,2018-05,1494,1026.1526,5944,167
19107,2018-06,1594,1131.7103,6384,165
19107,2018-07,1728,1161.6806,6815,209
19107,2018-08,1466,963.3817,5744,185
19107,2018-09,1443,971.2781,5599,177
19107,2018-10,1515,1067.0475,5952,152
19107,2018-11,1375,954.6867,5392,157
19107,2018-12,1606,1123.8306,6374,172
19107,2019-01,1622,1159.9856,6464,165
19107,2019-02,1403,975.1100,5524,152
19107,2019-03,1660,1167.0877,6649,184
19107,2019-04,1551,1028.3352,6085,198
19107,2019-05,1501,1013.3779,5928,183
19107,2019-06,1617,1082.8387,6301,189
19107,2019-07,1633,1106.0165,6441,197
19107,2019-08,1583,1065.2489,6249,191
19107,2019-09,1623,1077.9916,6226,205
19107,2019-10,1573,1073.5149,6117,180
19107,2019-11,1429,977.7429,5599,174
19107,2019-12,1543,1059.4740,5982,181
19107,2020-01,1429,966.5039,5555,188
19107,2020-02,1351,916.0852,5271,161
19107,2020-03,774,532.1963,3050,94
19107,2020-04,201,134.3363,796,23
19107,2020-05,267,160.4456,1068,43
19107,2020-06,308,187.6298,1198,43
19107,2020-07,442,304.8979,1788,50
19107,2020-08,557,365.9904,2253,71
19107,2020-09,634,401.9444,2494,97
19107,2020-10,621,415.3858,2470,78
19107,2020-11,522,355.3510,2110,61
19107,2020-12,449,303.0982,1817,57
19107,2021-01,451,313.3911,1857,52
19107,2021-02,489,308.4284,1954,76
19107,2021-03,620,428.9809,2510,69
19107,2021-04,692,489.4430,2844,72
19107,2021-05,752,483.0601,2957,102
19107,2021-06,774,513.1923,3039,101
19107,2021-07,888,594.1883,3516,109
19107,2021-08,874,553.6988,3417,127
19107,2021-09,821,511.6954,3129,118
19107,2021-10,868,559.8081,3378,118
19107,2021-11,756,467.0711,2863,116
19107,2021-12,816,523.4001,3095,118
19108,2012-05,2,1.8443,9,0
19108,2012-09,2,1.9395,10,0
19108,2012-11,2,1.2328,7,0
19108,2012-12,1,-0.1160,3,1
19108,2013-02,1,0.5563,5,0
19108,2013-04,1,0.9756,5,0
19108,2013-06,3,2.8954,13,0
19108,2013-08,1,0.6588,4,0
19108,2013-10,1,0.9696,4,0
19108,2013-11,4,-0.0414,12,2
19108,2014-02,1,-0.9788,2,1
19108,2014-03,1,0.9677,4,0
19108,2014-05,1,-0.9434,1,1
19108,2014-06,2,1.8399,8,0
19108,2014-07,1,-0.6077,2,1
19108,2014-09,3,2.4306,12,0
19108,2014-10,2,0.2467,8,1
19108,2014-11,1,0.8730,4,0
19108,2014-12,2,1.9500,10,0
19108,2015-01,2,1.9096,8,0
19108,2015-02,1,0.3149,4,0
19108,2015-04,1,0.9832,2,0
19108,2015-06,3,0.4252,8,1
19108,2015-07,2,1.6054,8,0
19108,2015-09,3,2.8350,11,0
19108,2015-10,2,0.7750,6,0
19108,2015-11,1,0.5994,5,0
19108,2015-12,2,1.9845,7,0
19108,2016-02,1,-0.7627,2,1
19108,2016-04,2,1.7500,10,0
19108,2016-06,1,0.7814,2,0
19108,2016-09,1,0.9714,5,0
19108,2016-10,2,1.8994,9,0
19108,2016-11,1,0.9883,5,0
19108,2017-01,3,2.8821,8,0
19108,2017-02,2,1.9701,8,0
19108,2017-04,2,1.7055,8,0
19108,2017-06,1,0.8801,3,0
19108,2017-07,1,-0.9859,1,1
19108,2017-09,2,1.9758,8,0
19108,2017-11,1,0.4812,1,0
19108,2017-12,1,0.4265,4,0
19108,2018-02,1,0.8250,4,0
19108,2018-03,2,-1.3036,4,2
19108,2018-04,2,1.8341,9,0
19108,2018-07,1,0.9931,5,0
19108,2018-10,2,1.6755,8,0
19108,2018-12,1,-0.2771,1,1
19108,2019-04,1,0.8126,4,0
19108,2019-05,2,-0.3061,4,1
19108,2019-06,1,0.9445,2,0
19108,2019-07,2,1.8817,8,0
19108,2019-09,1,0.9915,5,0
19108,2019-10,1,0.5554,4,0
19108,2019-11,1,0.9599,2,0
19108,2020-01,1,-0.9180,2,1
19108,2020-02,2,-1.6868,2,2
19108,2020-07,1,0.7133,4,0
19108,2020-11,1,0.8519,5,0
19108,2021-07,1,0.1414,1,0
19108,2021-10,1,0.9422,5,0
19108,2021-12,1,0.9655,1,0
19109,2012-04,2,-1.2034,4,2
19109,2013-01,1,-0.9649,1,1
19109,2013-05,1,0.9659,3,0
19109,2013-11,2,0.4874,6,1
19109,2013-12,1,0.3843,4,0
19109,2014-02,1,-0.9287,1,1
19109,2014-03,1,0.9738,5,0
19109,2014-05,1,0.9616,5,0
19109,2014-06,2,1.7529,10,0
19109,2014-07,1,-0.7512,1,1
19109,2014-08,1,0.9719,5,0
19109,2014-09,1,-0.8546,1,1
19109,2014-10,1,0.9497,5,0
19109,2015-01,1,0.9516,5,0
19109,2015-03,1,0.9545,5,0
19109,2015-04,1,0.6787,4,0
19109,2015-05,1,0.9607,5,0
19109,2015-07,4,1.3727,14,1
19109,2015-08,2,0.1137,7,1
19109,2015-09,1,0.9571,5,0
19109,2015-10,4,2.1083,16,1
19109,2015-11,2,0.5876,6,1
19109,2015-12,6,-0.1684,18,3
19109,2016-03,2,1.7817,10,0
19109,2016-04,1,0.9188,5,0
19109,2016-05,2,0.0187,6,1
19109,2016-06,1,0.7177,5,0
19109,2016-07,1,0.5878,5,0
19109,2016-08,2,1.7889,10,0
19109,2016-09,3,2.8713,15,0
19109,2016-10,3,2.5317,15,0
19109,2016-12,1,0.9715,5,0
19109,2017-01,5,4.6140,23,0
19109,2017-04,2,0.9714,7,0
19109,2017-05,1,-0.9026,1,1
19109,2017-07,2,1.2831,9,0
19109,2017-08,1,0.9800,5,0
19109,2017-10,1,0.9733,5,0
19109,2017-11,2,0.9420,6,0
19109,2018-01,2,1.9384,10,0
19109,2018-02,1,0.9928,5,0
19109,2018-05,1,0.8123,5,0
19109,2018-06,2,1.8405,10,0
19109,2018-08,1,0.9501,5,0
19109,2019-02,1,0.9499,5,0
19109,2019-04,1,0.8930,5,0
19109,2019-05,1,0.9214,5,0
19109,2019-06,1,0.7479,5,0
19109,2019-07,1,0.9919,5,0
19109,2019-08,2,1.6543,10,0
19109,2020-01,2,1.6329,7,0
19109,2020-02,1,0.9790,5,0
19109,2020-07,1,-0.9642,3,1
19109,2020-12,1,0.9750,5,0
19109,2021-10,1,-0.9234,1,1
19109,2021-11,1,0.8900,5,0
19109,2021-12,1,0.9840,4,0
19110,2012-01,1,0.9888,5,0
19110,2012-03,1,0.9778,3,0
19110,2012-05,1,0.6369,5,0
19110,2012-06,2,1.7008,8,0
19110,2012-07,1,0.4560,3,0
19110,2012-08,1,0.9273,4,0
19110,2012-11,1,-0.2023,2,1
19110,2013-01,1,0.9011,4,0
19110,2013-02,1,0.9985,5,0
19110,2013-04,1,-0.2898,2,1
19110,2013-12,1,0.9674,5,0
19110,2014-02,1,0.9344,5,0
19110,2014-04,1,0.9618,5,0
19110,2014-08,1,0.8325,1,0
19110,2014-09,1,0.8356,3,0
19110,2015-01,2,1.8407,8,0
19110,2015-03,1,-0.6908,1,1
19110,2015-04,2,1.1691,6,0
19110,2015-06,1,0.9508,5,0
19110,2015-07,2,-0.0381,6,1
19110,2015-08,2,1.7605,10,0
19110,2015-09,1,-0.1036,1,1
19110,2015-10,1,0.9712,5,0
19110,2015-12,1,-0.4953,1,1
19110,2016-01,2,0.5252,2,1
19110,2016-02,3,2.2616,14,0
19110,2016-03,1,-0.7469,1,1
19110,2016-04,1,0.8439,5,0
19110,2016-05,2,1.5699,10,0
19110,2016-06,1,0.0000,2,0
19110,2016-09,1,0.9273,5,0
19110,2016-10,1,0.9327,1,0
19110,2016-12,1,0.9115,5,0
19110,2017-03,2,1.9556,9,0
19110,2017-04,3,2.5025,15,0
19110,2017-05,1,0.7750,5,0
19110,2017-06,1,0.9740,5,0
19110,2017-07,3,2.4803,15,0
19110,2017-08,4,3.6940,19,0
19110,2017-09,2,0.9676,10,0
19110,2017-10,2,1.5629,6,0
19110,2017-11,1,0.1675,3,0
19110,2018-01,1,0.8652,5,0
19110,2018-03,2,1.8309,9,0
19110,2018-04,4,0.8054,13,1
19110,2018-05,1,0.9521,5,0
19110,2018-08,1,0.4754,5,0
19110,2018-09,1,0.8478,5,0
19110,2018-10,2,0.1818,5,1
19110,2018-11,1,0.7133,5,0
19110,2018-12,2,1.8305,9,0
19110,2019-01,1,0.9589,5,0
19110,2019-02,2,1.9149,10,0
19110,2019-03,1,0.9555,5,0
19110,2019-05,1,0.9202,5,0
19110,2019-06,1,0.8220,5,0
19110,2019-07,1,0.9626,2,0
19110,2019-09,1,0.7500,5,0
19110,2019-10,3,2.7223,14,0
19110,2019-12,1,-0.8176,1,1
19110,2020-01,1,0.8614,5,0
19110,2020-03,1,0.8908,5,0
19110,2021-01,1,-0.7827,2,1
19110,2021-03,1,0.7089,5,0
19110,2021-09,1,0.4404,5,0
19110,2021-10,1,-0.5279,1,1
19110,2021-11,1,-0.9662,1,1
19111,2012-01,18,7.9676,62,4
19111,2012-02,12,2.8676,35,4
19111,2012-03,17,6.5825,60,5
19111,2012-04,14,9.8306,56,2
19111,2012-05,16,6.0640,62,5
19111,2012-06,16,11.5550,65,1
19111,2012-07,11,8.7958,43,0
19111,2012-08,23,16.3338,92,3
19111,2012-09,16,11.2288,52,1
19111,2012-10,14,6.2858,40,3
19111,2012-11,10,7.6861,41,0
19111,2012-12,6,5.1350,27,0
19111,2013-01,21,15.0678,81,1
19111,2013-02,21,14.5744,80,3
19111,2013-03,16,9.4167,52,3
19111,2013-04,12,7.5872,45,1
19111,2013-05,14,9.3750,55,2
19111,2013-06,18,5.7038,58,5
19111,2013-07,13,6.2077,49,4
19111,2013-08,17,13.1489,71,0
19111,2013-09,15,4.7124,46,5
19111,2013-10,19,8.7209,55,5
19111,2013-11,26,18.1119,108,2
19111,2013-12,23,8.9493,78,7
19111,2014-01,19,8.0983,61,4
19111,2014-02,22,9.6621,81,4
19111,2014-03,26,18.6860,102,4
19111,2014-04,25,7.8227,81,10
19111,2014-05,22,8.1752,72,6
19111,2014-06,21,13.1977,80,3
19111,2014-07,30,18.5504,104,3
19111,2014-08,29,16.0840,113,6
19111,2014-09,14,7.2439,49,3
19111,2014-10,25,11.6484,87,7
19111,2014-11,24,5.8352,72,10
19111,2014-12,37,15.5471,112,9
19111,2015-01,37,17.5644,119,8
19111,2015-02,27,18.3691,105,2
19111,2015-03,42,23.2921,161,6
19111,2015-04,28,18.3827,111,3
19111,2015-05,43,28.9634,151,5
19111,2015-06,39,24.7848,156,4
19111,2015-07,38,23.0118,149,6
19111,2015-08,30,21.8522,124,3
19111,2015-09,37,25.5774,136,3
19111,2015-10,39,15.9895,122,11
19111,2015-11,41,24.5428,157,8
19111,2015-12,50,31.1050,186,7
19111,2016-01,54,28.3166,197,12
19111,2016-02,41,24.6724,150,7
19111,2016-03,37,12.8572,122,11
19111,2016-04,40,23.4664,153,7
19111,2016-05,34,17.2259,121,8
19111,2016-06,44,29.9100,163,5
19111,2016-07,62,32.6482,229,12
19111,2016-08,47,25.6203,167,8
19111,2016-09,41,11.9768,130,16
19111,2016-10,44,23.2411,160,9
19111,2016-11,36,17.3884,130,8
19111,2016-12,30,17.8091,114,5
19111,2017-01,46,18.5884,164,12
19111,2017-02,49,19.7649,158,14
19111,2017-03,45,22.5580,145,9
19111,2017-04,48,21.7204,167,12
19111,2017-05,40,14.3342,122,12
19111,2017-06,35,20.1232,130,6
19111,2017-07,42,25.5203,160,7
19111,2017-08,50,24.3191,180,10
19111,2017-09,45,15.3297,147,12
19111,2017-10,36,20.2680,133,7
19111,2017-11,26,17.8118,102,1
19111,2017-12,48,24.8165,183,12
19111,2018-01,38,20.0457,131,7
19111,2018-02,47,14.2401,155,15
19111,2018-03,62,32.9161,230,15
19111,2018-04,58,29.0244,186,11
19111,2018-05,51,21.6215,181,14
19111,2018-06,46,20.9936,154,11
19111,2018-07,54,25.7460,183,12
19111,2018-08,44,20.2942,125,11
19111,2018-09,49,19.8051,156,12
19111,2018-10,40,19.9721,142,9
19111,2018-11,35,21.3542,136,5
19111,2018-12,37,15.1130,128,11
19111,2019-01,48,28.6600,181,7
19111,2019-02,43,22.0176,148,8
19111,2019-03,50,17.4886,159,15
19111,2019-04,35,15.0700,123,9
19111,2019-05,46,23.7510,169,10
19111,2019-06,59,16.9821,197,20
19111,2019-07,33,15.6510,110,6
19111,2019-08,50,19.9529,167,14
19111,2019-09,39,17.4038,134,10
19111,2019-10,38,20.2427,130,6
19111,2019-11,43,18.3649,136,11
19111,2019-12,29,9.5113,98,9
19111,2020-01,35,18.3057,126,7
19111,2020-02,43,21.5007,152,9
19111,2020-03,23,10.7715,66,4
19111,2020-04,20,7.5566,70,6
19111,2020-05,35,14.0296,130,8
19111,2020-06,27,9.1074,77,9
19111,2020-07,37,7.7239,108,16
19111,2020-08,25,12.0948,82,6
19111,2020-09,43,16.0076,144,12
19111,2020-10,32,16.7408,111,7
19111,2020-11,13,5.7322,49,4
19111,2020-12,32,15.0959,109,7
19111,2021-01,23,4.9289,78,9
19111,2021-02,24,10.7688,74,5
19111,2021-03,18,8.9406,70,5
19111,2021-04,35,15.8177,113,8
19111,2021-05,20,2.7480,56,9
19111,2021-06,35,10.5475,111,11
19111,2021-07,27,7.4680,85,8
19111,2021-08,30,2.5748,72,14
19111,2021-09,34,15.2654,98,8
19111,2021-10,11,6.5420,46,1
19111,2021-11,23,12.4495,83,5
19111,2021-12,22,8.8716,78,7
19112,2012-02,1,0.7024,5,0
19112,2012-03,3,2.9433,10,0
19112,2012-04,1,0.9851,3,0
19112,2012-05,1,0.3716,5,0
19112,2012-06,3,2.6793,11,0
19112,2012-07,4,2.4132,18,1
19112,2012-08,1,0.9366,5,0
19112,2012-09,1,-0.5256,2,1
19112,2012-11,1,0.7286,1,0
19112,2013-01,1,0.1119,2,0
19112,2013-02,1,0.9975,4,0
19112,2013-03,2,1.8245,7,0
19112,2013-04,1,0.4429,1,0
19112,2013-05,4,3.8940,19,0
19112,2013-06,3,2.8760,13,0
19112,2013-07,2,1.5459,10,0
19112,2013-08,2,1.9163,10,0
19112,2013-09,3,2.7365,14,0
19112,2013-10,6,5.0698,28,0
19112,2013-11,3,2.6551,13,0
19112,2013-12,1,0.9732,5,0
19112,2014-01,4,1.9568,12,1
19112,2014-02,2,0.5278,9,1
19112,2014-03,4,1.4816,16,1
19112,2014-04,2,1.8864,9,0
19112,2014-05,5,4.4019,19,0
19112,2014-06,4,1.0820,14,1
19112,2014-07,6,2.3458,15,2
19112,2014-08,5,3.8248,22,0
19112,2014-09,5,3.7713,16,1
19112,2014-10,10,9.4797,44,0
19112,2014-11,14,10.8536,51,1
19112,2014-12,19,15.6378,77,1
19112,2015-01,12,9.7388,51,0
19112,2015-02,12,9.3918,50,1
19112,2015-03,14,10.7249,60,1
19112,2015-04,11,9.6728,46,0
19112,2015-05,17,11.7190,60,3
19112,2015-06,14,7.9232,44,3
19112,2015-07,21,15.9344,79,2
19112,2015-08,17,10.4713,63,3
19112,2015-09,6,4.8230,24,0
19112,2015-10,5,4.3566,19,0
19112,2015-11,11,6.1389,35,1
19112,2015-12,5,4.3885,22,0
19112,2016-01,8,5.3423,34,1
19112,2016-02,6,5.3543,28,0
19112,2016-03,12,9.9617,51,1
19112,2016-04,4,1.3319,7,1
19112,2016-05,11,5.6424,38,2
19112,2016-06,7,4.3627,21,1
19112,2016-07,7,4.7609,33,1
19112,2016-08,10,3.9573,34,3
19112,2016-09,9,6.8949,41,1
19112,2016-10,11,9.4406,48,0
19112,2016-11,5,2.9397,20,1
19112,2016-12,10,-1.6681,22,7
19112,2017-01,9,7.9106,35,0
19112,2017-02,14,9.0589,48,1
19112,2017-03,10,4.6607,41,2
19112,2017-04,4,3.8666,20,0
19112,2017-05,10,5.7003,29,2
19112,2017-06,15,8.8091,49,2
19112,2017-07,17,12.6041,59,1
19112,2017-08,9,5.0694,29,2
19112,2017-09,6,3.3635,23,1
19112,2017-10,7,5.6347,28,0
19112,2017-11,10,6.3094,35,1
19112,2017-12,7,5.5283,24,0
19112,2018-01,7,3.8180,23,1
19112,2018-02,3,2.7597,13,0
19112,2018-03,9,5.6370,34,1
19112,2018-04,10,1.9392,32,5
19112,2018-05,9,6.5390,29,1
19112,2018-06,11,3.8800,40,4
19112,2018-07,9,2.8434,25,2
19112,2018-08,7,2.8375,28,2
19112,2018-09,12,5.6378,44,3
19112,2018-10,11,4.7994,37,3
19112,2018-11,9,4.0699,23,2
19112,2018-12,3,2.5791,14,0
19112,2019-01,10,1.7217,26,4
19112,2019-02,2,-0.1597,2,1
19112,2019-03,6,0.2448,15,3
19112,2019-04,5,0.9801,17,2
19112,2019-05,6,-0.4258,17,3
19112,2019-06,7,5.9965,28,0
19112,2019-07,7,0.3040,17,3
19112,2019-08,14,8.9095,48,1
19112,2019-09,2,1.6892,5,0
19112,2019-10,4,1.3877,17,1
19112,2019-11,3,2.8135,14,0
19112,2019-12,5,2.0880,13,2
19112,2020-01,3,0.5409,6,1
19112,2020-02,3,2.4358,11,0
19112,2020-03,3,1.2932,11,1
19112,2020-04,2,1.6665,7,0
19112,2020-05,1,0.7371,1,0
19112,2020-06,2,1.8709,9,0
19112,2020-07,6,1.3893,17,2
19112,2020-09,2,1.9195,10,0
19112,2020-10,1,-0.9184,1,1
19112,2020-12,4,0.8330,13,2
19112,2021-01,3,-1.1029,5,2
19112,2021-02,2,1.8195,10,0
19112,2021-03,1,0.9912,5,0
19112,2021-04,4,0.2112,12,2
19112,2021-05,3,0.3003,11,1
19112,2021-06,2,0.0293,6,1
19112,2021-07,7,5.5611,25,0
19112,2021-08,2,0.8348,4,0
19112,2021-09,2,1.9277,9,0
19112,2021-11,2,1.5094,9,0
19112,2021-12,3,1.5092,11,1
19113,2012-02,2,0.5155,5,1
19113,2012-04,1,0.9940,3,0
19113,2012-05,2,1.9121,9,0
19113,2012-06,6,-0.7661,17,3
19113,2012-08,2,-1.7358,3,2
19113,2012-09,2,0.3326,6,1
19113,2012-10,1,0.7504,4,0
19113,2012-11,1,0.9396,4,0
19113,2013-01,2,1.2192,7,0
19113,2013-03,3,2.7408,11,0
19113,2013-04,3,0.9175,9,1
19113,2013-05,3,0.8539,5,1
19113,2013-06,5,4.3063,17,0
19113,2013-07,3,1.2468,6,1
19113,2013-08,2,0.2138,7,1
19113,2013-09,2,1.8457,7,0
19113,2013-10,4,3.1425,12,0
19113,2013-11,1,0.9777,4,0
19113,2013-12,3,2.4275,13,0
19113,2014-01,1,0.7735,1,0
19113,2014-03,3,1.4674,6,1
19113,2014-04,3,2.9010,6,0
19113,2014-05,5,2.7749,11,1
19113,2014-06,2,1.7318,10,0
19113,2014-07,5,3.8959,20,0
19113,2014-08,2,-0.8324,4,1
19113,2014-09,2,1.7630,5,0
19113,2014-10,1,0.1027,5,0
19113,2014-11,2,1.5179,7,0
19113,2014-12,2,1.5026,6,0
19113,2015-01,1,0.5336,2,0
19113,2015-02,4,3.4280,16,0
19113,2015-03,2,1.6274,9,0
19113,2015-04,6,2.5470,22,2
19113,2015-05,1,0.9778,4,0
19113,2015-06,4,0.0958,8,2
19113,2015-07,1,0.9153,2,0
19113,2015-08,6,1.7694,11,2
19113,2015-09,5,0.1759,13,2
19113,2015-10,3,-0.1421,4,1
19113,2015-11,2,0.7757,8,1
19113,2015-12,5,0.6528,9,2
19113,2016-01,4,2.9667,14,0
19113,2016-02,2,0.3228,6,1
19113,2016-03,5,1.9783,15,1
19113,2016-04,4,0.2961,12,2
19113,2016-05,13,7.5784,40,1
19113,2016-06,9,2.0157,17,3
19113,2016-07,5,1.2549,16,2
19113,2016-08,8,2.9263,23,3
19113,2016-09,7,1.1341,18,3
19113,2016-10,9,0.8465,22,5
19113,2016-11,5,1.8946,16,1
19113,2016-12,4,3.4835,11,0
19113,2017-01,7,1.1098,15,3
19113,2017-02,1,0.9318,5,0
19113,2017-03,5,1.6568,18,2
19113,2017-04,7,0.7225,13,3
19113,2017-05,2,1.0496,4,0
19113,2017-06,9,1.7225,23,4
19113,2017-07,10,-1.5379,20,6
19113,2017-08,9,2.8796,29,3
19113,2017-09,7,4.0785,20,1
19113,2017-10,4,1.2677,9,1
19113,2017-11,6,1.3443,15,2
19113,2017-12,5,3.7265,16,0
19113,2018-01,5,4.5916,13,0
19113,2018-02,5,-0.2818,12,2
19113,2018-03,6,1.7976,16,2
19113,2018-04,10,5.2713,34,2
19113,2018-05,19,0.6281,42,9
19113,2018-06,10,-1.1830,20,6
19113,2018-07,18,-4.7108,26,14
19113,2018-08,11,1.8652,24,3
19113,2018-09,14,-0.8016,31,8
19113,2018-10,12,-2.3869,30,8
19113,2018-11,11,2.2464,22,4
19113,2018-12,12,-0.5560,25,7
19113,2019-01,7,1.0852,18,3
19113,2019-02,10,-3.1430,12,7
19113,2019-03,6,-0.2693,14,3
19113,2019-04,10,6.2173,34,1
19113,2019-05,4,-0.0574,9,2
19113,2019-06,2,-0.3875,2,2
19113,2019-07,8,-1.4153,15,6
19113,2019-08,7,2.2805,17,3
19113,2019-09,3,1.2248,11,1
19113,2019-10,7,1.6519,23,2
19113,2019-11,10,6.7203,39,1
19113,2019-12,3,0.7079,11,1
19113,2020-01,2,1.1930,10,0
19113,2020-02,2,1.4225,5,0
19113,2020-03,2,1.8840,10,0
19113,2020-06,1,-0.7844,1,1
19113,2020-07,1,0.9113,5,0
19113,2020-09,1,0.8745,1,0
19113,2020-10,1,0.8951,5,0
19113,2020-11,1,0.9399,5,0
19113,2021-01,1,-0.9590,1,1
19113,2021-03,1,0.9558,5,0
19113,2021-04,3,1.3622,4,1
19113,2021-06,5,2.0508,16,1
19113,2021-07,3,0.9824,10,1
19113,2021-09,3,-0.0107,7,2
19113,2021-10,4,2.7472,16,0
19113,2021-11,4,1.0889,14,1
19113,2021-12,1,0.9703,5,0
19114,2012-01,12,6.9105,46,3
19114,2012-02,34,15.0034,104,8
19114,2012-03,34,20.7438,108,5
19114,2012-04,17,11.9022,61,1
19114,2012-05,21,4.0412,63,9
19114,2012-06,24,15.1544,80,4
19114,2012-07,26,14.3897,83,4
19114,2012-08,24,14.3325,74,4
19114,2012-09,15,9.6638,54,2
19114,2012-10,29,8.2131,74,9
19114,2012-11,29,15.0380,86,6
19114,2012-12,26,10.8223,81,6
19114,2013-01,27,10.3811,78,8
19114,2013-02,27,8.3920,77,9
19114,2013-03,24,15.1304,85,1
19114,2013-04,40,17.8879,129,11
19114,2013-05,33,14.6036,104,6
19114,2013-06,29,16.6367,94,5
19114,2013-07,24,9.5383,84,7
19114,2013-08,40,17.7903,128,11
19114,2013-09,33,14.2682,105,9
19114,2013-10,31,13.9517,103,5
19114,2013-11,27,14.6082,96,5
19114,2013-12,30,15.4766,96,6
19114,2014-01,30,19.5297,107,4
19114,2014-02,34,25.0524,134,3
19114,2014-03,46,31.1637,163,7
19114,2014-04,38,21.9230,122,6
19114,2014-05,37,21.2593,123,6
19114,2014-06,44,14.7642,135,15
19114,2014-07,52,35.6790,175,6
19114,2014-08,44,18.1636,141,12
19114,2014-09,41,13.7744,131,12
19114,2014-10,46,30.8670,155,6
19114,2014-11,48,24.5920,157,9
19114,2014-12,49,24.3640,173,11
19114,2015-01,60,25.7623,185,15
19114,2015-02,54,32.1065,196,9
19114,2015-03,41,22.5742,134,8
19114,2015-04,40,23.0011,143,6
19114,2015-05,49,23.6730,155,12
19114,2015-06,74,50.5676,264,7
19114,2015-07,66,39.1183,253,12
19114,2015-08,64,26.7381,179,16
19114,2015-09,50,25.4837,176,11
19114,2015-10,57,24.4678,156,13
19114,2015-11,53,34.0257,184,8
19114,2015-12,46,17.8581,141,14
19114,2016-01,52,33.6003,192,7
19114,2016-02,65,37.9340,232,12
19114,2016-03,57,24.7305,186,14
19114,2016-04,60,29.9030,190,15
19114,2016-05,75,49.7241,286,11
19114,2016-06,66,33.9557,211,14
19114,2016-07,78,33.7745,262,21
19114,2016-08,68,35.8119,231,11
19114,2016-09,75,37.5428,267,18
19114,2016-10,78,51.8626,292,10
19114,2016-11,71,36.2206,239,13
19114,2016-12,60,30.4007,208,13
19114,2017-01,81,43.9461,290,15
19114,2017-02,59,27.8960,210,11
19114,2017-03,69,33.0201,225,15
19114,2017-04,80,42.5156,290,14
19114,2017-05,73,47.9440,261,8
19114,2017-06,80,37.6641,275,18
19114,2017-07,90,47.8700,301,17
19114,2017-08,79,32.7000,256,22
19114,2017-09,76,46.2064,266,12
19114,2017-10,76,40.5552,231,12
19114,2017-11,72,28.0078,249,18
19114,2017-12,51,27.7752,180,8
19114,2018-01,69,34.6818,230,15
19114,2018-02,58,31.7027,211,9
19114,2018-03,85,35.2520,278,24
19114,2018-04,93,47.5075,323,21
19114,2018-05,71,37.2243,238,15
19114,2018-06,62,32.0510,218,13
19114,2018-07,99,42.8384,311,26
19114,2018-08,69,39.1545,256,12
19114,2018-09,72,37.2905,223,14
19114,2018-10,85,47.2127,319,15
19114,2018-11,62,31.0149,215,12
19114,2018-12,85,39.0245,297,22
19114,2019-01,95,48.0509,327,19
19114,2019-02,87,45.9594,293,19
19114,2019-03,78,22.5489,221,25
19114,2019-04,90,38.2217,295,26
19114,2019-05,107,57.3365,385,20
19114,2019-06,107,51.1121,349,24
19114,2019-07,116,67.8836,400,17
19114,2019-08,103,50.0572,350,25
19114,2019-09,95,43.6996,325,23
19114,2019-10,83,54.3174,315,12
19114,2019-11,77,37.7472,276,19
19114,2019-12,71,36.9078,239,16
19114,2020-01,89,47.7505,294,17
19114,2020-02,108,66.9681,404,17
19114,2020-03,64,29.8851,215,14
19114,2020-04,31,9.6065,91,10
19114,2020-05,47,7.4843,129,19
19114,2020-06,40,15.7546,129,11
19114,2020-07,60,28.1228,195,14
19114,2020-08,54,15.9638,149,19
19114,2020-09,67,17.2965,183,23
19114,2020-10,73,19.2470,211,26
19114,2020-11,45,19.1083,162,12
19114,2020-12,42,17.0277,151,11
19114,2021-01,33,7.1337,83,13
19114,2021-02,36,12.8465,119,11
19114,2021-03,62,20.2679,197,18
19114,2021-04,59,25.8287,209,16
19114,2021-05,54,26.7651,187,12
19114,2021-06,44,16.6761,129,13
19114,2021-07,56,30.0088,187,13
19114,2021-08,66,27.8272,229,18
19114,2021-09,59,27.7054,196,13
19114,2021-10,61,25.6143,203,16
19114,2021-11,37,20.0476,122,7
19114,2021-12,38,17.9434,119,10
19115,2012-01,21,13.7939,81,2
19115,2012-02,23,14.9231,86,4
19115,2012-03,14,6.7414,43,4
19115,2012-04,16,8.0200,42,1
19115,2012-05,13,5.7788,43,3
19115,2012-06,19,8.7011,58,4
19115,2012-07,21,9.4593,71,5
19115,2012-08,29,18.7016,100,4
19115,2012-09,8,4.0725,23,2
19115,2012-10,19,13.3776,68,2
19115,2012-11,25,16.5937,89,3
19115,2012-12,16,7.8512,47,4
19115,2013-01,17,10.7371,56,2
19115,2013-02,22,11.9183,78,5
19115,2013-03,24,13.2054,81,5
19115,2013-04,31,20.3463,108,5
19115,2013-05,34,23.1165,120,4
19115,2013-06,21,10.6886,73,5
19115,2013-07,29,17.7460,95,2
19115,2013-08,32,18.3247,112,5
19115,2013-09,30,21.1029,111,3
19115,2013-10,37,15.3114,126,8
19115,2013-11,38,18.1000,143,7
19115,2013-12,26,14.0276,89,4
19115,2014-01,36,16.4162,120,7
19115,2014-02,26,18.3958,94,3
19115,2014-03,34,18.9805,131,4
19115,2014-04,31,12.5365,104,7
19115,2014-05,49,28.7994,171,8
19115,2014-06,36,21.6116,129,6
19115,2014-07,50,26.5307,166,12
19115,2014-08,60,32.7990,213,13
19115,2014-09,51,22.1697,157,13
19115,2014-10,37,22.7101,120,6
19115,2014-11,39,19.5646,136,9
19115,2014-12,64,30.1682,202,14
19115,2015-01,48,28.0196,166,7
19115,2015-02,56,35.1961,206,7
19115,2015-03,82,37.6715,266,21
19115,2015-04,73,39.7953,246,13
19115,2015-05,46,27.0794,164,5
19115,2015-06,54,31.8550,200,7
19115,2015-07,60,32.5742,222,11
19115,2015-08,56,18.2687,182,19
19115,2015-09,47,24.1952,176,9
19115,2015-10,60,36.1601,227,8
19115,2015-11,38,21.5890,138,7
19115,2015-12,59,26.3251,217,16
19115,2016-01,58,30.0562,211,13
19115,2016-02,60,26.9247,209,15
19115,2016-03,74,33.1162,240,20
19115,2016-04,37,13.5397,127,11
19115,2016-05,62,25.2880,206,18
19115,2016-06,65,34.0455,215,13
19115,2016-07,61,30.7940,212,14
19115,2016-08,68,32.0860,237,20
19115,2016-09,56,26.9618,210,16
19115,2016-10,52,24.0234,174,10
19115,2016-11,40,14.9645,125,10
19115,2016-12,52,29.9287,187,10
19115,2017-01,81,40.1763,267,18
19115,2017-02,60,32.4911,221,11
19115,2017-03,79,50.7247,294,8
19115,2017-04,68,37.5622,245,12
19115,2017-05,58,34.7050,210,9
19115,2017-06,65,34.2585,226,11
19115,2017-07,93,45.4413,331,19
19115,2017-08,65,35.0251,211,13
19115,2017-09,50,22.8799,174,12
19115,2017-10,68,25.9487,227,23
19115,2017-11,56,32.6069,208,11
19115,2017-12,62,26.7218,215,16
19115,2018-01,64,43.2570,238,5
19115,2018-02,60,32.1149,211,13
19115,2018-03,64,26.2306,223,18
19115,2018-04,68,32.7194,235,16
19115,2018-05,67,36.9309,239,14
19115,2018-06,64,19.1792,197,24
19115,2018-07,77,33.7246,267,18
19115,2018-08,69,28.4525,233,19
19115,2018-09,61,23.9895,189,16
19115,2018-10,56,14.9871,190,19
19115,2018-11,53,19.6475,177,16
19115,2018-12,49,19.7642,170,14
19115,2019-01,49,21.1911,167,14
19115,2019-02,72,31.5895,236,20
19115,2019-03,64,22.7203,203,20
19115,2019-04,59,29.7312,203,13
19115,2019-05,67,19.4603,205,22
19115,2019-06,61,15.5704,205,22
19115,2019-07,48,24.0590,165,10
19115,2019-08,74,32.7498,259,20
19115,2019-09,54,22.2957,172,13
19115,2019-10,42,26.0094,158,5
19115,2019-11,41,19.3267,141,10
19115,2019-12,46,25.6887,165,10
19115,2020-01,56,28.4049,177,13
19115,2020-02,51,15.2642,163,18
19115,2020-03,33,17.3285,129,8
19115,2020-04,19,2.2775,46,7
19115,2020-05,23,5.6416,68,9
19115,2020-06,41,8.3624,126,16
19115,2020-07,34,8.4354,114,11
19115,2020-08,35,10.2452,119,12
19115,2020-09,45,19.8785,149,13
19115,2020-10,39,18.8392,138,8
19115,2020-11,32,8.3963,111,12
19115,2020-12,29,10.0491,102,10
19115,2021-01,34,19.0408,116,5
19115,2021-02,33,18.1064,120,5
19115,2021-03,31,17.1552,115,6
19115,2021-04,36,7.3385,113,13
19115,2021-05,41,21.3457,144,8
19115,2021-06,38,18.1581,123,9
19115,2021-07,49,20.2763,162,14
19115,2021-08,32,19.3599,96,5
19115,2021-09,41,14.8986,125,13
19115,2021-10,33,18.1949,118,6
19115,2021-11,30,8.6957,87,10
19115,2021-12,26,9.7987,84,7
19116,2012-01,19,12.3321,65,2
19116,2012-02,22,16.8123,81,1
19116,2012-03,21,17.1747,85,1
19116,2012-04,20,12.5896,74,3
19116,2012-05,18,13.0459,61,3
19116,2012-06,20,8.8669,66,5
19116,2012-07,14,6.8309,52,3
19116,2012-08,21,18.1663,77,0
19116,2012-09,19,11.0529,60,2
19116,2012-10,24,16.0595,92,2
19116,2012-11,11,7.9521,47,0
19116,2012-12,20,11.7071,61,3
19116,2013-01,21,13.2606,71,3
19116,2013-02,26,14.5374,97,3
19116,2013-03,22,7.8477,71,7
19116,2013-04,29,16.1250,103,6
19116,2013-05,27,15.6341,86,5
19116,2013-06,36,21.1267,119,6
19116,2013-07,21,15.2925,80,2
19116,2013-08,31,18.4068,106,6
19116,2013-09,16,2.1805,49,7
19116,2013-10,24,16.4010,80,2
19116,2013-11,28,11.7468,89,8
19116,2013-12,47,28.9388,173,8
19116,2014-01,35,15.8995,123,9
19116,2014-02,23,15.8376,80,2
19116,2014-03,49,27.9696,177,11
19116,2014-04,40,30.3814,156,3
19116,2014-05,37,22.9917,118,5
19116,2014-06,37,24.6920,128,4
19116,2014-07,53,23.9290,173,13
19116,2014-08,49,37.1915,175,3
19116,2014-09,39,22.8919,137,6
19116,2014-10,40,16.5818,135,11
19116,2014-11,43,20.3113,125,10
19116,2014-12,47,27.8408,167,7
19116,2015-01,53,31.3908,178,8
19116,2015-02,30,18.0003,103,4
19116,2015-03,43,24.6932,159,8
19116,2015-04,45,33.8463,174,2
19116,2015-05,36,22.8360,129,5
19116,2015-06,53,37.8326,186,1
19116,2015-07,57,34.8616,217,7
19116,2015-08,60,39.6825,233,7
19116,2015-09,49,29.3203,181,8
19116,2015-10,63,24.4447,221,17
19116,2015-11,46,22.2885,152,10
19116,2015-12,46,32.9127,179,5
19116,2016-01,65,35.1204,222,14
19116,2016-02,57,43.3283,208,4
19116,2016-03,58,30.7803,204,11
19116,2016-04,60,23.7074,199,17
19116,2016-05,64,30.4970,219,14
19116,2016-06,60,29.8822,194,15
19116,2016-07,68,40.6729,259,12
19116,2016-08,60,40.2631,229,5
19116,2016-09,74,38.4438,277,15
19116,2016-10,49,23.6379,178,12
19116,2016-11,59,32.0137,212,10
19116,2016-12,56,35.2615,220,6
19116,2017-01,58,34.0351,214,9
19116,2017-02,58,35.9265,199,8
19116,2017-03,67,39.9052,231,12
19116,2017-04,54,28.3711,191,10
19116,2017-05,57,37.7829,203,7
19116,2017-06,65,36.2917,233,13
19116,2017-07,61,35.8649,221,10
19116,2017-08,60,34.8338,215,9
19116,2017-09,61,23.5333,212,18
19116,2017-10,55,31.4434,207,10
19116,2017-11,52,33.5300,197,7
19116,2017-12,53,36.0614,194,5
19116,2018-01,61,33.6174,215,15
19116,2018-02,46,15.4452,153,15
19116,2018-03,50,25.5785,170,9
19116,2018-04,77,52.0317,286,10
19116,2018-05,62,34.7964,234,12
19116,2018-06,47,23.7750,169,11
19116,2018-07,63,32.0324,231,12
19116,2018-08,60,38.9349,232,8
19116,2018-09,57,33.3454,215,10
19116,2018-10,67,33.2980,223,15
19116,2018-11,53,20.5398,183,13
19116,2018-12,61,26.6259,221,17
19116,2019-01,55,38.1114,219,6
19116,2019-02,61,28.6657,221,16
19116,2019-03,72,43.0958,278,11
19116,2019-04,55,20.4548,184,14
19116,2019-05,68,43.4141,238,8
19116,2019-06,63,31.9550,224,14
19116,2019-07,56,33.6290,217,8
19116,2019-08,61,36.9400,218,11
19116,2019-09,59,32.2473,209,9
19116,2019-10,51,23.9113,166,12
19116,2019-11,30,11.8441,106,9
19116,2019-12,38,19.9400,133,7
19116,2020-01,44,25.3678,155,7
19116,2020-02,40,24.0977,153,6
19116,2020-03,41,21.8923,161,8
19116,2020-04,20,6.9102,64,7
19116,2020-05,22,6.8506,69,8
19116,2020-06,24,16.5163,93,3
19116,2020-07,39,25.1457,155,6
19116,2020-08,42,22.3620,148,8
19116,2020-09,38,11.6969,124,10
19116,2020-10,40,21.0746,150,9
19116,2020-11,36,16.2207,134,8
19116,2020-12,32,16.0775,120,7
19116,2021-01,22,12.9282,90,3
19116,2021-02,26,15.0948,103,4
19116,2021-03,35,14.7814,141,7
19116,2021-04,29,12.8705,112,5
19116,2021-05,26,13.2227,89,6
19116,2021-06,36,18.2651,128,7
19116,2021-07,19,5.2362,57,7
19116,2021-08,31,7.9593,95,11
19116,2021-09,30,13.8653,108,6
19116,2021-10,27,15.0416,108,6
19116,2021-11,27,10.2058,93,7
19116,2021-12,27,11.1745,85,7
19117,2016-02,1,0.5859,5,0
19117,2017-01,1,0.9804,5,0
19117,2017-02,1,0.9889,5,0
19117,2017-03,1,0.6956,5,0
19117,2018-01,1,0.9432,5,0
19117,2019-03,1,0.8115,5,0
19117,2019-06,1,0.6743,5,0
19117,2019-08,1,0.8808,5,0
19117,2019-10,1,0.9347,5,0
19117,2019-11,1,0.9585,5,0
19117,2020-06,1,0.9312,5,0
19117,2020-07,1,0.8979,5,0
19117,2020-11,1,0.9319,5,0
19117,2021-05,1,0.7960,5,0
19117,2021-08,1,0.9491,5,0
19117,2021-10,1,-0.7935,1,1
19118,2012-01,64,50.2778,234,4
19118,2012-02,52,37.9858,201,5
19118,2012-03,58,45.9213,228,5
19118,2012-04,41,31.0862,162,3
19118,2012-05,43,33.4924,164,2
19118,2012-06,45,29.7440,156,7
19118,2012-07,64,40.6811,229,11
19118,2012-08,57,40.7893,189,7
19118,2012-09,51,37.1195,182,3
19118,2012-10,44,26.6159,159,8
19118,2012-11,50,40.3528,191,1
19118,2012-12,47,34.3184,150,4
19118,2013-01,41,25.0294,154,7
19118,2013-02,42,27.4565,138,6
19118,2013-03,56,41.4965,214,3
19118,2013-04,48,38.5450,183,3
19118,2013-05,57,35.7201,206,7
19118,2013-06,69,44.6428,235,10
19118,2013-07,61,44.4516,215,5
19118,2013-08,54,30.3612,185,10
19118,2013-09,44,26.4930,153,7
19118,2013-10,50,35.3723,182,5
19118,2013-11,62,38.3542,239,10
19118,2013-12,35,25.5931,138,4
19118,2014-01,47,33.4854,176,5
19118,2014-02,55,31.6145,208,9
19118,2014-03,57,40.1696,217,8
19118,2014-04,77,53.2311,299,10
19118,2014-05,47,36.6104,174,3
19118,2014-06,48,32.1113,166,6
19118,2014-07,62,40.9729,235,10
19118,2014-08,82,55.2364,316,11
19118,2014-09,44,27.3317,161,6
19118,2014-10,54,42.5498,221,4
19118,2014-11,34,19.8145,120,6
19118,2014-12,82,61.7193,300,6
19118,2015-01,89,61.5915,328,8
19118,2015-02,78,55.3100,299,7
19118,2015-03,81,57.3595,295,9
19118,2015-04,60,42.1327,225,7
19118,2015-05,77,44.6473,266,14
19118,2015-06,61,41.1193,222,8
19118,2015-07,66,53.6301,271,4
19118,2015-08,89,60.6641,315,11
19118,2015-09,83,57.9436,308,10
19118,2015-10,61,35.6208,231,8
19118,2015-11,63,47.9724,230,4
19118,2015-12,72,48.8392,274,9
19118,2016-01,54,37.0814,206,5
19118,2016-02,76,47.1049,279,9
19118,2016-03,51,30.9667,176,7
19118,2016-04,64,29.3229,185,15
19118,2016-05,92,51.1833,319,19
19118,2016-06,62,30.9928,207,15
19118,2016-07,80,44.1570,273,13
19118,2016-08,84,51.6515,295,11
19118,2016-09,68,41.6718,229,10
19118,2016-10,87,52.7059,283,13
19118,2016-11,73,47.0520,270,10
19118,2016-12,68,43.3394,258,9
19118,2017-01,72,45.9899,282,10
19118,2017-02,99,51.6315,352,23
19118,2017-03,75,53.0237,289,8
19118,2017-04,87,67.1880,363,6
19118,2017-05,97,58.3124,376,16
19118,2017-06,111,77.4231,421,11
19118,2017-07,81,57.4515,321,10
19118,2017-08,95,62.7502,374,13
19118,2017-09,78,50.5387,310,10
19118,2017-10,85,49.2751,299,15
19118,2017-11,58,43.8266,231,5
19118,2017-12,56,40.9136,226,6
19118,2018-01,97,65.9589,376,12
19118,2018-02,53,32.3054,192,10
19118,2018-03,75,46.3913,297,13
19118,2018-04,68,37.2464,233,12
19118,2018-05,79,35.3989,269,19
19118,2018-06,65,43.2501,239,8
19118,2018-07,103,65.0777,379,16
19118,2018-08,98,65.2464,396,13
19118,2018-09,64,47.1880,242,6
19118,2018-10,121,73.2752,462,19
19118,2018-11,82,49.2907,307,15
19118,2018-12,64,30.4089,229,14
19118,2019-01,78,41.0565,290,16
19118,2019-02,81,52.9702,312,10
19118,2019-03,84,55.5307,313,9
19118,2019-04,77,39.1823,258,18
19118,2019-05,64,39.7052,232,10
19118,2019-06,57,30.7421,192,12
19118,2019-07,86,46.9147,324,15
19118,2019-08,58,26.1502,191,15
19118,2019-09,76,26.1228,239,25
19118,2019-10,65,41.5467,258,9
19118,2019-11,56,29.7272,199,10
19118,2019-12,65,41.7514,255,9
19118,2020-01,54,34.3703,193,7
19118,2020-02,50,32.5963,186,6
19118,2020-03,46,26.3800,167,9
19118,2020-04,23,19.7357,105,1
19118,2020-05,24,8.7710,87,7
19118,2020-06,18,14.4871,75,1
19118,2020-07,33,16.1710,115,5
19118,2020-08,42,28.7920,166,4
19118,2020-09,36,18.9074,118,8
19118,2020-10,50,25.0070,181,12
19118,2020-11,33,16.1077,121,8
19118,2020-12,33,20.2738,128,4
19118,2021-01,32,21.9397,129,4
19118,2021-02,24,13.4834,84,4
19118,2021-03,42,27.2351,154,4
19118,2021-04,29,15.5050,105,5
19118,2021-05,35,17.9763,128,8
19118,2021-06,32,22.2762,128,4
19118,2021-07,36,20.2835,127,5
19118,2021-08,46,32.8120,162,4
19118,2021-09,43,22.4536,122,8
19118,2021-10,41,16.5658,133,13
19118,2021-11,38,15.2314,125,11
19118,2021-12,37,18.7395,135,8
19119,2012-01,37,29.2613,151,3
19119,2012-02,36,24.3866,143,5
19119,2012-03,28,19.6887,115,3
19119,2012-04,20,12.5537,76,4
19119,2012-05,20,17.0013,73,0
19119,2012-06,27,16.0938,87,5
19119,2012-07,32,25.4637,116,1
19119,2012-08,24,15.1110,81,4
19119,2012-09,17,13.6633,67,1
19119,2012-10,28,18.8068,110,4
19119,2012-11,30,22.1881,120,4
19119,2012-12,30,17.1599,97,5
19119,2013-01,53,41.8706,192,3
19119,2013-02,48,32.3519,168,7
19119,2013-03,50,34.5224,178,6
19119,2013-04,48,34.3189,171,5
19119,2013-05,37,23.4531,132,5
19119,2013-06,27,20.3385,104,3
19119,2013-07,29,20.7942,111,3
19119,2013-08,44,27.1374,165,8
19119,2013-09,44,32.3178,162,6
19119,2013-10,36,26.1870,143,4
19119,2013-11,38,29.5992,135,3
19119,2013-12,36,26.7713,133,1
19119,2014-01,49,30.6023,174,8
19119,2014-02,49,31.2407,169,6
19119,2014-03,51,32.0882,195,6
19119,2014-04,51,35.2560,182,7
19119,2014-05,35,21.4812,130,6
19119,2014-06,33,23.6501,134,3
19119,2014-07,63,48.0884,236,5
19119,2014-08,52,40.3988,209,3
19119,2014-09,48,34.4390,187,4
19119,2014-10,42,27.8070,152,6
19119,2014-11,47,30.7116,172,7
19119,2014-12,48,24.1119,165,11
19119,2015-01,50,43.0129,196,1
19119,2015-02,57,38.9873,218,7
19119,2015-03,72,49.6208,278,9
19119,2015-04,70,58.7737,284,1
19119,2015-05,47,29.0309,182,8
19119,2015-06,57,42.8599,217,5
19119,2015-07,55,33.6766,207,9
19119,2015-08,69,39.8385,249,14
19119,2015-09,64,38.7421,215,10
19119,2015-10,64,45.5897,253,6
19119,2015-11,55,33.5218,208,8
19119,2015-12,51,35.2081,191,5
19119,2016-01,48,35.3958,180,4
19119,2016-02,61,35.7253,234,8
19119,2016-03,64,42.0801,246,8
19119,2016-04,59,28.4810,188,13
19119,2016-05,86,56.1826,328,11
19119,2016-06,70,39.4850,256,14
19119,2016-07,76,49.7986,300,9
19119,2016-08,69,55.3478,296,4
19119,2016-09,80,46.4157,278,12
19119,2016-10,52,37.2600,207,7
19119,2016-11,71,48.1556,290,9
19119,2016-12,81,56.9052,323,9
19119,2017-01,50,39.6881,207,3
19119,2017-02,56,39.2192,221,7
19119,2017-03,62,37.0370,250,11
19119,2017-04,62,40.9698,254,9
19119,2017-05,60,36.8869,213,10
19119,2017-06,53,32.4703,195,6
19119,2017-07,57,37.4524,233,8
19119,2017-08,53,29.7799,186,10
19119,2017-09,54,31.4774,210,9
19119,2017-10,59,40.8205,229,7
19119,2017-11,51,27.6595,193,10
19119,2017-12,39,31.4979,163,1
19119,2018-01,57,36.0220,228,10
19119,2018-02,47,35.0348,194,4
19119,2018-03,55,35.0428,212,8
19119,2018-04,52,36.3628,203,7
19119,2018-05,56,34.7158,204,10
19119,2018-06,57,38.5290,226,7
19119,2018-07,40,28.6773,144,3
19119,2018-08,42,32.7406,166,2
19119,2018-09,56,36.5007,223,7
19119,2018-10,59,37.7159,206,8
19119,2018-11,33,21.3644,138,5
19119,2018-12,42,29.5925,160,4
19119,2019-01,42,22.1646,155,10
19119,2019-02,31,15.7117,112,7
19119,2019-03,47,27.2325,179,9
19119,2019-04,28,15.6980,101,6
19119,2019-05,58,39.9668,215,6
19119,2019-06,44,28.9739,166,5
19119,2019-07,53,31.9874,202,9
19119,2019-08,55,38.8518,203,6
19119,2019-09,64,48.4002,246,4
19119,2019-10,55,40.2413,235,5
19119,2019-11,46,25.7841,155,8
19119,2019-12,31,23.7017,132,2
19119,2020-01,37,23.7975,145,5
19119,2020-02,41,32.9229,176,2
19119,2020-03,43,24.2616,173,8
19119,2020-04,26,21.4994,119,1
19119,2020-05,23,12.9875,95,4
19119,2020-06,25,18.6958,102,2
19119,2020-07,37,24.4985,149,5
19119,2020-08,28,21.2479,107,2
19119,2020-09,36,17.2240,134,9
19119,2020-10,46,23.6555,167,11
19119,2020-11,33,20.0819,133,5
19119,2020-12,43,33.7942,181,3
19119,2021-01,25,19.9524,107,1
19119,2021-02,37,29.1176,162,2
19119,2021-03,32,27.2560,145,1
19119,2021-04,27,22.9745,125,1
19119,2021-05,37,25.4657,157,5
19119,2021-06,34,20.9483,139,4
19119,2021-07,36,20.3836,144,6
19119,2021-08,32,17.6011,123,5
19119,2021-09,31,19.7384,134,5
19119,2021-10,26,18.0886,113,3
19119,2021-11,18,12.0630,79,3
19119,2021-12,31,18.1640,121,7
19120,2012-01,14,7.8984,51,2
19120,2012-02,10,6.8561,34,1
19120,2012-03,14,6.2533,44,3
19120,2012-04,12,11.0996,48,0
19120,2012-05,10,1.5127,33,4
19120,2012-06,10,8.3747,38,0
19120,2012-07,8,1.7362,21,3
19120,2012-08,10,5.4516,33,2
19120,2012-09,12,8.8498,52,1
19120,2012-10,3,1.7564,11,0
19120,2012-11,12,9.1716,41,1
19120,2012-12,13,10.5588,46,0
19120,2013-01,12,10.0794,52,0
19120,2013-02,22,17.5754,92,2
19120,2013-03,15,11.9826,66,1
19120,2013-04,17,11.1825,72,3
19120,2013-05,12,7.5110,49,0
19120,2013-06,18,9.7209,67,4
19120,2013-07,15,7.6187,41,3
19120,2013-08,14,10.3539,61,1
19120,2013-09,13,2.9680,40,4
19120,2013-10,13,9.7552,47,1
19120,2013-11,8,4.6464,29,1
19120,2013-12,14,9.1902,64,2
19120,2014-01,17,10.8624,54,2
19120,2014-02,24,16.0496,94,3
19120,2014-03,24,19.2430,109,2
19120,2014-04,30,18.3466,124,4
19120,2014-05,34,25.2170,138,4
19120,2014-06,26,22.0361,108,0
19120,2014-07,35,29.3057,152,1
19120,2014-08,35,18.4867,123,6
19120,2014-09,12,8.9880,50,1
19120,2014-10,15,9.6235,50,2
19120,2014-11,30,16.1466,105,6
19120,2014-12,32,21.7850,121,3
19120,2015-01,30,16.2013,107,6
19120,2015-02,42,24.0202,147,8
19120,2015-03,42,31.6803,168,3
19120,2015-04,40,22.0510,132,6
19120,2015-05,31,16.0965,108,6
19120,2015-06,30,19.6202,120,4
19120,2015-07,42,22.8096,152,7
19120,2015-08,51,36.2792,199,5
19120,2015-09,29,19.9672,107,2
19120,2015-10,38,18.8905,130,7
19120,2015-11,43,24.5230,161,7
19120,2015-12,37,18.8546,140,8
19120,2016-01,36,14.9276,123,8
19120,2016-02,43,22.4455,154,8
19120,2016-03,39,26.7432,148,5
19120,2016-04,32,14.5764,113,8
19120,2016-05,34,15.2241,109,7
19120,2016-06,40,19.4083,150,8
19120,2016-07,37,15.7363,117,10
19120,2016-08,48,30.6977,173,7
19120,2016-09,41,26.9150,162,6
19120,2016-10,51,25.2655,172,11
19120,2016-11,34,19.0877,113,5
19120,2016-12,47,17.4901,150,15
19120,2017-01,31,12.8466,106,9
19120,2017-02,37,21.2026,125,8
19120,2017-03,35,14.8003,119,9
19120,2017-04,30,16.5183,109,5
19120,2017-05,38,17.2630,138,9
19120,2017-06,41,18.9179,147,9
19120,2017-07,42,19.0015,145,10
19120,2017-08,33,18.4619,114,5
19120,2017-09,45,23.8601,160,7
19120,2017-10,37,11.0253,116,14
19120,2017-11,31,13.1084,94,6
19120,2017-12,41,15.7968,141,12
19120,2018-01,45,28.5000,172,5
19120,2018-02,34,19.2012,113,7
19120,2018-03,41,20.5766,131,10
19120,2018-04,24,7.9638,74,9
19120,2018-05,31,18.4352,103,5
19120,2018-06,33,10.0820,114,11
19120,2018-07,33,19.9908,112,5
19120,2018-08,38,17.9701,129,9
19120,2018-09,35,12.5718,113,11
19120,2018-10,23,9.7766,78,6
19120,2018-11,34,10.4301,110,10
19120,2018-12,26,5.5614,70,11
19120,2019-01,35,17.4178,123,8
19120,2019-02,21,4.9985,57,7
19120,2019-03,38,22.0204,136,6
19120,2019-04,17,10.8572,66,2
19120,2019-05,33,13.3850,98,8
19120,2019-06,41,14.1536,130,13
19120,2019-07,46,27.3091,180,7
19120,2019-08,26,8.9429,81,10
19120,2019-09,26,5.6944,84,10
19120,2019-10,18,5.2954,48,7
19120,2019-11,17,3.7848,50,6
19120,2019-12,26,18.4443,109,3
19120,2020-01,26,9.8744,81,7
19120,2020-02,23,15.0880,94,3
19120,2020-03,16,12.5960,56,1
19120,2020-04,8,4.8528,26,1
19120,2020-05,9,5.4023,25,1
19120,2020-06,14,5.5366,46,3
19120,2020-07,28,12.9347,105,7
19120,2020-08,26,12.3485,96,7
19120,2020-09,26,3.0215,75,13
19120,2020-10,28,10.2941,97,8
19120,2020-11,35,21.4991,140,5
19120,2020-12,26,14.4570,96,3
19120,2021-01,36,24.0503,141,4
19120,2021-02,27,7.7879,87,9
19120,2021-03,24,13.1281,94,3
19120,2021-04,23,13.8744,87,2
19120,2021-05,13,9.6787,53,1
19120,2021-06,27,6.6678,84,10
19120,2021-07,21,2.6657,56,9
19120,2021-08,30,4.3395,89,13
19120,2021-09,25,11.5256,85,5
19120,2021-10,28,15.7455,106,5
19120,2021-11,14,7.3226,49,3
19120,2021-12,25,7.5661,80,9
19121,2012-01,12,3.3914,36,4
19121,2012-02,9,4.4087,30,2
19121,2012-03,13,1.3683,36,6
19121,2012-04,20,9.4259,59,5
19121,2012-05,6,2.7013,22,2
19121,2012-06,7,4.9410,28,1
19121,2012-07,6,-0.1767,15,3
19121,2012-08,8,5.4404,24,1
19121,2012-09,8,2.9863,23,2
19121,2012-10,16,10.7295,55,2
19121,2012-11,9,1.2514,19,3
19121,2012-12,11,-1.2867,22,7
19121,2013-01,11,6.1383,33,1
19121,2013-02,16,7.5440,53,3
19121,2013-03,18,10.3281,59,3
19121,2013-04,20,5.1552,62,8
19121,2013-05,11,4.9829,36,3
19121,2013-06,12,7.5974,41,1
19121,2013-07,14,7.1328,45,2
19121,2013-08,17,5.2306,54,6
19121,2013-09,23,4.1217,64,9
19121,2013-10,21,6.5789,65,7
19121,2013-11,20,10.9466,66,3
19121,2013-12,11,5.7525,37,2
19121,2014-01,15,7.9903,51,3
19121,2014-02,21,13.3519,75,3
19121,2014-03,18,10.8908,64,3
19121,2014-04,16,5.7270,47,4
19121,2014-05,22,9.5895,69,6
19121,2014-06,14,10.3320,48,1
19121,2014-07,9,-2.7168,19,6
19121,2014-08,19,12.0398,71,3
19121,2014-09,23,12.7524,75,4
19121,2014-10,15,8.1413,53,3
19121,2014-11,15,2.6339,41,6
19121,2014-12,22,7.2639,77,7
19121,2015-01,28,18.4585,101,4
19121,2015-02,18,6.5638,54,6
19121,2015-03,22,10.9787,70,4
19121,2015-04,30,7.8092,86,9
19121,2015-05,27,16.5023,98,4
19121,2015-06,19,10.5178,74,4
19121,2015-07,20,9.3121,69,5
19121,2015-08,34,17.9210,131,8
19121,2015-09,23,17.9398,96,1
19121,2015-10,22,10.6373,89,6
19121,2015-11,24,13.6648,85,5
19121,2015-12,24,16.6163,83,2
19121,2016-01,26,13.7468,93,6
19121,2016-02,37,19.4874,132,6
19121,2016-03,34,9.3179,103,12
19121,2016-04,33,12.9067,115,9
19121,2016-05,22,10.0035,74,6
19121,2016-06,30,11.3125,110,9
19121,2016-07,20,12.2210,78,3
19121,2016-08,37,9.0308,107,15
19121,2016-09,27,13.0397,87,6
19121,2016-10,34,13.4493,108,9
19121,2016-11,27,11.6656,92,7
19121,2016-12,38,19.4276,126,8
19121,2017-01,38,22.1776,131,8
19121,2017-02,39,11.1598,94,14
19121,2017-03,55,28.8012,173,13
19121,2017-04,51,27.1802,173,9
19121,2017-05,44,21.0807,160,9
19121,2017-06,44,22.1965,144,11
19121,2017-07,34,17.6201,112,7
19121,2017-08,32,20.2787,125,4
19121,2017-09,22,3.4880,55,11
19121,2017-10,32,19.7231,109,4
19121,2017-11,36,21.5837,143,7
19121,2017-12,29,16.8417,110,3
19121,2018-01,31,11.8861,102,9
19121,2018-02,31,13.7111,102,9
19121,2018-03,37,17.2987,129,6
19121,2018-04,19,6.0188,58,6
19121,2018-05,27,15.6423,102,5
19121,2018-06,28,11.7178,93,7
19121,2018-07,30,14.9499,105,7
19121,2018-08,21,12.3016,78,4
19121,2018-09,29,20.6791,111,2
19121,2018-10,70,24.3232,218,20
19121,2018-11,37,20.1866,128,7
19121,2018-12,28,18.8340,106,3
19121,2019-01,36,20.3440,139,8
19121,2019-02,51,29.9496,186,10
19121,2019-03,32,14.6930,105,7
19121,2019-04,64,35.1746,212,12
19121,2019-05,47,29.3184,164,7
19121,2019-06,40,22.2489,137,9
19121,2019-07,44,19.6173,148,12
19121,2019-08,40,16.8263,129,10
19121,2019-09,43,16.5667,125,12
19121,2019-10,35,12.6535,119,11
19121,2019-11,31,15.1894,109,8
19121,2019-12,27,16.1119,89,5
19121,2020-01,23,15.9319,75,2
19121,2020-02,38,19.2250,121,6
19121,2020-03,19,10.1669,76,4
19121,2020-04,10,5.8384,42,2
19121,2020-05,12,7.7007,44,1
19121,2020-06,32,20.5521,125,5
19121,2020-07,19,6.9987,63,6
19121,2020-08,14,5.0326,47,4
19121,2020-09,17,6.8934,63,5
19121,2020-10,17,0.2248,43,9
19121,2020-11,14,3.7491,47,4
19121,2020-12,11,7.4704,46,2
19121,2021-01,11,5.2605,45,3
19121,2021-02,12,5.1661,34,4
19121,2021-03,11,1.4350,34,5
19121,2021-04,12,6.0859,41,2
19121,2021-05,16,7.7384,58,5
19121,2021-06,13,7.4653,47,3
19121,2021-07,6,4.2271,18,0
19121,2021-08,11,1.8903,23,4
19121,2021-09,18,2.8651,62,7
19121,2021-10,15,9.0356,57,2
19121,2021-11,17,9.7745,67,3
19121,2021-12,6,0.0368,20,3
19122,2012-01,21,17.8863,83,1
19122,2012-02,25,18.0043,100,3
19122,2012-03,25,17.7149,88,3
19122,2012-04,31,21.4561,117,4
19122,2012-05,18,10.7970,66,3
19122,2012-06,17,13.2945,67,1
19122,2012-07,18,7.2947,72,4
19122,2012-08,31,24.9870,118,1
19122,2012-09,31,23.5278,123,3
19122,2012-10,18,10.3954,65,4
19122,2012-11,28,17.1047,121,4
19122,2012-12,20,16.9609,83,0
19122,2013-01,30,21.5758,121,2
19122,2013-02,40,28.9805,159,3
19122,2013-03,31,22.3439,124,3
19122,2013-04,50,38.8788,207,3
19122,2013-05,36,24.6662,142,5
19122,2013-06,36,19.3707,139,8
19122,2013-07,28,22.9943,125,1
19122,2013-08,49,35.4307,199,5
19122,2013-09,36,29.7343,154,2
19122,2013-10,39,27.3194,154,3
19122,2013-11,32,27.0997,138,1
19122,2013-12,31,21.6731,124,2
19122,2014-01,35,15.9709,127,8
19122,2014-02,25,18.9006,100,2
19122,2014-03,52,39.6369,219,6
19122,2014-04,42,26.1066,158,5
19122,2014-05,38,31.3934,160,1
19122,2014-06,36,28.3747,149,2
19122,2014-07,39,22.2721,138,7
19122,2014-08,55,36.4595,213,6
19122,2014-09,39,29.9880,164,2
19122,2014-10,42,27.4874,171,7
19122,2014-11,34,24.4783,136,2
19122,2014-12,52,33.2927,204,7
19122,2015-01,62,41.1779,249,8
19122,2015-02,57,35.9838,216,9
19122,2015-03,56,40.7960,226,6
19122,2015-04,60,38.6536,228,7
19122,2015-05,79,56.1469,328,10
19122,2015-06,59,41.6162,233,5
19122,2015-07,66,51.9465,270,5
19122,2015-08,67,45.0012,272,8
19122,2015-09,59,45.5126,227,4
19122,2015-10,87,50.7524,330,16
19122,2015-11,69,45.4571,273,10
19122,2015-12,87,63.2005,360,8
19122,2016-01,82,52.5169,321,11
19122,2016-02,94,59.5076,345,13
19122,2016-03,91,68.1176,383,7
19122,2016-04,96,62.2546,364,13
19122,2016-05,102,76.1172,431,9
19122,2016-06,95,79.5147,407,3
19122,2016-07,92,67.1155,356,8
19122,2016-08,93,69.7456,386,8
19122,2016-09,86,57.4431,354,11
19122,2016-10,82,57.4981,329,9
19122,2016-11,69,53.2237,284,5
19122,2016-12,87,66.0379,370,6
19122,2017-01,93,73.8972,390,7
19122,2017-02,101,67.3310,420,13
19122,2017-03,114,83.5993,462,11
19122,2017-04,97,84.0471,416,1
19122,2017-05,111,80.0835,466,10
19122,2017-06,95,63.7353,380,11
19122,2017-07,95,73.5410,408,9
19122,2017-08,105,81.7818,424,9
19122,2017-09,83,58.3458,340,9
19122,2017-10,93,63.0773,355,12
19122,2017-11,106,74.1441,440,13
19122,2017-12,78,53.1226,330,11
19122,2018-01,119,95.2798,504,8
19122,2018-02,91,67.7255,379,8
19122,2018-03,94,64.5446,392,13
19122,2018-04,132,90.8226,537,17
19122,2018-05,101,67.4125,408,14
19122,2018-06,98,69.8772,394,10
19122,2018-07,95,70.6160,403,8
19122,2018-08,86,60.7858,346,11
19122,2018-09,109,80.1592,469,10
19122,2018-10,98,55.7773,372,19
19122,2018-11,87,56.2017,334,12
19122,2018-12,121,87.8228,514,11
19122,2019-01,132,96.7780,534,14
19122,2019-02,105,71.8427,413,12
19122,2019-03,132,103.6146,547,9
19122,2019-04,159,125.7443,661,8
19122,2019-05,145,104.4959,579,13
19122,2019-06,125,75.2655,485,21
19122,2019-07,128,78.4250,495,19
19122,2019-08,157,114.1506,651,14
19122,2019-09,156,100.8379,586,22
19122,2019-10,134,88.0938,516,20
19122,2019-11,145,102.9737,570,15
19122,2019-12,101,76.5989,403,7
19122,2020-01,105,71.8635,421,11
19122,2020-02,128,88.8730,517,13
19122,2020-03,96,73.5811,415,8
19122,2020-04,26,14.6927,105,5
19122,2020-05,50,36.5019,203,3
19122,2020-06,44,25.8241,169,8
19122,2020-07,61,39.6996,231,8
19122,2020-08,70,47.0964,279,8
19122,2020-09,69,32.2100,251,15
19122,2020-10,70,51.9805,301,4
19122,2020-11,57,41.2079,238,6
19122,2020-12,51,35.4083,207,5
19122,2021-01,62,40.4831,250,9
19122,2021-02,41,26.5361,171,6
19122,2021-03,63,40.1574,248,8
19122,2021-04,52,43.5880,219,2
19122,2021-05,77,58.3975,321,6
19122,2021-06,77,55.5191,317,8
19122,2021-07,76,43.4116,275,15
19122,2021-08,107,68.4685,413,16
19122,2021-09,87,47.1042,317,20
19122,2021-10,88,63.9083,346,7
19122,2021-11,77,59.6009,320,6
19122,2021-12,90,63.1149,356,10
19123,2012-01,315,236.4691,1210,29
19123,2012-02,252,198.2013,938,17
19123,2012-03,270,198.4624,1021,26
19123,2012-04,283,215.3188,1072,24
19123,2012-05,307,228.1725,1117,30
19123,2012-06,271,179.8755,951,38
19123,2012-07,293,226.1459,1115,21
19123,2012-08,265,187.8207,954,27
19123,2012-09,229,173.3716,889,20
19123,2012-10,245,169.4142,925,31
19123,2012-11,249,177.2843,911,27
19123,2012-12,260,185.9060,929,28
19123,2013-01,361,260.7060,1346,34
19123,2013-02,330,241.1718,1214,31
19123,2013-03,356,264.6576,1345,33
19123,2013-04,340,254.4415,1310,31
19123,2013-05,322,231.7136,1176,31
19123,2013-06,340,241.4202,1247,40
19123,2013-07,343,256.1484,1300,33
19123,2013-08,362,264.1542,1330,37
19123,2013-09,284,207.7767,1046,27
19123,2013-10,273,189.2872,1016,30
19123,2013-11,284,197.0915,1051,33
19123,2013-12,296,223.0743,1129,29
19123,2014-01,352,260.8245,1421,28
19123,2014-02,322,225.8705,1231,36
19123,2014-03,389,285.4875,1503,36
19123,2014-04,304,219.7074,1185,35
19123,2014-05,313,241.9682,1200,22
19123,2014-06,356,256.3724,1389,34
19123,2014-07,341,261.5564,1339,28
19123,2014-08,342,243.7266,1285,32
19123,2014-09,402,260.0174,1474,59
19123,2014-10,313,229.5340,1211,32
19123,2014-11,286,206.1438,1124,29
19123,2014-12,327,216.0557,1246,46
19123,2015-01,361,265.1135,1425,33
19123,2015-02,324,225.1861,1266,35
19123,2015-03,366,248.2441,1359,45
19123,2015-04,366,292.4055,1465,20
19123,2015-05,345,239.2812,1289,43
19123,2015-06,382,262.9446,1455,47
19123,2015-07,388,272.8406,1501,45
19123,2015-08,420,299.8772,1655,44
19123,2015-09,329,221.0727,1247,40
19123,2015-10,358,269.9399,1433,34
19123,2015-11,355,253.0852,1370,38
19123,2015-12,302,211.2810,1207,34
19123,2016-01,341,231.6037,1342,38
19123,2016-02,372,258.7219,1488,43
19123,2016-03,339,248.6071,1353,33
19123,2016-04,364,245.0008,1432,47
19123,2016-05,426,299.6776,1674,48
19123,2016-06,383,262.0069,1445,49
19123,2016-07,396,254.2716,1520,57
19123,2016-08,387,276.8360,1547,39
19123,2016-09,331,234.0618,1326,38
19123,2016-10,297,192.8884,1184,42
19123,2016-11,298,214.5380,1155,28
19123,2016-12,264,180.0341,1028,30
19123,2017-01,319,236.0373,1316,27
19123,2017-02,328,223.2278,1306,44
19123,2017-03,325,220.9291,1301,42
19123,2017-04,350,247.6009,1388,36
19123,2017-05,386,255.9284,1452,51
19123,2017-06,462,309.8606,1786,59
19123,2017-07,383,267.9641,1470,44
19123,2017-08,398,294.3077,1589,39
19123,2017-09,315,216.3571,1246,41
19123,2017-10,370,265.0982,1466,34
19123,2017-11,345,246.4897,1327,37
19123,2017-12,289,196.3710,1159,37
19123,2018-01,423,287.4502,1628,53
19123,2018-02,345,229.4222,1375,45
19123,2018-03,407,268.5113,1622,55
19123,2018-04,392,285.1757,1596,39
19123,2018-05,440,312.2223,1750,45
19123,2018-06,456,335.5542,1842,43
19123,2018-07,428,287.5271,1665,55
19123,2018-08,450,308.7401,1794,53
19123,2018-09,369,255.9879,1463,41
19123,2018-10,357,245.5663,1392,44
19123,2018-11,341,245.0647,1403,35
19123,2018-12,273,179.0720,1075,39
19123,2019-01,302,186.8384,1205,55
19123,2019-02,301,208.7930,1173,35
19123,2019-03,433,297.2998,1718,50
19123,2019-04,406,270.8825,1587,56
19123,2019-05,365,266.4326,1489,36
19123,2019-06,384,268.6162,1548,39
19123,2019-07,373,247.5347,1475,52
19123,2019-08,392,267.0643,1559,43
19123,2019-09,315,226.6596,1278,30
19123,2019-10,290,206.9492,1167,29
19123,2019-11,278,206.4223,1133,27
19123,2019-12,290,208.1690,1173,27
19123,2020-01,288,209.1632,1175,32
19123,2020-02,293,210.2829,1181,31
19123,2020-03,193,142.8948,792,18
19123,2020-04,66,50.8359,274,5
19123,2020-05,107,67.0281,419,13
19123,2020-06,134,90.9981,562,17
19123,2020-07,222,151.7637,886,26
19123,2020-08,265,179.0569,1027,35
19123,2020-09,236,163.2221,930,27
19123,2020-10,265,174.5977,1033,37
19123,2020-11,177,129.5390,749,18
19123,2020-12,157,112.0366,626,15
19123,2021-01,211,145.9515,822,23
19123,2021-02,188,133.8142,763,21
19123,2021-03,224,152.6285,898,29
19123,2021-04,222,135.3747,814,35
19123,2021-05,248,160.5617,920,32
19123,2021-06,247,167.3585,977,29
19123,2021-07,275,185.0878,1077,35
19123,2021-08,259,157.1622,960,42
19123,2021-09,244,146.8305,895,38
19123,2021-10,235,160.3644,894,31
19123,2021-11,210,125.4701,776,33
19123,2021-12,193,120.6774,747,33
19124,2012-01,9,8.0813,34,0
19124,2012-02,3,1.2359,10,1
19124,2012-03,5,-0.7222,14,3
19124,2012-04,10,5.1800,32,2
19124,2012-05,6,1.3991,18,2
19124,2012-06,10,7.7004,41,0
19124,2012-07,9,2.6570,24,2
19124,2012-08,17,6.6033,56,5
19124,2012-09,12,4.7932,41,3
19124,2012-10,16,10.2842,61,2
19124,2012-11,15,8.9741,55,3
19124,2012-12,8,1.6459,27,4
19124,2013-01,22,12.0823,72,3
19124,2013-02,17,7.9402,59,2
19124,2013-03,17,8.8149,62,4
19124,2013-04,9,6.5888,36,1
19124,2013-05,19,7.1794,68,6
19124,2013-06,15,5.5979,42,5
19124,2013-07,16,4.1564,53,5
19124,2013-08,15,12.2374,61,1
19124,2013-09,24,16.2793,91,2
19124,2013-10,17,10.9538,66,2
19124,2013-11,11,9.1261,39,0
19124,2013-12,18,8.2423,78,4
19124,2014-01,23,13.9540,70,5
19124,2014-02,12,6.6126,49,2
19124,2014-03,19,11.4934,67,3
19124,2014-04,20,8.1660,63,5
19124,2014-05,18,6.9146,56,5
19124,2014-06,19,9.0702,71,3
19124,2014-07,22,9.6321,78,5
19124,2014-08,27,12.8227,98,4
19124,2014-09,20,8.9385,75,5
19124,2014-10,17,5.8950,67,6
19124,2014-11,25,14.7015,93,5
19124,2014-12,25,11.8435,72,5
19124,2015-01,26,12.0204,82,6
19124,2015-02,34,5.0356,100,15
19124,2015-03,27,19.5074,102,2
19124,2015-04,34,5.9504,95,15
19124,2015-05,32,15.1305,108,7
19124,2015-06,27,16.0232,91,6
19124,2015-07,25,6.9649,81,8
19124,2015-08,34,13.9151,119,10
19124,2015-09,28,16.2288,94,5
19124,2015-10,26,7.0306,77,9
19124,2015-11,24,10.5582,63,5
19124,2015-12,15,5.5109,40,3
19124,2016-01,35,17.7917,124,6
19124,2016-02,35,12.8575,127,11
19124,2016-03,40,15.5080,130,10
19124,2016-04,31,15.5303,109,7
19124,2016-05,41,16.1190,144,13
19124,2016-06,31,15.6000,102,7
19124,2016-07,33,14.4250,115,8
19124,2016-08,32,13.7291,118,10
19124,2016-09,30,11.9546,90,8
19124,2016-10,30,9.9432,105,8
19124,2016-11,30,10.7363,96,9
19124,2016-12,21,12.8773,77,2
19124,2017-01,19,6.2196,63,5
19124,2017-02,29,12.6881,88,7
19124,2017-03,34,17.8694,115,9
19124,2017-04,30,17.5858,119,5
19124,2017-05,36,12.1616,105,10
19124,2017-06,34,19.1487,133,5
19124,2017-07,23,11.9057,83,6
19124,2017-08,38,13.7409,130,12
19124,2017-09,36,14.9455,119,8
19124,2017-10,31,13.4168,103,7
19124,2017-11,15,1.8231,45,7
19124,2017-12,33,8.6025,94,11
19124,2018-01,24,6.2744,83,8
19124,2018-02,23,10.3464,73,5
19124,2018-03,54,23.0169,173,15
19124,2018-04,35,7.0338,101,14
19124,2018-05,35,19.5515,120,5
19124,2018-06,32,10.0990,99,10
19124,2018-07,32,7.7614,109,12
19124,2018-08,40,19.5545,145,7
19124,2018-09,46,12.0594,135,17
19124,2018-10,23,10.1321,80,5
19124,2018-11,36,5.1465,96,16
19124,2018-12,35,11.9844,102,12
19124,2019-01,34,5.7519,82,12
19124,2019-02,35,11.1477,110,11
19124,2019-03,34,12.0517,102,10
19124,2019-04,33,7.8647,100,13
19124,2019-05,41,11.8720,111,14
19124,2019-06,36,3.8670,104,17
19124,2019-07,36,8.5609,107,13
19124,2019-08,38,10.2563,110,13
19124,2019-09,30,0.8299,81,15
19124,2019-10,46,16.4717,155,14
19124,2019-11,18,2.8843,36,7
19124,2019-12,25,4.9798,59,10
19124,2020-01,28,5.3677,79,9
19124,2020-02,25,6.9941,72,10
19124,2020-03,23,5.8801,67,9
19124,2020-04,11,1.7673,28,4
19124,2020-05,23,11.0915,84,5
19124,2020-06,27,6.1883,87,10
19124,2020-07,46,14.7099,126,16
19124,2020-08,32,12.8417,108,8
19124,2020-09,25,7.8110,89,7
19124,2020-10,19,5.3761,59,7
19124,2020-11,23,12.7757,90,5
19124,2020-12,18,6.8381,57,5
19124,2021-01,27,12.9626,88,5
19124,2021-02,19,2.9839,58,8
19124,2021-03,16,3.9043,50,6
19124,2021-04,26,5.8072,78,10
19124,2021-05,15,2.1083,43,6
19124,2021-06,22,5.5204,69,6
19124,2021-07,23,2.4778,66,10
19124,2021-08,31,8.2245,83,10
19124,2021-09,23,4.1337,65,11
19124,2021-10,20,5.1896,58,7
19124,2021-11,22,4.5307,70,9
19124,2021-12,24,12.8548,89,5
19125,2012-01,144,105.5523,582,13
19125,2012-02,116,81.2194,463,13
19125,2012-03,118,79.8635,454,16
19125,2012-04,135,99.5079,525,11
19125,2012-05,129,94.9709,508,12
19125,2012-06,104,75.4278,403,11
19125,2012-07,135,104.6731,552,8
19125,2012-08,122,87.3681,516,12
19125,2012-09,155,119.9304,620,11
19125,2012-10,136,103.6502,553,11
19125,2012-11,125,102.0638,497,8
19125,2012-12,172,127.0640,691,15
19125,2013-01,199,159.0178,788,11
19125,2013-02,171,136.4314,679,8
19125,2013-03,167,137.8097,697,8
19125,2013-04,157,122.8080,630,11
19125,2013-05,179,143.2608,714,8
19125,2013-06,197,157.9537,757,12
19125,2013-07,207,164.5365,826,14
19125,2013-08,225,176.5532,946,11
19125,2013-09,194,141.2783,756,16
19125,2013-10,182,139.3389,738,15
19125,2013-11,196,153.9841,803,14
19125,2013-12,177,131.0356,713,14
19125,2014-01,213,154.3471,847,17
19125,2014-02,181,136.6904,748,14
19125,2014-03,222,174.9574,924,16
19125,2014-04,214,164.4217,889,15
19125,2014-05,185,142.4106,776,12
19125,2014-06,220,171.6938,900,16
19125,2014-07,186,142.4711,738,15
19125,2014-08,217,150.9607,879,25
19125,2014-09,189,142.3376,760,18
19125,2014-10,229,167.3891,921,21
19125,2014-11,234,184.3524,981,15
19125,2014-12,200,136.9556,809,25
19125,2015-01,257,191.0094,1048,20
19125,2015-02,220,155.6769,888,25
19125,2015-03,189,134.3981,790,23
19125,2015-04,261,193.6757,1033,23
19125,2015-05,233,171.8490,975,22
19125,2015-06,252,176.7415,1014,27
19125,2015-07,236,174.8350,967,21
19125,2015-08,262,187.5007,1088,29
19125,2015-09,179,120.1409,717,25
19125,2015-10,232,171.9164,947,18
19125,2015-11,226,158.0581,930,23
19125,2015-12,193,156.1637,806,9
19125,2016-01,267,201.4271,1135,21
19125,2016-02,288,200.7129,1167,33
19125,2016-03,262,195.0478,1092,21
19125,2016-04,218,149.5399,895,26
19125,2016-05,279,203.1188,1122,23
19125,2016-06,236,170.0788,963,26
19125,2016-07,287,215.8044,1196,23
19125,2016-08,293,208.1942,1172,29
19125,2016-09,241,162.1882,932,30
19125,2016-10,215,162.5082,921,17
19125,2016-11,193,145.5450,807,17
19125,2016-12,223,163.2586,915,22
19125,2017-01,229,152.0602,912,32
19125,2017-02,238,169.9680,969,27
19125,2017-03,256,187.2974,1048,25
19125,2017-04,232,152.8441,929,33
19125,2017-05,259,179.3757,1016,29
19125,2017-06,273,203.0371,1127,21
19125,2017-07,294,218.0089,1218,26
19125,2017-08,293,213.8262,1185,27
19125,2017-09,233,162.2928,922,29
19125,2017-10,280,188.2922,1089,37
19125,2017-11,288,211.3094,1160,26
19125,2017-12,254,196.0549,1057,18
19125,2018-01,275,186.2809,1086,36
19125,2018-02,249,187.9010,1007,19
19125,2018-03,297,195.3130,1155,41
19125,2018-04,266,187.1938,1041,28
19125,2018-05,311,213.9047,1233,36
19125,2018-06,256,182.8406,1004,23
19125,2018-07,335,245.1423,1408,31
19125,2018-08,323,236.1530,1305,28
19125,2018-09,330,251.4265,1358,27
19125,2018-10,337,234.3004,1359,42
19125,2018-11,287,188.0047,1154,32
19125,2018-12,290,203.0490,1180,35
19125,2019-01,330,232.9203,1313,40
19125,2019-02,344,235.5130,1369,44
19125,2019-03,365,254.3688,1457,43
19125,2019-04,289,204.7714,1161,26
19125,2019-05,343,242.1628,1369,37
19125,2019-06,310,214.8304,1271,35
19125,2019-07,339,239.4223,1403,37
19125,2019-08,330,219.6919,1286,34
19125,2019-09,304,204.4291,1206,40
19125,2019-10,291,210.0810,1177,30
19125,2019-11,281,206.6168,1130,27
19125,2019-12,217,154.9914,891,24
19125,2020-01,249,165.1404,982,35
19125,2020-02,289,215.2429,1173,24
19125,2020-03,179,123.0974,737,20
19125,2020-04,66,51.2898,292,4
19125,2020-05,89,50.8026,367,16
19125,2020-06,112,74.3986,455,15
19125,2020-07,121,84.8583,518,14
19125,2020-08,161,109.8412,662,18
19125,2020-09,144,89.6504,551,21
19125,2020-10,160,112.4821,671,17
19125,2020-11,127,84.6213,535,16
19125,2020-12,124,81.2037,504,16
19125,2021-01,116,74.2185,441,18
19125,2021-02,118,89.7024,510,9
19125,2021-03,144,96.0328,575,20
19125,2021-04,161,91.8285,632,31
19125,2021-05,151,100.1205,610,20
19125,2021-06,132,80.4953,510,20
19125,2021-07,178,114.5339,694,26
19125,2021-08,144,96.4741,566,19
19125,2021-09,126,69.2514,482,24
19125,2021-10,151,100.9107,595,17
19125,2021-11,129,83.8118,470,18
19125,2021-12,171,116.3562,688,17
19126,2012-01,19,14.8324,81,1
19126,2012-02,12,8.4976,52,1
19126,2012-03,12,10.1945,47,0
19126,2012-04,5,4.6060,21,0
19126,2012-05,7,5.1521,25,0
19126,2012-06,11,8.2437,41,1
19126,2012-07,14,10.4682,55,0
19126,2012-08,12,8.5614,45,1
19126,2012-09,7,2.8724,22,2
19126,2012-10,10,6.3254,40,2
19126,2012-11,5,4.8588,20,0
19126,2012-12,8,0.6775,19,4
19126,2013-01,8,4.1015,25,2
19126,2013-02,17,10.2333,62,3
19126,2013-03,14,11.6896,55,1
19126,2013-04,6,5.5617,29,0
19126,2013-05,16,13.1285,60,1
19126,2013-06,4,3.3955,15,0
19126,2013-07,8,5.8514,30,1
19126,2013-08,11,4.2180,30,3
19126,2013-09,10,2.9118,35,4
19126,2013-10,11,6.9085,43,2
19126,2013-11,11,7.0754,44,1
19126,2013-12,14,9.2455,55,2
19126,2014-01,18,11.7830,54,2
19126,2014-02,10,5.9771,36,1
19126,2014-03,16,13.2290,72,0
19126,2014-04,12,8.7501,49,1
19126,2014-05,15,9.2900,51,3
19126,2014-06,12,10.1060,49,1
19126,2014-07,10,5.9671,41,2
19126,2014-08,14,9.6099,55,0
19126,2014-09,9,5.1959,30,2
19126,2014-10,12,8.3879,51,2
19126,2014-11,9,8.4283,40,0
19126,2014-12,8,3.4502,26,2
19126,2015-01,15,8.1940,57,2
19126,2015-02,29,16.0402,114,6
19126,2015-03,18,11.0111,64,3
19126,2015-04,18,13.0616,73,2
19126,2015-05,13,4.8336,50,4
19126,2015-06,18,14.7291,74,0
19126,2015-07,18,9.5283,71,3
19126,2015-08,25,17.5948,104,2
19126,2015-09,21,18.4181,89,0
19126,2015-10,15,9.0413,51,2
19126,2015-11,16,11.0391,60,2
19126,2015-12,9,3.1401,31,3
19126,2016-01,14,11.1813,60,1
19126,2016-02,12,7.0595,45,1
19126,2016-03,9,6.9440,35,1
19126,2016-04,8,5.1496,35,1
19126,2016-05,8,6.2610,35,0
19126,2016-06,12,3.6865,39,4
19126,2016-07,12,5.6271,45,3
19126,2016-08,15,7.8816,54,4
19126,2016-09,14,6.6037,51,4
19126,2016-10,14,7.5816,45,2
19126,2016-11,15,9.7738,55,2
19126,2016-12,12,9.8234,53,0
19126,2017-01,21,15.3279,80,2
19126,2017-02,10,5.4654,40,2
19126,2017-03,14,12.1889,54,0
19126,2017-04,12,10.9131,54,0
19126,2017-05,15,11.9412,50,0
19126,2017-06,12,3.7822,39,4
19126,2017-07,14,6.1496,49,3
19126,2017-08,8,1.7409,29,3
19126,2017-09,20,14.0469,73,2
19126,2017-10,14,9.2905,52,2
19126,2017-11,14,12.1227,58,1
19126,2017-12,16,9.7621,66,2
19126,2018-01,14,7.3102,40,3
19126,2018-02,9,4.3705,36,2
19126,2018-03,20,12.2502,70,3
19126,2018-04,32,23.4898,139,2
19126,2018-05,15,8.5594,60,3
19126,2018-06,15,6.9063,59,4
19126,2018-07,16,9.2454,65,3
19126,2018-08,18,9.6317,67,4
19126,2018-09,15,11.3555,60,0
19126,2018-10,13,6.4209,47,3
19126,2018-11,15,10.1210,60,2
19126,2018-12,13,9.4699,53,2
19126,2019-01,17,10.9335,66,3
19126,2019-02,21,15.2365,90,2
19126,2019-03,19,14.1754,86,2
19126,2019-04,9,6.9738,39,1
19126,2019-05,14,10.0554,55,1
19126,2019-06,9,3.5953,26,2
19126,2019-07,17,12.1462,70,1
19126,2019-08,20,14.9313,73,1
19126,2019-09,10,8.4267,45,0
19126,2019-10,8,6.3340,29,0
19126,2019-11,9,3.8233,30,2
19126,2019-12,15,9.5283,58,1
19126,2020-01,12,9.1228,54,1
19126,2020-02,11,8.3564,44,0
19126,2020-03,12,4.5811,40,4
19126,2020-04,9,4.9491,36,2
19126,2020-05,8,3.3410,29,2
19126,2020-06,3,2.6499,15,0
19126,2020-07,15,7.4238,52,2
19126,2020-08,6,4.9817,27,0
19126,2020-09,9,2.1301,27,3
19126,2020-10,12,5.4310,39,2
19126,2020-11,7,6.1256,32,0
19126,2020-12,10,5.4185,40,1
19126,2021-01,7,5.9129,31,0
19126,2021-02,12,8.7146,50,1
19126,2021-03,11,9.1658,52,0
19126,2021-04,6,5.5703,28,0
19126,2021-05,4,3.0298,16,0
19126,2021-06,10,3.2128,35,3
19126,2021-07,3,0.2813,8,1
19126,2021-08,6,3.2760,28,1
19126,2021-09,13,7.9839,54,1
19126,2021-10,7,5.6796,34,0
19126,2021-11,7,6.1954,31,0
19126,2021-12,5,3.4712,19,1
19127,2012-01,96,74.7476,366,6
19127,2012-02,115,82.6403,432,9
19127,2012-03,127,94.9861,476,10
19127,2012-04,89,63.3645,336,9
19127,2012-05,98,77.6509,380,5
19127,2012-06,117,79.3225,400,15
19127,2012-07,105,77.7956,382,9
19127,2012-08,97,68.6145,367,9
19127,2012-09,107,73.5557,401,14
19127,2012-10,87,50.5806,321,16
19127,2012-11,78,54.9960,296,8
19127,2012-12,80,53.2415,288,10
19127,2013-01,102,64.5050,356,15
19127,2013-02,96,65.2922,350,10
19127,2013-03,165,136.5017,631,6
19127,2013-04,161,126.1424,625,11
19127,2013-05,142,91.7957,507,19
19127,2013-06,133,95.7383,517,13
19127,2013-07,108,91.0610,443,6
19127,2013-08,141,112.2292,561,10
19127,2013-09,117,91.0336,466,9
19127,2013-10,138,100.2124,546,15
19127,2013-11,144,98.6383,561,19
19127,2013-12,119,81.3450,477,14
19127,2014-01,172,126.8354,676,15
19127,2014-02,145,108.6723,560,13
19127,2014-03,152,111.1075,614,16
19127,2014-04,180,119.9630,664,24
19127,2014-05,150,108.9739,587,14
19127,2014-06,181,124.6535,693,21
19127,2014-07,168,125.6815,659,16
19127,2014-08,181,136.0982,723,16
19127,2014-09,137,101.1633,519,12
19127,2014-10,169,121.1691,634,15
19127,2014-11,134,90.9887,482,15
19127,2014-12,129,88.5662,497,16
19127,2015-01,170,111.3288,629,25
19127,2015-02,136,90.0382,501,19
19127,2015-03,147,110.0846,585,13
19127,2015-04,205,142.1184,764,24
19127,2015-05,180,115.3484,660,30
19127,2015-06,197,131.5174,739,24
19127,2015-07,200,143.2146,801,21
19127,2015-08,194,148.1301,781,15
19127,2015-09,164,118.6588,629,17
19127,2015-10,177,132.1500,698,11
19127,2015-11,175,116.6868,665,23
19127,2015-12,119,71.9876,424,19
19127,2016-01,181,132.4905,704,16
19127,2016-02,173,122.2900,707,18
19127,2016-03,191,141.5577,735,18
19127,2016-04,199,135.2676,754,24
19127,2016-05,172,129.4447,679,15
19127,2016-06,186,116.0578,699,31
19127,2016-07,162,105.0521,600,22
19127,2016-08,150,115.0811,580,10
19127,2016-09,151,96.9526,568,24
19127,2016-10,145,94.8146,534,22
19127,2016-11,98,59.7816,365,16
19127,2016-12,121,72.8899,446,21
19127,2017-01,154,90.3916,586,29
19127,2017-02,138,89.3515,516,18
19127,2017-03,154,99.0798,574,19
19127,2017-04,203,138.1965,750,23
19127,2017-05,203,131.2750,724,29
19127,2017-06,189,122.8696,728,27
19127,2017-07,189,120.7036,690,26
19127,2017-08,194,130.0697,745,25
19127,2017-09,218,159.2500,827,23
19127,2017-10,182,135.1860,707,14
19127,2017-11,153,105.5547,603,20
19127,2017-12,132,83.3429,466,21
19127,2018-01,151,101.0779,570,20
19127,2018-02,136,95.4540,518,16
19127,2018-03,171,117.2664,659,25
19127,2018-04,210,137.8694,799,29
19127,2018-05,213,155.3546,830,22
19127,2018-06,183,120.8563,715,27
19127,2018-07,209,150.6366,821,20
19127,2018-08,177,119.6141,700,24
19127,2018-09,152,112.6953,595,14
19127,2018-10,145,94.1783,555,20
19127,2018-11,131,91.7643,503,16
19127,2018-12,138,91.4260,528,21
19127,2019-01,173,110.7712,660,28
19127,2019-02,148,109.5073,607,11
19127,2019-03,161,101.9160,634,27
19127,2019-04,168,105.3899,637,25
19127,2019-05,209,148.0764,829,22
19127,2019-06,175,104.5689,654,32
19127,2019-07,144,102.7321,585,17
19127,2019-08,191,127.7132,803,26
19127,2019-09,157,104.1449,612,21
19127,2019-10,137,85.3310,526,22
19127,2019-11,128,86.3674,496,15
19127,2019-12,117,78.7906,447,16
19127,2020-01,104,75.4376,403,11
19127,2020-02,149,101.8873,567,20
19127,2020-03,60,39.2301,244,8
19127,2020-04,44,36.8173,201,0
19127,2020-05,72,50.1627,291,9
19127,2020-06,72,48.6168,304,6
19127,2020-07,90,48.4473,323,16
19127,2020-08,112,75.7322,466,14
19127,2020-09,115,81.9335,479,13
19127,2020-10,134,90.4993,539,17
19127,2020-11,95,64.7006,386,12
19127,2020-12,87,60.7922,368,8
19127,2021-01,101,78.9648,420,6
19127,2021-02,69,39.6441,271,13
19127,2021-03,99,81.1891,412,5
19127,2021-04,88,59.9141,330,11
19127,2021-05,83,47.4883,307,15
19127,2021-06,104,64.0010,381,16
19127,2021-07,104,53.5029,381,24
19127,2021-08,95,53.6465,330,16
19127,2021-09,89,61.5054,352,9
19127,2021-10,77,45.5642,263,12
19127,2021-11,65,42.3891,269,11
19127,2021-12,87,51.7492,313,16
19128,2012-01,59,43.5731,221,4
19128,2012-02,49,29.6745,178,8
19128,2012-03,64,44.5038,244,5
19128,2012-04,62,41.7652,239,9
19128,2012-05,71,53.0450,283,7
19128,2012-06,100,66.5277,397,12
19128,2012-07,75,44.6989,258,11
19128,2012-08,77,42.2178,294,14
19128,2012-09,59,33.6500,209,9
19128,2012-10,51,29.1913,193,10
19128,2012-11,51,33.9352,186,4
19128,2012-12,57,33.9540,196,9
19128,2013-01,94,50.8327,336,19
19128,2013-02,78,49.0382,282,10
19128,2013-03,95,60.8910,345,12
19128,2013-04,89,62.6396,321,7
19128,2013-05,85,62.5755,311,8
19128,2013-06,96,64.6745,368,12
19128,2013-07,92,59.7015,337,11
19128,2013-08,80,40.3680,271,17
19128,2013-09,74,39.1015,252,14
19128,2013-10,77,50.7657,279,10
19128,2013-11,115,72.4109,424,15
19128,2013-12,94,52.8542,355,19
19128,2014-01,119,72.4495,409,16
19128,2014-02,76,47.0854,273,9
19128,2014-03,141,104.3676,545,14
19128,2014-04,106,76.6300,414,11
19128,2014-05,124,84.6224,477,13
19128,2014-06,154,96.7236,564,22
19128,2014-07,139,96.5919,536,12
19128,2014-08,137,86.7844,534,18
19128,2014-09,107,73.0829,412,12
19128,2014-10,123,82.5632,456,12
19128,2014-11,128,88.1326,501,14
19128,2014-12,90,45.8533,318,18
19128,2015-01,145,90.8960,543,20
19128,2015-02,106,55.0141,352,19
19128,2015-03,133,86.4271,498,15
19128,2015-04,131,87.5829,524,15
19128,2015-05,117,71.1522,423,18
19128,2015-06,116,69.6354,418,18
19128,2015-07,164,106.0895,643,22
19128,2015-08,167,98.1747,623,27
19128,2015-09,135,86.4946,497,15
19128,2015-10,139,72.9714,513,26
19128,2015-11,139,80.2800,525,23
19128,2015-12,109,70.9279,429,14
19128,2016-01,156,99.4835,603,23
19128,2016-02,158,102.0515,607,21
19128,2016-03,151,92.2451,552,21
19128,2016-04,156,93.1785,615,27
19128,2016-05,149,88.3284,578,24
19128,2016-06,164,111.2354,640,21
19128,2016-07,165,85.2500,590,33
19128,2016-08,155,94.1920,571,23
19128,2016-09,156,94.6951,574,25
19128,2016-10,146,90.8068,573,21
19128,2016-11,137,83.1538,545,20
19128,2016-12,128,77.5338,490,22
19128,2017-01,174,106.7131,667,29
19128,2017-02,164,100.1425,629,24
19128,2017-03,162,92.4786,598,28
19128,2017-04,143,73.4462,498,32
19128,2017-05,159,85.8780,582,32
19128,2017-06,184,98.3383,698,38
19128,2017-07,177,102.8686,685,31
19128,2017-08,179,118.6455,714,22
19128,2017-09,172,93.4707,646,31
19128,2017-10,175,103.4921,670,28
19128,2017-11,159,90.0634,600,29
19128,2017-12,149,89.8005,592,21
19128,2018-01,151,88.7488,594,23
19128,2018-02,131,77.2113,503,21
19128,2018-03,152,90.0373,609,26
19128,2018-04,184,106.7710,706,31
19128,2018-05,173,123.5672,704,16
19128,2018-06,185,125.6975,740,20
19128,2018-07,213,123.4621,831,38
19128,2018-08,199,101.5618,737,43
19128,2018-09,145,73.2028,504,30
19128,2018-10,156,82.6190,602,31
19128,2018-11,134,70.5333,530,26
19128,2018-12,133,64.2738,510,29
19128,2019-01,155,91.2834,604,23
19128,2019-02,143,93.1245,548,15
19128,2019-03,157,95.3711,618,21
19128,2019-04,157,90.4419,610,28
19128,2019-05,169,100.7709,645,29
19128,2019-06,191,115.6269,712,29
19128,2019-07,210,116.1040,796,37
19128,2019-08,203,117.9466,785,33
19128,2019-09,192,103.0215,701,38
19128,2019-10,160,85.7472,607,33
19128,2019-11,158,96.4904,590,21
19128,2019-12,147,93.2503,579,19
19128,2020-01,131,81.2551,500,16
19128,2020-02,118,71.3132,441,20
19128,2020-03,81,40.5888,322,17
19128,2020-04,63,25.0342,228,18
19128,2020-05,79,40.5879,279,17
19128,2020-06,73,42.7111,298,12
19128,2020-07,132,82.8473,511,16
19128,2020-08,152,92.6145,611,25
19128,2020-09,156,77.3957,602,31
19128,2020-10,127,61.5948,484,26
19128,2020-11,92,53.2764,377,16
19128,2020-12,126,76.6748,496,19
19128,2021-01,105,61.9719,418,16
19128,2021-02,84,51.8863,322,13
19128,2021-03,113,57.3749,427,24
19128,2021-04,116,59.1239,415,26
19128,2021-05,124,58.5977,439,27
19128,2021-06,125,73.9586,475,21
19128,2021-07,135,55.8025,465,37
19128,2021-08,114,62.2670,406,20
19128,2021-09,119,48.9988,373,30
19128,2021-10,88,49.6055,309,13
19128,2021-11,92,43.6284,314,22
19128,2021-12,74,37.2046,277,14
19129,2012-01,42,30.3007,157,4
19129,2012-02,27,24.0049,119,1
19129,2012-03,42,28.2478,157,5
19129,2012-04,43,31.0669,170,5
19129,2012-05,35,28.7246,152,1
19129,2012-06,36,29.5810,143,2
19129,2012-07,30,23.9948,111,2
19129,2012-08,45,26.7158,161,7
19129,2012-09,41,35.1966,170,2
19129,2012-10,28,16.1512,95,5
19129,2012-11,22,16.6521,82,2
19129,2012-12,22,12.3355,75,3
19129,2013-01,53,34.3386,181,7
19129,2013-02,49,36.1529,191,4
19129,2013-03,45,37.5225,184,2
19129,2013-04,38,20.0117,133,9
19129,2013-05,39,29.1799,132,2
19129,2013-06,41,27.1790,137,5
19129,2013-07,40,31.9646,155,2
19129,2013-08,51,39.2999,208,3
19129,2013-09,48,41.4412,186,1
19129,2013-10,32,23.5987,117,3
19129,2013-11,47,39.3371,195,1
19129,2013-12,47,26.7394,160,9
19129,2014-01,34,25.9593,137,2
19129,2014-02,52,34.8290,206,8
19129,2014-03,51,26.1423,183,11
19129,2014-04,47,33.3542,169,7
19129,2014-05,40,28.7850,157,4
19129,2014-06,55,34.4280,209,7
19129,2014-07,44,35.4007,171,4
19129,2014-08,49,38.4626,204,3
19129,2014-09,42,25.9980,149,7
19129,2014-10,48,33.3427,176,5
19129,2014-11,33,22.5480,135,4
19129,2014-12,30,22.3347,115,2
19129,2015-01,49,35.6759,201,5
19129,2015-02,37,26.4197,142,4
19129,2015-03,57,38.0005,234,5
19129,2015-04,52,31.1241,192,9
19129,2015-05,48,37.9467,187,3
19129,2015-06,44,31.6620,178,5
19129,2015-07,63,45.2909,250,7
19129,2015-08,67,42.3491,257,11
19129,2015-09,53,38.2303,207,5
19129,2015-10,41,29.2150,161,4
19129,2015-11,33,25.2832,135,3
19129,2015-12,48,35.2504,195,3
19129,2016-01,67,47.9468,271,9
19129,2016-02,58,33.6756,212,9
19129,2016-03,81,53.5886,315,11
19129,2016-04,53,33.8011,195,8
19129,2016-05,73,40.2041,266,14
19129,2016-06,36,26.9939,133,4
19129,2016-07,54,37.8878,198,6
19129,2016-08,69,45.1623,247,9
19129,2016-09,55,31.7556,214,11
19129,2016-10,54,34.1249,222,8
19129,2016-11,58,39.7512,236,8
19129,2016-12,39,28.7175,172,4
19129,2017-01,57,46.8301,244,4
19129,2017-02,45,32.7000,175,5
19129,2017-03,42,31.5956,180,3
19129,2017-04,60,43.3200,228,4
19129,2017-05,56,39.9607,222,6
19129,2017-06,48,30.0005,191,8
19129,2017-07,54,36.7314,203,9
19129,2017-08,71,47.0372,257,8
19129,2017-09,54,38.7539,210,6
19129,2017-10,46,35.2448,179,3
19129,2017-11,46,30.4278,183,5
19129,2017-12,33,18.2011,125,7
19129,2018-01,50,31.3284,194,6
19129,2018-02,74,56.6694,302,5
19129,2018-03,93,55.2381,355,15
19129,2018-04,58,41.5732,218,8
19129,2018-05,61,39.7856,242,9
19129,2018-06,76,42.0939,276,14
19129,2018-07,59,29.6913,204,13
19129,2018-08,66,43.9003,267,8
19129,2018-09,57,49.0239,241,1
19129,2018-10,58,43.9162,251,4
19129,2018-11,69,44.4382,278,10
19129,2018-12,58,40.9989,226,6
19129,2019-01,49,38.8046,204,5
19129,2019-02,53,41.1677,234,4
19129,2019-03,74,45.5660,287,11
19129,2019-04,41,32.7440,180,2
19129,2019-05,47,34.3294,187,5
19129,2019-06,55,34.7212,212,8
19129,2019-07,52,34.0390,197,6
19129,2019-08,59,40.3167,227,8
19129,2019-09,65,51.3112,278,4
19129,2019-10,48,31.7157,184,7
19129,2019-11,33,22.0112,129,5
19129,2019-12,48,34.9536,200,5
19129,2020-01,51,31.2311,200,7
19129,2020-02,41,25.4561,160,6
19129,2020-03,27,20.6000,111,2
19129,2020-04,20,12.9095,85,3
19129,2020-05,32,26.2027,143,1
19129,2020-06,28,19.7040,116,3
19129,2020-07,55,38.5864,229,6
19129,2020-08,58,39.7511,245,6
19129,2020-09,68,56.6095,307,3
19129,2020-10,30,13.5639,116,7
19129,2020-11,54,38.6567,221,6
19129,2020-12,28,20.8876,122,3
19129,2021-01,30,21.3022,130,2
19129,2021-02,22,17.9239,96,1
19129,2021-03,37,23.6298,160,6
19129,2021-04,25,15.7462,105,3
19129,2021-05,45,28.0773,173,8
19129,2021-06,33,22.5946,117,3
19129,2021-07,58,42.8747,246,3
19129,2021-08,25,18.9165,97,1
19129,2021-09,23,15.1217,84,3
19129,2021-10,26,15.1936,89,4
19129,2021-11,27,12.7776,101,6
19129,2021-12,26,15.2689,99,4
19130,2012-01,234,176.8585,883,16
19130,2012-02,200,155.7019,753,14
19130,2012-03,204,159.1670,754,15
19130,2012-04,206,161.8455,764,13
19130,2012-05,228,168.5317,842,20
19130,2012-06,198,141.4797,699,19
19130,2012-07,245,175.0671,901,26
19130,2012-08,217,168.6185,837,16
19130,2012-09,170,119.6375,642,21
19130,2012-10,175,129.9235,670,17
19130,2012-11,183,133.9621,676,17
19130,2012-12,156,120.9073,571,10
19130,2013-01,213,150.4681,803,21
19130,2013-02,186,139.5715,704,17
19130,2013-03,206,163.6630,817,13
19130,2013-04,212,157.1019,793,19
19130,2013-05,183,128.3383,698,21
19130,2013-06,215,153.1823,818,23
19130,2013-07,274,197.8716,1040,34
19130,2013-08,279,209.5074,1084,24
19130,2013-09,277,203.2911,1080,24
19130,2013-10,294,213.6714,1121,31
19130,2013-11,296,206.3654,1098,38
19130,2013-12,237,167.5863,913,22
19130,2014-01,305,219.1309,1165,37
19130,2014-02,229,167.0744,889,23
19130,2014-03,312,238.2408,1252,23
19130,2014-04,268,179.8474,1014,35
19130,2014-05,255,169.7233,964,34
19130,2014-06,254,179.4512,949,22
19130,2014-07,341,217.9347,1266,48
19130,2014-08,314,222.7115,1171,34
19130,2014-09,241,169.5327,935,29
19130,2014-10,349,241.3680,1329,38
19130,2014-11,223,146.1011,823,30
19130,2014-12,225,154.6107,860,29
19130,2015-01,270,197.7337,1043,24
19130,2015-02,256,180.3075,985,28
19130,2015-03,319,229.1841,1254,29
19130,2015-04,352,264.4397,1397,29
19130,2015-05,326,218.9578,1266,41
19130,2015-06,313,227.1367,1247,33
19130,2015-07,338,238.1915,1324,39
19130,2015-08,361,247.5762,1387,44
19130,2015-09,237,145.8642,859,37
19130,2015-10,322,220.1235,1248,38
19130,2015-11,270,172.2334,1072,37
19130,2015-12,254,178.9110,1015,27
19130,2016-01,322,240.6040,1299,28
19130,2016-02,359,260.5333,1385,36
19130,2016-03,341,245.0098,1368,30
19130,2016-04,338,228.7937,1337,42
19130,2016-05,330,230.6341,1317,33
19130,2016-06,275,185.7936,1083,34
19130,2016-07,298,218.4497,1230,24
19130,2016-08,351,247.9164,1390,40
19130,2016-09,273,185.7308,1049,27
19130,2016-10,342,234.4498,1318,38
19130,2016-11,296,193.7312,1176,44
19130,2016-12,266,173.8765,1047,37
19130,2017-01,369,261.8490,1445,37
19130,2017-02,278,201.7627,1146,22
19130,2017-03,339,236.0567,1361,38
19130,2017-04,366,235.1947,1414,54
19130,2017-05,354,240.2022,1386,44
19130,2017-06,323,234.9026,1284,26
19130,2017-07,359,237.8387,1413,49
19130,2017-08,350,259.2905,1416,29
19130,2017-09,319,223.5247,1269,35
19130,2017-10,400,264.0082,1598,53
19130,2017-11,334,224.2774,1338,44
19130,2017-12,287,199.8575,1150,34
19130,2018-01,287,186.3108,1103,38
19130,2018-02,257,183.5300,1009,27
19130,2018-03,363,256.8569,1464,41
19130,2018-04,342,237.1794,1369,36
19130,2018-05,324,203.6975,1234,51
19130,2018-06,356,251.0659,1410,37
19130,2018-07,343,218.4972,1338,51
19130,2018-08,331,204.1164,1280,53
19130,2018-09,332,226.3458,1327,39
19130,2018-10,357,229.1067,1394,54
19130,2018-11,291,202.3426,1168,31
19130,2018-12,242,159.3121,936,35
19130,2019-01,323,229.8338,1295,35
19130,2019-02,302,188.9694,1124,46
19130,2019-03,298,212.0071,1207,31
19130,2019-04,309,202.4960,1204,40
19130,2019-05,310,219.9463,1253,32
19130,2019-06,329,205.3388,1245,48
19130,2019-07,323,226.3597,1295,37
19130,2019-08,369,264.7588,1527,35
19130,2019-09,293,187.2187,1122,44
19130,2019-10,336,217.3127,1323,49
19130,2019-11,292,194.8215,1173,40
19130,2019-12,271,169.2637,1085,44
19130,2020-01,316,206.9524,1223,41
19130,2020-02,241,151.2774,910,34
19130,2020-03,167,114.8048,668,18
19130,2020-04,74,54.1988,323,7
19130,2020-05,111,75.3015,461,13
19130,2020-06,107,70.8759,417,13
19130,2020-07,109,65.4384,444,18
19130,2020-08,155,105.6440,651,17
19130,2020-09,177,125.6080,747,13
19130,2020-10,167,117.0563,678,17
19130,2020-11,140,103.5525,589,12
19130,2020-12,126,85.7387,512,15
19130,2021-01,139,109.3962,590,8
19130,2021-02,106,68.2855,442,14
19130,2021-03,163,101.7424,647,27
19130,2021-04,152,113.7447,634,15
19130,2021-05,168,107.4011,682,25
19130,2021-06,189,123.7687,757,27
19130,2021-07,203,128.9045,803,31
19130,2021-08,225,144.6894,893,31
19130,2021-09,193,123.5769,739,28
19130,2021-10,193,124.8407,733,27
19130,2021-11,157,88.1705,581,26
19130,2021-12,170,105.5049,668,24
19131,2012-01,27,11.8754,79,6
19131,2012-02,28,15.7494,98,7
19131,2012-03,17,2.6568,35,8
19131,2012-04,31,13.2463,92,6
19131,2012-05,26,10.7756,83,6
19131,2012-06,26,5.0206,73,11
19131,2012-07,35,22.2110,114,5
19131,2012-08,23,8.7118,65,6
19131,2012-09,23,11.0880,73,4
19131,2012-10,20,8.9694,63,4
19131,2012-11,22,10.9271,66,5
19131,2012-12,17,8.4362,57,4
19131,2013-01,27,16.7947,80,4
19131,2013-02,21,5.5165,61,8
19131,2013-03,27,15.3537,90,5
19131,2013-04,37,17.0536,109,8
19131,2013-05,21,6.1429,63,7
19131,2013-06,41,17.8877,124,11
19131,2013-07,44,23.1742,152,11
19131,2013-08,37,20.0209,117,7
19131,2013-09,37,17.0757,110,10
19131,2013-10,28,11.6996,78,7
19131,2013-11,32,16.7683,97,4
19131,2013-12,19,11.6677,63,2
19131,2014-01,33,15.0215,95,9
19131,2014-02,36,16.2857,103,9
19131,2014-03,35,20.2696,102,6
19131,2014-04,43,8.7434,114,16
19131,2014-05,45,25.8529,135,8
19131,2014-06,54,32.0555,175,8
19131,2014-07,38,16.5117,126,10
19131,2014-08,54,22.4019,172,15
19131,2014-09,37,13.1976,102,10
19131,2014-10,40,16.3178,106,10
19131,2014-11,28,11.7460,87,8
19131,2014-12,29,5.2751,76,11
19131,2015-01,25,9.4673,68,8
19131,2015-02,43,14.9926,127,15
19131,2015-03,41,17.2356,105,9
19131,2015-04,55,19.3933,174,15
19131,2015-05,44,18.1832,136,10
19131,2015-06,41,14.6195,124,13
19131,2015-07,57,24.7938,186,13
19131,2015-08,49,17.3800,144,15
19131,2015-09,48,18.4584,133,14
19131,2015-10,50,18.5431,158,14
19131,2015-11,54,17.1648,148,19
19131,2015-12,69,39.7861,244,12
19131,2016-01,49,29.9930,157,7
19131,2016-02,67,28.7360,205,15
19131,2016-03,61,18.3952,195,20
19131,2016-04,63,16.1211,191,23
19131,2016-05,56,29.5459,203,12
19131,2016-06,73,21.1372,201,25
19131,2016-07,53,28.0724,182,9
19131,2016-08,76,12.1061,200,29
19131,2016-09,54,24.7870,170,13
19131,2016-10,53,18.8478,153,15
19131,2016-11,37,17.6085,123,8
19131,2016-12,44,21.6834,144,11
19131,2017-01,55,30.5837,182,9
19131,2017-02,45,14.6500,128,15
19131,2017-03,54,24.8801,176,13
19131,2017-04,49,19.3831,150,14
19131,2017-05,71,20.0224,203,22
19131,2017-06,62,22.2321,189,18
19131,2017-07,66,27.4397,222,19
19131,2017-08,56,19.0716,161,18
19131,2017-09,63,20.1048,186,21
19131,2017-10,53,23.9440,166,12
19131,2017-11,53,25.2985,174,11
19131,2017-12,55,27.8081,186,11
19131,2018-01,61,22.1684,182,17
19131,2018-02,70,24.8233,207,21
19131,2018-03,60,11.2512,163,25
19131,2018-04,69,36.5184,232,15
19131,2018-05,64,11.5832,167,24
19131,2018-06,66,22.3431,198,19
19131,2018-07,84,34.4880,259,23
19131,2018-08,78,33.7477,263,21
19131,2018-09,68,29.5275,208,15
19131,2018-10,90,34.1662,286,26
19131,2018-11,50,27.4461,178,9
19131,2018-12,50,21.6047,164,11
19131,2019-01,65,34.9198,227,13
19131,2019-02,54,23.0748,185,15
19131,2019-03,68,28.3130,210,21
19131,2019-04,52,19.8475,152,13
19131,2019-05,66,27.5479,225,17
19131,2019-06,68,33.7896,235,15
19131,2019-07,97,50.6724,339,20
19131,2019-08,85,41.2191,284,18
19131,2019-09,74,37.4268,233,15
19131,2019-10,73,29.3522,231,22
19131,2019-11,53,12.8527,166,20
19131,2019-12,63,15.3121,191,22
19131,2020-01,77,23.1462,233,24
19131,2020-02,69,32.4935,241,15
19131,2020-03,29,12.4546,94,8
19131,2020-04,27,3.3920,75,13
19131,2020-05,26,3.1323,63,9
19131,2020-06,38,17.0099,124,9
19131,2020-07,52,17.0070,145,16
19131,2020-08,47,11.8766,136,16
19131,2020-09,46,9.1394,133,18
19131,2020-10,43,17.1918,131,12
19131,2020-11,28,13.9867,91,7
19131,2020-12,33,16.2165,109,6
19131,2021-01,40,13.7933,123,12
19131,2021-02,34,10.5944,101,12
19131,2021-03,37,3.4583,103,16
19131,2021-04,47,10.7931,128,17
19131,2021-05,40,7.8345,108,17
19131,2021-06,40,12.8119,121,13
19131,2021-07,54,19.3205,171,16
19131,2021-08,46,13.1995,135,17
19131,2021-09,42,14.3298,146,13
19131,2021-10,43,12.0333,123,15
19131,2021-11,31,8.3316,94,10
19131,2021-12,25,9.3459,75,7
19132,2012-01,3,2.8485,13,0
19132,2012-02,2,1.5732,10,0
19132,2012-03,5,3.9994,20,0
19132,2012-04,4,3.7303,17,0
19132,2012-05,3,2.1611,14,0
19132,2012-07,6,4.0111,28,1
19132,2012-08,3,2.8035,14,0
19132,2012-09,2,1.8177,8,0
19132,2012-10,2,1.9450,9,0
19132,2012-11,3,1.5096,14,1
19132,2012-12,3,2.8395,14,0
19132,2013-01,3,2.5520,15,0
19132,2013-02,5,1.4127,18,2
19132,2013-03,3,2.2930,12,0
19132,2013-04,6,4.8438,28,0
19132,2013-05,2,1.6924,7,0
19132,2013-06,5,1.6436,16,2
19132,2013-07,3,2.4902,12,0
19132,2013-08,7,5.6586,29,0
19132,2013-09,6,5.1560,25,0
19132,2013-10,8,6.8031,36,0
19132,2013-11,4,2.4183,20,1
19132,2013-12,2,1.3081,9,0
19132,2014-01,4,3.4962,17,0
19132,2014-02,4,0.8763,12,2
19132,2014-03,5,0.9264,12,2
19132,2014-04,4,3.6754,15,0
19132,2014-05,6,5.4108,26,0
19132,2014-06,4,0.7403,14,2
19132,2014-07,10,0.1593,27,5
19132,2014-08,7,4.6053,25,1
19132,2014-09,4,1.8357,13,1
19132,2014-10,5,4.6390,21,0
19132,2014-11,7,6.2026,29,0
19132,2014-12,8,5.8693,35,1
19132,2015-01,4,2.0641,14,1
19132,2015-02,8,-0.8397,23,4
19132,2015-03,5,-1.0469,14,3
19132,2015-04,5,4.2911,19,0
19132,2015-05,5,3.5764,21,0
19132,2015-06,9,3.9413,28,2
19132,2015-07,10,4.1681,35,3
19132,2015-08,9,4.2818,33,2
19132,2015-09,4,1.7611,16,0
19132,2015-10,9,1.7725,26,3
19132,2015-11,8,1.7052,27,3
19132,2015-12,5,-0.5893,14,3
19132,2016-01,4,2.1500,15,1
19132,2016-02,12,3.8642,34,3
19132,2016-03,8,3.7156,33,2
19132,2016-04,9,3.3034,28,3
19132,2016-05,8,2.0340,27,3
19132,2016-06,10,7.3000,34,1
19132,2016-07,11,4.1095,36,3
19132,2016-08,12,3.9562,41,4
19132,2016-09,15,3.1923,42,5
19132,2016-10,8,3.3739,29,2
19132,2016-11,8,5.0209,29,1
19132,2016-12,13,7.0820,46,2
19132,2017-01,8,5.0681,34,1
19132,2017-02,8,3.9815,29,1
19132,2017-03,11,3.6786,34,3
19132,2017-04,13,5.4414,39,4
19132,2017-05,14,6.2880,53,4
19132,2017-06,9,2.7696,29,3
19132,2017-07,13,2.4587,41,5
19132,2017-08,26,18.2557,92,3
19132,2017-09,12,5.4826,39,3
19132,2017-10,12,2.5416,36,5
19132,2017-11,14,8.9761,56,0
19132,2017-12,11,3.9601,36,3
19132,2018-01,12,1.9738,30,4
19132,2018-02,17,2.3500,50,6
19132,2018-03,9,5.6328,21,1
19132,2018-04,4,0.0786,12,2
19132,2018-05,12,5.1287,43,3
19132,2018-06,16,4.6920,59,6
19132,2018-07,22,8.0004,72,6
19132,2018-08,28,7.2924,77,11
19132,2018-09,12,8.3322,44,1
19132,2018-10,16,5.2438,52,6
19132,2018-11,12,3.2194,40,4
19132,2018-12,10,5.4040,31,2
19132,2019-01,12,7.8917,54,2
19132,2019-02,19,1.2413,57,9
19132,2019-03,16,2.6849,44,6
19132,2019-04,17,5.5840,54,4
19132,2019-05,19,10.7773,68,3
19132,2019-06,26,16.5880,93,4
19132,2019-07,18,8.7742,58,4
19132,2019-08,14,11.6430,53,0
19132,2019-09,8,3.5749,32,2
19132,2019-10,17,5.9520,57,5
19132,2019-11,10,5.3931,33,1
19132,2019-12,11,4.8498,32,3
19132,2020-01,24,5.4109,62,9
19132,2020-02,9,3.5610,23,2
19132,2020-03,10,5.5693,38,2
19132,2020-04,9,0.1024,24,5
19132,2020-05,8,0.9434,23,4
19132,2020-06,16,6.7336,42,4
19132,2020-07,39,24.2522,161,5
19132,2020-08,11,-1.8940,25,7
19132,2020-09,7,1.2821,17,2
19132,2020-10,8,-0.3859,17,5
19132,2020-11,11,3.2452,27,4
19132,2020-12,3,0.5773,7,1
19132,2021-01,9,1.3576,28,4
19132,2021-02,9,4.6534,29,2
19132,2021-03,12,6.6600,45,2
19132,2021-04,14,1.6177,39,8
19132,2021-05,14,7.8653,54,3
19132,2021-06,19,13.1738,78,2
19132,2021-07,6,1.4813,18,2
19132,2021-08,10,2.2810,31,4
19132,2021-09,12,3.0941,37,4
19132,2021-10,17,7.2373,66,5
19132,2021-11,12,6.0875,40,3
19132,2021-12,7,2.5082,24,3
19133,2012-01,1,0.9894,4,0
19133,2012-02,3,0.9661,10,1
19133,2012-04,1,0.9874,5,0
19133,2012-05,1,0.9672,5,0
19133,2012-06,1,0.9974,5,0
19133,2012-08,2,1.9469,8,0
19133,2012-10,1,0.9956,5,0
19133,2012-11,1,-0.9526,1,1
19133,2012-12,1,0.6579,4,0
19133,2013-01,3,2.4335,15,0
19133,2013-02,3,1.0384,12,1
19133,2013-04,3,2.9493,13,0
19133,2013-05,5,4.4974,25,0
19133,2013-06,4,3.2686,14,0
19133,2013-07,5,4.0095,19,0
19133,2013-08,3,0.4473,6,1
19133,2013-09,2,1.9013,10,0
19133,2013-10,3,1.6899,11,1
19133,2013-11,4,3.4218,18,0
19133,2013-12,4,1.4454,17,1
19133,2014-01,6,5.3286,23,0
19133,2014-02,2,-1.8011,4,2
19133,2014-03,3,2.7530,12,0
19133,2014-04,2,1.7389,10,0
19133,2014-05,6,4.8696,18,0
19133,2014-06,5,4.6782,23,0
19133,2014-07,7,1.8581,23,2
19133,2014-08,4,2.3186,13,1
19133,2014-10,3,1.7867,14,0
19133,2014-11,7,3.3033,21,2
19133,2014-12,1,0.7249,5,0
19133,2015-01,5,1.7188,12,1
19133,2015-02,2,0.0607,5,1
19133,2015-03,5,3.9307,21,0
19133,2015-04,2,1.4990,10,0
19133,2015-05,6,3.8341,23,1
19133,2015-06,9,4.1555,28,2
19133,2015-07,2,0.5469,6,1
19133,2015-08,4,0.2784,12,2
19133,2015-09,3,-0.2837,9,2
19133,2015-10,4,0.9539,12,1
19133,2015-11,7,4.7296,28,0
19133,2015-12,3,1.1693,12,1
19133,2016-01,6,3.2858,23,1
19133,2016-02,4,3.5688,16,0
19133,2016-03,4,2.5948,7,1
19133,2016-04,6,-1.0843,13,3
19133,2016-05,9,2.9286,25,3
19133,2016-06,7,5.8138,30,0
19133,2016-07,8,6.0747,31,0
19133,2016-08,5,2.8825,21,1
19133,2016-09,14,7.0555,51,3
19133,2016-10,6,1.8620,21,2
19133,2016-11,5,3.1273,15,0
19133,2016-12,5,4.7849,21,0
19133,2017-01,7,4.2888,29,1
19133,2017-02,4,1.3599,18,1
19133,2017-03,8,5.7426,36,1
19133,2017-04,3,1.1835,8,1
19133,2017-05,10,6.9864,41,1
19133,2017-06,9,3.6117,24,2
19133,2017-07,3,2.8213,14,0
19133,2017-08,3,0.4074,3,1
19133,2017-09,2,1.5200,10,0
19133,2017-10,9,5.5753,34,2
19133,2017-11,3,-0.9215,7,2
19133,2017-12,3,1.8368,11,1
19133,2018-01,6,2.8725,21,2
19133,2018-02,7,3.1790,23,1
19133,2018-03,2,1.8381,10,0
19133,2018-04,10,4.8825,39,2
19133,2018-05,6,2.2915,23,2
19133,2018-06,5,4.6500,24,0
19133,2018-07,10,1.9302,29,4
19133,2018-08,6,2.9744,18,1
19133,2018-09,10,-0.3446,22,5
19133,2018-10,5,2.6973,17,1
19133,2018-11,16,6.9792,51,4
19133,2018-12,9,8.2568,45,0
19133,2019-01,9,-0.3105,26,5
19133,2019-02,6,3.9738,21,1
19133,2019-03,11,3.6319,31,4
19133,2019-04,10,3.4831,33,3
19133,2019-05,10,2.8821,27,3
19133,2019-06,5,3.8993,20,0
19133,2019-07,6,4.6148,22,0
19133,2019-08,11,6.4285,42,2
19133,2019-09,8,2.8693,28,3
19133,2019-10,5,0.3946,13,2
19133,2019-11,6,4.0070,26,1
19133,2019-12,6,0.6900,14,3
19133,2020-01,5,1.3365,18,2
19133,2020-02,7,2.6129,27,1
19133,2020-03,4,1.7123,15,1
19133,2020-04,3,-0.6540,7,2
19133,2020-05,7,3.9207,31,1
19133,2020-06,3,-0.6790,7,2
19133,2020-07,8,4.1781,32,2
19133,2020-08,5,-0.8089,11,3
19133,2020-09,4,3.2894,16,0
19133,2020-10,7,1.9200,23,3
19133,2020-11,5,2.9621,21,1
19133,2020-12,7,5.1724,30,1
19133,2021-01,4,1.2236,16,1
19133,2021-02,7,3.7842,22,1
19133,2021-03,8,3.6116,26,2
19133,2021-04,9,0.4045,21,5
19133,2021-05,6,3.9667,18,1
19133,2021-06,9,2.8589,33,3
19133,2021-07,6,3.0995,19,1
19133,2021-08,6,-0.8717,15,4
19133,2021-09,3,2.5591,13,0
19133,2021-10,8,6.5464,32,0
19133,2021-11,3,1.8706,10,0
19133,2021-12,5,1.6681,15,2
19134,2012-01,27,18.9146,111,3
19134,2012-02,13,7.1906,49,3
19134,2012-03,39,16.3744,142,9
19134,2012-04,30,21.1213,112,2
19134,2012-05,19,12.7938,71,2
19134,2012-06,23,19.2775,97,1
19134,2012-07,18,10.6471,69,3
19134,2012-08,19,11.2828,71,2
19134,2012-09,23,11.0627,86,6
19134,2012-10,14,6.8124,54,4
19134,2012-11,17,12.5763,66,1
19134,2012-12,24,17.2275,92,3
19134,2013-01,27,15.0898,101,6
19134,2013-02,19,7.7819,55,6
19134,2013-03,35,21.7561,145,5
19134,2013-04,22,12.7116,83,4
19134,2013-05,22,13.8316,71,3
19134,2013-06,33,20.0449,133,4
19134,2013-07,29,14.7993,108,7
19134,2013-08,29,22.8066,121,1
19134,2013-09,22,10.9159,76,5
19134,2013-10,30,15.7684,104,6
19134,2013-11,31,19.7869,121,4
19134,2013-12,29,16.7517,106,5
19134,2014-01,35,13.5911,116,11
19134,2014-02,38,22.8038,140,6
19134,2014-03,45,19.9133,156,9
19134,2014-04,34,22.7170,138,3
19134,2014-05,31,12.4609,98,7
19134,2014-06,29,16.4263,106,6
19134,2014-07,31,24.9062,132,2
19134,2014-08,40,27.5169,154,5
19134,2014-09,33,19.0193,116,6
19134,2014-10,35,16.7028,131,10
19134,2014-11,32,14.6950,122,7
19134,2014-12,35,16.4368,122,7
19134,2015-01,38,18.9148,139,9
19134,2015-02,27,17.9642,109,3
19134,2015-03,53,32.0797,199,8
19134,2015-04,31,17.6429,122,3
19134,2015-05,36,24.8614,132,5
19134,2015-06,43,20.4792,145,10
19134,2015-07,49,38.1375,205,4
19134,2015-08,45,22.5270,149,9
19134,2015-09,47,29.7193,172,6
19134,2015-10,38,17.1481,132,9
19134,2015-11,54,21.1137,187,15
19134,2015-12,48,25.2004,184,10
19134,2016-01,60,35.8274,249,11
19134,2016-02,63,41.8414,255,9
19134,2016-03,48,26.0149,197,9
19134,2016-04,44,21.0820,156,12
19134,2016-05,59,36.1111,234,7
19134,2016-06,68,35.1889,262,15
19134,2016-07,57,37.2709,210,8
19134,2016-08,76,40.8263,285,15
19134,2016-09,51,22.4274,187,13
19134,2016-10,72,43.0174,273,11
19134,2016-11,49,29.5394,205,6
19134,2016-12,48,31.3653,189,7
19134,2017-01,64,39.8731,241,10
19134,2017-02,54,37.6901,211,6
19134,2017-03,74,38.4815,278,16
19134,2017-04,50,25.7217,192,13
19134,2017-05,61,26.7060,214,15
19134,2017-06,75,44.1350,272,13
19134,2017-07,60,32.6051,224,12
19134,2017-08,58,23.8015,197,16
19134,2017-09,55,38.4822,237,7
19134,2017-10,50,31.9368,196,8
19134,2017-11,43,25.6558,167,8
19134,2017-12,56,38.6987,225,5
19134,2018-01,63,28.4353,206,16
19134,2018-02,43,15.4879,162,12
19134,2018-03,74,38.6570,284,16
19134,2018-04,65,39.3498,248,11
19134,2018-05,58,40.7573,232,5
19134,2018-06,71,33.8951,244,16
19134,2018-07,68,42.8146,257,10
19134,2018-08,84,53.6000,338,12
19134,2018-09,66,35.9317,249,13
19134,2018-10,56,38.8926,229,6
19134,2018-11,46,27.2900,183,7
19134,2018-12,71,50.2710,293,8
19134,2019-01,73,49.4224,297,10
19134,2019-02,54,34.6390,217,7
19134,2019-03,60,36.6124,240,10
19134,2019-04,78,52.4032,306,9
19134,2019-05,67,43.7158,262,11
19134,2019-06,81,49.6899,323,12
19134,2019-07,54,27.8442,204,11
19134,2019-08,64,39.2115,255,10
19134,2019-09,53,30.2136,198,10
19134,2019-10,57,43.8277,269,4
19134,2019-11,46,32.1766,183,4
19134,2019-12,38,20.7277,156,6
19134,2020-01,50,30.9885,175,8
19134,2020-02,44,23.0921,165,9
19134,2020-03,42,26.4778,180,7
19134,2020-04,33,20.3373,130,5
19134,2020-05,43,20.1541,157,10
19134,2020-06,41,24.8337,160,6
19134,2020-07,40,16.0992,133,10
19134,2020-08,43,30.2231,185,5
19134,2020-09,45,23.8999,167,10
19134,2020-10,36,27.8311,155,1
19134,2020-11,44,25.1888,164,8
19134,2020-12,48,29.6992,186,6
19134,2021-01,48,19.7055,180,13
19134,2021-02,31,16.5109,111,5
19134,2021-03,54,28.2622,190,10
19134,2021-04,45,22.9723,158,9
19134,2021-05,40,17.4737,139,9
19134,2021-06,29,19.1518,124,3
19134,2021-07,29,11.7777,98,8
19134,2021-08,37,15.6215,124,10
19134,2021-09,26,15.5147,102,4
19134,2021-10,51,32.7871,200,7
19134,2021-11,36,24.3728,145,4
19134,2021-12,42,29.0120,175,6
19135,2012-01,13,4.0400,41,4
19135,2012-02,22,10.1644,79,4
19135,2012-03,21,6.9764,63,6
19135,2012-04,10,2.2271,29,3
19135,2012-05,10,6.6451,37,1
19135,2012-06,18,9.2367,66,4
19135,2012-07,20,4.8685,49,7
19135,2012-08,11,3.1138,35,3
19135,2012-09,19,8.3533,62,4
19135,2012-10,29,8.2158,86,10
19135,2012-11,15,8.8178,53,2
19135,2012-12,10,7.7575,34,1
19135,2013-01,37,20.9282,139,5
19135,2013-02,23,14.8015,79,3
19135,2013-03,19,10.7959,72,4
19135,2013-04,16,2.5122,56,6
19135,2013-05,20,8.7921,62,6
19135,2013-06,15,4.8835,45,4
19135,2013-07,16,6.3887,52,5
19135,2013-08,25,12.0403,88,6
19135,2013-09,18,4.8472,57,7
19135,2013-10,17,10.3695,54,2
19135,2013-11,16,7.7122,59,4
19135,2013-12,26,11.7031,91,5
19135,2014-01,32,14.5466,113,6
19135,2014-02,27,13.5468,97,6
19135,2014-03,24,17.9350,93,2
19135,2014-04,27,20.9308,110,2
19135,2014-05,24,15.2604,89,3
19135,2014-06,31,16.0698,103,6
19135,2014-07,45,33.4510,158,4
19135,2014-08,39,21.4855,142,7
19135,2014-09,25,12.4893,88,4
19135,2014-10,42,21.4927,149,8
19135,2014-11,37,17.0015,116,8
19135,2014-12,30,10.9329,95,8
19135,2015-01,29,14.1175,115,4
19135,2015-02,22,5.5801,63,8
19135,2015-03,31,9.1017,91,11
19135,2015-04,45,29.5908,163,4
19135,2015-05,43,27.6415,172,5
19135,2015-06,46,20.5864,157,12
19135,2015-07,49,22.2630,170,10
19135,2015-08,46,13.1412,143,16
19135,2015-09,37,17.8984,115,7
19135,2015-10,34,13.5210,105,10
19135,2015-11,43,12.3895,133,14
19135,2015-12,51,18.8977,164,15
19135,2016-01,44,15.3734,144,12
19135,2016-02,41,19.8209,146,8
19135,2016-03,58,32.9022,199,10
19135,2016-04,40,16.2034,141,10
19135,2016-05,66,42.3169,251,9
19135,2016-06,39,17.5841,141,10
19135,2016-07,50,16.1524,178,17
19135,2016-08,47,20.9995,164,10
19135,2016-09,29,13.6695,91,8
19135,2016-10,31,19.0444,124,5
19135,2016-11,28,12.6236,106,7
19135,2016-12,31,12.4498,106,9
19135,2017-01,44,17.6126,149,11
19135,2017-02,26,14.1589,95,4
19135,2017-03,34,15.0629,118,8
19135,2017-04,46,23.8731,162,9
19135,2017-05,31,15.4876,115,7
19135,2017-06,47,32.4836,178,6
19135,2017-07,39,19.0552,125,9
19135,2017-08,50,28.8543,186,7
19135,2017-09,52,26.2879,192,11
19135,2017-10,45,25.4937,158,7
19135,2017-11,44,16.5437,156,13
19135,2017-12,37,22.1426,150,7
19135,2018-01,46,26.6957,168,8
19135,2018-02,36,13.3864,110,11
19135,2018-03,58,24.9173,196,14
19135,2018-04,52,23.0948,181,13
19135,2018-05,55,37.0698,206,6
19135,2018-06,54,18.3344,181,17
19135,2018-07,47,23.0280,171,11
19135,2018-08,44,20.7886,150,9
19135,2018-09,40,13.4153,120,14
19135,2018-10,32,15.9032,109,7
19135,2018-11,42,18.6589,159,10
19135,2018-12,45,12.8776,132,16
19135,2019-01,40,19.4556,140,8
19135,2019-02,35,17.5761,125,9
19135,2019-03,37,20.1347,130,6
19135,2019-04,54,22.9140,194,13
19135,2019-05,60,24.0357,201,17
19135,2019-06,50,26.1330,176,10
19135,2019-07,53,22.9985,174,12
19135,2019-08,53,32.6655,213,7
19135,2019-09,46,21.4565,169,11
19135,2019-10,49,27.4386,185,8
19135,2019-11,39,20.2644,141,7
19135,2019-12,34,11.3108,107,10
19135,2020-01,30,17.3105,127,6
19135,2020-02,49,27.9251,187,8
19135,2020-03,20,-0.1494,59,10
19135,2020-04,16,4.9980,45,6
19135,2020-05,26,12.3965,94,5
19135,2020-06,36,16.4545,122,8
19135,2020-07,34,16.5079,132,8
19135,2020-08,34,8.0235,105,14
19135,2020-09,27,13.9691,110,5
19135,2020-10,35,23.2008,145,3
19135,2020-11,28,18.0653,115,2
19135,2020-12,23,5.3567,82,9
19135,2021-01,31,24.4826,137,2
19135,2021-02,23,12.3502,94,4
19135,2021-03,37,24.5212,146,5
19135,2021-04,42,20.4012,151,10
19135,2021-05,32,8.7402,96,11
19135,2021-06,28,16.6161,97,3
19135,2021-07,30,13.7029,107,7
19135,2021-08,38,16.4642,131,9
19135,2021-09,25,8.3816,84,8
19135,2021-10,30,10.6233,109,7
19135,2021-11,22,8.8611,75,6
19135,2021-12,17,6.4343,60,5
19136,2012-01,16,7.7803,51,4
19136,2012-02,20,12.6080,71,3
19136,2012-03,20,13.9399,65,2
19136,2012-04,11,1.8377,35,4
19136,2012-05,17,8.7422,69,3
19136,2012-06,19,14.7432,77,1
19136,2012-07,16,8.6887,59,3
19136,2012-08,19,11.0179,78,4
19136,2012-09,14,6.0410,50,4
19136,2012-10,22,9.1966,80,5
19136,2012-11,24,6.8725,77,8
19136,2012-12,27,19.5112,92,2
19136,2013-01,17,9.5491,58,3
19136,2013-02,23,10.0377,70,6
19136,2013-03,19,6.8773,51,6
19136,2013-04,25,11.0401,75,6
19136,2013-05,29,20.6756,115,2
19136,2013-06,15,3.7318,51,7
19136,2013-07,27,9.3920,85,9
19136,2013-08,19,10.2860,67,3
19136,2013-09,12,4.8669,39,4
19136,2013-10,29,19.1143,102,3
19136,2013-11,34,19.1945,126,6
19136,2013-12,30,17.4438,105,6
19136,2014-01,23,14.0834,81,2
19136,2014-02,23,13.9905,85,2
19136,2014-03,43,31.0970,159,4
19136,2014-04,24,14.8652,89,3
19136,2014-05,32,17.7645,116,6
19136,2014-06,40,13.2386,135,13
19136,2014-07,48,28.5255,178,8
19136,2014-08,44,25.7233,160,8
19136,2014-09,34,15.6791,110,8
19136,2014-10,29,15.5617,95,6
19136,2014-11,38,19.2059,129,9
19136,2014-12,39,19.0972,125,9
19136,2015-01,41,19.0811,130,9
19136,2015-02,20,12.0303,81,3
19136,2015-03,45,26.5122,158,7
19136,2015-04,54,30.6693,194,9
19136,2015-05,38,22.3783,139,7
19136,2015-06,57,23.4666,197,14
19136,2015-07,39,20.8318,136,7
19136,2015-08,48,20.0394,162,13
19136,2015-09,36,16.8488,127,8
19136,2015-10,38,8.1623,127,14
19136,2015-11,30,15.3424,117,6
19136,2015-12,35,16.6907,121,8
19136,2016-01,41,18.0741,139,9
19136,2016-02,43,26.2851,156,7
19136,2016-03,64,32.6357,224,14
19136,2016-04,45,30.9028,169,6
19136,2016-05,57,33.7678,213,8
19136,2016-06,33,10.8817,106,10
19136,2016-07,52,26.6462,190,12
19136,2016-08,43,27.2624,159,5
19136,2016-09,36,19.0506,131,6
19136,2016-10,30,20.4993,111,4
19136,2016-11,28,9.3099,94,9
19136,2016-12,46,22.2800,161,10
19136,2017-01,57,34.8191,216,8
19136,2017-02,33,23.4560,136,4
19136,2017-03,39,27.6218,149,4
19136,2017-04,41,22.8858,134,9
19136,2017-05,38,23.1497,141,7
19136,2017-06,45,27.1384,172,7
19136,2017-07,42,14.1034,143,13
19136,2017-08,48,23.4381,166,10
19136,2017-09,49,17.4891,155,14
19136,2017-10,40,24.7480,149,6
19136,2017-11,28,14.2551,94,6
19136,2017-12,33,8.1987,99,11
19136,2018-01,44,23.9069,148,7
19136,2018-02,31,16.4120,113,6
19136,2018-03,53,29.5745,201,10
19136,2018-04,30,20.8562,110,5
19136,2018-05,47,31.1842,201,5
19136,2018-06,40,13.2825,133,11
19136,2018-07,60,39.0966,243,7
19136,2018-08,34,18.4115,132,6
19136,2018-09,43,21.3886,152,8
19136,2018-10,35,16.6201,111,8
19136,2018-11,42,17.4064,150,11
19136,2018-12,49,21.1537,180,12
19136,2019-01,42,21.7141,149,7
19136,2019-02,31,15.8841,115,8
19136,2019-03,40,23.3984,167,8
19136,2019-04,31,19.5237,115,4
19136,2019-05,53,22.1422,181,13
19136,2019-06,51,31.3493,185,6
19136,2019-07,27,16.7060,104,5
19136,2019-08,40,11.6901,132,14
19136,2019-09,31,16.0360,112,6
19136,2019-10,42,25.0264,158,6
19136,2019-11,42,17.0849,132,11
19136,2019-12,42,26.8661,158,6
19136,2020-01,41,22.7792,149,6
19136,2020-02,36,22.2095,137,6
19136,2020-03,23,8.2490,74,7
19136,2020-04,19,9.0370,61,4
19136,2020-05,32,13.4096,116,9
19136,2020-06,31,14.2317,110,7
19136,2020-07,38,14.2943,125,12
19136,2020-08,47,25.7800,177,8
19136,2020-09,48,17.3865,147,13
19136,2020-10,33,18.2706,121,5
19136,2020-11,24,14.4422,90,5
19136,2020-12,19,6.7884,58,6
19136,2021-01,30,9.6349,89,8
19136,2021-02,32,18.1010,114,3
19136,2021-03,35,17.0591,131,7
19136,2021-04,33,13.2329,111,10
19136,2021-05,26,11.7780,95,7
19136,2021-06,37,15.0673,135,11
19136,2021-07,31,17.1640,115,5
19136,2021-08,35,10.1974,121,13
19136,2021-09,22,7.0550,65,7
19136,2021-10,30,12.3333,88,9
19136,2021-11,21,6.7109,70,7
19136,2021-12,28,15.8213,114,5
19137,2012-01,7,2.8699,14,2
19137,2012-02,1,0.8481,4,0
19137,2012-03,1,-0.9844,1,1
19137,2012-04,1,0.8482,3,0
19137,2012-05,2,1.6069,10,0
19137,2012-06,6,3.4373,23,2
19137,2012-07,2,1.0352,2,0
19137,2012-08,11,1.2460,31,5
19137,2012-09,2,0.7438,2,0
19137,2012-10,7,0.8607,15,3
19137,2012-11,1,-0.9657,1,1
19137,2012-12,4,3.2601,15,0
19137,2013-01,3,2.3508,9,0
19137,2013-02,4,3.2093,14,0
19137,2013-03,1,0.9930,5,0
19137,2013-04,5,1.0587,15,2
19137,2013-05,6,0.0566,15,3
19137,2013-06,6,3.1074,21,1
19137,2013-07,7,4.5132,22,1
19137,2013-08,11,1.7770,23,4
19137,2013-09,8,2.8873,25,2
19137,2013-10,2,1.8192,9,0
19137,2013-11,6,1.6111,18,2
19137,2013-12,3,-1.7881,7,2
19137,2014-01,10,1.0159,24,5
19137,2014-02,5,-1.0376,10,3
19137,2014-03,4,0.6798,9,2
19137,2014-04,9,4.7688,31,1
19137,2014-05,11,0.2979,28,4
19137,2014-06,5,1.9005,16,2
19137,2014-07,4,1.3091,13,1
19137,2014-08,7,-2.0691,15,4
19137,2014-09,8,3.4929,25,2
19137,2014-10,9,4.9400,29,2
19137,2014-11,6,1.4431,14,2
19137,2014-12,7,4.1540,20,1
19137,2015-01,5,2.5319,18,1
19137,2015-02,6,3.9435,22,1
19137,2015-03,9,5.4313,34,1
19137,2015-04,5,-1.2856,15,3
19137,2015-05,6,-0.5837,16,4
19137,2015-06,18,12.2536,66,3
19137,2015-07,22,11.1072,81,5
19137,2015-08,10,1.6124,31,5
19137,2015-09,14,6.9454,57,3
19137,2015-10,8,1.0025,19,4
19137,2015-11,6,0.6093,13,3
19137,2015-12,10,3.4746,30,2
19137,2016-01,10,5.3421,35,2
19137,2016-02,9,4.0356,33,2
19137,2016-03,11,9.6441,48,0
19137,2016-04,7,2.9053,24,2
19137,2016-05,12,4.2430,42,3
19137,2016-06,12,6.2896,39,2
19137,2016-07,16,1.2180,41,7
19137,2016-08,10,2.5241,26,2
19137,2016-09,9,3.8734,18,2
19137,2016-10,7,3.7555,21,1
19137,2016-11,9,-1.4527,29,6
19137,2016-12,8,2.9517,23,2
19137,2017-01,13,3.5904,45,5
19137,2017-02,13,2.9580,32,4
19137,2017-03,8,2.3660,24,3
19137,2017-04,9,0.8786,28,3
19137,2017-05,6,-1.2288,11,4
19137,2017-06,10,2.6333,30,3
19137,2017-07,15,1.6418,41,6
19137,2017-08,9,3.5509,32,3
19137,2017-09,10,6.8606,43,1
19137,2017-10,6,1.2553,20,2
19137,2017-11,10,1.5348,30,4
19137,2017-12,9,1.9700,24,3
19137,2018-01,19,6.7698,51,5
19137,2018-02,8,2.4418,23,3
19137,2018-03,8,3.2474,32,2
19137,2018-04,18,5.6499,64,6
19137,2018-05,14,8.5655,47,2
19137,2018-06,14,3.7863,49,5
19137,2018-07,21,9.9184,66,5
19137,2018-08,14,5.6231,41,4
19137,2018-09,18,2.2975,46,7
19137,2018-10,11,-1.5270,26,7
19137,2018-11,11,-0.1021,29,6
19137,2018-12,13,5.9532,36,3
19137,2019-01,5,1.0422,12,2
19137,2019-02,19,8.2420,34,4
19137,2019-03,9,2.5107,27,3
19137,2019-04,12,4.4313,39,3
19137,2019-05,11,7.9355,42,1
19137,2019-06,12,5.8510,35,2
19137,2019-07,9,0.6975,19,4
19137,2019-08,11,0.4392,36,6
19137,2019-09,7,1.8851,18,2
19137,2019-10,10,3.0458,27,4
19137,2019-11,10,2.6237,25,4
19137,2019-12,6,0.5914,17,3
19137,2020-01,10,3.7623,33,3
19137,2020-02,11,3.9120,33,3
19137,2020-03,14,0.8139,43,7
19137,2020-04,9,4.3887,27,2
19137,2020-05,9,2.9970,28,3
19137,2020-06,6,1.6968,13,2
19137,2020-07,13,8.6637,52,1
19137,2020-08,9,6.5019,41,1
19137,2020-09,12,5.6809,43,2
19137,2020-10,9,3.6177,26,2
19137,2020-11,12,4.9041,40,3
19137,2020-12,5,0.0912,9,3
19137,2021-01,9,4.5383,34,2
19137,2021-02,12,4.6834,33,3
19137,2021-03,17,6.3672,56,4
19137,2021-04,11,4.8377,44,3
19137,2021-05,8,1.6941,21,4
19137,2021-06,13,7.0823,54,3
19137,2021-07,5,2.4136,20,1
19137,2021-08,10,2.8525,31,4
19137,2021-09,10,5.3360,40,2
19137,2021-10,6,-0.0359,17,3
19137,2021-11,4,0.7817,9,1
19137,2021-12,10,-0.3367,26,6
19138,2012-01,5,4.3285,23,0
19138,2012-02,5,4.6772,18,0
19138,2012-03,7,6.4324,24,0
19138,2012-04,4,3.0926,17,0
19138,2012-05,5,4.6372,22,0
19138,2012-06,6,5.6244,27,0
19138,2012-07,7,4.3712,28,1
19138,2012-08,5,4.4033,23,0
19138,2012-09,6,3.5944,22,0
19138,2012-10,8,6.1037,33,1
19138,2012-11,2,1.9682,9,0
19138,2012-12,8,6.7740,35,0
19138,2013-01,5,3.8844,16,0
19138,2013-02,7,2.7265,27,2
19138,2013-03,9,7.8874,39,0
19138,2013-04,9,5.8989,35,1
19138,2013-05,10,5.3507,32,2
19138,2013-06,6,4.6059,21,0
19138,2013-07,9,3.5973,21,3
19138,2013-08,7,4.4553,26,1
19138,2013-09,12,7.8611,49,2
19138,2013-10,8,1.7773,23,3
19138,2013-11,6,3.4214,24,1
19138,2013-12,7,6.3140,28,0
19138,2014-01,11,6.7566,42,2
19138,2014-02,5,2.6844,12,1
19138,2014-03,16,12.9212,66,1
19138,2014-04,10,4.6902,36,2
19138,2014-05,7,6.3952,26,0
19138,2014-06,10,6.8666,40,1
19138,2014-07,14,11.2778,51,1
19138,2014-08,9,3.9290,25,2
19138,2014-09,11,7.6145,41,1
19138,2014-10,16,4.0108,54,5
19138,2014-11,9,7.2690,36,0
19138,2014-12,12,7.1672,47,2
19138,2015-01,12,9.2234,47,0
19138,2015-02,15,11.4829,51,0
19138,2015-03,20,12.2301,76,2
19138,2015-04,10,4.2071,32,3
19138,2015-05,15,9.7075,54,2
19138,2015-06,18,9.9499,70,4
19138,2015-07,20,10.3978,77,4
19138,2015-08,21,8.9319,80,5
19138,2015-09,20,9.6513,76,5
19138,2015-10,22,13.0928,73,3
19138,2015-11,26,15.2883,101,4
19138,2015-12,21,9.9258,71,5
19138,2016-01,17,6.5283,55,6
19138,2016-02,25,18.7965,101,1
19138,2016-03,18,10.8826,61,2
19138,2016-04,15,6.1182,46,3
19138,2016-05,22,2.8035,50,8
19138,2016-06,19,13.7177,68,1
19138,2016-07,22,7.1847,58,6
19138,2016-08,22,15.5857,75,2
19138,2016-09,13,5.1431,42,3
19138,2016-10,25,8.0258,71,7
19138,2016-11,13,8.1015,44,2
19138,2016-12,12,9.7566,46,0
19138,2017-01,16,7.7258,50,4
19138,2017-02,17,6.1467,61,5
19138,2017-03,26,13.8003,92,5
19138,2017-04,16,5.7729,42,5
19138,2017-05,17,10.3334,63,3
19138,2017-06,11,8.0645,44,0
19138,2017-07,14,4.5694,43,4
19138,2017-08,14,6.2797,43,3
19138,2017-09,13,4.3500,37,4
19138,2017-10,23,11.8568,80,5
19138,2017-11,18,8.2525,63,5
19138,2017-12,12,6.4141,43,3
19138,2018-01,14,3.4778,43,6
19138,2018-02,14,8.8184,47,2
19138,2018-03,20,9.3455,75,4
19138,2018-04,12,3.5446,42,4
19138,2018-05,14,6.1849,39,3
19138,2018-06,20,5.2092,57,7
19138,2018-07,27,19.7596,96,4
19138,2018-08,29,12.2248,102,8
19138,2018-09,18,9.5211,60,4
19138,2018-10,23,12.6686,87,4
19138,2018-11,18,6.3263,55,6
19138,2018-12,12,6.8052,42,2
19138,2019-01,11,4.4030,27,3
19138,2019-02,9,0.6533,25,4
19138,2019-03,16,4.4986,43,6
19138,2019-04,14,7.5317,49,3
19138,2019-05,15,4.0733,48,6
19138,2019-06,11,2.1869,29,5
19138,2019-07,9,5.3131,25,1
19138,2019-08,9,4.2685,27,2
19138,2019-09,18,6.5813,45,5
19138,2019-10,8,3.3373,26,2
19138,2019-11,13,3.9210,42,4
19138,2019-12,10,4.7303,27,2
19138,2020-01,9,3.6312,29,2
19138,2020-02,8,5.9120,30,1
19138,2020-03,8,3.1785,23,2
19138,2020-04,6,1.9806,17,2
19138,2020-05,14,3.5632,41,5
19138,2020-06,13,7.6601,41,3
19138,2020-07,12,4.8645,40,3
19138,2020-08,32,7.8123,81,11
19138,2020-09,19,10.2103,66,3
19138,2020-10,14,3.0870,46,5
19138,2020-11,6,1.5278,15,2
19138,2020-12,9,2.5127,33,3
19138,2021-01,6,1.5745,18,2
19138,2021-02,2,1.0701,5,0
19138,2021-03,10,-0.5470,26,5
19138,2021-04,13,3.5787,41,5
19138,2021-05,8,-1.8620,13,6
19138,2021-06,5,0.7686,13,2
19138,2021-07,4,3.3809,19,0
19138,2021-08,10,-2.6092,20,7
19138,2021-09,10,0.8366,26,4
19138,2021-10,9,4.4148,32,2
19138,2021-11,4,1.1912,7,1
19138,2021-12,4,1.8791,8,1
19139,2012-01,13,5.4179,45,3
19139,2012-02,14,9.6838,53,0
19139,2012-03,12,8.0733,43,2
19139,2012-04,12,9.0985,51,1
19139,2012-05,19,9.6409,75,4
19139,2012-06,10,4.6099,44,3
19139,2012-07,13,8.1216,45,2
19139,2012-08,19,8.2444,67,5
19139,2012-09,12,8.3658,44,1
19139,2012-10,10,8.7149,44,0
19139,2012-11,10,5.9949,40,2
19139,2012-12,12,10.0516,44,0
19139,2013-01,16,11.5603,72,1
19139,2013-02,8,2.0361,21,3
19139,2013-03,11,2.2735,28,4
19139,2013-04,14,9.6332,54,1
19139,2013-05,11,10.0221,47,0
19139,2013-06,18,13.7950,70,0
19139,2013-07,36,26.0641,140,4
19139,2013-08,19,11.3053,79,3
19139,2013-09,18,11.3483,72,2
19139,2013-10,5,3.4139,20,0
19139,2013-11,11,7.5728,40,1
19139,2013-12,16,6.8783,44,4
19139,2014-01,18,14.4539,75,1
19139,2014-02,16,5.7362,58,5
19139,2014-03,20,13.9757,76,1
19139,2014-04,20,13.4739,74,2
19139,2014-05,22,12.6557,85,5
19139,2014-06,20,15.6854,87,1
19139,2014-07,21,10.6114,74,5
19139,2014-08,26,17.5375,92,3
19139,2014-09,23,16.1416,89,2
19139,2014-10,30,16.6396,109,5
19139,2014-11,21,12.2700,83,3
19139,2014-12,23,15.3526,86,2
19139,2015-01,26,13.9300,100,5
19139,2015-02,20,11.7361,71,3
19139,2015-03,20,15.8719,83,1
19139,2015-04,22,11.7336,87,5
19139,2015-05,22,12.3218,85,4
19139,2015-06,20,8.5176,67,5
19139,2015-07,17,10.3772,63,2
19139,2015-08,35,17.2465,126,7
19139,2015-09,30,8.4774,98,9
19139,2015-10,21,4.6465,73,8
19139,2015-11,34,15.5209,127,8
19139,2015-12,16,8.5178,58,4
19139,2016-01,24,10.7770,77,7
19139,2016-02,32,21.9985,129,4
19139,2016-03,43,35.6810,191,2
19139,2016-04,24,14.8880,90,3
19139,2016-05,42,28.4185,158,5
19139,2016-06,28,15.1844,91,6
19139,2016-07,36,19.2958,131,8
19139,2016-08,43,22.1797,154,9
19139,2016-09,34,24.4915,138,4
19139,2016-10,27,18.0670,110,3
19139,2016-11,15,5.0586,49,4
19139,2016-12,29,14.7430,102,4
19139,2017-01,29,12.0740,103,9
19139,2017-02,27,3.1958,74,13
19139,2017-03,23,13.4081,83,3
19139,2017-04,19,11.4614,72,4
19139,2017-05,26,17.2349,102,3
19139,2017-06,24,11.2601,82,6
19139,2017-07,29,17.3396,112,5
19139,2017-08,25,17.1692,105,3
19139,2017-09,23,15.9366,92,2
19139,2017-10,28,20.3514,121,2
19139,2017-11,30,17.3064,111,5
19139,2017-12,28,9.7203,99,7
19139,2018-01,24,12.7425,96,5
19139,2018-02,26,10.8846,90,7
19139,2018-03,45,24.2619,152,7
19139,2018-04,26,22.2330,111,1
19139,2018-05,25,16.3747,98,4
19139,2018-06,38,19.7244,134,7
19139,2018-07,34,19.2108,132,6
19139,2018-08,35,11.7172,122,10
19139,2018-09,33,18.0872,126,7
19139,2018-10,26,21.0067,108,1
19139,2018-11,18,6.4313,59,5
19139,2018-12,30,17.4353,111,5
19139,2019-01,38,20.8543,130,7
19139,2019-02,33,25.4697,140,3
19139,2019-03,35,22.5301,150,4
19139,2019-04,33,22.3841,135,4
19139,2019-05,26,14.6582,91,6
19139,2019-06,34,18.8838,135,5
19139,2019-07,35,20.0428,130,7
19139,2019-08,39,24.2968,155,5
19139,2019-09,23,10.7380,88,6
19139,2019-10,30,18.7303,119,3
19139,2019-11,21,10.6369,80,6
19139,2019-12,28,12.9082,103,6
19139,2020-01,31,20.1232,107,5
19139,2020-02,25,11.8453,89,7
19139,2020-03,24,14.7930,95,4
19139,2020-04,22,8.6766,85,6
19139,2020-05,12,9.4142,57,0
19139,2020-06,32,16.8545,112,5
19139,2020-07,24,14.7717,90,4
19139,2020-08,30,14.3886,103,7
19139,2020-09,19,7.7440,67,5
19139,2020-10,24,7.3026,65,6
19139,2020-11,23,10.6490,80,6
19139,2020-12,11,7.3460,42,1
19139,2021-01,21,9.4577,72,5
19139,2021-02,12,1.4417,27,5
19139,2021-03,19,13.1549,74,2
19139,2021-04,22,13.1052,86,3
19139,2021-05,22,4.7179,65,8
19139,2021-06,24,9.4700,84,6
19139,2021-07,24,7.5899,74,8
19139,2021-08,25,10.4226,78,6
19139,2021-09,19,8.4206,68,4
19139,2021-10,21,8.9287,78,6
19139,2021-11,12,10.1186,54,0
19139,2021-12,17,4.2305,51,7
19140,2012-01,12,5.0503,47,3
19140,2012-02,12,7.0127,46,2
19140,2012-03,5,4.6920,23,0
19140,2012-04,13,5.7032,41,3
19140,2012-05,8,3.9188,30,1
19140,2012-06,11,3.6470,34,4
19140,2012-07,10,7.5575,38,1
19140,2012-08,14,8.1997,48,2
19140,2012-09,14,3.6852,42,5
19140,2012-10,4,0.9579,10,2
19140,2012-11,7,1.8713,24,2
19140,2012-12,7,3.6549,24,2
19140,2013-01,14,2.9665,37,5
19140,2013-02,14,8.9899,44,2
19140,2013-03,15,13.5215,57,0
19140,2013-04,13,11.4981,53,0
19140,2013-05,13,5.2284,44,2
19140,2013-06,7,3.8279,27,2
19140,2013-07,7,2.6483,23,2
19140,2013-08,21,10.1716,72,6
19140,2013-09,18,12.6064,72,2
19140,2013-10,14,11.0059,53,1
19140,2013-11,18,9.0359,64,5
19140,2013-12,12,3.5888,34,5
19140,2014-01,19,10.5284,69,2
19140,2014-02,12,6.2492,43,3
19140,2014-03,18,2.8071,60,7
19140,2014-04,16,7.2735,47,5
19140,2014-05,18,8.7497,61,3
19140,2014-06,20,9.3054,66,5
19140,2014-07,20,13.2589,84,2
19140,2014-08,16,6.6063,49,4
19140,2014-09,18,4.7496,57,5
19140,2014-10,17,14.4186,65,0
19140,2014-11,16,11.8498,56,1
19140,2014-12,16,5.8191,53,4
19140,2015-01,27,8.6425,95,9
19140,2015-02,25,14.3277,88,4
19140,2015-03,20,10.9794,69,4
19140,2015-04,24,8.1990,74,8
19140,2015-05,18,14.7151,67,0
19140,2015-06,19,10.6361,70,3
19140,2015-07,36,17.8899,124,9
19140,2015-08,28,11.5075,111,8
19140,2015-09,22,11.3566,69,4
19140,2015-10,20,9.4563,73,5
19140,2015-11,22,16.0022,85,2
19140,2015-12,28,19.2385,107,2
19140,2016-01,39,19.4258,144,7
19140,2016-02,32,17.8271,110,5
19140,2016-03,33,11.6123,105,10
19140,2016-04,25,9.6330,73,8
19140,2016-05,29,8.6157,90,10
19140,2016-06,18,8.3704,57,4
19140,2016-07,35,13.5899,83,9
19140,2016-08,28,12.0688,108,8
19140,2016-09,21,12.1456,83,3
19140,2016-10,32,23.1438,121,2
19140,2016-11,21,13.5522,65,1
19140,2016-12,30,14.4053,109,7
19140,2017-01,28,17.5146,104,3
19140,2017-02,19,14.0142,80,2
19140,2017-03,23,7.9077,69,7
19140,2017-04,29,18.0993,107,4
19140,2017-05,30,19.9705,111,1
19140,2017-06,26,12.4858,92,6
19140,2017-07,33,14.4627,110,8
19140,2017-08,32,20.4306,115,2
19140,2017-09,30,19.8309,124,2
19140,2017-10,32,14.8154,128,8
19140,2017-11,32,18.4329,115,5
19140,2017-12,25,11.9514,97,5
19140,2018-01,29,14.4863,105,6
19140,2018-02,39,12.4490,134,12
19140,2018-03,39,20.3955,150,8
19140,2018-04,37,21.2928,141,7
19140,2018-05,42,19.7783,146,10
19140,2018-06,29,17.4268,116,4
19140,2018-07,46,20.1431,166,12
19140,2018-08,36,26.8749,154,2
19140,2018-09,31,14.3076,99,8
19140,2018-10,29,18.5945,110,3
19140,2018-11,33,17.5238,107,7
19140,2018-12,32,15.1982,113,7
19140,2019-01,37,7.9744,109,14
19140,2019-02,26,12.3449,105,5
19140,2019-03,47,20.7798,158,11
19140,2019-04,38,24.4535,161,5
19140,2019-05,32,13.5503,111,8
19140,2019-06,40,20.2103,147,6
19140,2019-07,38,20.5908,141,8
19140,2019-08,33,15.7995,115,8
19140,2019-09,30,12.2102,94,8
19140,2019-10,31,14.2610,108,6
19140,2019-11,24,12.3285,87,6
19140,2019-12,23,14.1863,88,3
19140,2020-01,48,25.5558,158,9
19140,2020-02,25,9.7650,88,8
19140,2020-03,17,4.4241,48,6
19140,2020-04,16,1.3027,41,7
19140,2020-05,24,2.5769,73,12
19140,2020-06,18,6.4818,58,5
19140,2020-07,29,8.2903,97,10
19140,2020-08,30,3.0093,84,14
19140,2020-09,34,16.7103,117,6
19140,2020-10,22,13.2339,83,3
19140,2020-11,27,9.3034,88,7
19140,2020-12,18,11.3521,75,4
19140,2021-01,28,8.0889,101,8
19140,2021-02,19,3.3056,65,7
19140,2021-03,22,4.3627,60,9
19140,2021-04,12,3.2044,37,4
19140,2021-05,20,8.6131,51,5
19140,2021-06,19,11.2078,73,3
19140,2021-07,21,2.0663,53,9
19140,2021-08,24,1.1624,67,10
19140,2021-09,25,8.4488,83,8
19140,2021-10,21,6.3502,59,6
19140,2021-11,19,5.2051,57,7
19140,2021-12,17,7.3002,52,5
19141,2012-04,2,0.4742,5,1
19141,2012-05,4,1.0916,12,1
19141,2012-07,1,0.9254,5,0
19141,2012-08,3,0.5951,11,1
19141,2012-09,6,3.5864,20,0
19141,2012-10,2,0.7471,5,0
19141,2012-11,2,1.7408,9,0
19141,2012-12,1,0.8978,4,0
19141,2013-01,4,3.6907,18,0
19141,2013-02,1,-0.9370,1,1
19141,2013-03,4,0.9621,12,1
19141,2013-04,4,-1.4298,9,3
19141,2013-05,3,0.9203,13,0
19141,2013-06,4,1.9273,10,1
19141,2013-07,3,-0.9470,7,2
19141,2013-08,4,-2.3134,6,4
19141,2013-09,2,1.8604,10,0
19141,2013-10,2,-1.7849,2,2
19141,2013-12,2,-0.9365,3,2
19141,2014-01,3,1.1034,11,1
19141,2014-02,2,1.7918,6,0
19141,2014-03,3,1.2002,9,1
19141,2014-04,5,2.3466,18,1
19141,2014-05,2,1.8600,10,0
19141,2014-06,2,1.8739,9,0
19141,2014-07,7,5.3036,23,0
19141,2014-08,8,2.2971,28,3
19141,2014-09,2,1.0239,9,0
19141,2014-10,8,5.3374,28,1
19141,2014-11,6,5.4638,26,0
19141,2014-12,5,2.9230,21,1
19141,2015-01,4,-1.4687,7,3
19141,2015-02,7,3.4594,24,2
19141,2015-03,15,6.0979,43,4
19141,2015-04,9,4.4606,31,2
19141,2015-05,8,1.8473,26,3
19141,2015-06,10,5.8506,33,1
19141,2015-07,9,4.4113,33,1
19141,2015-08,24,10.5225,76,6
19141,2015-09,8,5.3011,33,1
19141,2015-10,11,1.0632,24,6
19141,2015-11,6,-0.2052,14,3
19141,2015-12,10,5.1044,28,2
19141,2016-01,4,1.7156,15,1
19141,2016-02,5,3.5686,20,0
19141,2016-03,7,3.7622,30,1
19141,2016-04,10,4.2006,31,2
19141,2016-05,9,3.4692,28,2
19141,2016-06,9,6.0542,32,1
19141,2016-07,10,3.2271,29,2
19141,2016-08,8,2.0791,22,3
19141,2016-09,8,-0.7778,16,5
19141,2016-10,12,3.3305,37,4
19141,2016-11,7,0.5947,17,3
19141,2016-12,12,3.8665,39,4
19141,2017-01,7,-1.3854,21,4
19141,2017-02,15,3.6322,35,5
19141,2017-03,12,3.4211,32,4
19141,2017-04,14,2.4487,41,5
19141,2017-05,5,1.8082,15,1
19141,2017-06,9,1.0840,28,4
19141,2017-07,8,0.0788,19,5
19141,2017-08,11,6.6965,27,1
19141,2017-09,11,2.6045,29,5
19141,2017-10,4,3.6572,17,0
19141,2017-11,6,1.8536,20,2
19141,2017-12,7,2.4552,25,2
19141,2018-01,8,5.4960,32,0
19141,2018-02,3,-2.3731,3,3
19141,2018-03,7,2.8028,23,2
19141,2018-04,7,1.6352,18,2
19141,2018-05,14,4.0872,46,5
19141,2018-06,9,3.7438,25,3
19141,2018-07,11,0.5053,29,5
19141,2018-08,7,0.9201,19,3
19141,2018-09,11,4.2073,29,3
19141,2018-10,13,3.5332,37,5
19141,2018-11,13,8.2889,52,2
19141,2018-12,12,0.8590,31,5
19141,2019-01,10,4.8504,30,2
19141,2019-02,9,2.0451,23,3
19141,2019-03,6,3.0914,23,1
19141,2019-04,10,4.2758,33,2
19141,2019-05,19,2.1099,57,9
19141,2019-06,17,4.3395,58,7
19141,2019-07,13,0.4042,41,6
19141,2019-08,20,2.6769,61,8
19141,2019-09,13,4.7783,48,4
19141,2019-10,4,2.4914,12,0
19141,2019-11,12,6.2282,49,2
19141,2019-12,14,6.9015,51,3
19141,2020-01,10,2.9239,29,3
19141,2020-02,10,2.4415,31,4
19141,2020-03,7,5.8434,32,0
19141,2020-04,10,0.3893,26,4
19141,2020-05,9,0.9605,25,4
19141,2020-06,13,5.8547,49,3
19141,2020-07,12,7.3747,43,1
19141,2020-08,11,4.1643,29,3
19141,2020-09,7,1.6949,16,2
19141,2020-10,3,0.9657,9,1
19141,2020-11,10,1.8144,25,3
19141,2020-12,7,6.1554,24,0
19141,2021-01,6,3.9297,26,1
19141,2021-02,8,3.7243,27,3
19141,2021-03,6,2.0516,20,2
19141,2021-04,12,2.3752,26,3
19141,2021-05,10,5.9148,36,1
19141,2021-06,13,7.1892,55,2
19141,2021-07,5,1.4620,9,1
19141,2021-08,7,1.8197,19,3
19141,2021-09,5,0.9123,16,2
19141,2021-10,10,-0.7360,26,6
19141,2021-11,6,0.1255,12,3
19141,2021-12,8,0.8237,21,3
19142,2012-01,2,1.6399,6,0
19142,2012-02,3,2.1511,11,0
19142,2012-03,5,3.9551,20,0
19142,2012-04,5,3.4637,18,1
19142,2012-05,4,1.8022,10,1
19142,2012-06,2,0.2016,5,1
19142,2012-07,6,5.6647,23,0
19142,2012-08,4,0.7998,10,2
19142,2012-09,1,-0.9423,1,1
19142,2012-10,2,0.2151,6,1
19142,2012-11,4,3.4973,9,0
19142,2012-12,3,1.6285,13,0
19142,2013-01,2,1.9139,6,0
19142,2013-02,2,-1.0919,3,2
19142,2013-03,5,3.0433,19,1
19142,2013-04,5,2.7702,16,1
19142,2013-05,1,-0.8001,1,1
19142,2013-06,1,-0.9510,1,1
19142,2013-07,3,2.5756,13,0
19142,2013-08,5,2.8833,19,1
19142,2013-09,2,-0.1787,5,1
19142,2013-10,8,4.4668,23,1
19142,2013-11,1,0.6775,4,0
19142,2013-12,5,0.8159,9,2
19142,2014-01,2,-1.2751,5,2
19142,2014-02,6,1.4724,12,2
19142,2014-03,7,0.2640,22,3
19142,2014-04,4,3.6794,13,0
19142,2014-05,3,2.5880,11,0
19142,2014-06,5,1.1193,16,2
19142,2014-07,2,0.3796,4,1
19142,2014-08,4,3.3208,15,0
19142,2014-09,2,1.1466,8,0
19142,2014-10,7,3.5139,23,2
19142,2014-11,7,2.9718,26,1
19142,2014-12,1,0.9661,3,0
19142,2015-01,4,0.0064,10,1
19142,2015-02,9,4.6708,36,2
19142,2015-03,3,-0.4864,6,2
19142,2015-04,8,3.8468,26,3
19142,2015-05,3,-0.6414,5,2
19142,2015-06,10,7.7387,41,0
19142,2015-07,5,3.3579,19,0
19142,2015-08,12,6.8623,41,2
19142,2015-09,13,5.5855,38,3
19142,2015-10,9,5.2277,34,0
19142,2015-11,7,3.2781,23,2
19142,2015-12,4,1.5745,14,1
19142,2016-01,8,4.2465,31,1
19142,2016-02,9,5.6069,33,2
19142,2016-03,14,1.6218,33,8
19142,2016-04,11,4.7490,39,3
19142,2016-05,8,5.2911,31,1
19142,2016-06,10,3.9601,26,2
19142,2016-07,8,-0.1606,23,5
19142,2016-08,8,2.0007,22,2
19142,2016-09,6,2.9368,17,1
19142,2016-10,14,8.8132,58,1
19142,2016-11,8,2.9791,27,2
19142,2016-12,6,-0.9961,11,4
19142,2017-01,11,6.6188,39,1
19142,2017-02,11,1.3828,30,4
19142,2017-03,8,7.1861,38,0
19142,2017-04,11,4.2596,45,2
19142,2017-05,5,4.5823,23,0
19142,2017-06,10,2.2296,30,3
19142,2017-07,8,3.2677,24,2
19142,2017-08,11,7.1440,42,1
19142,2017-09,4,1.7719,10,1
19142,2017-10,8,3.4616,26,2
19142,2017-11,16,5.0045,47,6
19142,2017-12,12,5.7087,46,3
19142,2018-01,17,8.9738,53,3
19142,2018-02,10,2.3147,27,3
19142,2018-03,11,4.4778,41,3
19142,2018-04,12,7.3640,44,2
19142,2018-05,11,8.3826,40,1
19142,2018-06,15,9.9706,54,2
19142,2018-07,8,6.9412,38,0
19142,2018-08,10,3.1919,34,3
19142,2018-09,18,9.8107,61,4
19142,2018-10,18,4.1257,55,7
19142,2018-11,19,13.0545,76,2
19142,2018-12,22,15.8409,87,2
19142,2019-01,14,5.5757,45,5
19142,2019-02,14,7.8153,53,2
19142,2019-03,13,7.1160,49,2
19142,2019-04,14,6.6543,47,4
19142,2019-05,11,7.4919,47,1
19142,2019-06,15,6.2701,57,4
19142,2019-07,13,8.6925,49,2
19142,2019-08,16,10.6274,64,1
19142,2019-09,16,1.7122,43,6
19142,2019-10,10,6.1364,38,2
19142,2019-11,10,0.0915,22,5
19142,2019-12,16,12.3074,62,1
19142,2020-01,16,9.2902,55,3
19142,2020-02,17,6.9718,60,6
19142,2020-03,9,1.8002,27,4
19142,2020-04,5,-2.4550,9,4
19142,2020-05,16,4.8197,55,6
19142,2020-06,12,5.6638,44,3
19142,2020-07,12,8.9361,44,1
19142,2020-08,4,1.4287,14,1
19142,2020-09,11,4.1465,31,2
19142,2020-10,4,3.1473,15,0
19142,2020-11,8,5.8573,34,0
19142,2020-12,5,1.2040,16,2
19142,2021-01,6,3.2409,26,1
19142,2021-02,11,8.1952,38,1
19142,2021-03,7,0.3065,19,4
19142,2021-04,9,3.5614,32,3
19142,2021-05,12,3.9146,34,4
19142,2021-06,3,0.2943,7,1
19142,2021-07,13,5.6870,39,3
19142,2021-08,6,1.9256,19,2
19142,2021-09,3,1.9907,11,0
19142,2021-10,8,4.1832,28,2
19142,2021-11,7,2.8067,17,2
19142,2021-12,12,4.9417,42,4
19143,2012-01,48,35.0858,188,4
19143,2012-02,56,45.0080,222,4
19143,2012-03,65,49.3439,264,6
19143,2012-04,45,27.0794,154,7
19143,2012-05,39,29.6416,151,4
19143,2012-06,58,39.3132,222,6
19143,2012-07,72,55.8192,291,4
19143,2012-08,57,42.2731,235,4
19143,2012-09,47,37.5660,181,2
19143,2012-10,49,32.1779,181,6
19143,2012-11,41,24.4218,142,9
19143,2012-12,33,18.0169,121,6
19143,2013-01,56,44.4994,218,4
19143,2013-02,55,37.3517,217,8
19143,2013-03,65,45.1330,255,7
19143,2013-04,71,51.6263,271,9
19143,2013-05,63,47.6516,245,5
19143,2013-06,54,40.6072,212,4
19143,2013-07,64,44.2907,237,8
19143,2013-08,99,71.4132,377,7
19143,2013-09,83,54.3905,329,12
19143,2013-10,45,30.4180,173,6
19143,2013-11,48,35.4104,196,4
19143,2013-12,48,36.5529,207,3
19143,2014-01,50,41.3895,207,3
19143,2014-02,57,44.0481,233,3
19143,2014-03,71,55.0493,279,6
19143,2014-04,82,57.8870,331,7
19143,2014-05,81,64.9876,324,4
19143,2014-06,66,37.3216,237,11
19143,2014-07,89,64.3741,343,8
19143,2014-08,92,72.8478,384,7
19143,2014-09,74,52.7644,303,9
19143,2014-10,75,54.0860,299,6
19143,2014-11,79,59.8217,326,5
19143,2014-12,57,34.2548,221,9
19143,2015-01,98,81.8046,418,4
19143,2015-02,78,49.0582,292,12
19143,2015-03,96,68.6213,397,10
19143,2015-04,63,48.7053,250,4
19143,2015-05,95,71.1573,384,9
19143,2015-06,68,42.8217,257,9
19143,2015-07,81,52.3920,309,10
19143,2015-08,89,62.2340,347,11
19143,2015-09,91,49.7725,335,17
19143,2015-10,66,41.1161,242,10
19143,2015-11,63,42.0950,238,7
19143,2015-12,83,62.2400,326,7
19143,2016-01,77,53.3627,309,6
19143,2016-02,57,47.0841,239,2
19143,2016-03,67,47.6241,278,6
19143,2016-04,91,58.4598,346,11
19143,2016-05,95,62.9507,358,12
19143,2016-06,81,54.6759,290,11
19143,2016-07,81,57.0865,307,6
19143,2016-08,90,64.6602,354,10
19143,2016-09,103,65.5426,415,16
19143,2016-10,79,47.4130,303,13
19143,2016-11,71,46.2877,271,9
19143,2016-12,62,47.1348,259,5
19143,2017-01,53,42.0695,231,4
19143,2017-02,66,45.8997,265,6
19143,2017-03,86,62.4495,346,8
19143,2017-04,109,79.9659,453,11
19143,2017-05,95,60.4591,373,13
19143,2017-06,95,66.6522,387,10
19143,2017-07,98,58.2268,373,19
19143,2017-08,87,63.3266,361,10
19143,2017-09,99,63.0455,385,14
19143,2017-10,83,44.4744,318,20
19143,2017-11,69,47.8941,257,9
19143,2017-12,66,46.3090,271,6
19143,2018-01,64,47.2845,258,6
19143,2018-02,58,39.5315,228,7
19143,2018-03,100,74.6465,420,10
19143,2018-04,78,50.9629,318,10
19143,2018-05,89,58.8655,338,11
19143,2018-06,98,69.5481,394,9
19143,2018-07,84,49.1879,307,15
19143,2018-08,99,55.5107,346,17
19143,2018-09,88,63.7032,355,8
19143,2018-10,71,44.4353,266,10
19143,2018-11,58,38.5417,227,9
19143,2018-12,53,41.6836,206,2
19143,2019-01,75,44.6409,282,13
19143,2019-02,57,34.9533,205,10
19143,2019-03,83,53.4252,298,13
19143,2019-04,79,58.1958,305,8
19143,2019-05,85,50.1924,303,15
19143,2019-06,83,48.2433,304,15
19143,2019-07,85,51.8211,305,13
19143,2019-08,109,55.0354,370,24
19143,2019-09,112,63.5383,405,19
19143,2019-10,82,42.0155,310,18
19143,2019-11,58,29.4654,207,14
19143,2019-12,51,35.8194,203,5
19143,2020-01,73,55.4938,302,6
19143,2020-02,66,33.2653,239,15
19143,2020-03,48,28.5037,185,8
19143,2020-04,25,11.9869,98,5
19143,2020-05,42,17.3194,132,11
19143,2020-06,47,28.1710,180,7
19143,2020-07,55,41.9731,240,4
19143,2020-08,56,36.0125,221,8
19143,2020-09,70,46.0636,272,10
19143,2020-10,68,47.7988,283,8
19143,2020-11,51,39.5956,221,2
19143,2020-12,40,29.8780,155,3
19143,2021-01,54,39.9909,239,5
19143,2021-02,49,30.7698,202,7
19143,2021-03,55,35.0627,222,10
19143,2021-04,50,34.4861,209,5
19143,2021-05,47,27.5269,178,10
19143,2021-06,37,20.0301,127,6
19143,2021-07,60,33.6486,221,11
19143,2021-08,55,26.5178,204,15
19143,2021-09,58,24.6149,195,15
19143,2021-10,43,14.3692,141,14
19143,2021-11,30,20.0313,119,5
19143,2021-12,46,32.1717,189,4
19144,2012-01,9,5.8262,29,1
19144,2012-02,9,5.7148,24,1
19144,2012-03,8,4.3990,29,2
19144,2012-04,11,7.7640,40,1
19144,2012-05,5,1.2787,20,2
19144,2012-06,7,5.0905,32,1
19144,2012-07,13,8.0785,50,2
19144,2012-08,7,0.7452,17,3
19144,2012-09,6,3.3885,19,1
19144,2012-10,6,4.3008,25,1
19144,2012-11,8,6.8494,38,0
19144,2012-12,10,3.6911,33,3
19144,2013-01,9,7.6848,38,0
19144,2013-02,10,4.3950,29,3
19144,2013-03,12,7.7280,41,2
19144,2013-04,15,12.0463,60,0
19144,2013-05,15,11.7102,60,1
19144,2013-06,12,7.9362,39,2
19144,2013-07,16,5.1821,49,5
19144,2013-08,11,6.1108,40,2
19144,2013-09,14,11.2573,54,1
19144,2013-10,27,18.9746,103,3
19144,2013-11,11,7.8500,44,1
19144,2013-12,47,36.1212,194,4
19144,2014-01,22,17.8104,96,1
19144,2014-02,22,9.4780,79,6
19144,2014-03,37,25.0407,129,5
19144,2014-04,22,11.6691,81,4
19144,2014-05,30,13.8137,104,7
19144,2014-06,27,7.7231,94,10
19144,2014-07,23,9.8540,73,5
19144,2014-08,35,18.3292,120,7
19144,2014-09,29,16.6022,95,5
19144,2014-10,36,23.1588,127,6
19144,2014-11,28,15.3439,98,6
19144,2014-12,20,11.2356,67,4
19144,2015-01,24,0.2317,61,12
19144,2015-02,24,9.3029,73,6
19144,2015-03,28,9.8299,84,8
19144,2015-04,33,13.3509,100,9
19144,2015-05,22,13.2870,82,3
19144,2015-06,24,6.5584,56,8
19144,2015-07,30,15.3767,99,7
19144,2015-08,32,18.7313,115,6
19144,2015-09,27,13.1487,87,5
19144,2015-10,28,9.8156,95,8
19144,2015-11,26,10.1596,82,7
19144,2015-12,27,20.3609,104,2
19144,2016-01,37,13.1447,122,11
19144,2016-02,30,15.5028,99,6
19144,2016-03,28,14.8814,95,7
19144,2016-04,30,18.7645,103,4
19144,2016-05,35,12.9778,122,11
19144,2016-06,29,14.4426,97,6
19144,2016-07,41,21.9851,133,8
19144,2016-08,40,18.0018,120,11
19144,2016-09,33,15.1941,101,8
19144,2016-10,32,17.1161,100,6
19144,2016-11,28,10.6174,90,6
19144,2016-12,43,10.0958,133,16
19144,2017-01,32,12.8328,90,9
19144,2017-02,23,6.8507,78,8
19144,2017-03,29,11.4517,78,8
19144,2017-04,27,11.9953,95,7
19144,2017-05,35,18.7117,113,8
19144,2017-06,37,12.0474,116,12
19144,2017-07,39,23.2572,137,6
19144,2017-08,41,17.8484,133,11
19144,2017-09,30,19.7525,114,3
19144,2017-10,30,7.9336,90,11
19144,2017-11,27,17.2866,89,3
19144,2017-12,40,14.5078,130,12
19144,2018-01,53,21.8656,184,14
19144,2018-02,42,21.5523,159,9
19144,2018-03,56,24.3837,183,13
19144,2018-04,62,42.1950,241,8
19144,2018-05,48,20.5828,173,13
19144,2018-06,66,30.3907,204,17
19144,2018-07,54,23.6592,175,14
19144,2018-08,49,26.1089,170,9
19144,2018-09,36,15.4165,105,11
19144,2018-10,45,19.7942,142,11
19144,2018-11,45,20.4635,162,11
19144,2018-12,44,24.9675,161,8
19144,2019-01,41,21.6749,150,6
19144,2019-02,34,12.2725,112,11
19144,2019-03,35,16.1631,121,10
19144,2019-04,37,14.9320,132,11
19144,2019-05,58,15.3572,180,21
19144,2019-06,34,18.6130,114,6
19144,2019-07,43,24.0580,143,8
19144,2019-08,42,25.6769,156,7
19144,2019-09,35,15.1783,114,8
19144,2019-10,41,20.8731,150,8
19144,2019-11,25,9.3490,89,7
19144,2019-12,39,20.6692,156,8
19144,2020-01,39,26.8689,155,4
19144,2020-02,43,17.2867,124,11
19144,2020-03,26,15.5865,94,3
19144,2020-04,25,7.4240,74,9
19144,2020-05,29,7.6316,88,9
19144,2020-06,30,12.1441,96,7
19144,2020-07,23,14.7420,94,4
19144,2020-08,30,17.4137,98,6
19144,2020-09,28,9.7740,96,7
19144,2020-10,33,10.6770,102,11
19144,2020-11,23,14.1303,90,4
19144,2020-12,39,15.7590,118,12
19144,2021-01,21,7.1940,78,6
19144,2021-02,30,14.6730,114,7
19144,2021-03,34,16.1530,118,7
19144,2021-04,17,7.6687,60,4
19144,2021-05,37,11.7839,119,13
19144,2021-06,25,10.3212,84,8
19144,2021-07,17,3.4422,52,7
19144,2021-08,23,11.4413,83,4
19144,2021-09,24,11.9589,82,5
19144,2021-10,26,14.3512,98,5
19144,2021-11,13,6.7674,54,3
19144,2021-12,15,7.9329,56,3
19145,2012-01,65,53.1531,272,4
19145,2012-02,67,49.2917,256,4
19145,2012-03,86,50.3525,308,14
19145,2012-04,64,42.6838,259,7
19145,2012-05,63,39.2021,230,10
19145,2012-06,57,40.6551,226,6
19145,2012-07,70,39.9591,262,12
19145,2012-08,91,62.1150,343,9
19145,2012-09,66,46.8530,252,6
19145,2012-10,70,49.7982,275,7
19145,2012-11,56,37.6936,229,7
19145,2012-12,58,38.8032,220,8
19145,2013-01,80,56.8047,335,9
19145,2013-02,61,42.9596,227,5
19145,2013-03,85,58.2058,351,8
19145,2013-04,100,65.6943,381,15
19145,2013-05,90,71.9285,382,4
19145,2013-06,62,43.4866,253,5
19145,2013-07,89,54.4387,338,13
19145,2013-08,98,59.8794,377,12
19145,2013-09,55,37.3574,228,7
19145,2013-10,69,45.4954,256,8
19145,2013-11,85,57.4992,324,9
19145,2013-12,75,47.1543,272,9
19145,2014-01,133,95.8013,520,15
19145,2014-02,125,71.0968,438,24
19145,2014-03,151,111.1427,611,11
19145,2014-04,103,62.7782,384,17
19145,2014-05,95,68.5808,373,10
19145,2014-06,118,83.1361,481,10
19145,2014-07,109,70.2445,436,17
19145,2014-08,130,81.2863,495,21
19145,2014-09,126,77.3903,485,18
19145,2014-10,95,50.7279,334,18
19145,2014-11,120,82.9617,476,12
19145,2014-12,96,63.0477,366,13
19145,2015-01,124,78.4320,479,13
19145,2015-02,119,76.1591,469,17
19145,2015-03,130,74.9237,477,23
19145,2015-04,97,52.9014,327,17
19145,2015-05,114,73.5034,439,15
19145,2015-06,128,76.3712,485,18
19145,2015-07,131,74.2899,499,22
19145,2015-08,128,78.9886,481,21
19145,2015-09,111,52.3091,388,27
19145,2015-10,115,73.0598,436,16
19145,2015-11,110,58.1230,423,24
19145,2015-12,109,68.1946,433,15
19145,2016-01,130,77.1988,487,23
19145,2016-02,126,71.5915,481,20
19145,2016-03,107,78.5199,446,9
19145,2016-04,122,74.0269,477,21
19145,2016-05,113,61.8614,434,21
19145,2016-06,92,59.8583,358,12
19145,2016-07,124,69.2383,440,24
19145,2016-08,122,78.0741,475,17
19145,2016-09,131,69.4057,476,26
19145,2016-10,123,76.7298,472,20
19145,2016-11,99,54.7186,353,19
19145,2016-12,101,57.5744,386,19
19145,2017-01,134,78.3564,496,24
19145,2017-02,141,79.6569,528,28
19145,2017-03,123,72.5000,457,21
19145,2017-04,124,68.5247,461,24
19145,2017-05,133,85.6031,520,18
19145,2017-06,113,73.4361,463,17
19145,2017-07,144,92.3996,570,21
19145,2017-08,153,94.0087,586,22
19145,2017-09,128,60.2330,442,32
19145,2017-10,113,61.9544,404,24
19145,2017-11,125,81.6958,480,17
19145,2017-12,127,79.2194,502,20
19145,2018-01,128,76.4171,493,22
19145,2018-02,119,62.4752,434,22
19145,2018-03,136,83.9935,522,23
19145,2018-04,122,72.1896,496,20
19145,2018-05,129,70.6601,473,27
19145,2018-06,147,78.5658,538,29
19145,2018-07,134,74.1157,497,25
19145,2018-08,156,68.1408,563,41
19145,2018-09,109,63.8904,405,15
19145,2018-10,148,85.6519,553,29
19145,2018-11,134,74.9728,487,25
19145,2018-12,115,55.5261,401,26
19145,2019-01,116,60.4711,422,26
19145,2019-02,106,57.4519,390,19
19145,2019-03,138,80.5870,538,24
19145,2019-04,111,70.9613,414,17
19145,2019-05,130,65.5247,461,31
19145,2019-06,140,66.0555,495,32
19145,2019-07,144,82.3876,530,25
19145,2019-08,149,102.7242,603,19
19145,2019-09,138,74.2516,519,26
19145,2019-10,115,67.6819,444,20
19145,2019-11,147,80.7876,529,29
19145,2019-12,149,84.4239,568,24
19145,2020-01,109,80.2644,444,8
19145,2020-02,118,70.0912,435,19
19145,2020-03,92,56.6866,349,13
19145,2020-04,42,15.4012,139,13
19145,2020-05,69,32.3352,250,17
19145,2020-06,56,26.5078,209,13
19145,2020-07,95,42.6280,314,25
19145,2020-08,82,41.5911,292,19
19145,2020-09,83,45.0503,325,18
19145,2020-10,91,50.0280,335,17
19145,2020-11,75,45.2146,286,13
19145,2020-12,71,41.6743,272,10
19145,2021-01,64,39.2556,254,11
19145,2021-02,58,33.7324,230,11
19145,2021-03,63,41.8275,249,8
19145,2021-04,83,50.8355,306,13
19145,2021-05,81,40.5166,297,17
19145,2021-06,88,56.7458,349,13
19145,2021-07,79,39.8689,294,15
19145,2021-08,68,17.9489,214,22
19145,2021-09,58,32.0991,208,12
19145,2021-10,72,41.3464,266,15
19145,2021-11,65,32.8122,236,13
19145,2021-12,71,35.2375,257,14
19146,2012-01,222,167.3651,848,22
19146,2012-02,197,152.0062,763,17
19146,2012-03,182,141.1788,701,15
19146,2012-04,179,132.5134,659,15
19146,2012-05,167,130.3101,621,11
19146,2012-06,181,148.0018,691,11
19146,2012-07,159,113.2476,557,16
19146,2012-08,191,142.9607,706,16
19146,2012-09,188,134.5996,682,17
19146,2012-10,208,164.7724,759,13
19146,2012-11,176,110.6932,624,31
19146,2012-12,165,99.7494,567,26
19146,2013-01,192,139.8875,714,16
19146,2013-02,182,136.1384,694,15
19146,2013-03,236,174.7118,892,26
19146,2013-04,245,182.4765,921,21
19146,2013-05,236,168.8848,883,22
19146,2013-06,254,190.2796,1003,22
19146,2013-07,254,196.1401,974,19
19146,2013-08,248,197.3298,964,15
19146,2013-09,234,175.6718,923,21
19146,2013-10,221,162.2615,849,23
19146,2013-11,245,178.8028,924,28
19146,2013-12,202,148.3308,775,18
19146,2014-01,281,210.0479,1058,25
19146,2014-02,206,154.7106,781,17
19146,2014-03,257,191.9850,973,23
19146,2014-04,226,159.9285,839,23
19146,2014-05,237,166.4461,904,30
19146,2014-06,287,204.2827,1110,29
19146,2014-07,272,181.7693,1037,34
19146,2014-08,251,180.7318,969,27
19146,2014-09,212,131.4102,800,36
19146,2014-10,257,181.2995,975,27
19146,2014-11,233,165.2013,904,25
19146,2014-12,209,146.9163,824,28
19146,2015-01,288,198.7377,1094,34
19146,2015-02,238,181.3379,945,20
19146,2015-03,243,175.4559,925,25
19146,2015-04,262,182.0926,1011,33
19146,2015-05,268,186.6833,1047,24
19146,2015-06,265,185.4565,1057,30
19146,2015-07,300,204.1260,1178,35
19146,2015-08,303,224.6021,1223,27
19146,2015-09,244,182.4868,986,21
19146,2015-10,285,202.0513,1147,31
19146,2015-11,275,195.7129,1088,30
19146,2015-12,241,179.8073,978,18
19146,2016-01,266,188.4729,1054,26
19146,2016-02,261,187.8332,1039,27
19146,2016-03,269,199.7741,1083,24
19146,2016-04,222,154.8610,872,23
19146,2016-05,261,180.0519,1027,32
19146,2016-06,245,161.4955,963,29
19146,2016-07,232,164.8501,927,24
19146,2016-08,244,169.0671,953,27
19146,2016-09,251,162.7593,947,35
19146,2016-10,247,165.2564,989,29
19146,2016-11,226,169.3721,921,22
19146,2016-12,212,157.7990,868,19
19146,2017-01,249,165.5344,970,31
19146,2017-02,218,160.8430,891,17
19146,2017-03,284,210.2693,1189,27
19146,2017-04,287,209.1019,1203,27
19146,2017-05,302,207.0991,1189,33
19146,2017-06,246,179.9994,986,18
19146,2017-07,241,176.6055,967,23
19146,2017-08,261,187.2319,1051,28
19146,2017-09,239,174.0560,951,27
19146,2017-10,246,175.6452,977,27
19146,2017-11,260,182.4549,1032,28
19146,2017-12,222,157.1974,864,26
19146,2018-01,242,168.3140,975,30
19146,2018-02,214,152.4043,882,22
19146,2018-03,276,210.8978,1134,24
19146,2018-04,257,175.7624,1078,29
19146,2018-05,293,208.7054,1198,29
19146,2018-06,270,192.7446,1089,28
19146,2018-07,288,196.2943,1135,38
19146,2018-08,263,168.5840,1054,41
19146,2018-09,227,161.8252,874,24
19146,2018-10,309,229.8061,1279,26
19146,2018-11,227,169.2540,936,19
19146,2018-12,196,135.9508,784,21
19146,2019-01,236,172.7622,960,24
19146,2019-02,243,180.8800,1015,23
19146,2019-03,233,175.7263,976,21
19146,2019-04,205,146.5099,837,21
19146,2019-05,248,172.0484,1007,26
19146,2019-06,238,161.7371,965,27
19146,2019-07,270,186.6960,1112,30
19146,2019-08,271,198.0612,1104,26
19146,2019-09,266,178.1117,1079,34
19146,2019-10,195,128.6687,746,27
19146,2019-11,215,143.1895,846,30
19146,2019-12,201,150.9974,825,19
19146,2020-01,259,189.7752,1066,26
19146,2020-02,214,146.8364,875,26
19146,2020-03,150,102.9538,605,16
19146,2020-04,62,33.2681,228,12
19146,2020-05,104,77.1200,439,10
19146,2020-06,105,60.5415,378,19
19146,2020-07,171,118.7983,684,20
19146,2020-08,153,95.6565,591,25
19146,2020-09,155,112.0320,631,15
19146,2020-10,171,116.2399,711,22
19146,2020-11,121,93.0338,535,8
19146,2020-12,125,91.1595,543,13
19146,2021-01,140,101.4487,612,13
19146,2021-02,110,62.8249,422,22
19146,2021-03,123,87.6685,520,14
19146,2021-04,121,84.5557,493,13
19146,2021-05,157,113.5019,655,15
19146,2021-06,122,80.2108,499,19
19146,2021-07,149,82.7309,566,32
19146,2021-08,156,102.8472,635,21
19146,2021-09,132,82.9518,488,20
19146,2021-10,128,84.7356,516,15
19146,2021-11,102,68.7062,396,14
19146,2021-12,104,75.3837,440,12
19147,2012-01,794,587.4517,3061,67
19147,2012-02,795,593.0609,3037,66
19147,2012-03,754,554.9504,2899,67
19147,2012-04,699,530.7425,2719,46
19147,2012-05,691,499.6481,2581,65
19147,2012-06,694,480.9557,2630,82
19147,2012-07,715,516.3433,2721,64
19147,2012-08,835,574.1771,3123,101
19147,2012-09,711,508.5448,2707,68
19147,2012-10,687,509.2392,2681,56
19147,2012-11,638,449.8701,2425,67
19147,2012-12,668,490.0196,2572,64
19147,2013-01,816,609.6815,3186,75
19147,2013-02,751,523.2931,2834,84
19147,2013-03,854,625.2180,3285,80
19147,2013-04,801,583.8120,3043,74
19147,2013-05,749,538.5184,2840,67
19147,2013-06,817,571.7351,3083,80
19147,2013-07,843,590.9843,3163,87
19147,2013-08,883,607.5351,3327,96
19147,2013-09,753,518.7941,2850,85
19147,2013-10,742,482.8207,2769,98
19147,2013-11,820,576.2225,3123,88
19147,2013-12,734,485.0534,2725,91
19147,2014-01,918,651.1752,3583,92
19147,2014-02,821,577.6104,3222,85
19147,2014-03,944,674.2139,3690,97
19147,2014-04,872,609.3216,3358,94
19147,2014-05,808,557.8241,3054,89
19147,2014-06,881,602.1221,3362,98
19147,2014-07,909,637.2772,3481,93
19147,2014-08,936,627.8802,3561,116
19147,2014-09,846,580.1203,3167,102
19147,2014-10,748,517.7355,2884,76
19147,2014-11,767,503.2447,2905,93
19147,2014-12,768,540.3548,2946,80
19147,2015-01,995,703.8798,3801,98
19147,2015-02,856,596.6458,3290,90
19147,2015-03,860,589.3661,3285,98
19147,2015-04,818,578.0927,3184,84
19147,2015-05,914,585.9947,3438,124
19147,2015-06,955,646.9463,3651,112
19147,2015-07,960,668.4436,3760,105
19147,2015-08,1019,715.2280,3989,97
19147,2015-09,777,518.1642,2990,100
19147,2015-10,846,560.9892,3243,106
19147,2015-11,767,514.8303,3027,97
19147,2015-12,733,507.1290,2895,80
19147,2016-01,919,663.8744,3619,85
19147,2016-02,965,647.7979,3759,116
19147,2016-03,925,650.3633,3693,98
19147,2016-04,792,535.1733,3105,96
19147,2016-05,947,612.2083,3665,120
19147,2016-06,889,584.6734,3449,119
19147,2016-07,919,609.6390,3579,117
19147,2016-08,994,644.4792,3917,130
19147,2016-09,835,566.4594,3233,96
19147,2016-10,839,551.1216,3220,110
19147,2016-11,740,507.8006,2932,86
19147,2016-12,734,531.7738,2918,66
19147,2017-01,844,589.1044,3326,91
19147,2017-02,781,557.2777,3081,83
19147,2017-03,820,576.9152,3287,84
19147,2017-04,847,566.8075,3351,102
19147,2017-05,879,599.5431,3496,105
19147,2017-06,892,601.9451,3490,107
19147,2017-07,930,645.0227,3676,99
19147,2017-08,879,606.2978,3490,102
19147,2017-09,812,546.9500,3184,97
19147,2017-10,813,556.7970,3197,96
19147,2017-11,758,511.2972,2941,88
19147,2017-12,752,535.2049,3029,77
19147,2018-01,815,590.4659,3325,81
19147,2018-02,697,464.3391,2746,86
19147,2018-03,785,546.5208,3177,86
19147,2018-04,834,572.2789,3355,102
19147,2018-05,921,638.3121,3702,104
19147,2018-06,804,554.2338,3225,91
19147,2018-07,913,603.2384,3570,111
19147,2018-08,875,589.4005,3476,110
19147,2018-09,768,522.7549,3074,99
19147,2018-10,870,588.2040,3560,108
19147,2018-11,741,510.8139,2904,83
19147,2018-12,748,500.0845,2974,95
19147,2019-01,812,593.2854,3356,71
19147,2019-02,746,511.2217,3016,88
19147,2019-03,840,582.4987,3379,95
19147,2019-04,787,551.0655,3165,87
19147,2019-05,921,625.0699,3717,101
19147,2019-06,901,613.6491,3660,97
19147,2019-07,922,612.2607,3626,111
19147,2019-08,892,608.0830,3609,99
19147,2019-09,818,582.2380,3273,79
19147,2019-10,736,504.8557,2914,91
19147,2019-11,732,500.8390,2954,89
19147,2019-12,744,543.3069,3065,68
19147,2020-01,722,512.7612,2916,73
19147,2020-02,721,491.9429,2937,90
19147,2020-03,471,304.9153,1905,64
19147,2020-04,183,121.5034,766,22
19147,2020-05,279,185.8885,1149,35
19147,2020-06,282,178.3506,1114,41
19147,2020-07,372,242.0021,1487,47
19147,2020-08,475,339.1005,1990,47
19147,2020-09,444,283.1126,1744,65
19147,2020-10,488,342.7177,1976,53
19147,2020-11,405,298.8343,1694,34
19147,2020-12,339,246.4095,1423,29
19147,2021-01,367,249.1505,1535,46
19147,2021-02,317,229.3044,1321,28
19147,2021-03,441,294.6980,1829,56
19147,2021-04,399,276.9563,1646,40
19147,2021-05,540,354.6642,2160,69
19147,2021-06,496,324.6976,1984,66
19147,2021-07,528,367.9487,2149,52
19147,2021-08,492,320.5720,1935,62
19147,2021-09,426,274.1976,1648,62
19147,2021-10,434,276.7770,1689,58
19147,2021-11,398,277.5980,1625,42
19147,2021-12,424,294.9442,1699,46
19148,2012-01,128,77.8232,490,21
19148,2012-02,152,114.4503,602,13
19148,2012-03,159,95.8358,558,24
19148,2012-04,179,132.4084,669,13
19148,2012-05,221,156.5318,825,21
19148,2012-06,137,93.8329,528,15
19148,2012-07,167,123.1433,641,12
19148,2012-08,185,125.9519,692,18
19148,2012-09,168,115.9788,620,19
19148,2012-10,144,103.0391,554,11
19148,2012-11,138,95.3016,504,14
19148,2012-12,162,108.9941,582,21
19148,2013-01,154,111.2582,564,14
19148,2013-02,172,109.4362,626,23
19148,2013-03,224,148.7933,834,31
19148,2013-04,210,142.0938,830,21
19148,2013-05,214,155.2839,803,17
19148,2013-06,226,151.3291,810,26
19148,2013-07,222,149.3497,822,28
19148,2013-08,200,131.5315,780,24
19148,2013-09,178,115.0055,652,22
19148,2013-10,193,111.7139,691,33
19148,2013-11,214,161.4734,822,18
19148,2013-12,188,120.2458,712,24
19148,2014-01,214,139.4751,800,30
19148,2014-02,215,145.0557,830,25
19148,2014-03,260,167.8887,974,34
19148,2014-04,249,157.4517,931,39
19148,2014-05,215,149.1917,838,25
19148,2014-06,227,160.6931,893,20
19148,2014-07,271,196.6867,1049,27
19148,2014-08,259,160.2384,964,41
19148,2014-09,237,146.6974,910,37
19148,2014-10,237,137.4536,843,44
19148,2014-11,243,147.4034,902,37
19148,2014-12,228,139.1059,879,36
19148,2015-01,267,173.5169,1007,31
19148,2015-02,330,220.1020,1228,41
19148,2015-03,365,230.7719,1393,56
19148,2015-04,302,213.7569,1136,33
19148,2015-05,309,202.0468,1188,42
19148,2015-06,304,215.8330,1174,34
19148,2015-07,286,187.6232,1148,35
19148,2015-08,312,223.1349,1240,33
19148,2015-09,283,173.6754,1048,47
19148,2015-10,303,200.8691,1180,36
19148,2015-11,294,199.9121,1178,38
19148,2015-12,265,167.6194,1038,33
19148,2016-01,261,153.5033,980,43
19148,2016-02,322,197.9293,1174,49
19148,2016-03,335,223.3971,1280,41
19148,2016-04,288,189.6800,1096,40
19148,2016-05,349,213.2108,1300,50
19148,2016-06,308,187.6080,1213,45
19148,2016-07,313,209.4184,1228,41
19148,2016-08,349,216.7570,1345,52
19148,2016-09,341,208.4575,1294,51
19148,2016-10,301,191.0420,1179,40
19148,2016-11,265,171.3592,1018,36
19148,2016-12,277,196.5718,1085,27
19148,2017-01,284,182.8853,1082,36
19148,2017-02,268,184.1238,1073,29
19148,2017-03,312,207.7141,1208,38
19148,2017-04,301,190.7911,1161,40
19148,2017-05,303,205.6440,1205,35
19148,2017-06,310,181.1446,1187,55
19148,2017-07,377,250.9276,1468,44
19148,2017-08,364,239.9477,1449,46
19148,2017-09,340,206.9364,1267,57
19148,2017-10,294,187.5837,1127,41
19148,2017-11,296,177.3262,1090,46
19148,2017-12,292,191.9884,1111,40
19148,2018-01,301,195.1945,1162,41
19148,2018-02,292,180.4835,1139,45
19148,2018-03,323,196.2934,1237,55
19148,2018-04,343,203.4835,1292,56
19148,2018-05,319,206.7281,1232,49
19148,2018-06,376,246.4029,1465,50
19148,2018-07,382,256.5334,1526,47
19148,2018-08,388,244.7368,1500,57
19148,2018-09,302,179.0066,1155,54
19148,2018-10,276,183.2011,1067,35
19148,2018-11,299,183.5807,1168,41
19148,2018-12,293,178.3418,1125,46
19148,2019-01,284,181.1824,1089,43
19148,2019-02,264,181.3608,1059,28
19148,2019-03,341,214.7204,1318,52
19148,2019-04,319,188.1554,1192,58
19148,2019-05,333,230.6060,1353,40
19148,2019-06,377,244.9725,1465,50
19148,2019-07,335,204.5101,1262,53
19148,2019-08,346,234.9834,1354,37
19148,2019-09,276,176.6997,1106,38
19148,2019-10,258,160.3737,1033,38
19148,2019-11,256,173.0545,1037,33
19148,2019-12,288,211.3945,1129,28
19148,2020-01,247,161.2241,968,37
19148,2020-02,226,158.7514,915,26
19148,2020-03,158,108.4044,620,18
19148,2020-04,99,45.2369,363,26
19148,2020-05,101,46.2917,367,24
19148,2020-06,119,48.6152,425,32
19148,2020-07,194,105.2139,720,40
19148,2020-08,185,116.7529,705,25
19148,2020-09,198,114.6948,727,34
19148,2020-10,176,106.1330,674,29
19148,2020-11,160,104.0017,629,24
19148,2020-12,149,89.5238,570,27
19148,2021-01,148,89.4816,587,26
19148,2021-02,131,89.7649,526,16
19148,2021-03,188,124.8574,742,24
19148,2021-04,187,114.6809,697,29
19148,2021-05,185,97.7525,656,40
19148,2021-06,184,114.1902,714,27
19148,2021-07,209,137.2205,818,30
19148,2021-08,217,127.4345,772,36
19148,2021-09,188,107.2015,709,31
19148,2021-10,176,127.1027,726,18
19148,2021-11,152,90.3194,559,25
19148,2021-12,170,99.1297,601,30
19149,2012-01,27,19.4437,104,3
19149,2012-02,32,19.8363,115,5
19149,2012-03,25,14.3457,85,3
19149,2012-04,22,11.7096,75,5
19149,2012-05,23,8.6212,77,7
19149,2012-06,26,18.6980,99,2
19149,2012-07,18,11.1880,65,3
19149,2012-08,22,10.4674,77,4
19149,2012-09,18,10.6014,68,4
19149,2012-10,17,10.1595,59,3
19149,2012-11,13,8.5518,53,2
19149,2012-12,19,8.6540,66,3
19149,2013-01,41,24.2197,146,5
19149,2013-02,24,16.9926,91,2
19149,2013-03,29,15.8062,97,4
19149,2013-04,53,28.4804,179,9
19149,2013-05,28,14.7398,98,4
19149,2013-06,37,24.6270,137,6
19149,2013-07,30,12.6832,106,7
19149,2013-08,39,26.4721,135,4
19149,2013-09,45,24.0517,141,7
19149,2013-10,41,22.8380,129,6
19149,2013-11,36,17.9357,122,9
19149,2013-12,43,23.6550,139,7
19149,2014-01,37,20.8691,127,6
19149,2014-02,38,28.4115,150,2
19149,2014-03,47,29.0299,176,7
19149,2014-04,48,32.6445,182,6
19149,2014-05,37,24.3671,128,4
19149,2014-06,47,31.5643,174,5
19149,2014-07,46,26.6947,165,8
19149,2014-08,64,37.1421,243,11
19149,2014-09,40,19.9725,131,8
19149,2014-10,37,21.1332,126,6
19149,2014-11,45,18.3835,142,13
19149,2014-12,40,24.3981,147,7
19149,2015-01,73,39.4831,243,14
19149,2015-02,58,34.1724,205,8
19149,2015-03,92,41.3839,301,22
19149,2015-04,83,49.5861,305,12
19149,2015-05,77,45.2524,271,15
19149,2015-06,89,58.1158,344,11
19149,2015-07,67,36.4914,230,13
19149,2015-08,66,40.3154,242,12
19149,2015-09,73,29.2635,241,19
19149,2015-10,67,40.4656,252,9
19149,2015-11,51,26.1699,187,9
19149,2015-12,63,35.0492,234,12
19149,2016-01,63,35.3080,233,11
19149,2016-02,71,41.3391,244,12
19149,2016-03,76,44.9113,277,11
19149,2016-04,64,35.6591,215,10
19149,2016-05,61,28.7227,212,13
19149,2016-06,68,30.6577,236,16
19149,2016-07,64,46.2317,239,5
19149,2016-08,81,44.0803,304,15
19149,2016-09,71,32.2056,238,17
19149,2016-10,58,26.6622,191,16
19149,2016-11,54,21.7745,187,14
19149,2016-12,65,40.5199,238,9
19149,2017-01,71,29.7242,230,19
19149,2017-02,66,33.0177,233,14
19149,2017-03,78,35.6722,269,18
19149,2017-04,88,51.0434,302,14
19149,2017-05,92,47.1949,327,18
19149,2017-06,113,64.2259,419,21
19149,2017-07,96,40.0242,303,28
19149,2017-08,89,27.7534,270,28
19149,2017-09,60,29.5395,209,12
19149,2017-10,74,34.7656,269,18
19149,2017-11,64,24.9750,226,17
19149,2017-12,62,28.4487,210,13
19149,2018-01,78,36.8325,289,18
19149,2018-02,80,44.6195,309,13
19149,2018-03,79,33.9087,260,21
19149,2018-04,82,32.4609,263,25
19149,2018-05,87,33.6214,275,23
19149,2018-06,80,44.7424,299,14
19149,2018-07,88,40.5044,289,22
19149,2018-08,72,27.8096,211,18
19149,2018-09,73,30.8246,257,20
19149,2018-10,64,31.5058,217,13
19149,2018-11,66,33.9427,231,13
19149,2018-12,85,40.4577,286,20
19149,2019-01,71,32.2749,236,18
19149,2019-02,80,48.5067,303,12
19149,2019-03,94,38.9813,311,25
19149,2019-04,86,46.6878,301,16
19149,2019-05,105,61.0400,385,18
19149,2019-06,95,36.8513,314,27
19149,2019-07,97,49.4267,330,20
19149,2019-08,96,47.3727,335,23
19149,2019-09,92,44.3543,325,19
19149,2019-10,86,47.1239,316,17
19149,2019-11,91,43.0937,314,19
19149,2019-12,99,35.3718,326,30
19149,2020-01,82,37.4787,295,20
19149,2020-02,75,40.7952,259,14
19149,2020-03,53,23.0390,174,15
19149,2020-04,37,17.3918,130,8
19149,2020-05,37,19.2314,133,6
19149,2020-06,32,12.1187,118,7
19149,2020-07,44,22.7567,152,9
19149,2020-08,48,14.9659,155,15
19149,2020-09,46,20.5330,140,10
19149,2020-10,51,26.8053,163,7
19149,2020-11,40,14.6951,133,12
19149,2020-12,29,7.9912,88,10
19149,2021-01,41,15.0991,143,11
19149,2021-02,41,13.8880,143,11
19149,2021-03,60,18.4774,177,19
19149,2021-04,50,27.8546,186,7
19149,2021-05,57,28.3222,207,13
19149,2021-06,60,29.0858,202,13
19149,2021-07,54,20.8456,191,15
19149,2021-08,47,7.4583,125,20
19149,2021-09,56,27.7439,187,12
19149,2021-10,47,16.0950,145,14
19149,2021-11,37,11.4724,113,12
19149,2021-12,42,18.0832,133,10
19150,2012-01,3,2.8909,13,0
19150,2012-02,3,2.2299,6,0
19150,2012-03,3,2.0358,10,0
19150,2012-04,3,1.1417,8,1
19150,2012-06,3,2.0866,14,0
19150,2012-07,2,-0.9323,8,2
19150,2012-08,8,2.2725,31,3
19150,2012-09,2,0.2694,6,1
19150,2012-10,5,4.2351,18,0
19150,2012-12,3,0.5746,10,1
19150,2013-01,4,2.7198,12,0
19150,2013-02,4,1.9188,19,1
19150,2013-03,4,3.0714,15,0
19150,2013-04,5,2.8962,13,0
19150,2013-05,3,-1.6679,5,3
19150,2013-06,1,0.2975,1,0
19150,2013-07,4,2.4618,17,1
19150,2013-08,5,-0.9994,10,3
19150,2013-09,4,2.3603,15,0
19150,2013-10,3,-0.1019,8,2
19150,2013-11,3,2.0841,14,0
19150,2013-12,9,2.6662,31,3
19150,2014-01,9,5.0089,33,1
19150,2014-02,7,4.1503,27,1
19150,2014-03,10,0.8270,20,5
19150,2014-04,6,5.4688,25,0
19150,2014-05,3,2.5328,11,0
19150,2014-06,6,3.7545,23,1
19150,2014-07,10,4.9290,34,2
19150,2014-08,16,8.6860,55,4
19150,2014-09,6,4.3748,27,0
19150,2014-10,12,4.7080,39,3
19150,2014-11,11,4.9443,35,3
19150,2014-12,12,0.6447,31,5
19150,2015-01,15,2.5521,43,7
19150,2015-02,10,1.5088,25,3
19150,2015-03,13,5.7308,50,3
19150,2015-04,23,3.9582,60,9
19150,2015-05,24,12.3903,84,4
19150,2015-06,16,0.2530,48,9
19150,2015-07,24,14.2709,88,4
19150,2015-08,27,5.7312,88,11
19150,2015-09,15,3.9098,42,4
19150,2015-10,14,1.1060,38,7
19150,2015-11,17,4.2740,54,7
19150,2015-12,15,5.0416,42,5
19150,2016-01,16,1.7729,43,7
19150,2016-02,15,2.8646,42,6
19150,2016-03,19,8.8761,69,5
19150,2016-04,19,9.2775,57,4
19150,2016-05,23,10.5508,75,6
19150,2016-06,21,8.4230,73,6
19150,2016-07,26,10.2746,85,8
19150,2016-08,17,10.4416,66,3
19150,2016-09,16,6.0917,55,4
19150,2016-10,18,6.2012,57,6
19150,2016-11,14,7.7977,48,3
19150,2016-12,15,3.3908,47,6
19150,2017-01,17,12.2234,73,2
19150,2017-02,17,4.2256,57,6
19150,2017-03,19,3.5114,57,8
19150,2017-04,22,2.1146,62,9
19150,2017-05,18,7.1809,59,4
19150,2017-06,26,9.2750,80,7
19150,2017-07,14,-1.0569,32,8
19150,2017-08,15,8.0316,51,2
19150,2017-09,26,7.5673,80,9
19150,2017-10,16,0.8836,42,7
19150,2017-11,10,4.9364,35,2
19150,2017-12,15,4.4396,38,3
19150,2018-01,17,-0.3833,50,11
19150,2018-02,24,8.2909,75,8
19150,2018-03,24,-5.2353,54,13
19150,2018-04,16,0.3587,43,7
19150,2018-05,24,3.6665,59,11
19150,2018-06,19,-1.5920,47,11
19150,2018-07,20,6.5165,58,6
19150,2018-08,11,-2.2502,24,7
19150,2018-09,16,1.2629,39,6
19150,2018-10,25,3.4338,61,11
19150,2018-11,20,-2.3356,54,10
19150,2018-12,18,7.7252,64,4
19150,2019-01,11,2.9785,28,3
19150,2019-02,21,7.7366,54,6
19150,2019-03,22,6.2804,58,6
19150,2019-04,26,8.2026,83,7
19150,2019-05,29,5.4075,80,11
19150,2019-06,18,9.2002,68,4
19150,2019-07,23,2.3193,58,11
19150,2019-08,12,2.5004,36,4
19150,2019-09,18,5.2001,54,6
19150,2019-10,18,9.3310,58,2
19150,2019-11,11,0.8378,26,5
19150,2019-12,14,3.8917,49,4
19150,2020-01,11,5.1322,38,3
19150,2020-02,15,2.6349,42,5
19150,2020-03,16,3.3221,39,7
19150,2020-04,9,-0.7386,25,5
19150,2020-05,17,6.3028,55,5
19150,2020-06,16,1.4717,36,8
19150,2020-07,12,5.4362,37,2
19150,2020-08,27,3.4978,68,12
19150,2020-09,23,11.1277,72,4
19150,2020-10,19,3.2978,51,8
19150,2020-11,15,3.9065,44,4
19150,2020-12,7,4.4036,27,1
19150,2021-01,11,4.9165,36,2
19150,2021-02,11,7.4582,37,1
19150,2021-03,18,1.5096,39,9
19150,2021-04,19,11.4710,63,2
19150,2021-05,17,6.9800,55,4
19150,2021-06,17,3.6466,44,6
19150,2021-07,19,6.4591,67,6
19150,2021-08,21,4.5173,56,7
19150,2021-09,13,-0.6101,31,7
19150,2021-10,8,1.5267,24,3
19150,2021-11,11,-0.4977,31,6
19150,2021-12,10,3.6049,21,4
19151,2012-01,11,3.2767,34,4
19151,2012-02,9,7.1519,38,0
19151,2012-03,8,7.0500,38,0
19151,2012-04,5,2.5282,19,1
19151,2012-05,15,6.5629,51,3
19151,2012-06,9,6.9965,38,1
19151,2012-07,7,6.6168,28,0
19151,2012-08,9,1.7389,31,3
19151,2012-09,7,4.9344,24,1
19151,2012-10,4,2.9816,12,0
19151,2012-11,11,3.0771,24,4
19151,2012-12,6,0.7399,13,3
19151,2013-01,9,1.6766,20,3
19151,2013-02,11,7.2131,39,1
19151,2013-03,15,7.8622,57,3
19151,2013-04,11,5.5909,39,3
19151,2013-05,8,7.3092,34,0
19151,2013-06,12,2.7238,33,5
19151,2013-07,8,3.6941,22,1
19151,2013-08,14,11.6340,60,0
19151,2013-09,9,3.0624,26,3
19151,2013-10,10,3.6037,34,3
19151,2013-11,12,9.3308,51,0
19151,2013-12,7,5.0886,27,0
19151,2014-01,13,10.3679,54,0
19151,2014-02,11,3.7107,35,4
19151,2014-03,14,8.3023,55,2
19151,2014-04,12,4.0407,34,4
19151,2014-05,17,7.1046,57,4
19151,2014-06,13,6.3954,46,3
19151,2014-07,11,6.0149,34,2
19151,2014-08,11,4.3745,42,3
19151,2014-09,13,6.6486,48,2
19151,2014-10,4,3.5396,17,0
19151,2014-11,12,6.4790,42,2
19151,2014-12,9,3.8677,32,2
19151,2015-01,11,9.8653,47,0
19151,2015-02,12,6.7694,35,2
19151,2015-03,13,4.7645,42,4
19151,2015-04,11,8.6181,37,0
19151,2015-05,16,11.1632,58,1
19151,2015-06,9,3.3212,26,3
19151,2015-07,17,9.0133,45,3
19151,2015-08,15,10.9244,59,1
19151,2015-09,20,6.3910,62,6
19151,2015-10,21,6.3532,61,7
19151,2015-11,25,9.5185,90,7
19151,2015-12,20,12.6874,81,3
19151,2016-01,26,18.3692,105,3
19151,2016-02,19,13.2030,76,2
19151,2016-03,20,10.9474,65,4
19151,2016-04,23,14.8547,77,3
19151,2016-05,16,3.3675,38,6
19151,2016-06,16,10.3828,66,2
19151,2016-07,31,20.6982,121,4
19151,2016-08,40,22.8939,137,8
19151,2016-09,30,14.7714,95,5
19151,2016-10,20,11.0583,63,3
19151,2016-11,19,10.1723,58,4
19151,2016-12,21,5.3453,55,8
19151,2017-01,27,11.9339,96,7
19151,2017-02,25,15.5066,99,5
19151,2017-03,26,7.2754,88,8
19151,2017-04,31,15.5945,107,7
19151,2017-05,29,12.5342,87,8
19151,2017-06,31,7.6768,87,12
19151,2017-07,32,10.4982,87,10
19151,2017-08,28,7.1171,88,9
19151,2017-09,25,11.4108,81,6
19151,2017-10,31,9.4718,93,10
19151,2017-11,17,5.2275,57,5
19151,2017-12,20,6.4034,65,7
19151,2018-01,22,14.0699,81,3
19151,2018-02,31,7.1077,91,13
19151,2018-03,22,10.3864,72,5
19151,2018-04,26,6.5204,83,9
19151,2018-05,26,7.2938,70,9
19151,2018-06,27,8.8523,100,8
19151,2018-07,26,6.3469,67,9
19151,2018-08,29,7.6305,84,8
19151,2018-09,15,4.9641,42,5
19151,2018-10,23,2.5426,66,12
19151,2018-11,13,1.1689,34,6
19151,2018-12,11,6.8395,43,2
19151,2019-01,15,8.8609,53,3
19151,2019-02,20,10.2141,63,3
19151,2019-03,20,9.6732,69,4
19151,2019-04,17,3.7939,40,7
19151,2019-05,16,3.7165,54,6
19151,2019-06,28,11.0120,73,6
19151,2019-07,22,3.3091,63,9
19151,2019-08,21,1.6046,53,9
19151,2019-09,14,3.9235,44,5
19151,2019-10,18,6.7505,58,6
19151,2019-11,12,5.1070,38,3
19151,2019-12,28,10.8381,82,8
19151,2020-01,19,9.3600,57,4
19151,2020-02,22,12.9193,74,4
19151,2020-03,15,5.0319,42,5
19151,2020-04,7,1.8492,16,2
19151,2020-05,18,-0.8972,45,9
19151,2020-06,17,-0.6346,36,11
19151,2020-07,18,0.8455,50,9
19151,2020-08,13,5.5171,48,4
19151,2020-09,12,5.6342,41,3
19151,2020-10,17,2.4130,48,8
19151,2020-11,15,9.4956,57,2
19151,2020-12,15,7.9254,47,3
19151,2021-01,9,3.0422,28,2
19151,2021-02,13,8.8415,49,1
19151,2021-03,13,1.7546,39,5
19151,2021-04,10,-2.0636,13,7
19151,2021-05,15,1.7731,34,7
19151,2021-06,8,1.9024,25,4
19151,2021-07,14,4.6235,31,4
19151,2021-08,14,-1.6079,29,8
19151,2021-09,14,-0.7987,31,8
19151,2021-10,13,1.8652,39,5
19151,2021-11,7,0.7022,16,3
19151,2021-12,13,3.7519,40,4
19152,2012-01,18,5.8029,66,6
19152,2012-02,15,9.0185,57,2
19152,2012-03,12,9.1485,47,0
19152,2012-04,20,10.0054,63,4
19152,2012-05,21,15.5253,73,0
19152,2012-06,9,6.7391,36,0
19152,2012-07,20,13.9751,78,1
19152,2012-08,11,8.7289,36,1
19152,2012-09,13,-1.2889,23,8
19152,2012-10,20,12.6876,74,3
19152,2012-11,15,12.9702,63,0
19152,2012-12,13,9.3890,46,1
19152,2013-01,13,2.3529,34,6
19152,2013-02,11,4.8171,31,2
19152,2013-03,18,10.1880,64,3
19152,2013-04,24,4.6808,73,10
19152,2013-05,20,11.6024,73,3
19152,2013-06,12,9.3012,38,0
19152,2013-07,22,7.6214,73,6
19152,2013-08,25,13.6346,83,4
19152,2013-09,17,11.5149,70,2
19152,2013-10,20,11.2445,71,3
19152,2013-11,23,11.6506,73,5
19152,2013-12,23,6.9934,77,7
19152,2014-01,26,18.0297,87,2
19152,2014-02,23,12.0684,87,5
19152,2014-03,32,20.1007,118,4
19152,2014-04,19,14.8623,84,1
19152,2014-05,16,5.0207,50,6
19152,2014-06,15,8.6040,57,3
19152,2014-07,32,19.1461,119,6
19152,2014-08,37,25.4682,132,4
19152,2014-09,22,11.7618,63,4
19152,2014-10,42,31.4301,171,5
19152,2014-11,34,26.9193,128,2
19152,2014-12,46,25.7121,164,8
19152,2015-01,41,26.2532,163,5
19152,2015-02,49,30.6226,175,9
19152,2015-03,60,41.9785,237,6
19152,2015-04,67,37.3060,227,12
19152,2015-05,36,22.3082,126,6
19152,2015-06,67,44.8180,255,8
19152,2015-07,68,40.5704,234,11
19152,2015-08,52,30.7343,191,9
19152,2015-09,47,29.3158,195,9
19152,2015-10,43,21.7237,147,9
19152,2015-11,52,25.1847,177,12
19152,2015-12,45,26.9833,173,7
19152,2016-01,56,33.9563,209,10
19152,2016-02,51,31.6992,184,6
19152,2016-03,53,23.9432,173,13
19152,2016-04,55,27.5868,205,12
19152,2016-05,50,20.0673,174,14
19152,2016-06,56,27.7786,192,12
19152,2016-07,41,21.5826,143,8
19152,2016-08,43,17.9765,127,11
19152,2016-09,44,22.6843,155,7
19152,2016-10,34,12.4435,103,9
19152,2016-11,34,16.9647,120,8
19152,2016-12,44,21.8908,141,9
19152,2017-01,44,28.8818,165,6
19152,2017-02,40,24.2077,146,7
19152,2017-03,49,26.3907,165,11
19152,2017-04,43,21.2818,138,9
19152,2017-05,42,19.2199,144,10
19152,2017-06,42,26.7343,168,7
19152,2017-07,41,17.3128,138,12
19152,2017-08,38,26.0740,142,4
19152,2017-09,49,31.3702,185,7
19152,2017-10,35,28.0351,139,2
19152,2017-11,38,26.8568,158,3
19152,2017-12,45,25.5274,174,8
19152,2018-01,48,19.4152,156,14
19152,2018-02,48,27.4062,182,9
19152,2018-03,49,30.4937,184,7
19152,2018-04,55,22.0260,178,16
19152,2018-05,68,36.6189,263,13
19152,2018-06,73,33.3277,253,15
19152,2018-07,55,25.6004,193,12
19152,2018-08,43,21.1748,156,10
19152,2018-09,42,19.9824,136,10
19152,2018-10,52,22.4259,179,14
19152,2018-11,41,23.2152,151,8
19152,2018-12,49,22.4096,152,12
19152,2019-01,44,26.1275,152,7
19152,2019-02,49,28.8644,174,6
19152,2019-03,54,23.4415,194,15
19152,2019-04,58,24.3769,187,15
19152,2019-05,40,17.0086,139,10
19152,2019-06,46,16.0122,127,14
19152,2019-07,40,5.9981,104,17
19152,2019-08,50,15.9379,148,15
19152,2019-09,37,6.7325,105,15
19152,2019-10,41,21.1104,139,8
19152,2019-11,35,5.8694,112,14
19152,2019-12,25,8.7109,75,8
19152,2020-01,26,14.2601,95,6
19152,2020-02,40,22.6772,155,8
19152,2020-03,40,17.9058,134,11
19152,2020-04,26,4.2532,66,11
19152,2020-05,28,13.9045,98,7
19152,2020-06,27,7.6177,75,9
19152,2020-07,27,7.9384,84,11
19152,2020-08,32,20.0659,131,5
19152,2020-09,34,15.5765,122,8
19152,2020-10,22,5.0996,74,9
19152,2020-11,22,9.3746,81,6
19152,2020-12,24,7.2415,79,9
19152,2021-01,27,16.1452,110,4
19152,2021-02,29,17.2436,104,5
19152,2021-03,34,12.1502,119,11
19152,2021-04,29,8.8440,90,9
19152,2021-05,32,12.3465,106,9
19152,2021-06,29,9.9809,99,10
19152,2021-07,38,18.3719,133,8
19152,2021-08,29,1.0664,68,13
19152,2021-09,16,2.9002,48,7
19152,2021-10,25,7.7735,73,7
19152,2021-11,36,9.9061,121,10
19152,2021-12,29,9.8799,88,9
19153,2012-01,69,25.5032,197,20
19153,2012-02,42,16.7853,114,13
19153,2012-03,53,15.3924,156,17
19153,2012-04,61,20.8791,179,17
19153,2012-05,66,25.5592,176,18
19153,2012-06,70,28.8457,190,18
19153,2012-07,72,31.0442,212,16
19153,2012-08,79,14.1991,206,29
19153,2012-09,63,14.8876,176,24
19153,2012-10,62,25.2502,186,17
19153,2012-11,70,32.9859,195,16
19153,2012-12,83,37.1058,251,20
19153,2013-01,76,33.6987,237,18
19153,2013-02,75,30.0227,205,16
19153,2013-03,72,30.7301,224,18
19153,2013-04,85,37.4136,237,21
19153,2013-05,103,41.1630,284,27
19153,2013-06,119,43.2343,315,27
19153,2013-07,113,23.9944,287,39
19153,2013-08,108,24.9831,252,40
19153,2013-09,101,39.7057,271,26
19153,2013-10,94,23.1815,255,33
19153,2013-11,102,18.4323,280,40
19153,2013-12,87,27.6112,245,26
19153,2014-01,93,25.9306,263,29
19153,2014-02,111,17.8061,290,46
19153,2014-03,119,33.0238,315,40
19153,2014-04,118,23.7531,296,46
19153,2014-05,156,29.4809,393,61
19153,2014-06,170,24.6571,389,68
19153,2014-07,146,20.4727,340,61
19153,2014-08,163,35.9679,395,55
19153,2014-09,159,58.1216,461,48
19153,2014-10,126,34.4988,346,43
19153,2014-11,113,22.1660,295,44
19153,2014-12,120,41.0474,342,39
19153,2015-01,151,51.4313,453,47
19153,2015-02,112,23.9789,296,42
19153,2015-03,171,33.9184,445,62
19153,2015-04,161,51.6115,448,52
19153,2015-05,189,38.9061,510,71
19153,2015-06,187,32.2174,457,73
19153,2015-07,222,39.5115,563,88
19153,2015-08,248,64.1979,673,82
19153,2015-09,233,61.4822,634,79
19153,2015-10,195,56.8562,528,69
19153,2015-11,141,44.8004,421,44
19153,2015-12,172,39.7313,449,68
19153,2016-01,156,50.9038,426,47
19153,2016-02,123,40.4202,364,34
19153,2016-03,147,30.7558,351,55
19153,2016-04,144,48.9047,405,45
19153,2016-05,189,52.2423,538,65
19153,2016-06,224,46.6617,592,88
19153,2016-07,214,49.1760,563,77
19153,2016-08,235,26.5827,565,103
19153,2016-09,158,31.2594,387,62
19153,2016-10,167,62.2552,462,48
19153,2016-11,107,30.5828,301,38
19153,2016-12,121,17.5155,302,49
19153,2017-01,133,33.7684,342,50
19153,2017-02,91,37.2014,259,24
19153,2017-03,121,40.8516,334,39
19153,2017-04,165,26.5249,410,67
19153,2017-05,165,27.4001,414,68
19153,2017-06,180,36.6244,463,69
19153,2017-07,166,16.5757,393,73
19153,2017-08,182,48.7132,454,62
19153,2017-09,154,31.1010,408,60
19153,2017-10,163,29.7048,391,70
19153,2017-11,147,42.6338,383,48
19153,2017-12,146,42.3213,415,51
19153,2018-01,162,45.5150,443,53
19153,2018-02,120,35.6117,317,39
19153,2018-03,162,41.6265,441,58
19153,2018-04,177,32.2278,451,72
19153,2018-05,198,53.9135,532,68
19153,2018-06,197,23.1750,475,84
19153,2018-07,243,33.8725,592,101
19153,2018-08,237,50.4299,636,91
19153,2018-09,175,32.7996,449,68
19153,2018-10,174,36.5957,458,65
19153,2018-11,167,48.5814,462,58
19153,2018-12,148,28.1695,416,55
19153,2019-01,141,46.9832,394,40
19153,2019-02,134,27.5579,382,53
19153,2019-03,150,34.7740,376,54
19153,2019-04,175,54.9917,490,55
19153,2019-05,184,34.2395,474,72
19153,2019-06,220,47.6449,571,78
19153,2019-07,204,45.8373,528,74
19153,2019-08,177,46.7748,469,62
19153,2019-09,148,29.6196,371,58
19153,2019-10,166,40.0407,427,59
19153,2019-11,155,50.9183,451,50
19153,2019-12,143,23.2857,378,57
19153,2020-01,119,31.0432,334,44
19153,2020-02,103,22.7069,265,40
19153,2020-03,64,18.9782,195,21
19153,2020-04,17,6.5068,50,5
19153,2020-05,19,4.0157,33,8
19153,2020-06,26,2.0818,44,13
19153,2020-07,46,4.7227,99,21
19153,2020-08,56,-0.7301,117,28
19153,2020-09,52,10.4273,138,20
19153,2020-10,47,14.4397,132,15
19153,2020-11,38,5.1296,99,18
19153,2020-12,34,4.6532,96,13
19153,2021-01,32,4.8334,80,13
19153,2021-02,42,2.1674,80,21
19153,2021-03,53,0.1546,132,27
19153,2021-04,51,-4.2246,118,28
19153,2021-05,71,0.7271,152,34
19153,2021-06,107,-9.4298,220,60
19153,2021-07,128,-6.2567,257,69
19153,2021-08,91,-0.8658,187,45
19153,2021-09,81,11.4665,183,34
19153,2021-10,70,-1.5036,146,35
19153,2021-11,63,15.5468,156,20
19153,2021-12,47,10.5786,124,17
19154,2012-01,18,8.5372,52,3
19154,2012-02,8,7.1143,32,0
19154,2012-03,19,0.8412,52,9
19154,2012-04,10,6.6278,27,1
19154,2012-05,9,0.1923,21,5
19154,2012-06,16,6.5716,42,4
19154,2012-07,17,9.4204,51,2
19154,2012-08,23,11.4186,70,5
19154,2012-09,6,1.8153,21,2
19154,2012-10,9,3.7273,23,2
19154,2012-11,5,2.4421,14,1
19154,2012-12,12,6.9582,43,2
19154,2013-01,12,2.7012,32,5
19154,2013-02,12,8.3861,35,1
19154,2013-03,14,1.7748,30,6
19154,2013-04,11,0.8516,23,5
19154,2013-05,22,10.4555,59,5
19154,2013-06,15,1.1872,38,7
19154,2013-07,21,12.9668,62,3
19154,2013-08,19,9.3872,57,5
19154,2013-09,14,3.6469,32,5
19154,2013-10,15,5.1062,49,5
19154,2013-11,18,-1.5386,43,10
19154,2013-12,23,4.3411,70,9
19154,2014-01,12,5.8822,37,2
19154,2014-02,24,8.2773,72,8
19154,2014-03,33,11.9226,98,9
19154,2014-04,19,9.9489,70,3
19154,2014-05,17,7.4445,42,4
19154,2014-06,28,11.1133,75,9
19154,2014-07,25,5.7973,70,9
19154,2014-08,24,11.9958,83,6
19154,2014-09,28,8.5466,74,10
19154,2014-10,19,-0.4489,38,11
19154,2014-11,25,4.4201,58,10
19154,2014-12,32,2.7449,73,14
19154,2015-01,26,6.0832,68,10
19154,2015-02,21,9.8505,60,5
19154,2015-03,35,17.7328,123,7
19154,2015-04,19,4.5159,46,7
19154,2015-05,25,5.9531,78,8
19154,2015-06,22,9.9899,67,5
19154,2015-07,37,5.9583,106,15
19154,2015-08,36,15.8811,107,9
19154,2015-09,25,4.7802,80,10
19154,2015-10,29,9.1066,74,9
19154,2015-11,32,7.5199,85,12
19154,2015-12,24,13.3836,78,3
19154,2016-01,29,8.8438,79,8
19154,2016-02,42,12.0761,131,14
19154,2016-03,33,5.7603,92,14
19154,2016-04,24,11.9138,78,4
19154,2016-05,31,10.9192,102,9
19154,2016-06,35,5.3439,98,13
19154,2016-07,49,14.7052,146,15
19154,2016-08,34,14.6090,104,6
19154,2016-09,34,13.4225,121,10
19154,2016-10,25,7.1786,79,6
19154,2016-11,34,5.9482,92,15
19154,2016-12,33,13.0411,106,9
19154,2017-01,47,13.8313,157,16
19154,2017-02,27,3.8327,67,13
19154,2017-03,39,15.4188,119,10
19154,2017-04,32,14.5613,108,9
19154,2017-05,42,14.8309,123,13
19154,2017-06,44,22.1374,141,11
19154,2017-07,35,10.1150,114,12
19154,2017-08,37,17.9907,127,8
19154,2017-09,29,7.8817,80,8
19154,2017-10,22,4.5761,63,8
19154,2017-11,21,10.9222,72,5
19154,2017-12,23,6.3097,55,8
19154,2018-01,26,7.9559,72,10
19154,2018-02,39,5.5675,115,17
19154,2018-03,33,12.1840,99,9
19154,2018-04,22,11.1762,72,4
19154,2018-05,30,12.1896,83,8
19154,2018-06,35,9.4243,92,11
19154,2018-07,49,17.6960,169,14
19154,2018-08,44,12.0854,122,14
19154,2018-09,45,12.0643,136,17
19154,2018-10,30,14.8842,85,5
19154,2018-11,31,17.0093,111,6
19154,2018-12,22,4.2970,61,10
19154,2019-01,42,17.4620,130,11
19154,2019-02,34,15.7388,110,8
19154,2019-03,31,9.7166,101,11
19154,2019-04,70,37.8131,256,17
19154,2019-05,108,58.4931,383,21
19154,2019-06,82,30.3506,268,25
19154,2019-07,66,39.9236,232,11
19154,2019-08,60,24.0887,173,18
19154,2019-09,61,26.2825,206,16
19154,2019-10,41,23.2999,136,6
19154,2019-11,57,31.8305,208,11
19154,2019-12,47,16.0509,147,16
19154,2020-01,48,23.4728,154,12
19154,2020-02,52,14.1423,147,18
19154,2020-03,36,6.6697,98,16
19154,2020-04,16,-0.1144,32,8
19154,2020-05,16,4.9876,43,5
19154,2020-06,22,2.2584,61,10
19154,2020-07,24,4.9910,63,10
19154,2020-08,27,8.0088,83,10
19154,2020-09,29,10.4670,79,9
19154,2020-10,46,24.1249,179,7
19154,2020-11,33,12.7695,110,9
19154,2020-12,26,10.0395,90,7
19154,2021-01,22,10.0566,81,5
19154,2021-02,20,10.3682,76,5
19154,2021-03,17,4.5323,57,5
19154,2021-04,19,2.4667,54,8
19154,2021-05,31,-0.5458,78,16
19154,2021-06,35,9.7822,98,12
19154,2021-07,30,3.7584,93,13
19154,2021-08,43,18.1155,140,11
19154,2021-09,30,7.8725,82,11
19154,2021-10,23,2.7108,52,9
19154,2021-11,28,10.5323,84,8
19154,2021-12,31,12.3284,92,9
19155,2018-04,3,2.6650,12,0
19155,2018-05,4,2.5946,8,0
19155,2018-06,4,2.3731,11,0
19155,2018-07,6,2.2517,16,2
19155,2018-08,21,12.6287,93,3
19155,2018-09,6,2.3908,17,2
19155,2018-10,3,-0.7265,5,2
19155,2018-11,2,0.3955,2,1
19155,2018-12,1,0.9621,5,0
19155,2019-01,3,-0.8903,5,2
19155,2019-02,3,2.8054,14,0
19155,2019-03,5,0.8541,16,2
19155,2019-04,8,7.1222,33,0
19155,2019-05,5,4.8058,23,0
19155,2019-06,3,1.1996,11,1
19155,2019-07,2,1.9209,9,0
19155,2019-08,2,1.8294,10,0
19155,2019-09,3,1.6706,10,0
19155,2019-10,2,0.8711,2,0
19155,2019-11,2,1.9149,7,0
19155,2019-12,3,-0.0836,10,2
19155,2020-01,4,0.0916,11,2
19155,2020-09,1,0.6597,1,0
19155,2020-11,1,0.4404,1,0
19155,2020-12,1,-0.7114,1,1
19155,2021-07,2,-0.2219,4,1
19155,2021-08,1,0.9008,2,0
19155,2021-10,5,1.8158,13,2
19155,2021-11,1,0.9953,5,0
19155,2021-12,1,0.9803,3,0
19160,2012-09,1,-0.0258,1,0
19160,2012-11,3,-0.2012,3,1
19160,2012-12,2,-1.7667,2,2
19160,2013-01,1,0.7140,4,0
19160,2013-02,1,-0.8400,1,1
19160,2013-03,1,0.6858,2,0
19160,2013-04,1,0.9815,4,0
19160,2013-10,1,0.9376,5,0
19160,2014-04,1,0.9667,3,0
19160,2014-09,1,-0.3612,1,1
19160,2015-02,1,-0.2643,1,1
19160,2015-07,1,0.7234,4,0
19160,2015-09,1,0.9657,4,0
19160,2015-10,1,0.4948,1,0
19160,2016-04,1,0.9380,5,0
19160,2016-05,3,-2.1058,3,3
19160,2016-07,1,-0.8924,1,1
19160,2016-08,2,1.5976,8,0
19160,2016-09,2,-0.4317,2,1
19160,2016-12,1,0.0000,1,0
19160,2017-06,1,-0.6606,1,1
19160,2017-10,3,2.6610,14,0
19160,2017-12,1,0.9912,5,0
19160,2018-09,1,0.8908,5,0
19160,2019-02,1,0.9629,4,0
19176,2012-01,30,20.0101,105,4
19176,2012-02,19,14.6602,80,2
19176,2012-03,16,10.9742,55,2
19176,2012-04,37,24.2670,145,5
19176,2012-05,29,19.1348,113,4
19176,2012-06,32,19.2594,117,5
19176,2012-07,25,19.2002,101,2
19176,2012-08,29,22.1093,107,2
19176,2012-09,21,13.5585,84,3
19176,2012-10,15,12.0409,48,1
19176,2012-11,13,7.4497,47,1
19176,2012-12,9,6.8045,38,1
19176,2013-01,17,10.1063,54,2
19176,2013-02,21,11.8756,76,4
19176,2013-03,17,13.1439,65,1
19176,2013-04,38,25.6919,155,5
19176,2013-05,17,12.5511,51,2
19176,2013-06,17,10.9570,74,2
19176,2013-07,24,15.3964,84,3
19176,2013-08,25,18.0158,98,3
19176,2013-09,26,18.0698,95,2
19176,2013-10,15,13.2000,62,0
19176,2013-11,15,5.5946,44,4
19176,2013-12,11,8.2657,44,1
19176,2014-01,16,8.5927,54,3
19176,2014-02,11,7.5987,38,1
19176,2014-03,18,11.6206,67,3
19176,2014-04,24,17.2121,91,2
19176,2014-05,19,13.7189,74,2
19176,2014-06,24,17.6034,89,1
19176,2014-07,24,16.8939,99,2
19176,2014-08,27,19.3376,101,3
19176,2014-09,22,16.0850,84,3
19176,2014-10,20,11.0507,67,5
19176,2014-11,15,9.3053,60,1
19176,2014-12,15,9.8218,57,2
19176,2015-01,13,10.1428,48,1
19176,2015-02,3,2.8430,11,0
19176,2015-03,8,6.8740,33,0
19176,2015-04,11,7.5250,46,2
19176,2015-05,24,15.9245,86,2
19176,2015-06,13,11.2380,41,0
19176,2015-07,15,12.1229,62,0
19176,2015-08,20,14.0965,78,2
19176,2015-09,15,8.0194,54,3
19176,2015-10,16,10.6046,55,2
19176,2015-11,16,14.4691,67,0
19176,2015-12,3,2.3294,13,0
19176,2016-01,9,4.4376,35,2
19176,2016-02,11,9.3722,50,0
19176,2016-03,11,9.6088,48,0
19176,2016-04,8,7.5218,37,0
19176,2016-05,15,12.0510,65,1
19176,2016-06,11,8.1060,45,1
19176,2016-07,10,8.5331,38,0
19176,2016-08,12,7.8903,45,1
19176,2016-09,18,12.9814,72,1
19176,2016-10,10,5.5664,39,2
19176,2016-11,6,3.7519,22,1
19176,2016-12,7,4.4763,28,1
19176,2017-01,8,6.6945,29,0
19176,2017-02,6,5.6391,29,0
19176,2017-03,6,3.9535,21,0
19176,2017-04,13,8.7160,56,1
19176,2017-05,15,12.3851,65,0
19176,2017-06,14,8.4737,53,3
19176,2017-07,16,12.6056,67,1
19176,2017-08,12,10.5164,55,0
19176,2017-09,10,6.7132,37,1
19176,2017-10,14,9.2281,56,1
19176,2017-11,9,8.3107,40,0
19176,2017-12,8,4.6824,32,2
19176,2018-01,6,5.4521,26,0
19176,2018-02,3,1.8464,12,1
19176,2018-03,4,3.6861,14,0
19176,2018-04,8,6.7463,34,0
19176,2018-05,18,11.3551,76,2
19176,2018-06,16,11.4484,62,2
19176,2018-07,14,10.5757,57,1
19176,2018-08,19,12.9110,73,3
19176,2018-09,11,9.8357,41,0
19176,2018-10,2,1.8612,8,0
19176,2018-11,7,4.9770,25,0
19176,2018-12,10,7.7330,40,1
19176,2019-01,7,6.4214,29,0
19176,2019-02,5,4.3913,22,0
19176,2019-03,8,4.8982,24,1
19176,2019-04,14,10.0790,53,2
19176,2019-05,18,11.5311,65,2
19176,2019-06,10,7.1014,40,1
19176,2019-07,12,8.9437,54,1
19176,2019-08,13,7.2430,45,2
19176,2019-09,13,8.2217,51,2
19176,2019-10,9,4.5868,31,2
19176,2019-11,4,0.9890,9,1
19176,2019-12,4,1.9091,16,1
19176,2020-01,6,5.3819,27,0
19176,2020-02,6,5.7364,27,0
19176,2020-03,3,2.6536,14,0
19176,2020-04,2,1.9138,10,0
19176,2020-05,7,6.1172,28,0
19176,2020-07,3,-0.1801,7,2
19176,2020-08,4,3.6552,20,0
19176,2020-09,5,2.0037,19,1
19176,2020-10,3,1.6586,13,0
19176,2020-11,3,0.8621,10,1
19176,2020-12,4,2.7725,14,1
19176,2021-02,2,1.9791,8,0
19176,2021-03,2,1.7152,8,0
19176,2021-04,4,3.7921,18,0
19176,2021-05,3,2.4831,8,0
19176,2021-06,3,-0.9496,3,3
19176,2021-07,7,6.6724,34,0
19176,2021-08,6,4.2866,26,1
19176,2021-09,8,6.8541,36,0
19176,2021-10,2,1.3241,9,0
19176,2021-11,4,0.8894,10,2
19176,2021-12,2,1.5801,10,0
19192,2014-08,1,-0.9484,1,1
19192,2015-09,1,0.4781,1,0
19192,2016-03,1,-0.6901,1,1
19192,2018-10,1,-0.9168,1,1
19192,2019-02,1,-0.1154,1,1
19195,2012-01,8,4.6985,24,2
19195,2012-02,9,6.9457,39,0
19195,2012-03,2,1.8533,8,0
19195,2012-04,7,4.4219,29,0
19195,2012-05,5,4.7504,16,0
19195,2012-06,7,2.7086,23,2
19195,2012-07,9,3.7640,29,3
19195,2012-08,9,3.8266,27,2
19195,2012-09,4,3.1445,13,0
19195,2012-10,9,2.3638,33,2
19195,2012-11,3,1.7372,8,0
19195,2012-12,10,8.7335,41,0
19195,2013-01,10,7.1404,37,1
19195,2013-02,5,1.4383,18,2
19195,2013-03,5,4.4363,25,0
19195,2013-04,5,3.2253,16,0
19195,2013-05,6,3.4101,18,1
19195,2013-06,11,4.7276,31,3
19195,2013-07,12,6.8583,38,1
19195,2013-08,5,4.6536,15,0
19195,2013-09,6,5.5284,27,0
19195,2013-10,11,7.9235,35,1
19195,2013-11,5,1.7258,16,2
19195,2013-12,11,6.2501,35,2
19195,2014-01,9,1.8662,24,4
19195,2014-02,5,2.5070,20,1
19195,2014-03,3,2.6701,9,0
19195,2014-04,6,3.2251,24,1
19195,2014-05,5,2.3757,21,1
19195,2014-06,8,3.3855,21,2
19195,2014-07,9,-1.0338,22,6
19195,2014-08,6,3.6069,16,1
19195,2014-09,7,4.0537,25,1
19195,2014-10,7,4.4320,26,1
19195,2014-11,4,2.6273,12,0
19195,2014-12,5,2.6852,20,1
19195,2015-01,5,4.1344,16,0
19195,2015-02,4,1.7951,12,1
19195,2015-03,5,2.4611,19,1
19195,2015-04,7,5.6849,23,0
19195,2015-05,6,0.5952,11,2
19195,2015-06,11,4.3385,36,3
19195,2015-07,4,0.4834,12,2
19195,2015-08,8,4.7000,24,1
19195,2015-09,5,1.8451,12,2
19195,2015-10,3,1.5942,13,0
19195,2015-11,2,-0.0415,5,1
19195,2015-12,7,4.9849,28,1
19195,2016-01,2,1.1656,8,0
19195,2016-02,3,0.9524,10,1
19195,2016-03,2,1.3521,10,0
19195,2016-04,5,1.3154,12,2
19195,2016-05,8,1.6939,29,3
19195,2016-06,2,1.7589,5,0
19195,2016-07,15,3.5733,40,6
19195,2016-08,3,0.3817,9,1
19195,2016-09,4,1.1500,14,1
19195,2016-10,4,1.1348,8,2
19195,2016-11,1,0.9176,5,0
19195,2016-12,3,-0.2287,9,1
19195,2017-01,1,-0.4997,1,1
19195,2017-02,6,1.7827,15,2
19195,2017-03,1,0.9175,4,0
19195,2017-04,5,1.5052,16,2
19195,2017-05,3,2.7212,11,0
19195,2017-06,10,4.3864,35,2
19195,2017-07,8,4.9977,18,1
19195,2017-08,2,1.9168,9,0
19195,2017-09,3,2.8745,9,0
19195,2017-10,1,0.9801,3,0
19195,2017-11,3,1.4444,10,0
19195,2018-01,1,0.9522,5,0
19195,2018-02,4,3.2207,16,0
19195,2018-03,2,1.0785,8,0
19195,2018-04,7,6.5885,30,0
19195,2018-05,12,5.4988,32,3
19195,2018-06,5,4.2593,21,0
19195,2018-07,7,3.6697,18,1
19195,2018-08,1,0.9432,5,0
19195,2018-09,2,1.5973,4,0
19195,2018-11,1,0.9791,5,0
19195,2018-12,3,2.7243,10,0
19195,2019-01,1,0.5859,5,0
19195,2019-03,2,1.9404,7,0
19195,2019-04,4,1.2850,12,1
19195,2019-05,4,0.3455,11,2
19195,2019-06,2,0.8399,3,0
19195,2019-07,4,1.2875,8,1
19195,2019-08,6,2.6110,17,2
19195,2019-09,7,4.7071,27,1
19195,2019-10,1,0.9411,3,0
19195,2019-11,1,-0.2973,2,1
19195,2019-12,3,2.6798,8,0
19195,2020-03,1,0.8976,5,0
19195,2020-06,2,0.1001,5,1
19195,2020-07,4,1.8486,12,1
19195,2020-08,9,-1.1762,12,5
19195,2020-09,4,2.0565,12,1
19195,2020-10,2,1.9032,8,0
19195,2020-12,1,0.3400,1,0
19195,2021-03,1,0.9258,5,0
19195,2021-05,1,0.7088,5,0
19195,2021-06,2,0.5177,4,1
19195,2021-07,4,0.9083,12,2
19195,2021-08,3,-0.8470,4,2
19195,2021-09,3,-0.2811,3,1
19195,2021-10,1,0.8803,4,0
19195,2021-11,1,0.8449,5,0
19195,2021-12,1,0.9245,4,0
33601,2012-02,1,0.9866,5,0
33601,2012-07,3,2.9086,14,0
33601,2012-08,1,0.9440,2,0
33601,2012-09,3,2.7469,12,0
33601,2012-10,1,0.8494,4,0
33601,2012-11,1,0.6354,2,0
33601,2013-03,4,2.0874,16,1
33601,2013-04,1,0.2751,3,0
33601,2013-05,5,2.8677,16,1
33601,2013-07,2,1.9108,10,0
33601,2013-08,3,2.7648,12,0
33601,2013-09,3,2.3496,13,0
33601,2013-10,2,0.9127,2,0
33601,2013-11,6,1.9836,22,2
33601,2013-12,1,0.6997,4,0
33601,2014-02,2,1.9448,10,0
33601,2014-03,4,3.0577,11,0
33601,2014-04,2,1.9489,9,0
33601,2014-05,5,4.5664,24,0
33601,2014-06,1,-0.7118,5,1
33601,2014-08,2,1.9827,10,0
33601,2014-09,1,0.9119,4,0
33601,2014-10,2,1.9506,10,0
33601,2014-11,2,1.4860,8,0
33601,2014-12,2,1.8053,10,0
33601,2015-01,4,3.2729,20,0
33601,2015-02,1,0.9700,4,0
33601,2015-03,2,1.5867,10,0
33601,2015-04,9,6.5629,39,1
33601,2015-05,7,4.7551,31,0
33601,2015-06,5,4.7847,23,0
33601,2015-07,3,2.8218,15,0
33601,2015-08,2,1.9634,10,0
33601,2015-09,5,4.7771,25,0
33601,2015-10,6,5.5820,27,0
33601,2015-11,2,1.6419,7,0
33601,2016-01,8,5.5748,35,1
33601,2016-02,3,2.9515,14,0
33601,2016-03,5,4.7423,24,0
33601,2016-04,4,1.6653,11,1
33601,2016-05,4,3.9304,19,0
33601,2016-06,5,4.3087,22,0
33601,2016-07,3,2.3972,12,0
33601,2016-08,3,2.8055,15,0
33601,2016-09,4,2.7509,16,0
33601,2016-10,4,3.6184,20,0
33601,2016-11,5,3.6612,20,0
33601,2016-12,3,2.6172,13,0
33601,2017-01,2,1.9715,10,0
33601,2017-02,11,10.3275,55,0
33601,2017-03,4,2.1839,16,1
33601,2017-04,2,0.0653,6,1
33601,2017-05,6,5.5433,26,0
33601,2017-06,3,1.1337,11,1
33601,2017-07,4,1.0402,12,2
33601,2017-08,3,1.4144,10,1
33601,2017-09,1,0.7973,5,0
33601,2017-10,3,2.6695,14,0
33601,2017-11,3,0.2236,10,1
33601,2017-12,3,1.2167,10,1
33601,2018-01,4,3.5133,19,0
33601,2018-02,4,3.6992,17,0
33601,2018-03,4,2.1280,16,1
33601,2018-04,3,2.7934,15,0
33601,2018-05,3,2.6687,13,0
33601,2018-06,6,2.7643,22,2
33601,2018-07,6,5.7251,30,0
33601,2018-08,4,3.3439,16,0
33601,2018-09,7,0.6259,19,3
33601,2018-10,3,2.2153,10,0
33601,2018-11,3,2.9662,15,0
33601,2018-12,6,1.3513,18,2
33601,2019-01,6,1.7462,21,2
33601,2019-02,3,0.9993,11,1
33601,2019-03,2,-0.8722,2,2
33601,2019-04,2,-1.2314,2,2
33601,2019-06,2,1.8850,10,0
33601,2019-07,3,0.5326,6,1
33601,2019-08,1,0.9595,5,0
33601,2019-09,4,0.3493,13,2
33601,2019-10,1,-0.3421,1,1
33601,2019-11,2,-0.0050,6,1
33601,2020-01,1,0.9392,4,0
33601,2020-02,3,-0.7066,7,2
33601,2020-03,1,0.9808,5,0
33601,2020-04,3,1.0321,11,1
33601,2020-05,6,5.3350,26,0
33601,2020-07,4,3.4046,20,0
33601,2020-09,1,-0.9633,1,1
33601,2020-10,1,0.8348,5,0
33601,2020-11,3,1.6321,11,0
33601,2020-12,4,2.0126,18,1
33601,2021-01,4,-0.4960,12,2
33601,2021-02,6,3.8627,26,1
33601,2021-03,8,3.3909,28,2
33601,2021-04,7,1.2870,19,3
33601,2021-05,6,4.9579,29,0
33601,2021-06,2,0.4558,6,1
33601,2021-07,4,1.7895,15,1
33601,2021-08,2,0.2920,6,0
33601,2021-09,3,1.0678,11,1
33601,2021-10,7,0.2114,23,3
33601,2021-11,4,1.0291,8,2
33601,2021-12,2,1.6385,10,0
33602,2012-01,93,65.3307,336,11
33602,2012-02,98,72.7777,374,8
33602,2012-03,91,66.3539,324,9
33602,2012-04,61,43.7521,216,6
33602,2012-05,83,56.0067,293,10
33602,2012-06,90,55.6451,303,12
33602,2012-07,102,70.8063,370,10
33602,2012-08,62,46.1269,233,5
33602,2012-09,61,43.1988,220,6
33602,2012-10,91,61.7749,310,11
33602,2012-11,131,97.7668,475,8
33602,2012-12,102,75.4082,372,9
33602,2013-01,142,100.4718,512,16
33602,2013-02,124,94.7695,453,9
33602,2013-03,151,105.1050,520,18
33602,2013-04,130,98.0760,480,10
33602,2013-05,121,90.8468,466,12
33602,2013-06,109,73.4758,384,14
33602,2013-07,124,92.2090,460,9
33602,2013-08,145,106.5681,556,13
33602,2013-09,130,96.7559,479,10
33602,2013-10,161,123.2045,605,10
33602,2013-11,147,94.4247,493,21
33602,2013-12,135,94.3602,497,15
33602,2014-01,171,121.2519,624,20
33602,2014-02,157,100.1528,561,25
33602,2014-03,226,152.0745,806,31
33602,2014-04,151,106.0614,566,15
33602,2014-05,203,141.1860,701,21
33602,2014-06,173,113.3868,639,25
33602,2014-07,228,157.8614,797,24
33602,2014-08,248,184.2094,925,23
33602,2014-09,266,192.7720,1019,26
33602,2014-10,270,221.2127,1062,12
33602,2014-11,284,202.0003,1089,33
33602,2014-12,259,168.6381,928,37
33602,2015-01,365,263.5581,1380,32
33602,2015-02,356,236.1261,1289,49
33602,2015-03,454,318.9710,1686,51
33602,2015-04,390,273.5611,1492,45
33602,2015-05,426,292.8955,1605,47
33602,2015-06,396,279.6223,1476,39
33602,2015-07,402,268.6245,1483,51
33602,2015-08,387,287.2894,1519,33
33602,2015-09,349,261.8258,1373,32
33602,2015-10,365,243.5765,1369,51
33602,2015-11,355,241.1582,1325,42
33602,2015-12,348,236.6079,1271,47
33602,2016-01,431,281.0310,1597,63
33602,2016-02,428,307.8760,1672,47
33602,2016-03,493,325.7532,1836,65
33602,2016-04,388,271.5231,1461,43
33602,2016-05,407,262.7407,1471,61
33602,2016-06,362,250.7184,1399,41
33602,2016-07,423,292.2448,1617,50
33602,2016-08,360,229.8133,1332,52
33602,2016-09,323,224.3436,1216,34
33602,2016-10,319,200.5483,1184,49
33602,2016-11,251,156.0188,939,41
33602,2016-12,313,199.6304,1130,43
33602,2017-01,396,248.4306,1497,64
33602,2017-02,414,271.5716,1525,53
33602,2017-03,452,259.2062,1618,81
33602,2017-04,373,236.9977,1408,55
33602,2017-05,425,265.3315,1577,65
33602,2017-06,465,325.8632,1816,53
33602,2017-07,433,306.0099,1656,51
33602,2017-08,382,270.3209,1492,43
33602,2017-09,352,222.2626,1300,54
33602,2017-10,460,323.5431,1784,53
33602,2017-11,409,283.2204,1527,43
33602,2017-12,506,336.5317,1902,68
33602,2018-01,482,328.1746,1830,56
33602,2018-02,632,459.2653,2497,54
33602,2018-03,699,483.1992,2698,81
33602,2018-04,671,481.0205,2630,68
33602,2018-05,634,435.5397,2460,72
33602,2018-06,554,389.2941,2154,54
33602,2018-07,615,442.3073,2448,61
33602,2018-08,535,351.8055,2039,74
33602,2018-09,456,301.5200,1770,62
33602,2018-10,587,391.9967,2309,76
33602,2018-11,530,378.5375,2154,55
33602,2018-12,636,412.7499,2357,93
33602,2019-01,741,512.5038,2871,84
33602,2019-02,651,454.4105,2512,81
33602,2019-03,803,524.9835,3004,111
33602,2019-04,669,461.3730,2529,80
33602,2019-05,666,430.0171,2461,95
33602,2019-06,637,444.1387,2478,68
33602,2019-07,662,466.9858,2584,67
33602,2019-08,625,423.5002,2418,77
33602,2019-09,551,368.0895,2105,72
33602,2019-10,594,413.3119,2319,70
33602,2019-11,445,242.8749,1585,87
33602,2019-12,524,357.2636,2005,71
33602,2020-01,553,343.4427,2040,87
33602,2020-02,549,362.7224,2094,71
33602,2020-03,433,318.7698,1789,38
33602,2020-04,108,73.8659,444,14
33602,2020-05,196,120.1004,767,33
33602,2020-06,249,160.6409,986,36
33602,2020-07,275,187.9066,1100,31
33602,2020-08,319,206.9893,1229,48
33602,2020-09,377,251.6662,1434,46
33602,2020-10,338,222.0108,1318,43
33602,2020-11,382,248.8852,1485,59
33602,2020-12,419,307.7202,1729,40
33602,2021-01,464,321.4715,1852,58
33602,2021-02,487,332.6478,1895,59
33602,2021-03,581,403.7594,2224,63
33602,2021-04,479,311.0061,1834,68
33602,2021-05,510,300.3768,1895,85
33602,2021-06,507,319.6486,1920,73
33602,2021-07,510,317.3960,1938,79
33602,2021-08,480,332.8395,1966,55
33602,2021-09,364,239.1180,1408,49
33602,2021-10,461,302.1306,1791,68
33602,2021-11,394,236.8939,1457,66
33602,2021-12,526,323.8938,1956,81
33603,2012-01,19,15.9483,74,1
33603,2012-02,12,5.8704,36,2
33603,2012-03,17,14.3836,68,1
33603,2012-04,13,10.8934,51,0
33603,2012-05,10,6.1796,37,2
33603,2012-06,22,15.9070,82,3
33603,2012-07,11,8.6128,47,1
33603,2012-08,24,18.0735,92,2
33603,2012-09,15,11.4294,65,1
33603,2012-10,24,21.3320,104,1
33603,2012-11,20,14.8930,81,2
33603,2012-12,24,18.1513,93,1
33603,2013-01,36,29.0849,145,2
33603,2013-02,33,20.1643,127,5
33603,2013-03,26,24.0798,108,0
33603,2013-04,25,18.5926,92,3
33603,2013-05,32,23.6397,126,3
33603,2013-06,25,17.7461,94,2
33603,2013-07,26,15.3898,103,4
33603,2013-08,37,28.4730,153,2
33603,2013-09,22,18.9090,98,1
33603,2013-10,23,20.6770,91,0
33603,2013-11,21,9.1636,72,7
33603,2013-12,36,26.4128,144,3
33603,2014-01,37,29.3536,149,3
33603,2014-02,35,23.0900,119,4
33603,2014-03,38,33.6642,160,0
33603,2014-04,24,19.8401,98,1
33603,2014-05,41,33.5751,182,1
33603,2014-06,46,36.9850,189,2
33603,2014-07,39,31.7623,156,2
33603,2014-08,35,26.9457,134,3
33603,2014-09,35,21.7886,133,6
33603,2014-10,41,29.2402,171,3
33603,2014-11,24,20.9034,107,1
33603,2014-12,42,30.0586,162,4
33603,2015-01,62,47.3480,259,4
33603,2015-02,66,50.0545,275,6
33603,2015-03,58,40.3270,230,7
33603,2015-04,57,46.4358,233,3
33603,2015-05,56,42.8316,235,5
33603,2015-06,71,46.3164,283,10
33603,2015-07,111,80.4884,447,14
33603,2015-08,111,85.1842,440,9
33603,2015-09,102,83.5463,436,6
33603,2015-10,84,60.7881,325,10
33603,2015-11,137,112.3546,550,6
33603,2015-12,105,80.2613,424,9
33603,2016-01,144,112.3979,560,10
33603,2016-02,111,85.2836,464,8
33603,2016-03,142,95.5814,558,18
33603,2016-04,125,95.1098,518,10
33603,2016-05,130,89.3268,528,15
33603,2016-06,89,61.8881,353,10
33603,2016-07,151,108.6086,622,16
33603,2016-08,103,66.5191,427,15
33603,2016-09,95,66.2827,378,10
33603,2016-10,92,68.4120,365,7
33603,2016-11,80,64.3670,336,5
33603,2016-12,79,59.1361,306,7
33603,2017-01,143,107.2417,596,10
33603,2017-02,101,78.8553,412,7
33603,2017-03,99,68.3005,403,11
33603,2017-04,96,68.6991,395,10
33603,2017-05,103,70.3934,425,14
33603,2017-06,139,102.5421,573,12
33603,2017-07,133,97.1747,550,11
33603,2017-08,126,85.7437,515,16
33603,2017-09,94,58.7460,364,13
33603,2017-10,97,74.4240,420,6
33603,2017-11,93,69.3202,368,7
33603,2017-12,90,64.9001,370,8
33603,2018-01,122,93.5602,504,11
33603,2018-02,109,85.5681,448,6
33603,2018-03,145,108.0733,593,12
33603,2018-04,120,88.5990,518,11
33603,2018-05,114,83.7149,475,9
33603,2018-06,104,75.8471,434,10
33603,2018-07,132,92.3048,560,15
33603,2018-08,134,93.0772,540,15
33603,2018-09,106,71.1817,431,13
33603,2018-10,104,72.4627,432,9
33603,2018-11,92,61.3347,399,11
33603,2018-12,102,72.7359,441,10
33603,2019-01,106,74.2689,443,12
33603,2019-02,99,70.6040,415,8
33603,2019-03,111,76.0255,458,13
33603,2019-04,133,97.1514,546,10
33603,2019-05,90,64.0702,378,7
33603,2019-06,135,89.6376,560,17
33603,2019-07,143,88.0486,598,23
33603,2019-08,108,81.4195,457,8
33603,2019-09,101,72.3887,427,10
33603,2019-10,106,76.9581,423,11
33603,2019-11,95,65.5267,407,12
33603,2019-12,80,52.9821,314,9
33603,2020-01,86,65.1149,381,8
33603,2020-02,120,92.5657,538,8
33603,2020-03,76,59.9155,318,5
33603,2020-04,39,24.6728,147,6
33603,2020-05,60,47.8264,268,3
33603,2020-06,68,48.6380,271,6
33603,2020-07,75,59.9603,331,4
33603,2020-08,106,61.0925,414,19
33603,2020-09,79,53.8425,331,8
33603,2020-10,83,52.8626,337,11
33603,2020-11,80,55.3826,336,10
33603,2020-12,59,41.5245,253,6
33603,2021-01,76,45.4944,305,12
33603,2021-02,77,56.6974,326,5
33603,2021-03,81,63.6763,359,5
33603,2021-04,74,54.4004,310,6
33603,2021-05,80,57.9844,348,7
33603,2021-06,82,59.6358,354,6
33603,2021-07,104,65.7052,401,14
33603,2021-08,87,49.1580,337,14
33603,2021-09,58,32.7639,222,12
33603,2021-10,74,45.7590,282,11
33603,2021-11,59,36.9262,233,10
33603,2021-12,61,42.5391,249,6
33604,2012-01,47,37.1161,184,2
33604,2012-02,44,32.2279,183,4
33604,2012-03,45,30.6527,175,5
33604,2012-04,36,30.0695,148,1
33604,2012-05,33,30.1548,141,0
33604,2012-06,51,35.4037,180,6
33604,2012-07,39,29.1342,150,3
33604,2012-08,35,27.4973,142,2
33604,2012-09,49,39.3541,200,2
33604,2012-10,44,32.9115,176,3
33604,2012-11,49,37.7927,187,4
33604,2012-12,40,32.1292,166,3
33604,2013-01,61,48.1602,245,4
33604,2013-02,57,45.1151,222,5
33604,2013-03,82,64.8745,340,7
33604,2013-04,60,39.4708,233,8
33604,2013-05,74,57.9351,293,3
33604,2013-06,44,33.3699,183,4
33604,2013-07,63,48.6314,259,4
33604,2013-08,72,55.5838,275,5
33604,2013-09,69,53.2857,277,6
33604,2013-10,60,48.5200,239,3
33604,2013-11,60,46.3008,251,3
33604,2013-12,71,49.2172,278,8
33604,2014-01,84,56.9121,327,12
33604,2014-02,80,67.5715,328,4
33604,2014-03,103,81.9826,436,7
33604,2014-04,80,63.1746,335,5
33604,2014-05,99,74.1594,412,7
33604,2014-06,81,56.6636,310,8
33604,2014-07,115,82.9247,461,12
33604,2014-08,101,68.8527,389,10
33604,2014-09,92,67.2275,375,8
33604,2014-10,105,80.2579,417,7
33604,2014-11,109,81.2351,439,9
33604,2014-12,128,92.5982,507,11
33604,2015-01,186,139.0615,732,15
33604,2015-02,129,81.2539,459,21
33604,2015-03,169,109.4854,619,25
33604,2015-04,141,99.0253,566,15
33604,2015-05,127,86.6359,492,16
33604,2015-06,115,84.5608,445,8
33604,2015-07,147,99.5960,558,18
33604,2015-08,161,115.9834,622,18
33604,2015-09,142,104.2640,533,14
33604,2015-10,125,90.6991,476,13
33604,2015-11,115,89.4727,465,8
33604,2015-12,91,66.8147,361,8
33604,2016-01,165,130.3016,683,8
33604,2016-02,140,104.3787,558,11
33604,2016-03,145,101.9035,579,15
33604,2016-04,140,103.7671,541,13
33604,2016-05,126,96.5617,504,8
33604,2016-06,123,84.6600,499,13
33604,2016-07,172,119.9636,688,21
33604,2016-08,136,90.7906,521,18
33604,2016-09,103,70.4893,414,10
33604,2016-10,133,83.2019,508,20
33604,2016-11,87,53.7779,355,15
33604,2016-12,126,78.2458,487,16
33604,2017-01,148,98.2431,584,20
33604,2017-02,112,80.0361,456,12
33604,2017-03,134,93.7587,561,14
33604,2017-04,183,137.9531,779,13
33604,2017-05,178,133.5286,742,14
33604,2017-06,178,128.7727,717,17
33604,2017-07,203,147.5676,838,21
33604,2017-08,246,172.3255,1007,31
33604,2017-09,200,123.7167,768,31
33604,2017-10,178,124.2246,711,19
33604,2017-11,142,103.2648,580,14
33604,2017-12,171,124.1098,682,18
33604,2018-01,176,135.0542,736,14
33604,2018-02,222,153.3821,861,25
33604,2018-03,248,180.7066,992,21
33604,2018-04,217,157.2423,874,22
33604,2018-05,212,148.6306,840,22
33604,2018-06,197,135.7001,771,23
33604,2018-07,242,177.5390,994,24
33604,2018-08,233,153.1495,917,35
33604,2018-09,198,144.5263,802,17
33604,2018-10,167,107.2716,658,24
33604,2018-11,136,87.9425,525,19
33604,2018-12,172,111.2691,660,24
33604,2019-01,209,133.7093,819,27
33604,2019-02,159,104.1494,626,21
33604,2019-03,170,102.3846,677,28
33604,2019-04,241,169.4990,976,24
33604,2019-05,243,171.4309,933,23
33604,2019-06,261,190.0713,1064,26
33604,2019-07,244,173.6216,985,24
33604,2019-08,191,139.6922,799,18
33604,2019-09,160,115.4405,665,16
33604,2019-10,184,127.1877,755,20
33604,2019-11,141,95.0695,600,17
33604,2019-12,135,86.8538,537,18
33604,2020-01,192,138.6853,799,21
33604,2020-02,199,144.7292,815,18
33604,2020-03,145,106.1752,618,14
33604,2020-04,74,53.3085,320,6
33604,2020-05,101,67.1784,394,14
33604,2020-06,126,86.8870,501,12
33604,2020-07,161,109.2652,667,19
33604,2020-08,136,100.2833,572,13
33604,2020-09,166,102.3509,671,24
33604,2020-10,151,86.4601,584,30
33604,2020-11,145,105.9467,628,14
33604,2020-12,160,106.6015,653,21
33604,2021-01,154,102.6052,611,21
33604,2021-02,172,116.4356,684,21
33604,2021-03,179,132.4968,743,15
33604,2021-04,177,111.1420,668,25
33604,2021-05,136,80.9771,536,20
33604,2021-06,160,96.5528,629,25
33604,2021-07,163,102.3294,629,25
33604,2021-08,169,106.7158,679,22
33604,2021-09,139,87.9377,560,20
33604,2021-10,132,84.6030,512,16
33604,2021-11,97,64.0148,395,12
33604,2021-12,132,88.7255,531,19
33605,2012-01,109,84.8211,398,8
33605,2012-02,71,51.3569,269,6
33605,2012-03,63,45.7938,245,6
33605,2012-04,57,43.1781,225,5
33605,2012-05,78,62.0841,293,3
33605,2012-06,84,59.2773,310,8
33605,2012-07,77,52.1482,283,11
33605,2012-08,76,57.3991,290,6
33605,2012-09,87,67.2553,312,7
33605,2012-10,75,57.3165,295,7
33605,2012-11,102,82.3831,384,4
33605,2012-12,100,80.9738,394,4
33605,2013-01,148,109.3217,530,15
33605,2013-02,126,96.7535,454,9
33605,2013-03,164,120.5754,595,15
33605,2013-04,102,71.8769,367,13
33605,2013-05,121,86.2054,461,13
33605,2013-06,106,76.4614,374,8
33605,2013-07,105,75.7015,403,11
33605,2013-08,117,80.9337,430,15
33605,2013-09,113,86.5025,426,9
33605,2013-10,80,62.9940,305,3
33605,2013-11,97,56.8486,337,16
33605,2013-12,96,56.4156,356,17
33605,2014-01,142,98.7543,515,19
33605,2014-02,114,78.9370,420,13
33605,2014-03,150,113.5884,572,12
33605,2014-04,150,107.0055,581,15
33605,2014-05,174,120.3003,629,22
33605,2014-06,146,105.4977,544,18
33605,2014-07,193,152.0355,738,13
33605,2014-08,175,124.7584,653,19
33605,2014-09,166,114.3435,625,15
33605,2014-10,143,106.9023,567,13
33605,2014-11,182,132.9485,713,17
33605,2014-12,202,126.6345,749,31
33605,2015-01,230,167.0688,901,20
33605,2015-02,205,148.7382,767,18
33605,2015-03,240,170.0591,944,28
33605,2015-04,215,147.4294,811,25
33605,2015-05,241,168.2117,944,31
33605,2015-06,222,145.2006,846,27
33605,2015-07,228,143.7193,855,35
33605,2015-08,266,191.0414,1028,25
33605,2015-09,240,173.9549,916,28
33605,2015-10,215,150.2436,853,26
33605,2015-11,201,134.1596,791,26
33605,2015-12,160,99.6015,613,25
33605,2016-01,291,192.9761,1110,35
33605,2016-02,298,184.4283,1078,45
33605,2016-03,277,188.5027,1048,38
33605,2016-04,257,175.5469,1017,32
33605,2016-05,234,152.5205,900,31
33605,2016-06,233,156.5332,896,30
33605,2016-07,260,175.7330,1009,34
33605,2016-08,230,158.9307,882,26
33605,2016-09,182,119.0235,713,29
33605,2016-10,201,124.1717,754,29
33605,2016-11,168,111.7314,668,22
33605,2016-12,214,151.6170,858,19
33605,2017-01,283,194.3627,1101,32
33605,2017-02,200,125.8532,750,27
33605,2017-03,288,192.8482,1096,29
33605,2017-04,272,183.6581,1044,35
33605,2017-05,258,170.1253,980,37
33605,2017-06,263,184.0892,1038,26
33605,2017-07,289,206.0768,1122,29
33605,2017-08,237,163.8571,895,25
33605,2017-09,205,131.8330,792,32
33605,2017-10,229,176.1374,885,16
33605,2017-11,224,147.0410,888,29
33605,2017-12,251,172.2144,976,30
33605,2018-01,274,190.7457,1067,31
33605,2018-02,237,152.3505,892,36
33605,2018-03,302,213.2230,1202,34
33605,2018-04,252,169.0407,1003,31
33605,2018-05,255,173.5836,1003,32
33605,2018-06,310,195.7663,1195,46
33605,2018-07,326,221.4496,1281,43
33605,2018-08,261,184.1213,1033,29
33605,2018-09,228,149.2107,857,33
33605,2018-10,216,141.0593,851,32
33605,2018-11,221,145.6474,834,31
33605,2018-12,268,166.3578,1034,45
33605,2019-01,306,196.8250,1189,48
33605,2019-02,254,149.2137,965,43
33605,2019-03,293,168.9478,1040,51
33605,2019-04,253,147.9252,938,46
33605,2019-05,218,120.0319,813,42
33605,2019-06,251,160.0492,959,40
33605,2019-07,230,160.0110,903,27
33605,2019-08,246,170.6957,979,30
33605,2019-09,231,148.2839,897,33
33605,2019-10,231,153.3504,911,32
33605,2019-11,226,140.9221,869,37
33605,2019-12,237,163.6040,920,27
33605,2020-01,265,177.2681,1036,35
33605,2020-02,247,148.7009,950,45
33605,2020-03,168,116.6004,665,19
33605,2020-04,59,44.1748,247,5
33605,2020-05,94,65.3686,390,10
33605,2020-06,153,98.1285,610,25
33605,2020-07,145,100.7636,625,16
33605,2020-08,206,139.2397,819,28
33605,2020-09,174,117.4356,703,22
33605,2020-10,212,134.6100,847,34
33605,2020-11,222,165.2083,907,21
33605,2020-12,169,107.0521,639,24
33605,2021-01,234,162.8564,952,25
33605,2021-02,213,148.5132,846,23
33605,2021-03,283,205.6402,1177,29
33605,2021-04,279,175.5494,1071,42
33605,2021-05,222,160.0708,870,21
33605,2021-06,218,144.8148,829,30
33605,2021-07,217,155.1620,874,21
33605,2021-08,207,146.8503,837,24
33605,2021-09,185,117.2545,733,27
33605,2021-10,200,127.3597,771,31
33605,2021-11,153,89.3321,590,28
33605,2021-12,236,150.1393,914,33
33606,2012-01,134,104.1230,502,10
33606,2012-02,101,80.5750,384,6
33606,2012-03,84,62.8732,305,6
33606,2012-04,96,67.5183,352,9
33606,2012-05,95,71.9985,355,8
33606,2012-06,108,80.0579,414,11
33606,2012-07,96,77.2324,368,6
33606,2012-08,102,86.4903,393,3
33606,2012-09,88,74.1842,343,3
33606,2012-10,113,87.3386,443,9
33606,2012-11,151,124.2670,595,7
33606,2012-12,153,114.4879,585,13
33606,2013-01,170,131.9563,668,13
33606,2013-02,170,135.2880,641,11
33606,2013-03,228,176.8754,882,19
33606,2013-04,144,104.6804,558,12
33606,2013-05,175,135.9779,678,16
33606,2013-06,164,117.6630,604,17
33606,2013-07,188,146.6107,713,18
33606,2013-08,188,140.6965,684,16
33606,2013-09,159,112.2500,600,17
33606,2013-10,152,107.0351,589,15
33606,2013-11,158,122.0529,610,10
33606,2013-12,174,125.7520,606,17
33606,2014-01,268,185.6978,998,33
33606,2014-02,223,159.6770,838,28
33606,2014-03,252,175.0385,972,28
33606,2014-04,216,160.3027,814,23
33606,2014-05,228,174.6372,896,19
33606,2014-06,230,183.6515,883,13
33606,2014-07,336,256.8806,1313,25
33606,2014-08,266,200.4839,1026,20
33606,2014-09,298,232.5073,1174,19
33606,2014-10,286,215.1763,1127,25
33606,2014-11,306,237.8477,1213,23
33606,2014-12,335,243.9096,1285,32
33606,2015-01,404,286.9000,1570,47
33606,2015-02,407,296.5554,1596,42
33606,2015-03,427,332.6679,1702,32
33606,2015-04,427,308.2698,1665,40
33606,2015-05,403,284.9571,1545,44
33606,2015-06,448,330.2198,1776,40
33606,2015-07,503,390.9298,2018,37
33606,2015-08,566,418.1127,2276,52
33606,2015-09,403,303.2421,1608,36
33606,2015-10,426,322.2904,1742,34
33606,2015-11,387,285.1641,1516,35
33606,2015-12,425,309.0014,1662,48
33606,2016-01,565,412.6509,2253,58
33606,2016-02,445,328.1450,1787,42
33606,2016-03,429,322.3077,1736,35
33606,2016-04,431,308.3811,1686,47
33606,2016-05,485,355.3718,1941,51
33606,2016-06,476,373.5240,1950,30
33606,2016-07,501,364.4218,2034,54
33606,2016-08,460,361.5934,1878,32
33606,2016-09,457,348.5488,1854,34
33606,2016-10,390,287.7900,1589,34
33606,2016-11,327,230.4570,1304,35
33606,2016-12,327,217.6030,1272,46
33606,2017-01,421,286.7247,1641,53
33606,2017-02,419,303.2962,1647,43
33606,2017-03,474,359.6176,1914,41
33606,2017-04,409,295.4695,1634,42
33606,2017-05,493,359.9770,1986,46
33606,2017-06,497,390.6546,2047,38
33606,2017-07,539,394.0377,2162,50
33606,2017-08,456,334.9950,1867,42
33606,2017-09,348,233.4525,1380,47
33606,2017-10,425,330.6816,1778,33
33606,2017-11,408,295.8638,1671,43
33606,2017-12,410,298.3854,1645,41
33606,2018-01,517,404.7334,2142,34
33606,2018-02,509,358.9074,2002,55
33606,2018-03,590,442.0413,2398,57
33606,2018-04,495,365.9093,2029,48
33606,2018-05,494,356.5361,2029,51
33606,2018-06,499,375.2459,2042,48
33606,2018-07,526,402.2453,2186,42
33606,2018-08,499,360.0761,2022,55
33606,2018-09,443,317.6346,1743,45
33606,2018-10,427,310.7059,1750,37
33606,2018-11,410,288.6585,1631,45
33606,2018-12,396,291.4118,1622,35
33606,2019-01,536,388.4143,2212,55
33606,2019-02,495,360.9676,2001,47
33606,2019-03,528,369.9308,2087,57
33606,2019-04,461,340.7161,1889,43
33606,2019-05,470,323.8759,1904,57
33606,2019-06,572,418.6812,2339,59
33606,2019-07,514,388.0394,2109,45
33606,2019-08,530,374.3193,2147,62
33606,2019-09,436,315.5115,1748,43
33606,2019-10,535,387.2889,2146,54
33606,2019-11,426,317.1693,1746,39
33606,2019-12,476,354.3407,1928,45
33606,2020-01,511,362.6550,2061,59
33606,2020-02,457,349.8864,1863,37
33606,2020-03,322,231.9180,1324,34
33606,2020-04,102,78.6881,423,7
33606,2020-05,210,138.4850,831,31
33606,2020-06,293,216.9150,1228,25
33606,2020-07,292,224.6052,1241,25
33606,2020-08,342,244.5401,1441,41
33606,2020-09,314,216.7963,1249,35
33606,2020-10,311,208.1882,1262,38
33606,2020-11,305,222.5614,1232,31
33606,2020-12,322,243.3895,1347,29
33606,2021-01,426,297.6872,1732,49
33606,2021-02,399,268.7289,1589,47
33606,2021-03,443,318.4939,1804,45
33606,2021-04,422,275.5620,1651,63
33606,2021-05,396,248.7515,1503,64
33606,2021-06,414,304.9081,1696,40
33606,2021-07,448,324.8744,1778,46
33606,2021-08,381,270.6208,1507,41
33606,2021-09,329,231.0265,1294,35
33606,2021-10,378,244.9045,1457,57
33606,2021-11,372,238.4614,1455,61
33606,2021-12,385,254.1297,1517,52
33607,2012-01,147,101.1395,526,16
33607,2012-02,116,72.5869,405,16
33607,2012-03,129,74.1295,437,23
33607,2012-04,113,71.9916,399,16
33607,2012-05,139,86.5129,502,21
33607,2012-06,118,74.2444,413,16
33607,2012-07,136,93.3856,497,15
33607,2012-08,148,105.1501,540,17
33607,2012-09,160,107.2621,558,20
33607,2012-10,149,105.4270,504,15
33607,2012-11,197,145.4472,718,16
33607,2012-12,163,106.3295,592,22
33607,2013-01,275,166.8517,955,43
33607,2013-02,219,131.2473,717,35
33607,2013-03,263,176.0004,939,36
33607,2013-04,233,164.4621,815,26
33607,2013-05,238,150.3961,846,34
33607,2013-06,198,118.5180,686,32
33607,2013-07,242,161.2058,863,29
33607,2013-08,298,203.4987,1072,32
33607,2013-09,273,181.6080,1004,38
33607,2013-10,220,153.0648,801,27
33607,2013-11,213,145.3890,778,29
33607,2013-12,224,142.5774,758,35
33607,2014-01,294,202.8439,1073,35
33607,2014-02,305,209.8084,1106,35
33607,2014-03,325,197.8397,1123,51
33607,2014-04,310,186.9038,1052,52
33607,2014-05,366,225.9591,1260,60
33607,2014-06,324,207.4795,1184,44
33607,2014-07,353,203.0633,1220,62
33607,2014-08,361,229.1500,1286,50
33607,2014-09,343,237.2018,1263,38
33607,2014-10,366,222.1868,1328,56
33607,2014-11,334,193.6070,1159,59
33607,2014-12,398,221.2671,1374,76
33607,2015-01,459,313.3487,1679,54
33607,2015-02,394,253.5798,1399,57
33607,2015-03,531,330.5125,1934,77
33607,2015-04,476,300.5458,1715,71
33607,2015-05,548,335.3864,1929,81
33607,2015-06,513,289.7844,1788,95
33607,2015-07,498,297.1514,1750,87
33607,2015-08,531,314.5967,1938,92
33607,2015-09,473,291.8176,1727,77
33607,2015-10,525,335.6798,1910,80
33607,2015-11,503,296.5386,1779,91
33607,2015-12,521,323.0064,1865,78
33607,2016-01,685,432.1075,2540,104
33607,2016-02,590,350.7011,2142,99
33607,2016-03,678,399.7823,2429,109
33607,2016-04,642,383.9555,2305,105
33607,2016-05,670,377.5742,2396,126
33607,2016-06,641,381.0217,2335,104
33607,2016-07,625,405.0480,2322,87
33607,2016-08,526,312.6120,1889,91
33607,2016-09,495,292.4644,1750,91
33607,2016-10,449,272.8749,1607,73
33607,2016-11,445,235.1956,1539,90
33607,2016-12,445,232.4035,1567,94
33607,2017-01,534,300.9804,1881,96
33607,2017-02,526,303.8026,1866,95
33607,2017-03,624,332.0961,2180,119
33607,2017-04,570,282.8260,1951,124
33607,2017-05,581,327.8772,2068,99
33607,2017-06,624,401.0689,2294,90
33607,2017-07,604,358.4972,2151,100
33607,2017-08,597,343.4250,2137,108
33607,2017-09,433,254.3962,1541,72
33607,2017-10,571,342.2528,2106,94
33607,2017-11,495,286.0603,1777,92
33607,2017-12,566,309.2709,2006,115
33607,2018-01,567,355.2108,2074,90
33607,2018-02,667,381.1961,2329,130
33607,2018-03,774,410.1674,2678,166
33607,2018-04,662,384.1010,2311,119
33607,2018-05,732,416.7619,2554,132
33607,2018-06,694,415.2092,2535,115
33607,2018-07,671,412.5198,2456,106
33607,2018-08,605,344.1696,2172,114
33607,2018-09,533,296.8118,1887,97
33607,2018-10,548,291.7672,1885,115
33607,2018-11,561,317.3461,1939,104
33607,2018-12,630,312.8774,2105,137
33607,2019-01,646,368.3325,2249,119
33607,2019-02,634,349.6975,2182,120
33607,2019-03,784,433.2640,2735,149
33607,2019-04,723,369.5125,2506,159
33607,2019-05,731,370.9120,2502,158
33607,2019-06,706,413.3985,2475,119
33607,2019-07,677,382.0923,2384,126
33607,2019-08,653,382.5003,2348,114
33607,2019-09,567,331.3590,2027,99
33607,2019-10,535,316.8977,1901,91
33607,2019-11,479,254.4702,1676,98
33607,2019-12,587,308.6106,2019,122
33607,2020-01,519,298.1533,1852,96
33607,2020-02,661,366.7876,2284,129
33607,2020-03,359,183.1614,1243,82
33607,2020-04,93,56.7028,349,13
33607,2020-05,198,94.9926,678,48
33607,2020-06,289,151.7409,971,60
33607,2020-07,302,157.1480,1070,59
33607,2020-08,330,185.7727,1199,66
33607,2020-09,312,158.0625,1096,74
33607,2020-10,368,194.4109,1306,76
33607,2020-11,302,154.8104,1073,61
33607,2020-12,345,177.9633,1238,73
33607,2021-01,408,213.6961,1436,86
33607,2021-02,430,201.7033,1435,102
33607,2021-03,497,206.1430,1645,129
33607,2021-04,518,198.9430,1663,147
33607,2021-05,521,248.9624,1704,121
33607,2021-06,514,233.1445,1730,126
33607,2021-07,523,256.5585,1799,123
33607,2021-08,434,203.7224,1457,109
33607,2021-09,392,208.6512,1362,83
33607,2021-10,459,205.0317,1533,123
33607,2021-11,405,205.4265,1392,90
33607,2021-12,510,258.8668,1754,111
33608,2013-05,1,-0.5988,1,1
33608,2015-01,1,0.5423,1,0
33608,2015-07,1,-0.9000,1,1
33608,2015-09,2,-1.4173,2,2
33608,2015-10,2,0.0584,2,1
33608,2016-12,1,-0.4767,1,1
33608,2017-03,1,-0.9034,1,1
33608,2017-04,1,-0.7988,1,1
33608,2017-09,1,0.8643,1,0
33608,2017-10,2,0.0926,2,1
33608,2017-11,1,-0.8898,1,1
33608,2018-03,1,-0.8807,1,1
33608,2018-04,1,-0.9649,1,1
33608,2018-05,1,-0.8911,1,1
33608,2018-07,2,-0.0067,2,1
33608,2018-08,2,-1.4442,2,2
33608,2018-09,1,-0.9385,1,1
33608,2018-10,1,-0.9904,1,1
33608,2018-11,2,-1.2467,2,2
33608,2018-12,1,-0.5824,1,1
33608,2019-06,2,-0.2270,2,1
33608,2019-07,1,-0.5862,1,1
33608,2019-08,3,-2.5746,3,3
33608,2019-09,1,0.7126,1,0
33608,2019-10,1,0.5780,1,0
33608,2019-12,1,-0.3506,1,1
33608,2020-04,1,-0.7601,1,1
33608,2021-08,1,-0.4829,1,1
33608,2021-09,1,0.2263,1,0
33609,2012-01,80,60.6206,311,6
33609,2012-02,75,47.0283,290,12
33609,2012-03,58,43.0493,220,7
33609,2012-04,69,43.5964,253,11
33609,2012-05,81,56.7309,287,10
33609,2012-06,82,56.7365,301,9
33609,2012-07,74,54.4165,287,7
33609,2012-08,100,72.9980,357,10
33609,2012-09,96,71.1885,336,9
33609,2012-10,106,80.5903,404,8
33609,2012-11,128,94.9190,467,13
33609,2012-12,125,91.2384,476,10
33609,2013-01,169,130.3840,632,15
33609,2013-02,123,76.2070,439,17
33609,2013-03,151,115.5721,593,12
33609,2013-04,125,97.7970,461,9
33609,2013-05,184,129.4831,677,19
33609,2013-06,132,84.8269,476,17
33609,2013-07,165,111.9375,627,18
33609,2013-08,189,132.8885,695,19
33609,2013-09,168,109.2900,580,21
33609,2013-10,161,111.1612,580,18
33609,2013-11,166,110.0951,625,22
33609,2013-12,163,103.2775,600,26
33609,2014-01,190,137.0629,711,19
33609,2014-02,151,100.4776,575,17
33609,2014-03,207,144.3360,757,26
33609,2014-04,199,134.7444,763,25
33609,2014-05,243,169.2048,937,29
33609,2014-06,206,120.1990,742,38
33609,2014-07,223,157.0367,856,24
33609,2014-08,237,149.7139,859,35
33609,2014-09,232,161.6156,892,26
33609,2014-10,242,152.0921,910,35
33609,2014-11,221,130.3540,803,39
33609,2014-12,210,130.7743,773,32
33609,2015-01,259,161.5618,954,38
33609,2015-02,260,163.9607,938,38
33609,2015-03,286,196.7631,1088,34
33609,2015-04,271,186.5811,1054,34
33609,2015-05,315,197.4608,1129,50
33609,2015-06,308,201.5528,1132,40
33609,2015-07,325,221.8048,1189,39
33609,2015-08,366,254.1439,1418,40
33609,2015-09,331,218.0187,1232,45
33609,2015-10,308,225.6337,1198,28
33609,2015-11,288,189.8512,1114,35
33609,2015-12,319,207.7004,1219,46
33609,2016-01,402,264.2433,1509,57
33609,2016-02,386,248.3361,1430,57
33609,2016-03,440,300.3534,1678,54
33609,2016-04,381,234.8931,1445,63
33609,2016-05,372,240.3160,1391,57
33609,2016-06,361,228.5851,1364,55
33609,2016-07,406,266.7285,1560,58
33609,2016-08,340,206.4627,1265,58
33609,2016-09,287,159.2882,1011,54
33609,2016-10,280,171.8122,1054,46
33609,2016-11,269,177.4279,1007,36
33609,2016-12,261,155.7362,945,45
33609,2017-01,324,183.8314,1199,56
33609,2017-02,272,179.8010,1063,35
33609,2017-03,323,179.8672,1176,56
33609,2017-04,310,195.4328,1143,39
33609,2017-05,350,213.6572,1302,56
33609,2017-06,401,267.8507,1565,54
33609,2017-07,426,288.9679,1673,55
33609,2017-08,395,247.9709,1514,58
33609,2017-09,275,179.3967,1068,37
33609,2017-10,352,228.4829,1299,54
33609,2017-11,278,187.2632,1100,38
33609,2017-12,373,250.4583,1427,50
33609,2018-01,416,256.8594,1505,69
33609,2018-02,353,218.2055,1343,55
33609,2018-03,388,256.9596,1496,53
33609,2018-04,371,219.7930,1389,65
33609,2018-05,405,265.5774,1576,60
33609,2018-06,460,326.9424,1871,53
33609,2018-07,600,431.0081,2369,62
33609,2018-08,488,307.2124,1857,74
33609,2018-09,401,257.4059,1572,60
33609,2018-10,395,228.8228,1530,68
33609,2018-11,333,207.7086,1274,48
33609,2018-12,381,251.9180,1480,56
33609,2019-01,477,320.4068,1896,63
33609,2019-02,440,304.2839,1768,47
33609,2019-03,451,306.2642,1767,55
33609,2019-04,421,281.0301,1630,54
33609,2019-05,418,262.1512,1595,65
33609,2019-06,439,283.3981,1694,63
33609,2019-07,458,283.5243,1775,71
33609,2019-08,449,306.7621,1738,49
33609,2019-09,367,226.4729,1423,61
33609,2019-10,432,296.9112,1696,55
33609,2019-11,362,237.1491,1413,55
33609,2019-12,348,224.0018,1323,51
33609,2020-01,389,247.5667,1491,57
33609,2020-02,410,256.4917,1571,66
33609,2020-03,244,156.5915,973,35
33609,2020-04,122,78.5355,477,18
33609,2020-05,158,99.7867,622,23
33609,2020-06,259,178.1755,1044,28
33609,2020-07,279,164.4490,1102,53
33609,2020-08,280,158.2693,1085,53
33609,2020-09,326,231.2986,1322,31
33609,2020-10,287,183.0194,1163,42
33609,2020-11,282,195.0670,1141,34
33609,2020-12,292,195.5047,1167,35
33609,2021-01,370,236.4850,1451,54
33609,2021-02,346,231.9604,1346,44
33609,2021-03,351,212.6114,1296,57
33609,2021-04,331,198.5129,1273,57
33609,2021-05,286,179.7457,1068,43
33609,2021-06,340,203.2357,1299,56
33609,2021-07,374,222.2506,1386,60
33609,2021-08,323,167.7836,1159,65
33609,2021-09,289,160.7404,1075,56
33609,2021-10,301,160.4581,1080,63
33609,2021-11,257,140.4391,937,49
33609,2021-12,310,185.5133,1170,55
33610,2012-01,13,7.4907,43,3
33610,2012-02,11,7.5881,38,1
33610,2012-03,18,14.6290,67,1
33610,2012-04,13,11.3006,49,0
33610,2012-05,16,6.8189,44,5
33610,2012-06,17,10.1759,53,2
33610,2012-07,26,17.7956,96,3
33610,2012-08,26,15.7596,88,5
33610,2012-09,14,6.3808,42,4
33610,2012-10,18,14.7534,63,1
33610,2012-11,21,14.2179,73,2
33610,2012-12,17,13.5110,69,0
33610,2013-01,29,20.1430,100,4
33610,2013-02,29,21.1561,105,3
33610,2013-03,31,16.5821,103,6
33610,2013-04,30,14.4671,97,7
33610,2013-05,29,23.1079,107,1
33610,2013-06,35,27.0130,135,2
33610,2013-07,32,20.0177,112,4
33610,2013-08,36,19.4781,128,7
33610,2013-09,48,31.0632,153,7
33610,2013-10,31,22.1347,116,3
33610,2013-11,29,16.2838,98,6
33610,2013-12,24,15.9626,86,2
33610,2014-01,41,24.5426,143,8
33610,2014-02,30,20.1561,112,4
33610,2014-03,42,28.6551,150,6
33610,2014-04,37,19.1614,110,7
33610,2014-05,40,26.6154,133,6
33610,2014-06,42,28.0891,147,5
33610,2014-07,59,37.1019,211,9
33610,2014-08,69,50.0875,257,6
33610,2014-09,38,21.3575,129,8
33610,2014-10,40,14.6087,131,13
33610,2014-11,47,34.8512,172,4
33610,2014-12,47,27.7627,163,8
33610,2015-01,67,37.7483,230,13
33610,2015-02,64,35.8654,222,13
33610,2015-03,78,54.2765,272,9
33610,2015-04,79,38.5746,262,18
33610,2015-05,73,53.5886,273,5
33610,2015-06,70,41.2590,240,12
33610,2015-07,89,54.1860,305,13
33610,2015-08,77,31.3917,238,20
33610,2015-09,55,29.8246,184,11
33610,2015-10,59,18.9070,174,19
33610,2015-11,45,21.9830,142,10
33610,2015-12,61,27.4726,181,15
33610,2016-01,70,49.0300,249,8
33610,2016-02,77,44.7114,277,15
33610,2016-03,89,60.8746,319,10
33610,2016-04,91,51.8039,323,16
33610,2016-05,65,36.2058,218,11
33610,2016-06,78,28.3458,249,24
33610,2016-07,76,37.5009,259,17
33610,2016-08,99,45.6812,313,24
33610,2016-09,62,30.5491,197,14
33610,2016-10,63,28.5977,186,14
33610,2016-11,49,26.6413,154,10
33610,2016-12,76,37.0110,241,15
33610,2017-01,67,35.9721,224,15
33610,2017-02,62,39.8165,223,7
33610,2017-03,68,33.5397,227,14
33610,2017-04,66,38.4346,259,10
33610,2017-05,70,41.9309,271,12
33610,2017-06,66,30.9510,209,14
33610,2017-07,68,27.3600,215,18
33610,2017-08,80,35.6278,247,18
33610,2017-09,59,20.0869,182,16
33610,2017-10,73,26.0746,212,19
33610,2017-11,58,30.6467,191,11
33610,2017-12,73,35.3352,240,18
33610,2018-01,68,42.8248,244,11
33610,2018-02,79,41.8677,242,17
33610,2018-03,80,40.2028,270,19
33610,2018-04,75,48.1737,273,11
33610,2018-05,74,38.4707,211,14
33610,2018-06,98,45.4144,325,23
33610,2018-07,91,43.0550,300,18
33610,2018-08,98,49.3864,339,22
33610,2018-09,65,27.4723,212,15
33610,2018-10,80,30.4986,239,23
33610,2018-11,79,41.5212,271,17
33610,2018-12,72,36.1886,262,17
33610,2019-01,81,34.0184,260,22
33610,2019-02,88,46.3564,299,20
33610,2019-03,109,53.4267,351,24
33610,2019-04,83,34.3838,263,23
33610,2019-05,89,43.8575,309,21
33610,2019-06,104,51.3033,326,20
33610,2019-07,100,36.3779,331,27
33610,2019-08,95,35.4670,313,26
33610,2019-09,99,40.7797,316,26
33610,2019-10,86,39.1492,274,21
33610,2019-11,87,31.2668,279,26
33610,2019-12,89,37.7913,267,25
33610,2020-01,112,52.9657,346,27
33610,2020-02,115,62.6886,407,25
33610,2020-03,60,21.4325,173,17
33610,2020-04,22,7.0391,68,7
33610,2020-05,48,13.0134,139,17
33610,2020-06,65,27.7832,233,18
33610,2020-07,72,30.5423,230,19
33610,2020-08,71,31.8170,233,17
33610,2020-09,65,35.0196,235,11
33610,2020-10,69,32.3526,248,16
33610,2020-11,58,26.8759,186,16
33610,2020-12,52,28.4647,202,11
33610,2021-01,58,29.3177,202,12
33610,2021-02,63,22.9405,183,18
33610,2021-03,72,22.9551,216,25
33610,2021-04,95,24.3921,289,32
33610,2021-05,84,39.8563,280,20
33610,2021-06,84,38.5278,294,20
33610,2021-07,89,39.0212,278,22
33610,2021-08,91,35.7341,275,26
33610,2021-09,78,19.1473,212,30
33610,2021-10,69,31.5486,233,18
33610,2021-11,55,4.2607,151,27
33610,2021-12,76,19.5643,216,28
33611,2012-01,27,19.2252,105,3
33611,2012-02,49,39.6550,195,2
33611,2012-03,30,21.3037,113,3
33611,2012-04,37,29.4476,136,2
33611,2012-05,44,31.9630,161,5
33611,2012-06,49,36.4695,188,4
33611,2012-07,57,39.4444,200,6
33611,2012-08,43,38.2042,174,0
33611,2012-09,48,37.1308,184,4
33611,2012-10,61,38.5031,221,9
33611,2012-11,59,40.9146,217,6
33611,2012-12,58,41.3424,222,5
33611,2013-01,79,56.7505,276,9
33611,2013-02,71,47.5341,254,9
33611,2013-03,57,38.3205,209,7
33611,2013-04,66,43.8017,252,8
33611,2013-05,63,40.3065,220,9
33611,2013-06,66,54.0802,252,3
33611,2013-07,48,23.1697,163,11
33611,2013-08,62,47.9039,237,3
33611,2013-09,71,47.6144,264,11
33611,2013-10,62,43.5975,223,7
33611,2013-11,48,35.1000,187,5
33611,2013-12,58,39.5432,220,7
33611,2014-01,87,61.8609,338,10
33611,2014-02,75,53.0496,291,8
33611,2014-03,104,77.5178,401,8
33611,2014-04,54,42.8285,222,5
33611,2014-05,90,55.4810,334,13
33611,2014-06,108,77.0092,407,10
33611,2014-07,121,80.3777,476,16
33611,2014-08,112,78.1678,428,11
33611,2014-09,144,105.6882,574,14
33611,2014-10,158,120.4262,638,14
33611,2014-11,117,83.3249,433,12
33611,2014-12,108,68.7580,397,16
33611,2015-01,152,102.9724,591,18
33611,2015-02,133,99.1235,521,12
33611,2015-03,157,103.6003,600,21
33611,2015-04,158,111.1346,625,18
33611,2015-05,176,115.0237,674,23
33611,2015-06,135,92.5167,510,17
33611,2015-07,185,135.3360,735,14
33611,2015-08,177,114.6798,653,23
33611,2015-09,193,131.7561,743,20
33611,2015-10,174,129.8722,692,14
33611,2015-11,125,77.1392,486,17
33611,2015-12,148,97.3418,589,19
33611,2016-01,183,127.0147,715,21
33611,2016-02,187,138.2236,737,17
33611,2016-03,180,131.9601,718,15
33611,2016-04,178,115.8985,685,26
33611,2016-05,170,120.1539,652,16
33611,2016-06,174,97.6372,629,30
33611,2016-07,205,136.2128,794,26
33611,2016-08,202,132.5997,759,25
33611,2016-09,150,84.9535,565,25
33611,2016-10,167,102.9901,602,27
33611,2016-11,115,74.9921,448,15
33611,2016-12,129,88.3636,516,13
33611,2017-01,167,113.7576,630,16
33611,2017-02,203,106.5434,711,42
33611,2017-03,158,107.9051,616,20
33611,2017-04,179,113.7875,674,23
33611,2017-05,226,142.6321,837,35
33611,2017-06,225,159.9941,883,19
33611,2017-07,208,142.8206,798,24
33611,2017-08,201,120.9373,752,33
33611,2017-09,166,106.5780,606,26
33611,2017-10,181,112.4174,694,28
33611,2017-11,157,100.8578,609,24
33611,2017-12,165,106.2854,620,23
33611,2018-01,249,152.9447,925,40
33611,2018-02,207,131.4144,806,32
33611,2018-03,255,156.5958,953,45
33611,2018-04,249,145.6853,960,45
33611,2018-05,220,135.4346,832,31
33611,2018-06,199,121.6935,736,32
33611,2018-07,268,166.2036,1002,42
33611,2018-08,221,137.3871,810,34
33611,2018-09,175,94.3030,619,36
33611,2018-10,151,88.4546,561,25
33611,2018-11,154,95.5474,583,24
33611,2018-12,196,114.9178,728,35
33611,2019-01,227,138.9804,848,35
33611,2019-02,214,132.8656,806,35
33611,2019-03,225,126.2409,803,43
33611,2019-04,200,102.9518,712,46
33611,2019-05,182,100.0616,657,36
33611,2019-06,233,142.8193,907,40
33611,2019-07,296,186.6659,1127,39
33611,2019-08,241,148.7872,897,39
33611,2019-09,215,121.6822,779,40
33611,2019-10,300,207.0015,1195,34
33611,2019-11,245,158.3228,915,31
33611,2019-12,179,112.0917,677,27
33611,2020-01,237,167.0684,921,27
33611,2020-02,176,93.5675,628,36
33611,2020-03,132,85.8845,513,17
33611,2020-04,92,69.9598,400,8
33611,2020-05,139,83.3351,523,25
33611,2020-06,151,76.9116,543,36
33611,2020-07,208,135.5396,799,29
33611,2020-08,166,123.1947,672,15
33611,2020-09,192,133.8764,770,24
33611,2020-10,147,85.9702,561,27
33611,2020-11,125,73.4916,465,21
33611,2020-12,101,60.3214,393,17
33611,2021-01,161,82.1788,608,35
33611,2021-02,138,78.4309,507,26
33611,2021-03,210,118.9017,768,37
33611,2021-04,172,99.0996,627,33
33611,2021-05,217,103.3857,757,53
33611,2021-06,186,117.3304,708,30
33611,2021-07,182,101.9475,645,32
33611,2021-08,198,110.6775,719,38
33611,2021-09,122,74.1764,445,21
33611,2021-10,180,98.8177,663,34
33611,2021-11,132,84.6766,514,19
33611,2021-12,160,91.5453,563,31
33612,2012-01,51,34.0026,180,6
33612,2012-02,34,23.0492,123,3
33612,2012-03,34,23.0298,113,4
33612,2012-04,39,20.3194,133,8
33612,2012-05,55,27.1054,194,11
33612,2012-06,65,42.2259,239,8
33612,2012-07,42,21.1939,146,9
33612,2012-08,40,26.1818,140,6
33612,2012-09,59,40.7940,214,7
33612,2012-10,61,35.7935,207,10
33612,2012-11,60,32.9377,217,11
33612,2012-12,76,38.8072,236,14
33612,2013-01,82,56.8172,314,8
33612,2013-02,80,58.4893,299,8
33612,2013-03,102,61.7262,381,16
33612,2013-04,86,53.2162,299,12
33612,2013-05,83,58.4466,304,8
33612,2013-06,88,53.8823,311,12
33612,2013-07,77,56.3962,310,6
33612,2013-08,109,71.0451,416,14
33612,2013-09,87,51.3233,318,16
33612,2013-10,99,46.0193,360,24
33612,2013-11,104,72.4507,381,10
33612,2013-12,118,69.6263,424,21
33612,2014-01,103,68.8972,373,14
33612,2014-02,109,73.4192,401,11
33612,2014-03,123,80.1254,437,15
33612,2014-04,114,64.7851,386,21
33612,2014-05,134,83.9077,479,21
33612,2014-06,136,75.8380,485,24
33612,2014-07,165,97.7472,615,27
33612,2014-08,151,91.3265,560,24
33612,2014-09,112,68.3052,428,19
33612,2014-10,209,130.4222,796,29
33612,2014-11,148,84.8541,526,27
33612,2014-12,162,97.5984,580,27
33612,2015-01,188,107.4351,698,35
33612,2015-02,201,114.7815,716,36
33612,2015-03,190,111.6980,686,34
33612,2015-04,215,116.2854,747,43
33612,2015-05,191,105.6839,662,38
33612,2015-06,183,106.1543,675,31
33612,2015-07,228,119.2502,764,47
33612,2015-08,198,111.8829,726,37
33612,2015-09,220,127.1864,780,40
33612,2015-10,227,132.1228,834,38
33612,2015-11,171,106.5021,655,26
33612,2015-12,193,106.9953,673,40
33612,2016-01,210,124.9826,750,32
33612,2016-02,238,144.7332,893,38
33612,2016-03,282,154.5525,988,52
33612,2016-04,221,118.8474,790,43
33612,2016-05,262,134.5074,900,56
33612,2016-06,226,116.8570,814,48
33612,2016-07,237,139.7418,886,43
33612,2016-08,227,124.6163,802,44
33612,2016-09,190,82.4864,633,49
33612,2016-10,220,110.7474,810,48
33612,2016-11,212,113.9994,751,42
33612,2016-12,245,138.5924,868,42
33612,2017-01,247,143.2513,920,49
33612,2017-02,251,138.5900,902,48
33612,2017-03,247,132.5856,859,47
33612,2017-04,253,156.4171,961,33
33612,2017-05,212,111.6288,747,43
33612,2017-06,279,164.5698,1031,44
33612,2017-07,316,182.8561,1151,57
33612,2017-08,247,139.1458,883,47
33612,2017-09,184,119.9988,692,21
33612,2017-10,250,122.2718,886,56
33612,2017-11,212,128.3740,795,37
33612,2017-12,257,144.0737,886,47
33612,2018-01,268,171.3330,1010,42
33612,2018-02,292,174.9608,1101,51
33612,2018-03,342,185.5594,1226,69
33612,2018-04,267,154.8584,948,46
33612,2018-05,247,145.7028,925,40
33612,2018-06,323,181.5048,1145,63
33612,2018-07,379,201.2543,1350,76
33612,2018-08,264,150.5789,975,46
33612,2018-09,246,127.8335,891,52
33612,2018-10,259,128.3933,931,59
33612,2018-11,190,89.5409,647,43
33612,2018-12,302,174.1868,1093,55
33612,2019-01,303,192.8125,1169,42
33612,2019-02,276,163.3538,1008,48
33612,2019-03,327,181.0538,1196,64
33612,2019-04,305,165.5243,1112,61
33612,2019-05,292,153.8450,1054,61
33612,2019-06,338,165.4071,1159,81
33612,2019-07,307,162.2406,1108,66
33612,2019-08,309,168.7615,1111,56
33612,2019-09,272,145.1915,960,58
33612,2019-10,350,216.6968,1296,49
33612,2019-11,282,176.9864,1098,46
33612,2019-12,289,170.1069,1120,51
33612,2020-01,312,174.0581,1139,64
33612,2020-02,294,160.7637,1071,53
33612,2020-03,209,128.5625,793,34
33612,2020-04,96,45.7389,313,21
33612,2020-05,153,68.2236,544,39
33612,2020-06,172,81.1285,607,40
33612,2020-07,224,106.5516,801,57
33612,2020-08,203,93.6885,703,49
33612,2020-09,198,93.0271,677,44
33612,2020-10,204,93.2355,699,49
33612,2020-11,175,99.1619,638,34
33612,2020-12,246,136.1977,909,48
33612,2021-01,232,108.0069,822,58
33612,2021-02,221,120.2455,768,41
33612,2021-03,256,94.8509,811,76
33612,2021-04,279,117.2578,910,75
33612,2021-05,224,92.0245,766,61
33612,2021-06,244,86.4404,759,73
33612,2021-07,251,103.1729,836,70
33612,2021-08,247,86.8236,756,76
33612,2021-09,195,91.5915,647,49
33612,2021-10,207,88.6022,665,53
33612,2021-11,155,63.5476,507,40
33612,2021-12,206,75.1952,656,60
33613,2012-01,18,15.0798,74,1
33613,2012-02,17,7.1555,58,5
33613,2012-03,14,7.7923,53,3
33613,2012-04,17,14.5128,68,0
33613,2012-05,17,13.3799,76,0
33613,2012-06,20,15.3912,89,1
33613,2012-07,21,12.7326,68,3
33613,2012-08,10,8.4382,42,0
33613,2012-09,18,15.9962,67,0
33613,2012-10,18,11.0480,69,3
33613,2012-11,17,9.8828,59,3
33613,2012-12,24,16.3288,99,3
33613,2013-01,21,14.0345,80,3
33613,2013-02,26,16.7547,89,4
33613,2013-03,39,29.0371,144,3
33613,2013-04,28,12.7411,91,7
33613,2013-05,44,34.9388,168,3
33613,2013-06,39,27.6734,157,4
33613,2013-07,51,33.8715,189,8
33613,2013-08,41,28.9945,152,5
33613,2013-09,32,25.8730,118,2
33613,2013-10,33,24.5352,126,3
33613,2013-11,28,18.7992,102,4
33613,2013-12,36,18.7903,131,8
33613,2014-01,55,36.0048,211,8
33613,2014-02,35,19.7393,124,7
33613,2014-03,48,34.7586,184,4
33613,2014-04,52,39.1509,209,5
33613,2014-05,44,32.7724,164,3
33613,2014-06,39,29.9278,154,4
33613,2014-07,42,32.2483,167,2
33613,2014-08,64,50.3377,260,4
33613,2014-09,58,42.7792,224,7
33613,2014-10,76,41.2173,259,15
33613,2014-11,53,34.8821,203,7
33613,2014-12,59,45.4279,239,5
33613,2015-01,76,56.6111,313,4
33613,2015-02,86,54.2111,307,12
33613,2015-03,87,60.4553,342,8
33613,2015-04,69,46.2029,279,8
33613,2015-05,90,56.1930,352,15
33613,2015-06,95,74.7367,379,5
33613,2015-07,88,61.8404,328,8
33613,2015-08,97,65.5874,371,13
33613,2015-09,74,48.8837,281,10
33613,2015-10,74,47.6072,305,10
33613,2015-11,77,51.4600,296,9
33613,2015-12,88,63.5917,360,8
33613,2016-01,98,68.5419,390,10
33613,2016-02,77,50.8975,298,9
33613,2016-03,112,75.0004,441,13
33613,2016-04,112,76.9002,460,13
33613,2016-05,107,77.9569,446,10
33613,2016-06,111,72.3438,422,14
33613,2016-07,91,62.4502,359,11
33613,2016-08,98,64.4478,400,13
33613,2016-09,86,61.3571,359,6
33613,2016-10,78,48.8937,295,12
33613,2016-11,56,36.6963,219,8
33613,2016-12,66,40.7280,265,10
33613,2017-01,92,59.4889,355,12
33613,2017-02,88,47.9197,335,18
33613,2017-03,61,23.4774,212,19
33613,2017-04,97,67.8413,391,10
33613,2017-05,126,95.0587,542,11
33613,2017-06,135,102.5447,573,10
33613,2017-07,125,90.9318,530,10
33613,2017-08,132,88.5548,529,16
33613,2017-09,108,73.3869,416,13
33613,2017-10,123,76.6501,492,18
33613,2017-11,110,76.4844,449,12
33613,2017-12,86,60.3309,361,10
33613,2018-01,127,82.3181,515,14
33613,2018-02,127,95.8139,539,11
33613,2018-03,153,105.2189,614,19
33613,2018-04,161,117.3591,655,14
33613,2018-05,151,106.2338,620,16
33613,2018-06,160,107.6241,630,18
33613,2018-07,145,99.3978,575,16
33613,2018-08,143,86.7082,509,24
33613,2018-09,126,88.9214,506,13
33613,2018-10,132,78.1880,492,21
33613,2018-11,123,61.6271,454,28
33613,2018-12,112,77.3869,439,14
33613,2019-01,99,67.1785,403,14
33613,2019-02,136,72.9148,488,27
33613,2019-03,162,100.7182,627,25
33613,2019-04,139,84.8831,541,20
33613,2019-05,145,90.2658,525,24
33613,2019-06,117,76.8849,469,15
33613,2019-07,116,69.7844,456,20
33613,2019-08,116,62.1481,441,25
33613,2019-09,81,48.8132,308,12
33613,2019-10,117,85.9652,499,12
33613,2019-11,112,67.6568,431,20
33613,2019-12,111,61.9186,428,23
33613,2020-01,112,52.6064,399,28
33613,2020-02,102,50.3490,374,25
33613,2020-03,84,38.4629,297,20
33613,2020-04,52,29.1097,187,9
33613,2020-05,62,41.0326,232,8
33613,2020-06,90,44.8679,319,20
33613,2020-07,103,59.4781,401,18
33613,2020-08,96,51.3077,364,19
33613,2020-09,91,47.2567,342,17
33613,2020-10,89,48.8257,332,20
33613,2020-11,62,29.6468,212,14
33613,2020-12,64,38.8721,240,11
33613,2021-01,82,41.4997,289,18
33613,2021-02,74,46.3176,282,10
33613,2021-03,86,44.7052,309,18
33613,2021-04,78,40.7893,283,16
33613,2021-05,69,31.9198,254,19
33613,2021-06,102,45.1628,351,27
33613,2021-07,102,48.9935,334,23
33613,2021-08,70,35.5974,259,17
33613,2021-09,95,23.4545,293,37
33613,2021-10,88,42.7312,300,22
33613,2021-11,65,34.0501,228,14
33613,2021-12,73,42.4281,261,11
33614,2012-01,32,19.6130,109,6
33614,2012-02,37,28.0611,150,2
33614,2012-03,20,8.9489,69,5
33614,2012-04,28,20.2668,107,2
33614,2012-05,26,18.6156,92,3
33614,2012-06,21,12.2526,71,4
33614,2012-07,28,18.7539,109,4
33614,2012-08,28,22.0056,112,1
33614,2012-09,27,20.2982,97,2
33614,2012-10,45,33.3103,175,3
33614,2012-11,38,24.8396,149,4
33614,2012-12,38,21.7174,139,6
33614,2013-01,55,40.2759,210,5
33614,2013-02,40,22.1289,143,7
33614,2013-03,39,25.9373,140,5
33614,2013-04,41,16.2888,129,11
33614,2013-05,34,23.3499,115,3
33614,2013-06,45,27.9628,171,7
33614,2013-07,54,38.6005,215,6
33614,2013-08,82,53.0132,304,13
33614,2013-09,68,45.2141,227,7
33614,2013-10,36,18.2567,123,8
33614,2013-11,66,34.3455,232,15
33614,2013-12,53,22.9870,185,15
33614,2014-01,83,54.0302,305,12
33614,2014-02,58,40.7591,215,8
33614,2014-03,73,45.3672,255,11
33614,2014-04,79,47.9563,274,11
33614,2014-05,97,69.7146,369,10
33614,2014-06,88,50.2157,310,15
33614,2014-07,96,56.9139,353,15
33614,2014-08,95,57.8509,341,15
33614,2014-09,84,44.2004,302,16
33614,2014-10,102,73.0481,385,9
33614,2014-11,96,59.1338,372,16
33614,2014-12,106,72.0069,404,12
33614,2015-01,125,82.7422,444,16
33614,2015-02,111,64.4416,388,18
33614,2015-03,136,73.9269,498,27
33614,2015-04,113,68.0425,423,19
33614,2015-05,135,88.8083,500,17
33614,2015-06,121,75.0475,419,20
33614,2015-07,139,82.6483,500,23
33614,2015-08,133,60.8997,427,28
33614,2015-09,140,91.7633,532,17
33614,2015-10,131,79.6308,479,23
33614,2015-11,147,92.9595,550,20
33614,2015-12,119,67.5295,420,21
33614,2016-01,151,91.8954,564,24
33614,2016-02,155,83.4660,548,29
33614,2016-03,188,123.4558,731,25
33614,2016-04,166,94.7643,643,30
33614,2016-05,164,86.0535,599,33
33614,2016-06,165,102.1223,612,24
33614,2016-07,179,107.3122,706,27
33614,2016-08,170,107.0301,656,24
33614,2016-09,131,86.5754,509,19
33614,2016-10,150,91.2313,563,26
33614,2016-11,114,70.4182,428,18
33614,2016-12,123,68.9085,447,24
33614,2017-01,170,88.3533,606,37
33614,2017-02,175,97.8615,647,31
33614,2017-03,164,84.2627,611,37
33614,2017-04,177,92.4790,628,31
33614,2017-05,162,89.3428,612,28
33614,2017-06,177,112.5962,661,25
33614,2017-07,174,90.5248,616,37
33614,2017-08,173,96.9071,640,34
33614,2017-09,153,72.1005,524,35
33614,2017-10,150,77.3583,543,32
33614,2017-11,121,64.9538,427,26
33614,2017-12,143,73.3450,499,30
33614,2018-01,157,84.8913,572,30
33614,2018-02,151,89.1771,570,28
33614,2018-03,154,76.8141,526,35
33614,2018-04,144,83.4448,525,22
33614,2018-05,166,81.2216,545,37
33614,2018-06,176,78.0146,613,43
33614,2018-07,183,78.4270,621,49
33614,2018-08,163,85.3429,576,33
33614,2018-09,176,71.6832,585,47
33614,2018-10,146,56.8213,499,41
33614,2018-11,143,61.0148,472,38
33614,2018-12,158,58.3374,521,48
33614,2019-01,171,82.9494,618,39
33614,2019-02,167,86.4866,582,37
33614,2019-03,187,102.5080,685,34
33614,2019-04,152,77.9307,534,33
33614,2019-05,169,73.1441,559,45
33614,2019-06,160,69.7709,558,44
33614,2019-07,172,94.4823,632,33
33614,2019-08,159,70.6073,561,37
33614,2019-09,156,48.4312,472,51
33614,2019-10,160,90.9087,585,27
33614,2019-11,173,99.0166,626,33
33614,2019-12,153,62.7284,507,40
33614,2020-01,161,73.0120,545,39
33614,2020-02,152,70.4673,535,37
33614,2020-03,128,56.6435,450,34
33614,2020-04,81,37.8491,272,16
33614,2020-05,128,55.9241,459,34
33614,2020-06,146,71.2225,510,34
33614,2020-07,148,89.0426,565,21
33614,2020-08,139,60.3218,456,36
33614,2020-09,147,67.9929,515,35
33614,2020-10,134,72.2144,485,26
33614,2020-11,130,46.8326,427,38
33614,2020-12,143,67.3518,504,36
33614,2021-01,140,70.0642,508,29
33614,2021-02,145,59.5492,497,39
33614,2021-03,158,73.7054,545,36
33614,2021-04,155,57.2846,487,43
33614,2021-05,140,50.9365,450,40
33614,2021-06,141,81.1239,548,24
33614,2021-07,147,57.0675,465,41
33614,2021-08,149,71.3008,505,33
33614,2021-09,125,27.9325,341,48
33614,2021-10,133,47.9812,417,38
33614,2021-11,109,46.7518,370,28
33614,2021-12,115,43.5491,382,34
33615,2012-01,17,12.4895,59,1
33615,2012-02,17,11.4804,59,2
33615,2012-03,11,6.0551,41,2
33615,2012-04,5,2.5501,21,1
33615,2012-05,9,8.1274,28,0
33615,2012-06,12,8.9872,39,1
33615,2012-07,12,4.9213,33,3
33615,2012-08,17,9.1265,56,3
33615,2012-09,14,8.6668,50,2
33615,2012-10,22,14.7229,75,3
33615,2012-11,33,25.9100,123,2
33615,2012-12,18,11.9980,69,3
33615,2013-01,26,15.0608,90,5
33615,2013-02,16,8.9809,59,3
33615,2013-03,27,13.0249,91,5
33615,2013-04,21,8.7151,70,7
33615,2013-05,22,18.5554,81,0
33615,2013-06,26,16.9814,92,4
33615,2013-07,17,14.0985,72,0
33615,2013-08,23,13.2002,82,5
33615,2013-09,34,25.8025,129,2
33615,2013-10,27,17.3796,96,3
33615,2013-11,31,21.8770,108,5
33615,2013-12,39,29.6331,166,2
33615,2014-01,53,28.3409,183,11
33615,2014-02,37,23.1935,141,3
33615,2014-03,51,27.3514,179,12
33615,2014-04,46,27.5143,154,8
33615,2014-05,57,42.0022,214,5
33615,2014-06,36,19.1711,120,8
33615,2014-07,66,45.5356,246,8
33615,2014-08,68,43.4344,272,10
33615,2014-09,44,20.5216,140,12
33615,2014-10,59,37.1916,220,8
33615,2014-11,55,24.9064,178,13
33615,2014-12,85,63.5187,305,7
33615,2015-01,57,45.6211,215,3
33615,2015-02,67,43.0081,257,9
33615,2015-03,74,47.0749,267,11
33615,2015-04,64,35.3775,226,14
33615,2015-05,83,45.5744,289,18
33615,2015-06,75,48.8384,288,11
33615,2015-07,87,39.8453,303,21
33615,2015-08,79,48.6036,293,15
33615,2015-09,100,56.9857,336,18
33615,2015-10,75,44.0501,263,11
33615,2015-11,98,62.2180,366,14
33615,2015-12,80,49.0267,292,12
33615,2016-01,89,48.9547,342,17
33615,2016-02,89,55.1542,347,13
33615,2016-03,91,36.6533,305,25
33615,2016-04,87,44.7541,326,15
33615,2016-05,89,46.7460,311,18
33615,2016-06,93,60.9309,361,15
33615,2016-07,147,90.8925,561,22
33615,2016-08,124,89.9165,504,15
33615,2016-09,101,63.4871,386,16
33615,2016-10,95,53.5311,336,19
33615,2016-11,84,47.0417,308,16
33615,2016-12,100,60.9141,395,15
33615,2017-01,119,76.7221,475,17
33615,2017-02,102,50.8775,365,23
33615,2017-03,111,71.1917,440,16
33615,2017-04,114,77.5517,467,15
33615,2017-05,121,66.3763,448,20
33615,2017-06,125,89.0015,494,13
33615,2017-07,121,68.3546,452,23
33615,2017-08,121,66.6299,484,24
33615,2017-09,101,68.7127,398,12
33615,2017-10,93,62.6649,368,13
33615,2017-11,62,40.6568,241,8
33615,2017-12,114,77.0369,466,13
33615,2018-01,108,60.7833,385,18
33615,2018-02,101,75.2915,412,9
33615,2018-03,113,79.4554,462,11
33615,2018-04,108,60.1456,408,18
33615,2018-05,138,82.7333,543,22
33615,2018-06,154,118.2223,657,13
33615,2018-07,195,119.1505,745,34
33615,2018-08,114,61.0667,439,25
33615,2018-09,115,64.3802,457,24
33615,2018-10,104,62.4966,395,17
33615,2018-11,120,81.9764,490,14
33615,2018-12,122,73.1435,475,21
33615,2019-01,136,76.0764,529,25
33615,2019-02,105,57.8962,422,24
33615,2019-03,138,80.6365,550,25
33615,2019-04,141,81.8330,540,29
33615,2019-05,111,52.8388,398,26
33615,2019-06,134,83.0647,517,20
33615,2019-07,147,78.4861,541,32
33615,2019-08,136,81.5744,527,21
33615,2019-09,118,64.9226,456,25
33615,2019-10,110,52.5041,397,28
33615,2019-11,120,61.2007,415,26
33615,2019-12,98,51.9854,343,22
33615,2020-01,107,71.5202,426,14
33615,2020-02,112,67.6797,443,17
33615,2020-03,65,40.3382,252,10
33615,2020-04,59,32.7371,218,11
33615,2020-05,74,44.8554,290,12
33615,2020-06,89,54.3866,360,13
33615,2020-07,94,42.7610,314,26
33615,2020-08,74,38.4178,268,16
33615,2020-09,75,48.8203,312,12
33615,2020-10,78,42.6553,299,14
33615,2020-11,63,31.1528,224,12
33615,2020-12,65,36.2147,250,12
33615,2021-01,77,43.5699,287,14
33615,2021-02,82,38.9679,315,18
33615,2021-03,90,54.2135,346,15
33615,2021-04,92,39.5922,309,26
33615,2021-05,83,35.2883,270,24
33615,2021-06,72,37.3092,273,13
33615,2021-07,77,31.3402,271,21
33615,2021-08,74,39.0977,265,15
33615,2021-09,65,33.5842,245,15
33615,2021-10,51,21.1586,176,15
33615,2021-11,66,30.8099,234,17
33615,2021-12,78,42.6476,292,16
33616,2012-04,1,0.8910,4,0
33616,2012-05,1,0.8622,3,0
33616,2012-06,2,1.7046,9,0
33616,2012-07,1,0.9328,4,0
33616,2012-10,2,1.9760,8,0
33616,2012-12,1,0.8860,4,0
33616,2013-01,1,0.9564,5,0
33616,2013-02,1,-0.6115,1,1
33616,2013-03,2,0.0772,6,1
33616,2013-04,4,3.8061,16,0
33616,2013-05,4,3.4475,16,0
33616,2013-06,1,0.8935,4,0
33616,2013-07,1,0.9617,5,0
33616,2013-08,2,1.5061,6,0
33616,2013-09,1,0.9371,4,0
33616,2013-10,1,0.9803,5,0
33616,2013-11,1,0.8045,1,0
33616,2013-12,2,1.5524,8,0
33616,2014-01,2,1.8458,8,0
33616,2014-02,2,1.4783,3,0
33616,2014-03,2,-0.0067,5,1
33616,2014-04,5,3.2538,21,1
33616,2014-05,2,-1.3741,6,2
33616,2014-06,1,0.9896,5,0
33616,2014-07,1,-0.6714,5,1
33616,2014-08,1,0.8573,4,0
33616,2014-09,2,1.6648,10,0
33616,2014-10,3,1.5080,13,1
33616,2014-11,2,1.8789,6,0
33616,2014-12,4,3.6489,11,0
33616,2015-01,3,-0.1982,9,2
33616,2015-02,1,-0.9710,1,1
33616,2015-03,6,5.3405,25,0
33616,2015-04,5,2.7556,18,1
33616,2015-05,6,4.3676,24,0
33616,2015-06,5,3.3971,22,0
33616,2015-07,6,1.9791,21,2
33616,2015-08,4,1.9114,13,1
33616,2015-09,7,6.5363,27,0
33616,2015-10,8,6.2992,34,1
33616,2015-11,8,3.5889,29,2
33616,2015-12,5,2.3646,15,2
33616,2016-01,9,2.8163,30,3
33616,2016-02,2,1.0331,6,0
33616,2016-03,4,1.4472,15,1
33616,2016-04,4,3.2127,16,0
33616,2016-05,5,4.7721,19,0
33616,2016-06,7,2.7803,24,2
33616,2016-07,3,-0.9344,7,2
33616,2016-08,3,1.0427,11,1
33616,2016-09,6,4.4755,25,1
33616,2016-10,6,1.9817,26,2
33616,2016-11,4,0.1120,12,2
33616,2016-12,2,-0.0941,2,1
33616,2017-01,10,5.2275,37,2
33616,2017-02,7,2.6659,26,2
33616,2017-03,8,3.7625,31,2
33616,2017-04,4,3.6201,20,0
33616,2017-05,4,2.5192,16,1
33616,2017-06,4,3.4365,15,0
33616,2017-07,5,3.0729,20,1
33616,2017-08,2,0.4233,6,1
33616,2017-09,2,0.0760,4,1
33616,2017-10,12,8.4814,53,2
33616,2017-11,9,6.3080,37,1
33616,2017-12,9,6.3242,38,1
33616,2018-01,14,7.3288,56,3
33616,2018-02,10,5.7285,43,2
33616,2018-03,11,8.6032,47,1
33616,2018-04,8,3.7705,28,2
33616,2018-05,7,1.8030,17,2
33616,2018-06,4,3.8332,20,0
33616,2018-07,6,2.2411,23,2
33616,2018-08,7,4.2301,26,1
33616,2018-09,5,0.9605,19,2
33616,2018-10,10,4.0064,32,3
33616,2018-11,4,3.6505,19,0
33616,2018-12,3,2.7948,13,0
33616,2019-01,5,4.7937,25,0
33616,2019-02,1,-0.5532,1,1
33616,2019-03,4,2.8269,17,1
33616,2019-04,7,4.8272,30,1
33616,2019-05,5,4.2227,25,0
33616,2019-06,6,5.6586,29,0
33616,2019-07,6,1.9935,20,2
33616,2019-08,2,1.8867,10,0
33616,2019-09,4,3.8142,20,0
33616,2019-10,7,5.6908,27,0
33616,2019-11,4,3.2405,20,0
33616,2019-12,5,4.5259,23,0
33616,2020-01,9,4.8140,36,2
33616,2020-02,4,3.6012,15,0
33616,2020-03,5,2.2918,16,1
33616,2020-04,3,1.3204,11,1
33616,2020-05,5,4.1107,25,0
33616,2020-06,3,1.3954,11,1
33616,2020-07,8,4.7679,32,2
33616,2020-08,4,3.7085,20,0
33616,2020-09,1,0.8442,5,0
33616,2020-10,4,0.4729,14,2
33616,2020-11,7,1.4776,25,3
33616,2020-12,6,5.5427,28,0
33616,2021-01,2,1.8963,10,0
33616,2021-02,4,1.9350,11,1
33616,2021-03,8,5.6312,29,1
33616,2021-04,2,1.1393,6,0
33616,2021-05,1,0.7081,5,0
33616,2021-06,4,1.9269,16,1
33616,2021-07,2,1.9772,10,0
33616,2021-08,4,3.3769,16,0
33616,2021-09,5,3.4430,21,0
33616,2021-10,4,3.4141,19,0
33616,2021-11,4,0.1010,12,2
33616,2021-12,4,0.9189,14,1
33617,2012-01,22,18.9329,92,1
33617,2012-02,35,19.7581,124,5
33617,2012-03,18,9.7099,62,4
33617,2012-04,25,18.2368,80,3
33617,2012-05,31,20.3852,117,4
33617,2012-06,33,22.9209,121,4
33617,2012-07,31,12.9399,108,9
33617,2012-08,26,17.5693,95,3
33617,2012-09,36,26.6275,127,3
33617,2012-10,33,21.9848,120,4
33617,2012-11,29,22.0139,113,2
33617,2012-12,23,19.3024,91,0
33617,2013-01,49,33.2669,173,4
33617,2013-02,38,24.1315,137,6
33617,2013-03,57,39.1920,195,6
33617,2013-04,44,25.8631,153,8
33617,2013-05,37,21.0063,140,6
33617,2013-06,37,26.1406,151,4
33617,2013-07,44,28.3137,149,3
33617,2013-08,52,38.6670,198,5
33617,2013-09,60,45.9274,240,6
33617,2013-10,53,38.7002,193,5
33617,2013-11,56,43.8350,219,2
33617,2013-12,28,12.9779,104,7
33617,2014-01,55,32.8547,179,7
33617,2014-02,57,31.4073,183,11
33617,2014-03,61,41.4019,214,7
33617,2014-04,53,36.3775,197,7
33617,2014-05,65,37.8799,219,11
33617,2014-06,67,47.0441,271,9
33617,2014-07,84,49.8877,303,13
33617,2014-08,72,45.7737,237,11
33617,2014-09,62,28.9578,212,15
33617,2014-10,84,54.7954,305,9
33617,2014-11,74,49.1565,280,10
33617,2014-12,82,49.7922,296,14
33617,2015-01,97,73.7049,378,7
33617,2015-02,95,60.9238,347,13
33617,2015-03,112,73.5769,430,14
33617,2015-04,127,79.7173,478,20
33617,2015-05,113,62.4446,395,22
33617,2015-06,82,50.8155,296,14
33617,2015-07,125,68.7754,456,25
33617,2015-08,111,65.6095,388,20
33617,2015-09,92,62.2794,327,12
33617,2015-10,97,57.1165,351,15
33617,2015-11,96,52.9080,338,19
33617,2015-12,104,63.0811,374,18
33617,2016-01,161,101.4134,598,21
33617,2016-02,144,82.6734,520,27
33617,2016-03,145,99.6073,523,14
33617,2016-04,108,66.1289,423,16
33617,2016-05,119,69.8672,433,21
33617,2016-06,122,79.9461,470,14
33617,2016-07,157,94.3139,582,27
33617,2016-08,139,91.7227,530,16
33617,2016-09,116,61.8771,418,23
33617,2016-10,115,68.6070,428,18
33617,2016-11,86,62.1466,346,9
33617,2016-12,126,80.4084,475,19
33617,2017-01,124,74.3151,469,24
33617,2017-02,125,75.7445,467,23
33617,2017-03,123,82.2523,471,15
33617,2017-04,134,69.9118,472,28
33617,2017-05,132,63.5328,452,31
33617,2017-06,147,92.0174,558,22
33617,2017-07,165,112.2484,627,17
33617,2017-08,164,107.8006,627,24
33617,2017-09,106,63.7256,395,17
33617,2017-10,121,77.7347,461,16
33617,2017-11,138,82.3304,507,23
33617,2017-12,108,64.1542,391,16
33617,2018-01,157,86.5218,562,31
33617,2018-02,134,78.3084,465,22
33617,2018-03,173,95.8915,614,30
33617,2018-04,161,99.5646,620,28
33617,2018-05,140,76.7547,499,27
33617,2018-06,161,89.9964,589,33
33617,2018-07,155,94.2299,586,24
33617,2018-08,144,89.5128,552,23
33617,2018-09,132,86.9734,505,16
33617,2018-10,121,66.4487,457,20
33617,2018-11,123,65.9590,460,24
33617,2018-12,137,89.5830,530,17
33617,2019-01,166,101.3267,618,26
33617,2019-02,142,86.6681,513,23
33617,2019-03,157,93.0659,579,27
33617,2019-04,144,79.3009,539,29
33617,2019-05,150,81.2206,562,28
33617,2019-06,140,69.8158,497,30
33617,2019-07,135,75.2591,494,27
33617,2019-08,118,72.6826,457,19
33617,2019-09,113,50.2156,409,30
33617,2019-10,105,53.0861,379,25
33617,2019-11,112,51.9529,401,24
33617,2019-12,98,55.1341,358,17
33617,2020-01,136,86.0370,505,18
33617,2020-02,122,74.0657,466,19
33617,2020-03,87,45.1082,322,19
33617,2020-04,54,44.6919,251,1
33617,2020-05,65,45.4552,245,5
33617,2020-06,92,52.7553,337,16
33617,2020-07,90,53.0823,342,14
33617,2020-08,81,43.2492,309,18
33617,2020-09,99,48.1465,359,23
33617,2020-10,102,62.6812,375,16
33617,2020-11,80,42.3494,290,18
33617,2020-12,90,47.5523,342,16
33617,2021-01,139,64.4419,487,34
33617,2021-02,123,74.0599,465,23
33617,2021-03,134,70.9758,483,26
33617,2021-04,108,50.1478,397,27
33617,2021-05,123,64.8955,459,28
33617,2021-06,119,52.4952,422,32
33617,2021-07,124,78.6073,492,21
33617,2021-08,116,74.1465,444,14
33617,2021-09,97,46.3743,350,22
33617,2021-10,84,48.7098,303,15
33617,2021-11,97,49.5119,356,22
33617,2021-12,80,39.2566,288,17
33618,2012-01,56,32.8625,188,10
33618,2012-02,39,26.6053,137,4
33618,2012-03,42,30.4000,159,4
33618,2012-04,45,32.9690,151,4
33618,2012-05,38,23.2120,133,7
33618,2012-06,41,28.7022,149,5
33618,2012-07,51,32.2493,175,9
33618,2012-08,51,37.6059,190,6
33618,2012-09,56,45.0292,209,3
33618,2012-10,66,53.0070,249,3
33618,2012-11,62,48.4732,229,3
33618,2012-12,68,53.3112,254,3
33618,2013-01,102,79.7720,383,6
33618,2013-02,75,56.5993,296,7
33618,2013-03,104,77.1012,381,7
33618,2013-04,117,89.8268,419,8
33618,2013-05,105,79.5538,377,7
33618,2013-06,124,94.1535,447,11
33618,2013-07,113,77.3562,404,14
33618,2013-08,139,102.3503,497,11
33618,2013-09,129,94.2703,484,13
33618,2013-10,113,65.4013,368,20
33618,2013-11,111,67.5654,396,16
33618,2013-12,126,88.2726,463,14
33618,2014-01,164,104.0528,583,24
33618,2014-02,112,76.2624,401,12
33618,2014-03,119,81.1593,432,13
33618,2014-04,138,93.4350,526,17
33618,2014-05,144,94.5997,532,17
33618,2014-06,169,103.1919,592,27
33618,2014-07,160,103.0021,601,23
33618,2014-08,215,138.5219,790,26
33618,2014-09,174,119.5936,660,21
33618,2014-10,150,101.0859,564,21
33618,2014-11,154,102.4479,576,20
33618,2014-12,190,131.4920,733,23
33618,2015-01,265,181.0297,984,31
33618,2015-02,233,156.6933,871,28
33618,2015-03,287,199.0805,1073,32
33618,2015-04,269,194.9673,1041,22
33618,2015-05,273,175.6418,971,37
33618,2015-06,267,169.2793,950,40
33618,2015-07,291,193.3125,1049,37
33618,2015-08,311,182.3253,1123,53
33618,2015-09,272,167.0981,989,42
33618,2015-10,233,153.6205,850,32
33618,2015-11,285,192.1490,1078,37
33618,2015-12,221,148.5314,830,26
33618,2016-01,294,206.6936,1087,32
33618,2016-02,338,201.1223,1243,55
33618,2016-03,325,208.0737,1202,47
33618,2016-04,372,263.0424,1412,41
33618,2016-05,362,209.1073,1241,71
33618,2016-06,317,166.0151,1084,67
33618,2016-07,339,182.6535,1154,69
33618,2016-08,303,185.2721,1035,49
33618,2016-09,261,135.8675,887,49
33618,2016-10,209,121.7691,747,33
33618,2016-11,209,121.3388,754,38
33618,2016-12,228,120.7692,796,44
33618,2017-01,291,163.9653,1032,53
33618,2017-02,274,148.3632,955,52
33618,2017-03,280,164.5153,1017,52
33618,2017-04,287,174.7874,1073,48
33618,2017-05,344,192.4124,1251,67
33618,2017-06,299,179.7123,1130,48
33618,2017-07,335,207.1032,1222,53
33618,2017-08,345,219.6692,1324,55
33618,2017-09,248,154.6751,898,41
33618,2017-10,306,191.1538,1134,46
33618,2017-11,236,145.9993,904,37
33618,2017-12,279,156.5853,1052,53
33618,2018-01,347,226.6856,1319,48
33618,2018-02,333,212.1123,1225,48
33618,2018-03,429,281.2462,1658,56
33618,2018-04,386,277.1542,1499,38
33618,2018-05,434,281.5718,1660,61
33618,2018-06,383,253.9232,1493,53
33618,2018-07,441,275.1816,1694,67
33618,2018-08,448,300.6987,1761,60
33618,2018-09,350,208.4450,1324,65
33618,2018-10,312,201.2043,1230,48
33618,2018-11,309,180.8780,1164,54
33618,2018-12,334,216.1712,1273,45
33618,2019-01,367,230.5382,1385,58
33618,2019-02,374,235.3624,1447,54
33618,2019-03,375,221.4343,1418,67
33618,2019-04,298,175.1575,1089,50
33618,2019-05,360,237.4982,1388,49
33618,2019-06,362,217.5332,1357,61
33618,2019-07,361,216.3843,1341,57
33618,2019-08,346,209.2504,1292,56
33618,2019-09,342,196.8254,1305,67
33618,2019-10,340,238.2687,1340,39
33618,2019-11,301,176.8155,1085,55
33618,2019-12,275,166.1922,1001,46
33618,2020-01,298,170.0453,1060,57
33618,2020-02,299,176.7959,1123,54
33618,2020-03,224,146.3860,887,31
33618,2020-04,103,53.3310,362,21
33618,2020-05,161,85.8810,587,36
33618,2020-06,218,111.7623,781,42
33618,2020-07,235,113.3974,824,54
33618,2020-08,297,190.8018,1128,39
33618,2020-09,265,159.3970,1000,43
33618,2020-10,256,150.1068,973,44
33618,2020-11,196,115.2473,734,35
33618,2020-12,240,148.7249,930,38
33618,2021-01,266,178.9488,1051,33
33618,2021-02,237,143.2416,900,37
33618,2021-03,294,193.6644,1161,41
33618,2021-04,248,142.7269,936,43
33618,2021-05,277,157.5896,1034,49
33618,2021-06,273,139.2773,982,60
33618,2021-07,285,171.3949,1079,51
33618,2021-08,252,154.7270,961,42
33618,2021-09,228,117.9082,828,49
33618,2021-10,239,131.6680,849,44
33618,2021-11,242,145.6422,891,41
33618,2021-12,235,134.1290,845,43
33619,2012-01,15,11.3738,61,1
33619,2012-02,12,6.9116,45,2
33619,2012-03,9,7.4965,34,0
33619,2012-04,17,11.4299,60,2
33619,2012-05,23,18.6580,87,0
33619,2012-06,13,1.7384,36,6
33619,2012-07,20,11.4771,65,4
33619,2012-08,11,5.5950,36,3
33619,2012-09,26,13.3972,79,5
33619,2012-10,22,17.3884,77,1
33619,2012-11,26,13.5406,86,5
33619,2012-12,13,9.1045,49,2
33619,2013-01,32,20.7715,122,3
33619,2013-02,32,19.9227,115,6
33619,2013-03,31,22.2922,110,2
33619,2013-04,32,22.7746,116,3
33619,2013-05,44,20.1271,150,11
33619,2013-06,17,6.8433,61,5
33619,2013-07,27,17.4621,98,3
33619,2013-08,51,26.4556,173,10
33619,2013-09,38,25.2968,139,5
33619,2013-10,38,19.8467,125,9
33619,2013-11,37,19.7303,101,6
33619,2013-12,37,17.4181,107,8
33619,2014-01,54,33.5629,194,8
33619,2014-02,58,36.0694,204,7
33619,2014-03,52,32.1875,186,7
33619,2014-04,54,23.5923,172,13
33619,2014-05,58,27.3165,208,12
33619,2014-06,61,38.9435,213,10
33619,2014-07,68,33.7043,234,15
33619,2014-08,49,30.0657,194,8
33619,2014-09,49,21.8000,157,12
33619,2014-10,60,30.6114,218,12
33619,2014-11,60,36.1073,208,11
33619,2014-12,95,55.7444,351,16
33619,2015-01,135,80.4420,481,22
33619,2015-02,135,71.7358,463,26
33619,2015-03,120,72.0533,458,19
33619,2015-04,109,70.0164,408,16
33619,2015-05,131,78.8883,505,21
33619,2015-06,134,91.7033,493,15
33619,2015-07,152,85.2439,520,29
33619,2015-08,164,88.0800,584,31
33619,2015-09,135,74.2733,464,25
33619,2015-10,135,77.0230,472,23
33619,2015-11,127,78.0554,466,20
33619,2015-12,131,57.9623,428,35
33619,2016-01,124,79.6186,463,19
33619,2016-02,122,60.2340,408,29
33619,2016-03,127,80.7927,467,17
33619,2016-04,146,86.5504,512,24
33619,2016-05,139,74.8902,488,29
33619,2016-06,136,62.8060,476,35
33619,2016-07,144,73.9427,497,32
33619,2016-08,134,77.3585,490,24
33619,2016-09,102,56.1187,338,20
33619,2016-10,104,45.5448,346,26
33619,2016-11,86,44.6196,298,17
33619,2016-12,104,42.1290,333,30
33619,2017-01,110,31.7393,324,39
33619,2017-02,106,37.2531,303,34
33619,2017-03,152,85.0662,552,28
33619,2017-04,128,55.1569,428,33
33619,2017-05,160,69.6978,538,41
33619,2017-06,143,74.5180,477,30
33619,2017-07,130,50.5254,405,33
33619,2017-08,127,48.8570,406,36
33619,2017-09,118,54.6616,391,28
33619,2017-10,130,68.0213,473,29
33619,2017-11,172,100.0904,606,30
33619,2017-12,134,48.3156,407,39
33619,2018-01,203,87.5930,665,54
33619,2018-02,153,75.5138,536,33
33619,2018-03,166,66.9288,514,46
33619,2018-04,151,79.0354,503,33
33619,2018-05,205,103.6629,672,46
33619,2018-06,193,92.7819,634,41
33619,2018-07,204,89.6974,669,53
33619,2018-08,187,75.9486,621,51
33619,2018-09,149,53.1751,466,47
33619,2018-10,153,62.4987,487,44
33619,2018-11,148,71.9860,490,34
33619,2018-12,139,59.8105,447,36
33619,2019-01,141,64.3821,471,34
33619,2019-02,125,64.0540,413,28
33619,2019-03,164,55.3849,508,51
33619,2019-04,163,80.4497,573,36
33619,2019-05,194,84.6586,653,50
33619,2019-06,230,99.9218,773,59
33619,2019-07,223,85.6775,690,67
33619,2019-08,199,128.0202,784,27
33619,2019-09,167,80.4264,564,35
33619,2019-10,153,76.7426,521,34
33619,2019-11,148,87.1734,542,28
33619,2019-12,130,60.8692,436,32
33619,2020-01,144,68.0901,480,33
33619,2020-02,136,66.2037,469,32
33619,2020-03,120,52.2393,413,31
33619,2020-04,57,15.3185,170,19
33619,2020-05,89,33.3689,276,26
33619,2020-06,118,42.9635,405,36
33619,2020-07,122,63.7873,435,23
33619,2020-08,120,36.0406,388,39
33619,2020-09,103,30.0280,314,35
33619,2020-10,107,46.9442,350,25
33619,2020-11,99,38.7658,301,28
33619,2020-12,123,46.0023,416,37
33619,2021-01,123,59.9293,427,26
33619,2021-02,118,59.2884,402,25
33619,2021-03,170,61.8452,527,51
33619,2021-04,144,59.6924,469,38
33619,2021-05,133,40.1502,407,46
33619,2021-06,149,63.6552,501,35
33619,2021-07,172,67.4893,545,49
33619,2021-08,174,66.2450,553,51
33619,2021-09,159,69.0588,539,42
33619,2021-10,133,79.6930,484,24
33619,2021-11,133,65.6831,452,26
33619,2021-12,164,67.2638,536,47
33620,2012-01,1,0.9564,4,0
33620,2012-02,1,0.9468,4,0
33620,2012-05,2,0.2525,8,1
33620,2012-09,1,0.9933,4,0
33620,2012-11,4,0.7647,11,2
33620,2013-01,1,0.8020,3,0
33620,2013-02,1,0.8860,4,0
33620,2013-03,2,1.7764,9,0
33620,2013-04,2,1.7452,10,0
33620,2013-05,1,0.9199,4,0
33620,2013-06,1,0.9022,2,0
33620,2013-07,2,1.7998,9,0
33620,2013-09,1,0.9832,4,0
33620,2013-10,1,0.9976,4,0
33620,2014-01,2,1.7114,8,0
33620,2014-02,1,0.9811,5,0
33620,2014-03,2,1.8010,5,0
33620,2014-04,1,0.9391,3,0
33620,2014-06,2,0.6011,9,1
33620,2014-09,2,0.5240,6,1
33620,2014-10,2,1.2805,7,0
33620,2014-11,1,0.9976,4,0
33620,2014-12,1,-0.3400,2,1
33620,2015-01,1,-0.5044,4,1
33620,2015-02,1,0.9455,2,0
33620,2015-03,1,-0.2960,4,1
33620,2015-04,1,0.9455,4,0
33620,2015-05,1,0.8813,5,0
33620,2015-06,3,2.7725,12,0
33620,2015-07,2,1.7760,8,0
33620,2015-08,1,0.5019,4,0
33620,2015-10,2,1.7071,7,0
33620,2015-11,1,0.8789,4,0
33620,2015-12,4,3.7679,19,0
33620,2016-01,1,0.4754,5,0
33620,2016-02,1,0.8951,5,0
33620,2016-03,3,2.8769,12,0
33620,2016-04,4,1.7409,19,0
33620,2016-05,2,1.5162,9,0
33620,2016-07,1,-0.3612,1,1
33620,2016-09,1,0.9794,4,0
33620,2016-10,1,0.6249,4,0
33620,2016-12,1,0.8571,5,0
33620,2017-02,1,0.3612,5,0
33620,2017-03,2,0.5449,7,1
33620,2017-04,2,-0.0365,3,1
33620,2017-06,3,1.0613,10,1
33620,2017-07,1,0.9833,4,0
33620,2017-09,2,0.0518,4,1
33620,2017-11,1,0.9696,4,0
33620,2018-02,1,0.9682,4,0
33620,2018-03,1,0.9730,4,0
33620,2018-04,2,1.1244,8,0
33620,2018-05,1,0.5382,3,0
33620,2018-06,2,1.7941,8,0
33620,2018-08,6,3.8099,21,1
33620,2018-09,4,1.7327,16,1
33620,2018-10,2,1.3903,6,0
33620,2018-11,4,1.8917,16,1
33620,2019-01,1,0.7269,5,0
33620,2019-02,2,1.6659,8,0
33620,2019-03,1,0.8204,2,0
33620,2019-04,2,-0.0267,5,1
33620,2019-06,3,-1.5512,4,3
33620,2019-07,1,-0.6331,1,1
33620,2019-08,1,0.9659,5,0
33620,2019-09,4,-2.2838,5,3
33620,2019-10,3,1.1374,6,1
33620,2019-11,1,0.9674,4,0
33620,2019-12,1,-0.3639,1,1
33620,2020-02,1,0.9374,5,0
33620,2020-10,2,1.8618,8,0
33620,2020-12,1,0.4215,5,0
33620,2021-05,1,0.9718,5,0
33620,2021-09,1,-0.3818,1,1
33620,2021-10,2,1.8838,6,0
33620,2021-12,1,0.7003,5,0
33621,2012-12,1,-0.1032,1,1
33621,2013-02,1,0.7430,3,0
33621,2014-02,1,0.5859,4,0
33621,2014-04,1,-0.6956,1,1
33621,2014-06,1,0.6105,2,0
33621,2014-07,3,1.0436,10,1
33621,2014-11,1,0.9888,4,0
33621,2015-01,1,0.8442,3,0
33621,2015-03,1,0.9796,4,0
33621,2015-04,1,0.9864,5,0
33621,2015-05,3,1.5829,12,0
33621,2015-06,1,0.9968,4,0
33621,2015-07,1,0.7632,3,0
33621,2015-08,1,0.9864,4,0
33621,2015-09,1,0.9666,5,0
33621,2015-10,1,0.7876,1,0
33621,2015-11,1,-0.8537,1,1
33621,2016-04,3,2.8827,14,0
33621,2016-05,1,0.7681,5,0
33621,2016-06,1,0.9447,4,0
33621,2016-07,1,0.9706,5,0
33621,2016-08,3,1.4034,10,1
33621,2016-10,1,0.8957,5,0
33621,2016-12,3,1.2967,11,1
33621,2017-01,1,0.9559,4,0
33621,2017-02,3,1.0245,10,1
33621,2017-04,1,0.5719,3,0
33621,2017-05,1,0.5719,3,0
33621,2017-06,3,1.0427,8,1
33621,2017-08,3,0.4547,9,1
33621,2017-09,1,0.9199,5,0
33621,2017-10,2,1.9676,9,0
33621,2017-11,1,-0.1779,3,1
33621,2017-12,1,0.9900,4,0
33621,2018-01,2,1.9017,10,0
33621,2018-03,2,1.4655,6,0
33621,2018-04,9,6.6832,36,1
33621,2018-05,1,-0.8103,1,1
33621,2018-07,2,1.2731,10,0
33621,2018-08,1,0.9749,4,0
33621,2018-10,1,0.9226,3,0
33621,2019-03,2,1.7828,10,0
33621,2019-04,3,2.8915,13,0
33621,2019-06,1,0.9151,5,0
33621,2019-07,1,0.8761,5,0
33621,2019-08,1,0.9575,5,0
33621,2019-09,1,0.9125,4,0
33621,2019-10,2,-0.5298,4,1
33621,2019-11,3,2.5076,10,0
33621,2019-12,1,0.9823,3,0
33621,2020-02,4,3.0806,15,0
33621,2020-03,1,0.9575,3,0
33621,2020-08,2,1.7898,3,0
33621,2020-11,1,0.9787,5,0
33621,2021-01,1,0.9493,5,0
33621,2021-03,1,0.0320,1,0
33621,2021-07,2,1.8391,10,0
33621,2021-08,1,0.7650,1,0
33621,2021-09,3,2.6323,13,0
33622,2014-05,1,-0.1779,1,1
33622,2014-12,1,0.3962,1,0
33622,2016-06,2,1.3539,6,0
33622,2016-07,1,0.8132,2,0
33622,2017-08,1,0.8555,5,0
33623,2012-01,3,2.9536,13,0
33623,2012-08,1,0.7997,3,0
33623,2012-12,2,1.8502,8,0
33623,2013-09,1,0.9903,5,0
33623,2013-10,1,0.9847,5,0
33623,2013-11,1,0.9934,5,0
33623,2014-01,1,0.9949,5,0
33623,2014-03,1,0.9110,5,0
33623,2014-04,1,0.9582,4,0
33623,2014-05,1,0.8625,4,0
33623,2014-06,2,0.0842,6,1
33623,2014-07,5,4.4354,19,0
33623,2014-08,1,-0.9536,1,1
33623,2014-09,1,0.9813,5,0
33623,2014-12,1,0.9476,4,0
33623,2015-01,1,-0.7932,2,1
33623,2015-02,1,0.7574,4,0
33623,2015-03,1,0.9062,5,0
33623,2015-05,1,0.8986,5,0
33623,2015-06,1,0.9768,5,0
33623,2015-08,1,0.9273,5,0
33623,2015-09,2,1.9712,9,0
33623,2015-10,1,0.9042,5,0
33623,2015-11,1,0.8842,5,0
33623,2015-12,2,1.9597,9,0
33623,2016-01,1,0.9557,5,0
33623,2016-02,2,1.9396,10,0
33623,2016-04,2,1.8815,8,0
33623,2016-05,1,0.9732,5,0
33623,2016-06,2,1.2578,7,0
33623,2016-07,2,1.7994,10,0
33623,2016-08,1,0.8957,3,0
33623,2016-09,3,2.0066,13,0
33623,2016-10,3,2.8311,12,0
33623,2016-11,2,0.4495,9,1
33623,2016-12,1,0.9707,5,0
33623,2017-01,1,0.9209,5,0
33623,2017-03,1,0.9800,5,0
33623,2017-04,1,0.8440,3,0
33623,2017-07,3,2.9011,15,0
33623,2017-08,6,2.4502,25,1
33623,2017-09,2,1.9271,10,0
33623,2017-10,1,0.8410,5,0
33623,2017-11,3,2.8862,13,0
33623,2017-12,1,0.9794,5,0
33623,2018-02,2,1.6445,10,0
33623,2018-03,1,0.8316,5,0
33623,2018-04,1,0.9760,5,0
33623,2018-05,3,2.8934,15,0
33623,2018-06,4,3.6045,20,0
33623,2018-07,1,0.9516,5,0
33623,2018-08,1,0.9884,5,0
33623,2018-09,2,1.2862,10,0
33623,2018-10,1,0.8350,5,0
33623,2018-11,2,0.0302,6,1
33623,2018-12,3,2.9060,15,0
33623,2019-01,2,1.9140,10,0
33623,2019-02,5,4.7352,25,0
33623,2019-04,3,0.4983,7,1
33623,2019-05,2,1.9377,10,0
33623,2019-06,2,1.9596,10,0
33623,2019-07,3,2.9365,15,0
33623,2019-08,1,-0.6124,1,1
33623,2019-09,2,0.3130,10,1
33623,2019-10,1,0.8844,5,0
33623,2019-11,2,1.7236,8,0
33623,2019-12,1,0.8534,5,0
33623,2020-01,3,0.9847,7,1
33623,2020-02,1,0.8070,5,0
33623,2020-03,2,0.6140,2,0
33623,2020-04,1,0.9794,3,0
33623,2020-07,3,2.6984,11,0
33623,2020-08,2,-1.7502,2,2
33623,2020-12,3,1.2705,12,1
33623,2021-01,2,1.9357,10,0
33623,2021-02,1,0.8583,5,0
33623,2021-03,3,2.8590,15,0
33623,2021-05,1,-0.6449,1,1
33623,2021-07,2,1.5226,10,0
33623,2021-08,2,1.6385,10,0
33623,2021-09,1,0.8469,5,0
33624,2012-01,10,8.9223,40,0
33624,2012-02,6,4.5024,24,0
33624,2012-03,7,5.6202,21,1
33624,2012-04,10,5.8373,27,2
33624,2012-05,4,3.8314,20,0
33624,2012-06,11,5.0046,40,3
33624,2012-07,9,5.1433,33,2
33624,2012-08,5,-0.1228,11,3
33624,2012-09,9,2.2893,27,3
33624,2012-10,12,8.7688,47,1
33624,2012-11,16,11.2679,60,2
33624,2012-12,14,11.6914,52,1
33624,2013-01,31,28.2287,126,0
33624,2013-02,14,8.7923,53,2
33624,2013-03,29,20.3521,104,3
33624,2013-04,15,9.8863,46,3
33624,2013-05,17,8.0651,57,3
33624,2013-06,20,9.0553,67,5
33624,2013-07,18,11.6019,64,2
33624,2013-08,18,8.6217,60,6
33624,2013-09,25,9.8001,90,7
33624,2013-10,13,5.9277,44,3
33624,2013-11,15,9.0466,59,3
33624,2013-12,23,12.6993,86,4
33624,2014-01,33,25.2945,139,3
33624,2014-02,14,8.6570,49,2
33624,2014-03,22,15.6593,92,3
33624,2014-04,29,17.8266,105,5
33624,2014-05,23,13.6020,74,4
33624,2014-06,23,15.7509,83,2
33624,2014-07,39,20.8017,128,8
33624,2014-08,39,26.0747,136,4
33624,2014-09,40,29.1988,143,2
33624,2014-10,33,22.4946,124,5
33624,2014-11,28,14.4626,94,7
33624,2014-12,23,13.3768,77,4
33624,2015-01,22,11.0044,79,6
33624,2015-02,35,29.4670,141,1
33624,2015-03,37,26.1624,148,4
33624,2015-04,40,24.6262,142,8
33624,2015-05,32,18.9647,114,6
33624,2015-06,45,26.8435,153,8
33624,2015-07,34,19.5728,120,8
33624,2015-08,36,22.6991,132,5
33624,2015-09,44,32.6202,173,4
33624,2015-10,35,25.4105,143,3
33624,2015-11,35,19.9939,122,7
33624,2015-12,40,20.1294,144,8
33624,2016-01,52,34.6015,204,6
33624,2016-02,47,29.1813,184,8
33624,2016-03,39,17.6932,128,10
33624,2016-04,56,30.3265,200,10
33624,2016-05,46,30.2405,172,7
33624,2016-06,39,22.2304,146,8
33624,2016-07,51,35.3895,196,6
33624,2016-08,51,32.6756,194,7
33624,2016-09,46,26.8560,171,8
33624,2016-10,42,28.2227,167,5
33624,2016-11,35,19.8377,128,7
33624,2016-12,42,30.1326,178,5
33624,2017-01,76,54.2563,302,8
33624,2017-02,63,40.3235,234,9
33624,2017-03,65,49.6821,265,4
33624,2017-04,47,31.6223,191,6
33624,2017-05,69,46.5090,259,8
33624,2017-06,85,58.9180,328,10
33624,2017-07,70,48.4998,275,10
33624,2017-08,81,38.8887,290,19
33624,2017-09,51,33.5885,206,7
33624,2017-10,77,47.0439,298,11
33624,2017-11,45,24.2830,168,9
33624,2017-12,63,41.6502,245,10
33624,2018-01,79,50.4445,308,11
33624,2018-02,56,40.7505,230,6
33624,2018-03,50,37.0514,205,4
33624,2018-04,63,35.9659,239,11
33624,2018-05,71,37.7384,263,15
33624,2018-06,71,48.0931,276,7
33624,2018-07,87,40.7254,305,22
33624,2018-08,64,44.0998,256,7
33624,2018-09,57,28.8825,210,15
33624,2018-10,48,25.8842,174,10
33624,2018-11,68,35.7980,245,14
33624,2018-12,63,38.4881,249,11
33624,2019-01,79,51.9261,291,11
33624,2019-02,73,44.9602,291,12
33624,2019-03,66,36.9098,260,12
33624,2019-04,54,21.7097,184,15
33624,2019-05,70,36.9187,250,15
33624,2019-06,59,33.2680,224,11
33624,2019-07,66,32.3756,242,15
33624,2019-08,54,28.9475,197,13
33624,2019-09,45,20.6495,156,11
33624,2019-10,56,34.7833,199,6
33624,2019-11,48,25.9546,184,9
33624,2019-12,62,28.7663,218,14
33624,2020-01,61,40.0973,230,7
33624,2020-02,57,43.7476,249,3
33624,2020-03,47,27.0833,167,8
33624,2020-04,22,15.4961,91,2
33624,2020-05,42,21.3023,155,8
33624,2020-06,52,22.9046,187,13
33624,2020-07,42,23.8698,163,9
33624,2020-08,41,20.1423,146,9
33624,2020-09,65,38.8631,249,10
33624,2020-10,74,43.9143,266,13
33624,2020-11,42,18.2834,148,11
33624,2020-12,48,21.2368,179,11
33624,2021-01,47,27.1380,182,8
33624,2021-02,53,32.0253,207,9
33624,2021-03,53,26.9072,206,10
33624,2021-04,57,35.9441,227,8
33624,2021-05,51,28.4234,184,10
33624,2021-06,47,30.2700,183,7
33624,2021-07,48,23.6721,182,11
33624,2021-08,52,20.8348,193,14
33624,2021-09,32,17.0311,125,7
33624,2021-10,50,31.2175,195,6
33624,2021-11,50,28.0384,185,9
33624,2021-12,25,6.4438,83,10
33625,2012-01,22,13.4720,74,3
33625,2012-02,20,13.7359,68,2
33625,2012-03,7,4.7975,24,1
33625,2012-04,4,0.3999,12,2
33625,2012-05,11,8.0694,42,1
33625,2012-06,9,4.4527,24,2
33625,2012-07,13,8.1167,51,2
33625,2012-08,20,13.8159,71,2
33625,2012-09,14,2.5821,38,5
33625,2012-10,11,7.2962,38,1
33625,2012-11,32,23.8454,120,2
33625,2012-12,39,27.8466,148,4
33625,2013-01,38,31.5054,127,0
33625,2013-02,32,22.8943,118,2
33625,2013-03,38,19.9634,143,6
33625,2013-04,33,20.2934,123,5
33625,2013-05,26,12.5706,78,7
33625,2013-06,33,16.0478,110,6
33625,2013-07,27,12.8633,77,6
33625,2013-08,33,19.9586,108,4
33625,2013-09,33,18.7998,118,6
33625,2013-10,21,9.3936,62,5
33625,2013-11,25,15.7708,80,4
33625,2013-12,23,11.5797,74,4
33625,2014-01,51,32.0512,174,7
33625,2014-02,30,15.8267,104,6
33625,2014-03,25,16.0311,93,3
33625,2014-04,33,11.0818,100,9
33625,2014-05,35,25.6682,129,3
33625,2014-06,52,34.8006,193,6
33625,2014-07,35,20.2127,131,6
33625,2014-08,57,28.9874,185,11
33625,2014-09,44,23.7197,151,10
33625,2014-10,44,23.9887,149,9
33625,2014-11,52,28.7444,165,9
33625,2014-12,39,26.0131,147,5
33625,2015-01,51,32.5053,173,7
33625,2015-02,42,21.4645,132,7
33625,2015-03,51,26.6606,164,10
33625,2015-04,49,31.7326,181,7
33625,2015-05,66,27.0774,205,19
33625,2015-06,83,27.6319,265,28
33625,2015-07,63,23.1263,213,18
33625,2015-08,54,27.2931,186,13
33625,2015-09,72,40.8489,244,14
33625,2015-10,57,30.3853,199,12
33625,2015-11,57,38.5686,224,5
33625,2015-12,74,39.7329,266,16
33625,2016-01,77,55.9229,296,8
33625,2016-02,73,35.4510,251,18
33625,2016-03,74,36.2174,240,17
33625,2016-04,94,59.3538,359,14
33625,2016-05,95,68.3913,366,8
33625,2016-06,85,41.6707,308,18
33625,2016-07,91,47.7009,323,19
33625,2016-08,102,55.7635,356,20
33625,2016-09,81,36.3902,282,20
33625,2016-10,63,33.6734,224,12
33625,2016-11,70,38.0872,241,14
33625,2016-12,78,45.1519,276,13
33625,2017-01,81,57.4764,325,8
33625,2017-02,69,34.7404,248,17
33625,2017-03,97,51.7060,332,21
33625,2017-04,90,47.6294,305,17
33625,2017-05,101,51.8282,360,22
33625,2017-06,78,45.2359,265,15
33625,2017-07,104,60.8326,369,17
33625,2017-08,75,49.8815,273,10
33625,2017-09,52,31.7422,182,8
33625,2017-10,79,40.2047,259,18
33625,2017-11,65,26.6754,208,19
33625,2017-12,68,35.6726,254,12
33625,2018-01,86,46.4960,312,19
33625,2018-02,85,50.2647,314,14
33625,2018-03,102,72.1525,380,10
33625,2018-04,91,55.7606,300,15
33625,2018-05,113,51.1280,377,29
33625,2018-06,102,45.9908,345,26
33625,2018-07,119,75.0746,445,18
33625,2018-08,112,60.4775,395,25
33625,2018-09,76,31.1341,251,22
33625,2018-10,88,39.1303,301,23
33625,2018-11,69,36.6020,257,14
33625,2018-12,69,31.7774,234,16
33625,2019-01,102,58.0243,380,20
33625,2019-02,90,54.4468,336,15
33625,2019-03,86,46.6989,318,17
33625,2019-04,78,45.4094,286,14
33625,2019-05,122,48.1216,398,35
33625,2019-06,108,58.2983,371,21
33625,2019-07,84,45.5389,307,15
33625,2019-08,100,41.8166,343,27
33625,2019-09,70,42.8496,263,11
33625,2019-10,97,54.5115,355,17
33625,2019-11,94,44.3418,316,24
33625,2019-12,87,54.9549,339,13
33625,2020-01,107,69.3421,429,17
33625,2020-02,86,54.7384,323,13
33625,2020-03,54,22.6065,187,16
33625,2020-04,42,27.5888,164,6
33625,2020-05,52,20.4125,172,16
33625,2020-06,57,36.7058,216,9
33625,2020-07,60,18.7472,195,21
33625,2020-08,66,30.5796,240,18
33625,2020-09,48,21.0054,165,13
33625,2020-10,48,28.2700,178,6
33625,2020-11,52,25.2292,190,11
33625,2020-12,67,28.8965,220,18
33625,2021-01,63,34.5758,215,12
33625,2021-02,50,18.5487,160,16
33625,2021-03,54,21.9412,185,15
33625,2021-04,67,24.9555,227,19
33625,2021-05,83,28.6006,289,26
33625,2021-06,47,14.7341,144,15
33625,2021-07,69,21.3814,209,22
33625,2021-08,72,26.4109,225,24
33625,2021-09,58,18.0066,177,20
33625,2021-10,70,27.7130,222,19
33625,2021-11,52,20.9322,166,15
33625,2021-12,56,11.8384,158,19
33626,2012-01,38,24.5461,131,4
33626,2012-02,28,22.3662,116,1
33626,2012-03,23,12.6957,75,4
33626,2012-04,13,8.7574,50,2
33626,2012-05,35,21.2343,124,6
33626,2012-06,32,25.2093,127,1
33626,2012-07,47,38.4329,186,1
33626,2012-08,26,19.9749,111,3
33626,2012-09,32,23.8173,131,2
33626,2012-10,37,29.0910,130,3
33626,2012-11,43,33.7528,159,3
33626,2012-12,36,29.6740,146,2
33626,2013-01,45,31.4852,170,5
33626,2013-02,54,40.3463,181,4
33626,2013-03,74,51.9067,271,6
33626,2013-04,43,30.8100,158,4
33626,2013-05,56,44.6226,199,3
33626,2013-06,52,27.5162,177,11
33626,2013-07,45,36.1923,175,2
33626,2013-08,52,38.4835,201,4
33626,2013-09,60,41.1288,232,8
33626,2013-10,67,44.7859,250,6
33626,2013-11,77,51.8071,275,9
33626,2013-12,56,36.8806,208,8
33626,2014-01,82,63.4605,310,4
33626,2014-02,75,53.1303,277,7
33626,2014-03,58,38.0937,209,8
33626,2014-04,58,37.8178,220,9
33626,2014-05,89,70.1884,344,6
33626,2014-06,81,50.0396,282,13
33626,2014-07,102,75.1037,410,11
33626,2014-08,96,64.5898,365,11
33626,2014-09,85,57.1431,311,12
33626,2014-10,80,55.1811,312,11
33626,2014-11,76,50.5699,282,10
33626,2014-12,67,47.1155,248,7
33626,2015-01,105,67.4138,398,14
33626,2015-02,117,82.1576,427,14
33626,2015-03,96,60.0841,348,14
33626,2015-04,112,74.3286,410,13
33626,2015-05,97,51.0519,355,23
33626,2015-06,106,66.1538,386,16
33626,2015-07,120,76.8886,443,17
33626,2015-08,126,85.0986,478,18
33626,2015-09,112,66.8508,404,17
33626,2015-10,109,78.5834,417,10
33626,2015-11,107,71.7628,423,13
33626,2015-12,122,80.9613,455,17
33626,2016-01,168,97.6319,588,32
33626,2016-02,125,76.8513,442,19
33626,2016-03,133,86.7059,497,19
33626,2016-04,136,99.5034,529,15
33626,2016-05,141,81.5372,516,28
33626,2016-06,127,77.5899,454,23
33626,2016-07,118,70.9095,431,23
33626,2016-08,132,77.7071,506,26
33626,2016-09,141,92.4121,534,18
33626,2016-10,126,90.5216,492,15
33626,2016-11,105,63.9682,396,17
33626,2016-12,102,73.8815,426,8
33626,2017-01,157,106.9078,610,19
33626,2017-02,95,49.7402,343,22
33626,2017-03,112,72.0110,417,17
33626,2017-04,122,70.4362,468,20
33626,2017-05,135,82.8701,508,23
33626,2017-06,123,87.8714,476,13
33626,2017-07,134,90.1490,503,17
33626,2017-08,143,94.4354,551,20
33626,2017-09,126,85.5328,465,16
33626,2017-10,132,81.9824,459,20
33626,2017-11,148,94.3553,570,24
33626,2017-12,108,69.1978,422,16
33626,2018-01,146,104.6232,554,15
33626,2018-02,158,101.9406,626,22
33626,2018-03,173,113.4391,661,27
33626,2018-04,161,106.4498,623,22
33626,2018-05,180,113.3296,701,29
33626,2018-06,209,159.4345,854,17
33626,2018-07,226,164.4383,926,22
33626,2018-08,192,134.6439,776,18
33626,2018-09,139,95.5862,539,18
33626,2018-10,149,101.5852,566,18
33626,2018-11,160,106.7734,655,24
33626,2018-12,140,80.3944,526,23
33626,2019-01,181,124.9809,721,21
33626,2019-02,185,131.1647,726,22
33626,2019-03,186,121.7779,713,26
33626,2019-04,150,100.8844,601,19
33626,2019-05,178,100.1986,647,31
33626,2019-06,169,94.4936,643,29
33626,2019-07,156,92.7713,572,27
33626,2019-08,168,121.8836,688,18
33626,2019-09,144,93.3965,558,20
33626,2019-10,151,105.5845,614,18
33626,2019-11,113,66.0382,430,22
33626,2019-12,106,69.4595,407,14
33626,2020-01,114,66.5846,412,19
33626,2020-02,119,73.1576,446,18
33626,2020-03,88,51.0840,338,16
33626,2020-04,54,33.0545,188,9
33626,2020-05,64,24.6483,217,20
33626,2020-06,88,54.6642,340,13
33626,2020-07,95,54.5833,373,19
33626,2020-08,109,72.4703,417,13
33626,2020-09,90,48.5662,326,20
33626,2020-10,88,56.5946,334,14
33626,2020-11,85,51.1990,314,15
33626,2020-12,77,48.9750,308,11
33626,2021-01,79,48.3069,304,15
33626,2021-02,94,55.2177,345,14
33626,2021-03,110,71.5851,416,16
33626,2021-04,97,41.0419,346,26
33626,2021-05,111,46.7534,370,27
33626,2021-06,95,61.8109,366,11
33626,2021-07,119,68.6481,461,22
33626,2021-08,111,73.1824,423,15
33626,2021-09,90,51.5299,330,17
33626,2021-10,123,83.9938,475,13
33626,2021-11,103,64.0972,388,17
33626,2021-12,105,51.2581,380,25
33627,2016-01,1,0.8422,4,0
33627,2017-03,1,0.9768,5,0
33627,2017-06,1,0.9923,5,0
33627,2017-10,1,0.8270,5,0
33627,2018-03,1,0.8172,5,0
33627,2019-05,1,0.9914,5,0
33629,2012-01,70,56.8028,276,4
33629,2012-02,81,57.4184,303,8
33629,2012-03,67,51.0461,269,4
33629,2012-04,72,54.3626,278,6
33629,2012-05,79,63.2833,314,5
33629,2012-06,86,60.0667,319,9
33629,2012-07,109,82.0742,431,8
33629,2012-08,103,74.6289,407,10
33629,2012-09,74,51.0791,283,10
33629,2012-10,93,72.4296,370,5
33629,2012-11,136,105.9134,562,10
33629,2012-12,106,83.3385,404,8
33629,2013-01,113,84.3838,442,12
33629,2013-02,125,96.3937,469,8
33629,2013-03,158,113.1876,604,18
33629,2013-04,138,100.6723,545,14
33629,2013-05,150,110.1398,581,15
33629,2013-06,122,96.6857,497,6
33629,2013-07,142,117.9266,588,5
33629,2013-08,142,114.9155,571,6
33629,2013-09,146,115.9645,604,9
33629,2013-10,129,99.8256,523,10
33629,2013-11,111,98.4418,456,3
33629,2013-12,126,90.5640,507,12
33629,2014-01,170,132.3478,676,11
33629,2014-02,152,117.2306,590,13
33629,2014-03,159,121.3232,657,15
33629,2014-04,148,119.0077,589,10
33629,2014-05,196,153.6504,796,11
33629,2014-06,193,148.3423,776,17
33629,2014-07,221,149.8093,847,31
33629,2014-08,219,156.9628,873,24
33629,2014-09,203,156.6321,810,15
33629,2014-10,210,154.6763,847,17
33629,2014-11,193,136.1028,763,20
33629,2014-12,175,121.0911,697,22
33629,2015-01,213,159.8822,876,14
33629,2015-02,250,186.2725,1016,23
33629,2015-03,266,188.4900,1071,30
33629,2015-04,248,176.4398,998,26
33629,2015-05,247,174.4663,967,26
33629,2015-06,295,208.4049,1219,32
33629,2015-07,316,245.2042,1310,24
33629,2015-08,273,201.1285,1105,24
33629,2015-09,247,184.0551,984,20
33629,2015-10,268,199.0147,1106,23
33629,2015-11,249,185.3010,1031,22
33629,2015-12,304,222.1191,1231,26
33629,2016-01,331,245.0789,1363,31
33629,2016-02,369,270.5753,1494,35
33629,2016-03,317,214.0880,1259,41
33629,2016-04,368,273.9860,1529,27
33629,2016-05,304,241.1805,1257,17
33629,2016-06,308,249.0468,1314,13
33629,2016-07,324,252.8073,1386,24
33629,2016-08,283,208.6471,1194,26
33629,2016-09,235,176.2231,1005,18
33629,2016-10,229,167.9575,938,21
33629,2016-11,226,167.1828,952,16
33629,2016-12,182,123.0475,769,24
33629,2017-01,255,165.5371,1022,34
33629,2017-02,225,164.3712,954,19
33629,2017-03,252,194.6582,1055,18
33629,2017-04,265,185.2081,1080,31
33629,2017-05,289,218.6917,1205,24
33629,2017-06,327,243.5345,1341,32
33629,2017-07,330,223.1502,1340,44
33629,2017-08,312,220.5926,1286,34
33629,2017-09,207,146.2092,858,22
33629,2017-10,250,175.3978,997,24
33629,2017-11,221,153.9531,888,29
33629,2017-12,253,178.3493,1040,26
33629,2018-01,296,218.2979,1225,28
33629,2018-02,266,190.3012,1098,28
33629,2018-03,306,211.3612,1226,34
33629,2018-04,272,204.8567,1158,23
33629,2018-05,344,260.1879,1429,30
33629,2018-06,319,231.4803,1324,33
33629,2018-07,355,245.5675,1458,40
33629,2018-08,289,202.6480,1201,34
33629,2018-09,263,189.1344,1112,28
33629,2018-10,271,188.5749,1134,30
33629,2018-11,280,202.3676,1150,30
33629,2018-12,298,200.3289,1173,39
33629,2019-01,402,282.9239,1654,41
33629,2019-02,339,247.0468,1386,32
33629,2019-03,302,202.0746,1201,41
33629,2019-04,292,199.5123,1106,34
33629,2019-05,324,212.8794,1290,43
33629,2019-06,286,201.5550,1169,28
33629,2019-07,317,225.8353,1346,33
33629,2019-08,289,218.8098,1250,21
33629,2019-09,258,191.4620,1086,19
33629,2019-10,237,173.5589,984,23
33629,2019-11,230,147.8710,941,33
33629,2019-12,215,138.1681,805,31
33629,2020-01,221,150.2793,885,29
33629,2020-02,289,201.6184,1157,31
33629,2020-03,193,129.3294,770,24
33629,2020-04,102,72.3502,421,10
33629,2020-05,154,104.2174,624,18
33629,2020-06,181,133.2273,776,16
33629,2020-07,212,150.6344,877,23
33629,2020-08,218,150.6583,857,23
33629,2020-09,185,137.7480,792,15
33629,2020-10,209,150.2247,893,21
33629,2020-11,202,132.9336,835,26
33629,2020-12,198,127.5389,812,23
33629,2021-01,219,151.8491,893,27
33629,2021-02,190,117.5003,737,28
33629,2021-03,204,140.5809,818,24
33629,2021-04,175,111.4368,682,22
33629,2021-05,200,117.3251,774,31
33629,2021-06,190,126.2231,757,24
33629,2021-07,210,132.5997,828,29
33629,2021-08,175,116.1869,701,24
33629,2021-09,183,123.9178,746,25
33629,2021-10,152,95.3689,576,24
33629,2021-11,157,108.3986,676,19
33629,2021-12,159,100.3937,618,24
33630,2012-10,2,1.9471,10,0
33630,2013-03,1,0.8655,5,0
33630,2013-05,1,0.0000,5,0
33630,2013-08,2,1.6248,9,0
33630,2013-11,1,0.9693,5,0
33630,2014-05,1,0.9825,5,0
33630,2014-10,2,0.9551,6,0
33630,2014-12,4,-1.0325,10,2
33630,2015-01,1,0.9856,5,0
33630,2015-03,2,1.4600,9,0
33630,2015-05,1,0.9590,5,0
33630,2015-07,1,0.6337,1,0
33630,2015-08,2,1.2021,7,0
33630,2015-09,1,0.5851,1,0
33630,2015-11,1,0.4319,5,0
33630,2015-12,1,0.8494,5,0
33630,2016-01,2,0.0297,6,1
33630,2016-02,3,-1.7362,3,2
33630,2016-03,1,-0.1744,1,1
33630,2016-04,3,-0.1057,5,1
33630,2016-05,4,2.3186,12,0
33630,2016-06,2,0.7063,5,1
33630,2016-07,1,-0.9316,1,1
33630,2016-08,2,0.6469,8,1
33630,2016-12,1,-0.9628,1,1
33630,2017-01,1,0.8996,4,0
33630,2017-03,2,1.7969,10,0
33630,2017-07,1,0.8778,5,0
33630,2017-10,2,-0.4219,4,1
33630,2017-11,1,0.3612,1,0
33630,2018-01,1,0.9778,5,0
33630,2018-03,1,-0.5719,1,1
33630,2018-04,2,-1.5496,2,2
33630,2018-05,3,-0.0064,3,2
33630,2018-06,2,1.1918,2,0
33630,2018-07,2,0.0557,2,1
33630,2018-10,2,-1.2709,2,2
33630,2018-11,2,-1.5838,3,2
33630,2018-12,2,0.0082,7,1
33630,2019-01,2,-0.5129,2,1
33630,2019-02,1,-0.8585,1,1
33630,2019-03,1,0.4966,1,0
33630,2019-05,1,0.9635,5,0
33630,2019-07,1,-0.7411,1,1
33630,2019-08,1,-0.7269,1,1
33630,2020-02,2,0.7200,6,1
33630,2020-03,2,1.8900,10,0
33630,2020-06,1,-0.4885,1,1
33630,2020-07,1,0.9563,5,0
33630,2020-08,4,-0.5325,6,2
33630,2020-09,1,-0.3612,1,1
33630,2020-11,2,1.3393,7,0
33630,2020-12,1,-0.9003,1,1
33630,2021-01,1,-0.7269,1,1
33630,2021-05,2,-0.5186,2,1
33630,2021-07,3,-2.1567,3,3
33630,2021-08,1,-0.6369,1,1
33630,2021-11,1,-0.8910,1,1
33631,2012-12,1,0.7884,5,0
33631,2013-05,1,0.8445,1,0
33631,2015-04,1,-0.9643,1,1
33631,2015-08,1,0.9840,5,0
33631,2015-10,1,-0.9253,1,1
33631,2016-04,1,-0.5093,2,1
33631,2016-11,1,-0.9509,1,1
33631,2017-07,1,0.2144,1,0
33631,2017-10,1,0.8126,2,0
33631,2018-04,1,-0.9644,2,1
33631,2018-05,1,0.5065,3,0
33631,2018-07,3,0.3679,7,1
33631,2018-08,1,-0.8240,1,1
33631,2019-01,2,-1.1354,2,2
33631,2019-06,1,-0.2532,1,1
33631,2019-07,1,-0.5463,1,1
33631,2019-11,1,-0.8236,1,1
33631,2020-03,1,0.7891,1,0
33631,2020-06,1,0.9290,5,0
33631,2021-01,1,-0.7096,1,1
33631,2021-05,1,0.1338,1,0
33631,2021-07,1,-0.6341,1,1
33631,2021-10,2,-0.2833,2,1
33631,2021-11,1,-0.9707,1,1
33631,2021-12,1,-0.8602,1,1
33634,2012-01,29,21.7400,106,2
33634,2012-02,19,9.6314,70,5
33634,2012-03,16,8.5933,50,3
33634,2012-04,17,5.3180,53,4
33634,2012-05,25,11.9202,77,4
33634,2012-06,20,12.7826,67,2
33634,2012-07,21,13.9523,71,3
33634,2012-08,22,15.3308,78,2
33634,2012-09,16,7.5137,44,3
33634,2012-10,22,15.2539,78,1
33634,2012-11,24,14.9320,92,3
33634,2012-12,28,14.2181,97,6
33634,2013-01,34,11.0697,94,12
33634,2013-02,40,14.3488,111,12
33634,2013-03,31,15.0692,93,7
33634,2013-04,29,19.8168,96,3
33634,2013-05,36,18.7211,110,7
33634,2013-06,33,12.4522,110,8
33634,2013-07,22,12.1856,77,3
33634,2013-08,49,27.6808,165,8
33634,2013-09,36,17.7216,126,8
33634,2013-10,39,25.3671,129,5
33634,2013-11,47,20.1691,149,11
33634,2013-12,48,34.9724,173,5
33634,2014-01,52,32.0296,193,7
33634,2014-02,48,30.3306,172,7
33634,2014-03,47,33.2543,173,6
33634,2014-04,39,23.0568,131,7
33634,2014-05,48,19.0732,152,13
33634,2014-06,61,32.2821,213,14
33634,2014-07,68,38.7060,256,12
33634,2014-08,52,33.8382,180,7
33634,2014-09,69,45.1134,248,10
33634,2014-10,77,43.6261,283,14
33634,2014-11,75,52.8969,267,8
33634,2014-12,89,60.7197,322,10
33634,2015-01,96,59.1970,360,14
33634,2015-02,81,40.8902,290,17
33634,2015-03,94,52.4854,343,17
33634,2015-04,94,72.8279,372,6
33634,2015-05,114,74.1878,412,16
33634,2015-06,135,92.0211,525,15
33634,2015-07,167,98.9435,604,25
33634,2015-08,114,75.0223,440,16
33634,2015-09,126,82.2854,482,14
33634,2015-10,145,92.4620,552,20
33634,2015-11,123,85.6877,496,13
33634,2015-12,124,74.0869,471,20
33634,2016-01,135,69.9557,489,29
33634,2016-02,162,100.7695,614,27
33634,2016-03,134,86.8289,526,18
33634,2016-04,161,111.7372,653,19
33634,2016-05,146,87.9547,578,23
33634,2016-06,139,87.7829,535,21
33634,2016-07,146,87.9688,553,21
33634,2016-08,132,84.5135,506,19
33634,2016-09,117,74.2459,454,15
33634,2016-10,123,79.2579,486,16
33634,2016-11,80,49.7773,304,12
33634,2016-12,102,62.8211,382,12
33634,2017-01,115,75.7236,436,12
33634,2017-02,128,83.6838,479,14
33634,2017-03,116,72.2448,456,15
33634,2017-04,120,71.9218,456,18
33634,2017-05,125,87.9163,491,13
33634,2017-06,126,69.4114,471,24
33634,2017-07,145,95.8003,545,19
33634,2017-08,128,66.3276,467,25
33634,2017-09,96,56.7511,362,18
33634,2017-10,122,67.7339,444,21
33634,2017-11,100,55.8851,371,19
33634,2017-12,102,57.6435,368,19
33634,2018-01,122,78.2767,483,15
33634,2018-02,115,65.6646,428,19
33634,2018-03,130,80.1693,542,18
33634,2018-04,130,62.1038,474,29
33634,2018-05,185,89.9839,651,44
33634,2018-06,145,83.8601,560,25
33634,2018-07,154,88.6729,564,24
33634,2018-08,122,45.9374,422,34
33634,2018-09,128,61.1350,436,32
33634,2018-10,124,54.4976,430,31
33634,2018-11,105,37.1808,348,31
33634,2018-12,121,67.6324,438,24
33634,2019-01,120,78.7219,459,13
33634,2019-02,111,50.3182,379,26
33634,2019-03,126,68.6160,459,22
33634,2019-04,133,50.1399,422,36
33634,2019-05,168,70.7460,555,45
33634,2019-06,148,66.5942,483,39
33634,2019-07,137,61.2720,468,35
33634,2019-08,146,57.2748,454,41
33634,2019-09,99,40.4568,335,26
33634,2019-10,107,43.7134,371,29
33634,2019-11,93,43.1030,329,24
33634,2019-12,82,44.1207,299,17
33634,2020-01,106,44.4646,356,27
33634,2020-02,110,52.8453,391,25
33634,2020-03,82,39.5561,279,19
33634,2020-04,46,17.6589,162,14
33634,2020-05,70,32.6269,232,16
33634,2020-06,77,39.4125,277,15
33634,2020-07,80,46.5656,305,14
33634,2020-08,85,30.7260,281,28
33634,2020-09,77,32.0130,262,21
33634,2020-10,67,28.9001,224,17
33634,2020-11,68,33.3487,254,18
33634,2020-12,74,38.1826,267,15
33634,2021-01,71,34.3281,245,15
33634,2021-02,77,30.9780,251,23
33634,2021-03,107,67.0281,408,18
33634,2021-04,89,38.6514,307,23
33634,2021-05,106,36.1789,353,32
33634,2021-06,89,41.6366,324,19
33634,2021-07,96,42.0174,308,24
33634,2021-08,93,36.6029,291,22
33634,2021-09,89,43.2182,290,19
33634,2021-10,81,18.4479,248,30
33634,2021-11,53,28.6980,201,9
33634,2021-12,61,26.7487,195,17
33635,2012-01,8,6.3142,31,1
33635,2012-02,5,4.8994,23,0
33635,2012-03,5,4.5455,21,0
33635,2012-04,2,1.3001,6,0
33635,2012-05,3,2.5014,13,0
33635,2012-06,6,5.5699,24,0
33635,2012-07,7,5.6387,31,0
33635,2012-08,6,5.0382,26,0
33635,2012-09,4,3.6267,14,0
33635,2012-10,11,7.4999,35,1
33635,2012-11,12,10.1626,49,0
33635,2012-12,11,8.9647,39,0
33635,2013-01,14,10.1163,59,1
33635,2013-02,5,2.9508,17,1
33635,2013-03,13,9.0000,52,2
33635,2013-04,18,14.5247,72,1
33635,2013-05,12,7.6736,42,1
33635,2013-06,12,6.6472,38,2
33635,2013-07,18,13.7969,71,1
33635,2013-08,9,5.1100,35,2
33635,2013-09,12,10.5429,52,0
33635,2013-10,13,9.2520,57,1
33635,2013-11,16,9.1393,54,3
33635,2013-12,25,18.2429,101,3
33635,2014-01,36,15.2142,126,9
33635,2014-02,18,8.9353,54,5
33635,2014-03,14,8.8536,53,2
33635,2014-04,25,17.5029,95,3
33635,2014-05,18,14.8582,67,1
33635,2014-06,24,12.7143,75,4
33635,2014-07,24,16.5241,97,3
33635,2014-08,19,9.6627,57,5
33635,2014-09,30,23.1350,109,1
33635,2014-10,12,8.6657,44,1
33635,2014-11,28,17.2378,112,4
33635,2014-12,26,15.7879,96,3
33635,2015-01,37,23.3611,143,6
33635,2015-02,25,14.5936,92,5
33635,2015-03,25,18.8463,95,2
33635,2015-04,23,15.8864,85,2
33635,2015-05,38,20.0130,131,8
33635,2015-06,39,23.9336,126,6
33635,2015-07,39,28.0819,151,4
33635,2015-08,45,30.8882,160,6
33635,2015-09,42,29.2584,147,6
33635,2015-10,48,31.0470,178,7
33635,2015-11,31,16.5627,106,6
33635,2015-12,53,32.6325,191,8
33635,2016-01,62,46.6299,255,5
33635,2016-02,57,34.6561,217,9
33635,2016-03,61,36.5670,225,10
33635,2016-04,44,28.0373,166,5
33635,2016-05,51,31.0289,196,7
33635,2016-06,36,23.8653,143,5
33635,2016-07,54,39.9479,222,4
33635,2016-08,50,32.0734,180,7
33635,2016-09,43,23.7805,158,9
33635,2016-10,59,26.1051,211,16
33635,2016-11,32,19.6916,111,4
33635,2016-12,39,28.8733,164,3
33635,2017-01,44,32.3542,180,4
33635,2017-02,39,22.6810,132,7
33635,2017-03,38,24.6200,159,6
33635,2017-04,35,18.5873,131,7
33635,2017-05,53,40.4109,204,4
33635,2017-06,53,37.5201,183,6
33635,2017-07,55,29.6293,206,11
33635,2017-08,39,21.4799,151,8
33635,2017-09,33,20.5159,125,4
33635,2017-10,47,23.0643,162,10
33635,2017-11,26,17.7327,86,3
33635,2017-12,44,34.8498,172,3
33635,2018-01,39,26.2694,143,4
33635,2018-02,38,22.7703,136,6
33635,2018-03,57,38.8019,210,8
33635,2018-04,53,29.8504,187,10
33635,2018-05,46,25.4730,163,10
33635,2018-06,40,24.3412,146,7
33635,2018-07,50,28.6807,185,10
33635,2018-08,59,37.4683,202,7
33635,2018-09,50,29.9577,187,6
33635,2018-10,40,30.4772,166,3
33635,2018-11,40,25.1258,162,7
33635,2018-12,36,19.6283,139,7
33635,2019-01,45,30.1005,168,6
33635,2019-02,54,26.0797,191,13
33635,2019-03,56,41.3149,221,5
33635,2019-04,65,47.0482,278,8
33635,2019-05,78,51.1216,309,11
33635,2019-06,68,41.7783,259,13
33635,2019-07,63,34.1992,226,12
33635,2019-08,69,38.9560,253,14
33635,2019-09,58,35.4376,223,10
33635,2019-10,49,29.9931,190,8
33635,2019-11,50,34.0959,202,5
33635,2019-12,52,28.2778,178,9
33635,2020-01,54,28.5308,195,10
33635,2020-02,35,16.3261,138,8
33635,2020-03,38,22.9656,140,6
33635,2020-04,20,13.8776,72,3
33635,2020-05,33,14.9135,111,9
33635,2020-06,31,16.4688,106,6
33635,2020-07,40,31.4013,174,3
33635,2020-08,45,26.4045,171,8
33635,2020-09,42,23.5371,153,10
33635,2020-10,46,25.5567,178,10
33635,2020-11,43,25.5603,162,8
33635,2020-12,34,19.0094,130,7
33635,2021-01,43,24.9915,153,7
33635,2021-02,49,15.6084,157,17
33635,2021-03,42,16.5736,140,13
33635,2021-04,33,16.3936,110,8
33635,2021-05,42,23.5228,152,8
33635,2021-06,48,32.2736,190,6
33635,2021-07,37,20.7934,121,7
33635,2021-08,52,30.4588,201,9
33635,2021-09,45,26.1450,176,8
33635,2021-10,58,34.7818,216,8
33635,2021-11,31,21.7642,119,3
33635,2021-12,50,27.5937,198,10
33637,2012-01,1,0.9790,4,0
33637,2012-02,3,1.1218,11,1
33637,2012-03,5,-1.3286,13,3
33637,2012-04,2,0.6636,5,0
33637,2012-05,2,1.9725,10,0
33637,2012-06,2,1.7576,10,0
33637,2012-07,4,0.9606,16,2
33637,2012-08,8,4.2361,27,2
33637,2012-09,5,4.6994,21,0
33637,2012-10,4,2.4314,15,0
33637,2012-11,4,1.0934,13,1
33637,2012-12,5,3.8298,18,0
33637,2013-01,1,0.9118,1,0
33637,2013-02,5,3.2950,19,0
33637,2013-03,4,3.0407,17,0
33637,2013-04,3,0.4827,10,1
33637,2013-05,7,6.0841,33,0
33637,2013-06,8,4.7752,29,1
33637,2013-07,6,3.2779,19,1
33637,2013-08,4,3.3719,16,0
33637,2013-09,6,5.2551,20,0
33637,2013-10,11,5.0959,36,2
33637,2013-11,7,2.5428,20,2
33637,2013-12,5,3.1760,16,0
33637,2014-01,4,2.4278,15,1
33637,2014-02,5,4.7173,19,0
33637,2014-03,15,7.7767,55,3
33637,2014-04,4,2.4341,14,1
33637,2014-05,6,5.7387,26,0
33637,2014-06,11,9.7783,44,0
33637,2014-07,14,10.8775,49,1
33637,2014-08,13,11.1101,50,0
33637,2014-09,10,5.7826,38,1
33637,2014-10,8,6.9405,34,0
33637,2014-11,14,5.5756,42,4
33637,2014-12,9,6.5563,35,1
33637,2015-01,11,5.3566,43,3
33637,2015-02,12,8.4384,42,1
33637,2015-03,27,10.6593,76,7
33637,2015-04,23,15.5143,80,3
33637,2015-05,23,11.2792,82,6
33637,2015-06,10,7.3536,40,2
33637,2015-07,14,9.0707,49,2
33637,2015-08,8,6.0248,30,1
33637,2015-09,13,7.3685,51,2
33637,2015-10,10,7.4769,35,1
33637,2015-11,14,8.0609,52,2
33637,2015-12,15,7.5224,57,3
33637,2016-01,15,-0.7825,36,8
33637,2016-02,19,10.4513,76,3
33637,2016-03,29,18.1373,109,3
33637,2016-04,23,8.5865,74,7
33637,2016-05,25,10.5135,79,8
33637,2016-06,20,11.1644,66,4
33637,2016-07,13,3.8511,42,5
33637,2016-08,26,15.4142,97,3
33637,2016-09,20,12.1695,74,3
33637,2016-10,24,12.1887,87,5
33637,2016-11,9,5.1849,33,2
33637,2016-12,13,5.9415,42,3
33637,2017-01,26,12.6202,81,6
33637,2017-02,30,15.1404,111,5
33637,2017-03,18,9.2966,68,4
33637,2017-04,19,12.4175,68,2
33637,2017-05,16,3.2732,53,7
33637,2017-06,12,2.9280,31,6
33637,2017-07,14,-0.2037,41,7
33637,2017-08,17,7.4974,60,5
33637,2017-09,18,7.8149,55,4
33637,2017-10,21,5.0534,55,6
33637,2017-11,15,4.3793,51,6
33637,2017-12,15,11.6750,61,1
33637,2018-01,23,15.3906,92,3
33637,2018-02,22,11.0445,82,5
33637,2018-03,28,19.6491,107,3
33637,2018-04,28,11.6055,93,8
33637,2018-05,18,10.0194,66,4
33637,2018-06,22,5.7174,60,10
33637,2018-07,33,23.1408,125,4
33637,2018-08,34,21.6016,119,4
33637,2018-09,14,7.9404,57,3
33637,2018-10,18,11.6663,68,3
33637,2018-11,16,9.8139,58,2
33637,2018-12,22,11.9797,69,3
33637,2019-01,22,8.9495,74,5
33637,2019-02,29,14.2584,99,7
33637,2019-03,26,12.8538,92,5
33637,2019-04,27,8.2500,78,10
33637,2019-05,25,9.5130,90,8
33637,2019-06,29,15.9115,96,5
33637,2019-07,17,11.2709,61,2
33637,2019-08,26,17.4633,95,4
33637,2019-09,28,7.0561,79,11
33637,2019-10,13,7.9410,45,3
33637,2019-11,19,7.8319,62,3
33637,2019-12,14,7.8652,51,3
33637,2020-01,21,9.8234,80,5
33637,2020-02,15,5.7899,46,5
33637,2020-03,16,8.7122,66,3
33637,2020-04,11,6.7288,41,1
33637,2020-05,14,6.5290,54,4
33637,2020-06,15,8.5905,59,3
33637,2020-07,17,6.3212,51,4
33637,2020-08,16,6.8076,60,4
33637,2020-09,14,5.3375,43,4
33637,2020-10,30,8.0757,87,11
33637,2020-11,17,4.3577,59,7
33637,2020-12,18,7.3013,67,5
33637,2021-01,22,16.1291,97,1
33637,2021-02,15,8.1745,51,3
33637,2021-03,27,12.0915,89,7
33637,2021-04,20,11.5757,72,4
33637,2021-05,16,5.4648,50,6
33637,2021-06,20,11.3877,83,4
33637,2021-07,27,6.2063,78,10
33637,2021-08,18,4.1518,57,8
33637,2021-09,17,2.8832,44,6
33637,2021-10,12,3.2797,35,5
33637,2021-11,21,11.0672,75,4
33637,2021-12,15,6.8883,41,3
33643,2012-09,1,-0.9468,2,1
33643,2013-11,1,0.0989,1,0
33643,2014-12,1,0.8825,2,0
33643,2015-06,1,0.7964,5,0
33643,2015-08,1,0.9100,5,0
33643,2015-10,1,-0.6103,1,1
33643,2016-04,2,0.5616,9,1
33643,2016-11,2,0.5100,6,0
33643,2017-08,1,-0.6782,1,1
33643,2017-10,1,0.9412,5,0
33643,2018-03,1,0.9153,5,0
33643,2018-04,1,0.9559,5,0
33643,2018-08,1,0.9870,5,0
33643,2019-01,1,0.0000,4,0
33643,2019-10,2,1.0253,6,0
33643,2020-01,1,0.4023,1,0
33643,2021-05,1,0.3248,1,0
33643,2021-12,1,-0.4501,1,1
33646,2014-01,1,0.4186,5,0
33646,2014-08,1,0.9467,5,0
33646,2015-03,1,0.9845,5,0
33646,2015-11,1,0.8980,5,0
33646,2015-12,1,0.9926,5,0
33646,2016-04,1,-0.2755,1,1
33646,2016-06,1,0.8715,5,0
33646,2017-02,1,0.6114,5,0
33647,2012-01,10,9.5468,44,0
33647,2012-02,10,7.3981,39,1
33647,2012-03,17,11.1880,63,3
33647,2012-04,12,7.9033,45,2
33647,2012-05,29,15.1804,94,7
33647,2012-06,23,13.6495,82,4
33647,2012-07,16,11.3619,61,1
33647,2012-08,29,19.1119,100,4
33647,2012-09,46,34.4809,166,3
33647,2012-10,38,22.6009,131,6
33647,2012-11,30,22.3363,118,3
33647,2012-12,53,30.8840,200,8
33647,2013-01,75,47.5138,268,11
33647,2013-02,43,31.7422,150,4
33647,2013-03,58,42.3831,230,5
33647,2013-04,48,27.6340,177,8
33647,2013-05,44,28.2299,164,8
33647,2013-06,47,25.5034,168,6
33647,2013-07,62,53.7295,258,2
33647,2013-08,77,44.8778,266,15
33647,2013-09,57,42.3684,223,7
33647,2013-10,55,32.0662,174,9
33647,2013-11,54,40.3423,218,5
33647,2013-12,72,53.0704,287,7
33647,2014-01,77,40.0431,272,17
33647,2014-02,68,38.2608,229,11
33647,2014-03,95,55.3252,350,16
33647,2014-04,80,42.6180,287,17
33647,2014-05,101,63.5299,359,15
33647,2014-06,98,55.6136,345,17
33647,2014-07,76,52.4386,282,10
33647,2014-08,93,63.4232,360,11
33647,2014-09,85,59.8224,313,10
33647,2014-10,97,68.3838,359,10
33647,2014-11,90,54.2368,312,15
33647,2014-12,118,69.2060,427,22
33647,2015-01,135,87.6812,514,21
33647,2015-02,112,72.9985,407,18
33647,2015-03,142,100.0087,548,15
33647,2015-04,142,102.5858,543,12
33647,2015-05,138,77.7308,509,26
33647,2015-06,137,79.6705,501,23
33647,2015-07,150,98.8488,556,20
33647,2015-08,153,96.8993,564,24
33647,2015-09,136,86.2702,508,18
33647,2015-10,136,83.5838,501,22
33647,2015-11,148,86.0603,520,27
33647,2015-12,173,87.5457,571,41
33647,2016-01,179,103.9774,616,33
33647,2016-02,183,107.5512,656,26
33647,2016-03,203,126.9829,754,33
33647,2016-04,192,123.5148,743,28
33647,2016-05,189,114.9940,694,28
33647,2016-06,159,89.4914,584,30
33647,2016-07,179,110.2055,670,30
33647,2016-08,198,118.2216,728,35
33647,2016-09,143,83.1391,522,25
33647,2016-10,137,82.7663,492,22
33647,2016-11,159,96.7708,584,23
33647,2016-12,183,111.9487,678,30
33647,2017-01,158,105.4454,612,19
33647,2017-02,166,88.5973,606,33
33647,2017-03,161,83.5079,573,35
33647,2017-04,148,86.9330,532,26
33647,2017-05,173,95.6179,614,35
33647,2017-06,153,91.9095,590,26
33647,2017-07,199,124.0833,764,34
33647,2017-08,186,114.8433,680,28
33647,2017-09,166,109.4570,624,23
33647,2017-10,156,80.5792,534,32
33647,2017-11,188,116.0990,707,30
33647,2017-12,147,83.0510,503,26
33647,2018-01,185,102.1740,678,33
33647,2018-02,176,103.9927,645,26
33647,2018-03,186,114.2058,702,28
33647,2018-04,171,98.5072,623,31
33647,2018-05,177,111.6290,656,26
33647,2018-06,154,91.0933,592,24
33647,2018-07,186,103.0973,667,36
33647,2018-08,178,109.9841,683,31
33647,2018-09,157,91.0868,595,29
33647,2018-10,145,84.2276,539,27
33647,2018-11,150,93.7052,573,24
33647,2018-12,167,103.8255,623,24
33647,2019-01,171,101.7030,624,30
33647,2019-02,202,107.2429,750,44
33647,2019-03,204,105.4285,722,45
33647,2019-04,182,107.0546,676,34
33647,2019-05,177,86.7754,605,40
33647,2019-06,190,119.6320,686,25
33647,2019-07,177,102.8877,669,31
33647,2019-08,176,110.1870,654,32
33647,2019-09,182,89.2894,632,44
33647,2019-10,159,83.1091,573,34
33647,2019-11,145,77.2184,529,29
33647,2019-12,156,101.9835,599,20
33647,2020-01,183,105.8046,676,34
33647,2020-02,197,121.0265,721,30
33647,2020-03,130,88.7294,524,17
33647,2020-04,82,46.7926,312,17
33647,2020-05,125,70.7100,470,24
33647,2020-06,161,97.9679,612,27
33647,2020-07,159,101.0845,626,22
33647,2020-08,154,103.1461,611,16
33647,2020-09,170,113.8210,696,21
33647,2020-10,159,103.9957,598,18
33647,2020-11,127,88.2428,498,16
33647,2020-12,155,97.5703,615,22
33647,2021-01,185,119.4217,741,25
33647,2021-02,146,89.5347,562,20
33647,2021-03,153,98.0723,591,24
33647,2021-04,190,94.7953,671,40
33647,2021-05,160,82.9613,573,35
33647,2021-06,204,124.8749,776,31
33647,2021-07,189,101.3541,674,38
33647,2021-08,160,74.8691,554,39
33647,2021-09,145,76.2246,501,31
33647,2021-10,161,91.3842,603,34
33647,2021-11,132,85.7683,501,17
33647,2021-12,137,71.9418,508,32
33670,2015-12,1,0.9402,5,0
33670,2016-02,1,0.6908,2,0
33670,2016-08,1,0.8374,5,0
33670,2016-12,1,-0.9203,1,1
33670,2017-01,2,1.8945,10,0
33670,2017-04,1,-0.9657,1,1
33670,2017-07,1,0.9948,5,0
33670,2017-10,1,0.8687,5,0
33670,2018-01,1,0.9826,5,0
33670,2018-03,1,0.9596,5,0
33670,2019-04,1,-0.3400,1,1
33670,2019-06,1,-0.9787,1,1
33670,2020-01,2,-1.9444,2,2
33670,2021-02,1,-0.2500,1,1
33672,2014-07,1,0.9693,5,0
33672,2014-08,1,0.9389,5,0
33672,2014-10,2,1.9067,8,0
33672,2014-11,1,0.9150,2,0
33672,2015-07,5,0.5953,12,2
33672,2015-10,1,0.9406,5,0
33672,2015-11,1,0.6909,1,0
33672,2016-01,1,-0.9915,1,1
33672,2016-02,1,0.4767,1,0
33672,2016-07,1,0.9401,5,0
33672,2016-08,1,-0.7902,1,1
33672,2016-12,1,-0.6360,1,1
33672,2017-01,1,0.9526,5,0
33672,2017-04,1,-0.8326,2,1
33672,2017-10,1,-0.8106,1,1
33672,2017-11,2,-0.1671,2,1
33672,2018-04,1,-0.0575,1,1
33672,2018-08,1,0.9860,5,0
33672,2018-10,1,-0.9531,1,1
33672,2018-11,1,-0.8832,1,1
33672,2018-12,1,0.8191,5,0
33672,2019-02,1,0.3400,1,0
33672,2019-04,1,-0.9753,1,1
33672,2019-06,3,-1.1364,3,2
33672,2019-07,1,0.5080,5,0
33672,2019-12,1,-0.9352,1,1
33672,2021-03,1,-0.7955,2,1
33672,2021-04,4,0.2692,8,2
33672,2021-05,3,1.5893,11,1
33672,2021-07,2,-1.7161,2,2
33672,2021-08,1,-0.5256,1,1
33672,2021-09,2,-0.4506,2,1
33672,2021-10,1,-0.5106,1,1
33674,2018-04,1,0.8979,5,0
33674,2018-05,1,-0.7617,5,1
33674,2018-07,1,0.9708,5,0
33674,2018-10,1,0.9015,5,0
33674,2019-05,1,0.8312,1,0
33674,2019-06,1,0.4404,1,0
33677,2012-01,1,0.0000,5,0
33677,2013-07,1,0.9308,5,0
33677,2014-12,1,0.8748,5,0
33677,2016-07,1,0.8951,5,0
33677,2016-09,1,0.8977,5,0
33677,2017-10,2,1.7630,10,0
33677,2019-02,1,0.7809,2,0
33677,2019-06,1,0.9042,5,0
33677,2019-08,1,0.8890,5,0
33677,2020-02,1,0.9439,5,0
33677,2020-05,1,0.9621,5,0
33677,2020-07,1,0.5719,3,0
33677,2021-05,1,0.9854,5,0
33679,2014-08,1,-0.9670,1,1
33679,2014-09,1,-0.9649,1,1
33679,2014-11,1,-0.9169,1,1
33679,2015-02,1,-0.9671,1,1
33679,2015-05,1,-0.2500,1,1
33679,2015-06,1,0.4151,1,0
33679,2016-02,1,-0.9579,1,1
33679,2017-11,1,-0.6229,1,1
33680,2012-07,1,0.9239,2,0
33680,2013-02,1,0.6948,4,0
33680,2014-01,1,0.8122,3,0
33680,2014-05,1,-0.8921,1,1
33680,2015-02,1,0.8791,3,0
33680,2015-03,1,0.0000,4,0
33680,2015-08,1,0.5970,3,0
33680,2018-05,1,0.9522,4,0
33680,2018-08,1,0.9551,5,0
33680,2018-10,1,0.3149,1,0
33680,2020-01,1,0.9022,5,0
33681,2013-08,1,0.6851,2,0
33681,2014-05,2,-0.3252,6,1
33681,2014-11,1,0.9746,5,0
33681,2015-02,1,0.7506,3,0
33681,2015-04,1,-0.9497,1,1
33681,2015-06,1,0.9223,4,0
33681,2015-07,1,0.6701,5,0
33681,2016-04,1,0.8946,5,0
33681,2016-05,1,0.9853,5,0
33681,2016-06,1,0.8588,5,0
33681,2016-08,1,0.9489,5,0
33681,2017-08,1,0.9901,5,0
33681,2018-09,1,0.9488,5,0
33681,2019-03,2,1.9028,10,0
33681,2020-06,2,1.4966,10,0
33681,2020-11,1,0.9157,5,0
33681,2021-03,1,0.8750,5,0
33688,2020-06,1,0.9153,5,0
33688,2020-08,2,1.7780,10,0
33688,2020-11,2,0.4064,7,1
33688,2021-04,1,0.9653,5,0
33688,2021-12,1,0.8598,5,0
33689,2012-01,3,2.6646,13,0
33689,2012-02,3,2.5750,15,0
33689,2012-03,3,2.5756,11,0
33689,2012-04,3,1.1758,9,1
33689,2012-05,5,2.9787,17,1
33689,2012-06,4,3.4923,17,0
33689,2012-07,9,7.3639,36,0
33689,2012-09,5,4.5143,23,0
33689,2012-10,5,4.8450,24,0
33689,2012-11,3,2.1712,13,0
33689,2013-01,8,5.6896,33,1
33689,2013-02,4,3.3687,13,0
33689,2013-03,7,3.8012,27,1
33689,2013-04,3,1.3082,12,0
33689,2013-05,7,6.2185,33,0
33689,2013-06,2,1.8732,8,0
33689,2013-07,3,1.2722,14,1
33689,2013-08,4,2.7773,12,1
33689,2013-09,4,2.7464,16,0
33689,2013-10,4,1.1269,15,1
33689,2013-11,3,2.9275,11,0
33689,2013-12,4,3.8742,16,0
33689,2014-01,2,1.8432,9,0
33689,2014-02,1,0.9810,5,0
33689,2014-03,2,1.9157,8,0
33689,2014-04,1,0.9130,5,0
33689,2014-05,2,1.8864,6,0
33689,2014-06,1,0.9683,2,0
33689,2014-07,4,1.9821,15,1
33689,2014-08,1,0.9860,5,0
33689,2014-09,1,0.7217,2,0
33689,2014-10,3,2.8448,14,0
33689,2014-11,1,0.9782,5,0
33689,2014-12,3,2.6497,11,0
33689,2015-01,9,8.6802,38,0
33689,2015-02,10,8.4173,39,0
33689,2015-03,6,3.9398,27,1
33689,2015-04,1,0.8552,5,0
33689,2015-05,2,1.8232,8,0
33689,2015-06,2,1.6777,6,0
33689,2015-07,6,0.9041,18,3
33689,2015-08,6,5.5676,26,0
33689,2015-09,5,4.1843,17,0
33689,2015-10,4,2.7072,13,0
33689,2015-11,5,2.2866,14,1
33689,2015-12,4,2.0978,14,1
33689,2016-01,6,4.7189,23,0
33689,2016-02,7,3.2964,23,2
33689,2016-03,8,3.6267,29,2
33689,2016-04,3,2.8812,13,0
33689,2016-05,6,2.9453,20,1
33689,2016-06,3,-1.0144,7,2
33689,2016-07,11,7.2196,43,2
33689,2016-08,7,2.5809,27,2
33689,2016-09,1,0.6249,3,0
33689,2016-10,5,3.1065,18,1
33689,2016-11,5,4.3237,17,0
33689,2016-12,8,4.7278,33,1
33689,2017-01,4,3.4346,19,0
33689,2017-02,3,2.9238,10,0
33689,2017-03,7,3.3504,27,2
33689,2017-04,10,9.4172,46,0
33689,2017-05,6,5.3854,25,0
33689,2017-06,6,5.6747,25,0
33689,2017-07,6,3.9423,23,1
33689,2017-08,1,0.8635,5,0
33689,2017-09,4,2.1318,12,1
33689,2017-10,8,7.0648,31,0
33689,2017-11,5,4.8443,25,0
33689,2017-12,3,1.3163,11,1
33689,2018-01,2,1.9673,9,0
33689,2018-02,3,2.3954,9,0
33689,2018-03,8,5.8696,35,1
33689,2018-04,4,3.9157,20,0
33689,2018-05,5,4.4764,25,0
33689,2018-06,4,3.2196,16,0
33689,2018-07,7,6.6642,35,0
33689,2018-08,2,1.7500,10,0
33689,2018-10,3,2.8696,12,0
33689,2018-11,3,1.8799,15,0
33689,2018-12,3,2.8640,15,0
33689,2019-01,4,3.7747,20,0
33689,2019-02,2,0.4419,6,1
33689,2019-03,4,2.2172,17,1
33689,2019-04,7,6.4342,35,0
33689,2019-05,2,0.3087,6,1
33689,2019-06,4,1.4902,19,0
33689,2019-07,3,2.5609,15,0
33689,2019-08,4,2.4861,16,1
33689,2019-09,1,0.8109,3,0
33689,2019-10,5,3.9391,25,0
33689,2019-11,2,1.9721,10,0
33689,2019-12,4,3.8719,19,0
33689,2020-01,3,2.9855,15,0
33689,2020-02,4,3.8347,20,0
33689,2020-03,4,3.6003,16,0
33689,2020-06,1,0.9538,5,0
33689,2020-07,1,0.8418,1,0
33689,2020-08,3,-1.5413,3,2
33689,2020-09,1,0.6549,1,0
33689,2020-10,2,-1.3556,2,2
33689,2021-01,2,-1.7313,2,2
33689,2021-02,2,-1.7111,2,2
33689,2021-03,1,-0.7405,1,1
33689,2021-05,1,0.9712,5,0
33689,2021-07,3,2.5305,8,0
33689,2021-08,1,0.6473,5,0
33689,2021-10,1,0.0163,1,0
33689,2021-11,1,-0.1977,1,1
33694,2013-07,1,0.8059,1,0
33694,2013-11,1,0.8425,5,0
33694,2015-06,1,0.8020,5,0
33694,2015-08,1,0.9708,5,0
33694,2016-02,1,-0.7758,1,1
33694,2017-02,1,0.9514,5,0
33694,2017-03,1,0.6341,5,0
33694,2017-07,1,0.9441,5,0
33694,2018-03,1,-0.2732,5,1
33694,2018-04,2,-1.6322,2,2
33694,2018-06,1,0.8777,5,0
33694,2018-10,2,1.8612,10,0
33694,2019-02,1,0.9123,5,0
33694,2019-07,1,-0.8407,1,1
33694,2019-08,1,0.9286,5,0
33694,2020-04,1,0.9080,5,0
33694,2020-06,1,0.3400,1,0
33694,2020-11,1,0.9779,5,0
33694,2021-01,1,0.5840,1,0
33694,2021-05,1,0.9389,5,0
33694,2021-11,1,0.8347,5,0
33701,2012-01,120,88.7475,454,12
33701,2012-02,96,68.4875,362,8
33701,2012-03,116,79.2529,434,14
33701,2012-04,117,83.6433,443,12
33701,2012-05,135,95.3401,498,16
33701,2012-06,134,102.4850,499,9
33701,2012-07,183,132.4415,679,17
33701,2012-08,141,102.5431,541,15
33701,2012-09,123,79.3982,449,17
33701,2012-10,149,110.6135,560,12
33701,2012-11,165,126.5442,613,14
33701,2012-12,134,94.4920,496,15
33701,2013-01,194,135.3201,700,21
33701,2013-02,150,117.9231,547,9
33701,2013-03,206,153.5728,791,21
33701,2013-04,169,117.8556,614,16
33701,2013-05,173,122.8316,644,18
33701,2013-06,201,153.8450,760,14
33701,2013-07,182,131.3042,685,20
33701,2013-08,191,132.8499,705,21
33701,2013-09,216,169.5226,852,15
33701,2013-10,165,116.6057,626,19
33701,2013-11,221,171.2188,835,19
33701,2013-12,213,146.2914,765,28
33701,2014-01,317,236.2486,1218,32
33701,2014-02,286,219.5833,1063,22
33701,2014-03,259,180.0108,959,29
33701,2014-04,273,200.5370,1032,27
33701,2014-05,317,218.6059,1157,33
33701,2014-06,273,191.8163,1027,32
33701,2014-07,306,216.1590,1164,31
33701,2014-08,355,256.1931,1375,31
33701,2014-09,230,172.1003,880,20
33701,2014-10,290,205.9382,1103,30
33701,2014-11,277,202.7068,1041,26
33701,2014-12,359,262.1052,1348,35
33701,2015-01,389,275.7728,1497,38
33701,2015-02,421,275.6696,1564,57
33701,2015-03,441,302.3919,1677,54
33701,2015-04,388,268.3423,1491,40
33701,2015-05,452,326.3829,1721,43
33701,2015-06,450,324.2585,1755,44
33701,2015-07,531,375.4836,2050,59
33701,2015-08,518,415.9475,2100,25
33701,2015-09,519,352.8989,1976,65
33701,2015-10,522,381.8009,2004,44
33701,2015-11,421,299.0360,1588,45
33701,2015-12,502,353.2828,1920,56
33701,2016-01,527,381.5315,2052,56
33701,2016-02,601,459.7763,2351,48
33701,2016-03,596,447.5379,2360,53
33701,2016-04,456,337.8498,1801,44
33701,2016-05,523,378.7332,2061,58
33701,2016-06,502,370.3431,1975,43
33701,2016-07,563,404.5774,2230,56
33701,2016-08,454,332.9336,1815,46
33701,2016-09,446,329.1990,1757,38
33701,2016-10,381,269.3939,1512,40
33701,2016-11,367,264.2384,1453,36
33701,2016-12,438,293.8190,1668,54
33701,2017-01,536,387.3044,2129,57
33701,2017-02,461,327.5891,1770,50
33701,2017-03,505,349.7789,1918,55
33701,2017-04,536,360.3283,2081,68
33701,2017-05,545,363.8523,2060,69
33701,2017-06,508,360.6528,2018,55
33701,2017-07,569,391.1072,2246,64
33701,2017-08,494,346.1715,1941,54
33701,2017-09,376,265.7701,1477,39
33701,2017-10,416,286.3549,1577,57
33701,2017-11,423,301.7362,1645,43
33701,2017-12,563,366.2332,2153,74
33701,2018-01,704,510.2276,2797,70
33701,2018-02,540,381.7666,2104,60
33701,2018-03,656,460.8966,2544,71
33701,2018-04,694,517.2014,2807,65
33701,2018-05,657,466.1440,2638,72
33701,2018-06,700,499.0267,2817,76
33701,2018-07,751,567.3639,3084,62
33701,2018-08,625,442.5654,2541,64
33701,2018-09,648,486.8012,2652,58
33701,2018-10,557,417.4847,2296,53
33701,2018-11,528,385.1115,2109,51
33701,2018-12,604,432.5586,2459,59
33701,2019-01,693,504.5103,2739,67
33701,2019-02,616,439.5206,2392,65
33701,2019-03,739,521.7102,2927,83
33701,2019-04,665,472.8171,2581,71
33701,2019-05,685,497.8353,2748,65
33701,2019-06,671,467.4135,2633,74
33701,2019-07,685,505.9539,2745,63
33701,2019-08,559,406.8937,2278,55
33701,2019-09,519,356.0656,2077,64
33701,2019-10,506,357.6728,2024,60
33701,2019-11,487,340.1492,1902,53
33701,2019-12,567,380.3654,2136,77
33701,2020-01,531,351.8591,2026,75
33701,2020-02,630,429.2624,2508,74
33701,2020-03,312,215.9383,1239,33
33701,2020-04,121,85.8969,500,14
33701,2020-05,268,194.9070,1094,27
33701,2020-06,332,223.2586,1345,42
33701,2020-07,400,272.4285,1604,53
33701,2020-08,408,280.7150,1579,48
33701,2020-09,470,339.2295,1900,47
33701,2020-10,404,289.6525,1650,41
33701,2020-11,379,275.6922,1533,33
33701,2020-12,446,315.4225,1809,49
33701,2021-01,551,377.0990,2184,67
33701,2021-02,501,324.5442,1951,69
33701,2021-03,613,422.3505,2406,74
33701,2021-04,514,336.7379,2001,73
33701,2021-05,603,392.7121,2317,87
33701,2021-06,587,415.7932,2333,67
33701,2021-07,563,375.8555,2158,76
33701,2021-08,478,340.6229,1889,47
33701,2021-09,394,284.5079,1597,38
33701,2021-10,468,313.5134,1813,59
33701,2021-11,454,323.2024,1818,46
33701,2021-12,479,324.2341,1890,62
33702,2012-01,16,12.6407,64,1
33702,2012-02,26,17.7033,91,4
33702,2012-03,14,7.1765,50,2
33702,2012-04,18,15.5039,65,0
33702,2012-05,25,14.2102,78,5
33702,2012-06,25,18.0153,95,3
33702,2012-07,32,16.4580,121,5
33702,2012-08,18,11.2867,68,3
33702,2012-09,17,6.4999,51,3
33702,2012-10,18,11.6679,59,2
33702,2012-11,16,11.3372,51,1
33702,2012-12,36,21.7069,126,4
33702,2013-01,26,22.5891,101,0
33702,2013-02,29,23.1377,109,1
33702,2013-03,37,29.0770,135,1
33702,2013-04,28,13.1826,87,6
33702,2013-05,37,29.6622,149,2
33702,2013-06,22,16.5325,83,2
33702,2013-07,45,31.2730,160,4
33702,2013-08,37,32.9009,141,0
33702,2013-09,36,25.8148,130,4
33702,2013-10,33,17.5724,114,7
33702,2013-11,48,31.0630,184,6
33702,2013-12,38,25.3149,145,5
33702,2014-01,45,23.2926,170,9
33702,2014-02,50,35.0086,191,6
33702,2014-03,82,57.4537,329,9
33702,2014-04,72,43.0453,255,13
33702,2014-05,49,32.9829,185,7
33702,2014-06,71,48.5463,266,7
33702,2014-07,50,30.2300,171,8
33702,2014-08,60,41.3296,229,7
33702,2014-09,53,42.7846,209,3
33702,2014-10,52,32.0767,198,9
33702,2014-11,63,38.4766,216,10
33702,2014-12,49,33.2100,194,6
33702,2015-01,100,84.0420,427,2
33702,2015-02,122,81.8696,443,16
33702,2015-03,108,69.1053,403,19
33702,2015-04,105,74.6379,404,12
33702,2015-05,127,92.9194,500,14
33702,2015-06,143,108.2506,591,10
33702,2015-07,164,108.4693,616,21
33702,2015-08,151,99.1947,576,24
33702,2015-09,129,82.7782,470,18
33702,2015-10,140,96.4177,540,17
33702,2015-11,128,79.1852,465,20
33702,2015-12,142,95.4491,541,17
33702,2016-01,169,119.8569,664,19
33702,2016-02,116,80.3739,426,12
33702,2016-03,134,94.7921,516,16
33702,2016-04,150,108.9704,581,12
33702,2016-05,126,88.5476,504,14
33702,2016-06,130,89.9304,522,14
33702,2016-07,154,101.7734,607,22
33702,2016-08,106,62.8224,398,20
33702,2016-09,110,71.8211,408,18
33702,2016-10,98,72.0482,398,11
33702,2016-11,91,59.5430,350,13
33702,2016-12,105,63.3424,400,16
33702,2017-01,117,74.6679,445,20
33702,2017-02,107,63.1730,390,18
33702,2017-03,112,70.4350,422,16
33702,2017-04,131,86.7538,520,16
33702,2017-05,129,76.8816,476,22
33702,2017-06,141,91.9197,553,20
33702,2017-07,155,118.5639,647,9
33702,2017-08,141,99.3951,534,15
33702,2017-09,88,50.5137,320,16
33702,2017-10,106,68.1992,405,14
33702,2017-11,111,65.8056,385,19
33702,2017-12,124,78.7250,449,16
33702,2018-01,130,79.4616,479,20
33702,2018-02,112,67.7899,417,18
33702,2018-03,138,82.6339,501,25
33702,2018-04,146,105.7630,591,14
33702,2018-05,136,84.0426,507,22
33702,2018-06,158,99.8930,599,25
33702,2018-07,124,83.8657,468,14
33702,2018-08,135,85.3490,510,16
33702,2018-09,109,64.7495,418,17
33702,2018-10,130,88.8443,527,15
33702,2018-11,98,68.0141,398,11
33702,2018-12,99,60.3678,353,14
33702,2019-01,112,74.0280,461,17
33702,2019-02,119,73.3052,448,17
33702,2019-03,129,68.7304,486,25
33702,2019-04,136,77.3447,498,24
33702,2019-05,143,89.3192,529,22
33702,2019-06,144,84.4656,541,26
33702,2019-07,117,69.2461,439,19
33702,2019-08,121,65.5736,449,25
33702,2019-09,90,52.7820,335,18
33702,2019-10,108,68.4708,426,16
33702,2019-11,88,54.0762,345,16
33702,2019-12,91,48.9727,313,21
33702,2020-01,94,54.2223,366,17
33702,2020-02,104,67.3008,407,12
33702,2020-03,85,50.2007,325,15
33702,2020-04,39,22.0027,150,8
33702,2020-05,109,47.2122,364,26
33702,2020-06,99,66.2631,388,13
33702,2020-07,114,69.4917,424,19
33702,2020-08,92,44.5582,323,19
33702,2020-09,108,58.1013,404,20
33702,2020-10,122,54.2615,405,32
33702,2020-11,110,67.2814,432,17
33702,2020-12,118,58.1004,402,27
33702,2021-01,113,63.9357,433,21
33702,2021-02,90,45.9753,325,20
33702,2021-03,137,68.4471,486,31
33702,2021-04,124,56.1380,416,29
33702,2021-05,91,46.8041,303,19
33702,2021-06,78,40.7203,267,17
33702,2021-07,73,39.6512,258,14
33702,2021-08,110,50.0744,381,29
33702,2021-09,88,47.7742,326,16
33702,2021-10,89,51.8082,327,15
33702,2021-11,72,37.5285,264,15
33702,2021-12,74,43.9732,286,11
33703,2012-01,14,8.7538,49,3
33703,2012-02,15,11.8297,62,1
33703,2012-03,24,14.2855,85,5
33703,2012-04,17,16.1071,77,0
33703,2012-05,26,16.5106,96,2
33703,2012-06,24,14.4840,83,4
33703,2012-07,20,12.0085,67,4
33703,2012-08,18,9.1136,63,5
33703,2012-09,12,10.3631,48,0
33703,2012-10,31,24.9961,121,1
33703,2012-11,32,25.2222,124,3
33703,2012-12,24,18.1096,87,2
33703,2013-01,30,22.0904,119,3
33703,2013-02,30,20.2327,113,4
33703,2013-03,33,25.9683,119,2
33703,2013-04,20,9.4055,67,4
33703,2013-05,31,21.7306,118,4
33703,2013-06,28,24.0472,110,1
33703,2013-07,26,20.9134,109,2
33703,2013-08,37,22.7512,126,6
33703,2013-09,26,22.3742,103,1
33703,2013-10,20,14.9757,81,1
33703,2013-11,22,15.4707,81,3
33703,2013-12,29,22.8421,106,1
33703,2014-01,27,18.0093,97,4
33703,2014-02,31,20.0202,120,6
33703,2014-03,32,19.5321,116,5
33703,2014-04,45,33.3907,172,3
33703,2014-05,37,20.4393,132,8
33703,2014-06,49,24.2975,157,11
33703,2014-07,48,28.0427,169,9
33703,2014-08,49,29.6726,178,9
33703,2014-09,41,23.1527,144,8
33703,2014-10,36,20.5406,126,7
33703,2014-11,36,27.0951,144,4
33703,2014-12,40,24.0940,152,6
33703,2015-01,56,38.2857,201,8
33703,2015-02,52,26.1423,181,13
33703,2015-03,64,38.7008,228,11
33703,2015-04,58,32.6009,186,11
33703,2015-05,61,39.1328,228,9
33703,2015-06,58,46.7464,216,3
33703,2015-07,82,49.7607,286,12
33703,2015-08,75,44.6724,277,12
33703,2015-09,55,32.2994,195,10
33703,2015-10,60,40.0742,215,8
33703,2015-11,54,26.8045,180,12
33703,2015-12,49,35.8057,210,5
33703,2016-01,60,39.6786,224,8
33703,2016-02,51,36.7381,198,5
33703,2016-03,84,54.9768,307,10
33703,2016-04,70,44.6482,257,9
33703,2016-05,62,42.3946,230,8
33703,2016-06,65,47.3185,237,7
33703,2016-07,113,73.9156,422,16
33703,2016-08,75,57.6693,290,5
33703,2016-09,75,47.6153,305,13
33703,2016-10,65,40.0341,234,10
33703,2016-11,71,44.8239,243,10
33703,2016-12,75,59.9419,309,2
33703,2017-01,81,52.1140,304,12
33703,2017-02,67,46.6156,257,6
33703,2017-03,81,46.6676,294,13
33703,2017-04,84,53.3046,343,12
33703,2017-05,84,54.7302,320,11
33703,2017-06,92,55.9893,359,14
33703,2017-07,96,59.3886,370,15
33703,2017-08,77,52.3437,309,8
33703,2017-09,65,37.6846,247,11
33703,2017-10,78,45.7440,292,14
33703,2017-11,66,47.4815,254,6
33703,2017-12,84,46.7613,309,17
33703,2018-01,85,52.9791,321,15
33703,2018-02,84,57.2889,330,8
33703,2018-03,116,87.4055,455,7
33703,2018-04,95,56.5012,319,17
33703,2018-05,107,79.0467,429,9
33703,2018-06,93,66.3728,371,10
33703,2018-07,122,81.8758,472,18
33703,2018-08,103,62.6233,387,15
33703,2018-09,122,82.6361,461,17
33703,2018-10,61,41.5788,249,8
33703,2018-11,103,78.7381,421,8
33703,2018-12,80,43.8214,305,15
33703,2019-01,88,49.8358,343,17
33703,2019-02,88,54.7921,339,12
33703,2019-03,83,52.1657,329,12
33703,2019-04,93,51.8788,332,17
33703,2019-05,95,61.1802,368,13
33703,2019-06,94,57.2221,373,15
33703,2019-07,88,66.4186,355,6
33703,2019-08,72,47.9828,273,8
33703,2019-09,80,42.8833,287,15
33703,2019-10,76,52.6047,307,10
33703,2019-11,72,51.6920,284,6
33703,2019-12,57,33.4284,216,10
33703,2020-01,69,38.9315,265,13
33703,2020-02,61,34.1506,222,12
33703,2020-03,60,36.6676,237,10
33703,2020-04,34,17.8492,130,7
33703,2020-05,48,22.7039,168,12
33703,2020-06,32,13.4697,107,8
33703,2020-07,47,22.1971,170,12
33703,2020-08,50,26.4368,192,10
33703,2020-09,37,20.5176,138,6
33703,2020-10,46,31.1348,174,5
33703,2020-11,34,24.4068,141,2
33703,2020-12,78,48.2168,323,14
33703,2021-01,65,36.0128,251,13
33703,2021-02,51,23.7597,182,12
33703,2021-03,66,37.3628,240,11
33703,2021-04,46,28.1282,173,7
33703,2021-05,48,29.3128,182,8
33703,2021-06,39,19.9128,147,7
33703,2021-07,45,22.2380,162,10
33703,2021-08,58,39.3988,218,5
33703,2021-09,30,15.0971,108,5
33703,2021-10,39,10.6469,118,14
33703,2021-11,46,19.6046,150,11
33703,2021-12,50,19.5996,172,15
33704,2012-01,19,16.6707,70,0
33704,2012-02,15,13.9661,64,0
33704,2012-03,23,14.3710,76,4
33704,2012-04,19,12.1505,74,2
33704,2012-05,35,30.1452,138,1
33704,2012-06,43,32.2137,167,4
33704,2012-07,38,25.8651,142,4
33704,2012-08,47,39.1862,193,1
33704,2012-09,30,22.6654,112,2
33704,2012-10,25,19.5787,104,2
33704,2012-11,48,36.3511,175,5
33704,2012-12,31,25.3578,119,3
33704,2013-01,61,44.7091,234,4
33704,2013-02,49,35.9930,196,4
33704,2013-03,67,50.2043,242,6
33704,2013-04,48,38.8934,179,2
33704,2013-05,49,33.8283,181,5
33704,2013-06,39,28.7518,153,4
33704,2013-07,43,31.0462,165,3
33704,2013-08,70,51.6630,276,7
33704,2013-09,44,30.8139,168,6
33704,2013-10,44,32.8531,168,4
33704,2013-11,40,30.6515,147,3
33704,2013-12,50,40.9063,185,3
33704,2014-01,58,37.4621,212,8
33704,2014-02,59,45.5598,232,2
33704,2014-03,65,43.4715,248,9
33704,2014-04,71,43.2928,256,10
33704,2014-05,67,47.8113,244,7
33704,2014-06,71,47.6081,269,10
33704,2014-07,89,61.1293,346,9
33704,2014-08,88,61.2661,352,9
33704,2014-09,71,50.9819,281,8
33704,2014-10,70,49.0853,285,7
33704,2014-11,65,49.4392,258,6
33704,2014-12,51,29.2966,182,8
33704,2015-01,70,48.1481,263,8
33704,2015-02,95,58.5347,335,12
33704,2015-03,116,73.3668,436,16
33704,2015-04,107,79.0898,420,9
33704,2015-05,110,74.6750,390,14
33704,2015-06,103,68.9543,375,12
33704,2015-07,113,80.3752,453,12
33704,2015-08,99,69.2528,380,10
33704,2015-09,103,74.2405,410,11
33704,2015-10,95,55.6105,361,16
33704,2015-11,76,53.0067,293,7
33704,2015-12,75,54.7259,301,5
33704,2016-01,102,67.4913,402,13
33704,2016-02,104,69.2049,386,13
33704,2016-03,110,79.7982,447,9
33704,2016-04,90,60.4053,363,12
33704,2016-05,123,79.8078,489,16
33704,2016-06,91,53.2727,335,18
33704,2016-07,130,95.1889,509,12
33704,2016-08,98,64.1949,377,11
33704,2016-09,92,71.1787,368,5
33704,2016-10,83,57.9686,307,7
33704,2016-11,79,47.0878,282,13
33704,2016-12,74,48.3054,292,13
33704,2017-01,94,63.4864,355,8
33704,2017-02,85,53.3879,315,12
33704,2017-03,74,42.8999,279,14
33704,2017-04,91,62.8549,352,10
33704,2017-05,106,71.0763,428,11
33704,2017-06,112,82.1649,454,9
33704,2017-07,109,73.1238,445,13
33704,2017-08,95,71.3972,375,9
33704,2017-09,78,39.6510,296,16
33704,2017-10,79,52.7359,307,10
33704,2017-11,87,51.2221,342,17
33704,2017-12,98,64.6471,373,13
33704,2018-01,109,71.6969,426,16
33704,2018-02,115,59.1093,405,26
33704,2018-03,96,56.5081,354,16
33704,2018-04,109,81.6859,450,8
33704,2018-05,113,80.3331,462,12
33704,2018-06,129,74.8989,482,22
33704,2018-07,125,73.8143,468,23
33704,2018-08,115,71.6143,440,20
33704,2018-09,86,55.9368,343,12
33704,2018-10,95,61.5238,372,11
33704,2018-11,110,58.0700,398,24
33704,2018-12,89,52.8710,351,14
33704,2019-01,101,68.5359,397,14
33704,2019-02,105,52.1633,388,26
33704,2019-03,147,102.1508,595,19
33704,2019-04,120,74.1950,485,18
33704,2019-05,132,88.1187,547,16
33704,2019-06,133,89.5879,530,14
33704,2019-07,130,86.7052,523,16
33704,2019-08,110,74.1544,430,13
33704,2019-09,100,61.6916,370,16
33704,2019-10,109,78.2202,458,13
33704,2019-11,97,61.3618,365,14
33704,2019-12,94,56.2304,370,16
33704,2020-01,97,54.1377,361,17
33704,2020-02,123,82.2376,495,17
33704,2020-03,69,41.2317,266,13
33704,2020-04,36,22.3114,136,5
33704,2020-05,57,36.5485,226,7
33704,2020-06,64,49.3740,271,5
33704,2020-07,77,47.0553,311,12
33704,2020-08,58,35.3502,236,8
33704,2020-09,75,44.6839,293,13
33704,2020-10,71,47.7598,281,9
33704,2020-11,70,44.0264,277,10
33704,2020-12,69,43.6104,278,10
33704,2021-01,80,61.8900,339,7
33704,2021-02,68,48.0702,295,9
33704,2021-03,102,51.7244,380,24
33704,2021-04,70,31.8843,243,18
33704,2021-05,99,57.6889,380,14
33704,2021-06,93,55.9906,359,16
33704,2021-07,96,61.8008,380,14
33704,2021-08,82,51.3658,314,12
33704,2021-09,75,52.8864,317,8
33704,2021-10,93,60.3890,365,14
33704,2021-11,68,32.8899,255,16
33704,2021-12,83,45.4164,310,14
33705,2012-01,14,10.1041,50,2
33705,2012-02,7,2.0388,17,3
33705,2012-03,15,6.7669,54,4
33705,2012-04,11,9.0056,48,0
33705,2012-05,18,13.5976,62,2
33705,2012-06,10,7.9546,41,0
33705,2012-07,28,17.6088,88,4
33705,2012-08,25,21.7522,93,0
33705,2012-09,20,10.7928,63,3
33705,2012-10,20,12.5828,67,3
33705,2012-11,27,10.4316,99,9
33705,2012-12,28,21.6103,107,2
33705,2013-01,30,22.8942,109,2
33705,2013-02,18,14.1396,79,1
33705,2013-03,19,14.2624,76,1
33705,2013-04,35,29.4132,138,1
33705,2013-05,37,26.5097,148,3
33705,2013-06,36,27.1260,139,3
33705,2013-07,43,30.2298,157,5
33705,2013-08,50,37.7458,200,4
33705,2013-09,62,47.2565,235,4
33705,2013-10,36,25.7141,142,4
33705,2013-11,37,24.3857,152,6
33705,2013-12,43,35.3661,178,2
33705,2014-01,66,56.8481,276,2
33705,2014-02,45,38.7665,193,1
33705,2014-03,59,47.3835,221,2
33705,2014-04,53,43.1020,214,3
33705,2014-05,76,62.8561,308,3
33705,2014-06,63,48.4281,263,5
33705,2014-07,76,58.9537,307,5
33705,2014-08,77,61.7016,324,3
33705,2014-09,72,55.1189,299,6
33705,2014-10,73,50.7583,299,10
33705,2014-11,94,75.6232,390,5
33705,2014-12,68,46.7233,268,8
33705,2015-01,107,84.1484,442,8
33705,2015-02,81,60.2850,322,6
33705,2015-03,99,76.7969,422,6
33705,2015-04,119,93.1913,495,8
33705,2015-05,127,94.0789,523,10
33705,2015-06,115,88.1226,469,7
33705,2015-07,122,93.9925,490,9
33705,2015-08,114,87.6091,481,9
33705,2015-09,97,78.4782,425,5
33705,2015-10,93,70.5777,398,9
33705,2015-11,110,78.3638,420,12
33705,2015-12,88,62.9308,353,8
33705,2016-01,122,95.2577,505,7
33705,2016-02,97,72.4228,402,10
33705,2016-03,183,137.9475,768,16
33705,2016-04,160,124.7050,663,11
33705,2016-05,158,127.3870,671,10
33705,2016-06,171,132.3235,712,12
33705,2016-07,189,152.9240,828,9
33705,2016-08,185,135.9908,753,17
33705,2016-09,145,102.9637,581,12
33705,2016-10,118,82.9839,463,13
33705,2016-11,105,82.9072,427,5
33705,2016-12,126,95.5994,552,13
33705,2017-01,145,107.8049,593,10
33705,2017-02,116,86.3235,484,9
33705,2017-03,129,94.8203,529,10
33705,2017-04,135,93.6738,558,15
33705,2017-05,155,110.6942,611,14
33705,2017-06,171,135.9685,732,11
33705,2017-07,162,128.2365,676,10
33705,2017-08,173,125.8116,716,17
33705,2017-09,121,92.3628,487,7
33705,2017-10,136,109.2951,546,6
33705,2017-11,105,77.8508,447,10
33705,2017-12,143,104.1981,607,11
33705,2018-01,118,80.9043,466,15
33705,2018-02,124,99.5687,534,8
33705,2018-03,190,139.7316,794,19
33705,2018-04,192,149.5584,825,11
33705,2018-05,173,120.0786,709,17
33705,2018-06,156,123.8434,664,9
33705,2018-07,188,153.7239,823,8
33705,2018-08,173,122.2215,698,16
33705,2018-09,127,96.7954,555,7
33705,2018-10,188,141.8039,792,15
33705,2018-11,168,134.1673,680,11
33705,2018-12,191,148.5794,798,13
33705,2019-01,193,156.9097,834,8
33705,2019-02,197,147.9319,790,15
33705,2019-03,233,163.4299,948,25
33705,2019-04,230,165.8962,948,19
33705,2019-05,196,137.3055,806,19
33705,2019-06,206,140.9487,835,25
33705,2019-07,202,149.8742,813,17
33705,2019-08,207,147.4231,857,23
33705,2019-09,153,116.8713,649,11
33705,2019-10,182,133.8740,734,20
33705,2019-11,149,101.9584,579,19
33705,2019-12,250,163.4404,940,34
33705,2020-01,161,115.4365,628,17
33705,2020-02,152,97.6427,592,23
33705,2020-03,114,73.7622,436,14
33705,2020-04,50,30.5892,215,7
33705,2020-05,108,73.2802,441,15
33705,2020-06,115,86.0697,490,11
33705,2020-07,104,69.4347,417,14
33705,2020-08,116,86.5738,477,8
33705,2020-09,112,85.8051,494,8
33705,2020-10,130,90.4705,542,14
33705,2020-11,102,77.0152,437,9
33705,2020-12,110,81.8657,468,9
33705,2021-01,115,84.3899,495,8
33705,2021-02,131,92.3180,533,11
33705,2021-03,182,118.8563,717,26
33705,2021-04,137,93.6252,533,15
33705,2021-05,166,104.5652,633,26
33705,2021-06,169,126.2224,711,15
33705,2021-07,186,126.9016,756,20
33705,2021-08,182,116.7575,714,24
33705,2021-09,177,119.8752,718,22
33705,2021-10,137,98.6718,568,14
33705,2021-11,145,75.7147,551,29
33705,2021-12,169,127.0274,652,10
33706,2012-01,65,52.4604,240,4
33706,2012-02,55,32.8234,197,9
33706,2012-03,69,49.5073,252,7
33706,2012-04,84,58.8149,315,9
33706,2012-05,82,48.5118,284,13
33706,2012-06,98,71.9829,376,7
33706,2012-07,156,118.8196,595,11
33706,2012-08,107,83.6802,411,8
33706,2012-09,95,72.0560,339,6
33706,2012-10,83,61.5467,280,6
33706,2012-11,77,55.2445,295,7
33706,2012-12,75,58.9256,299,5
33706,2013-01,119,82.1733,439,15
33706,2013-02,120,88.2227,434,10
33706,2013-03,153,109.1826,565,14
33706,2013-04,130,80.2197,426,20
33706,2013-05,168,116.0730,612,21
33706,2013-06,167,118.5750,628,15
33706,2013-07,203,145.8782,731,20
33706,2013-08,224,170.7958,843,15
33706,2013-09,167,117.1065,610,19
33706,2013-10,140,102.5406,550,14
33706,2013-11,130,89.2318,499,15
33706,2013-12,158,113.3260,584,15
33706,2014-01,123,88.9838,458,13
33706,2014-02,124,95.3106,478,10
33706,2014-03,217,140.5188,791,27
33706,2014-04,236,179.0851,906,16
33706,2014-05,281,187.2824,1040,35
33706,2014-06,307,212.0789,1158,39
33706,2014-07,408,290.1307,1535,43
33706,2014-08,348,235.3859,1318,40
33706,2014-09,198,143.4046,760,20
33706,2014-10,250,172.9766,937,27
33706,2014-11,228,160.4071,868,26
33706,2014-12,235,166.8807,895,25
33706,2015-01,306,209.5770,1162,39
33706,2015-02,237,170.1091,892,21
33706,2015-03,381,271.5178,1434,42
33706,2015-04,404,275.1728,1506,49
33706,2015-05,446,306.4878,1646,54
33706,2015-06,448,317.2166,1703,46
33706,2015-07,486,350.2993,1879,50
33706,2015-08,475,321.7912,1826,57
33706,2015-09,361,256.9343,1375,37
33706,2015-10,365,252.8927,1389,47
33706,2015-11,365,261.5365,1426,38
33706,2015-12,316,219.4031,1207,40
33706,2016-01,391,282.4885,1547,34
33706,2016-02,411,296.1946,1624,41
33706,2016-03,488,317.4613,1826,73
33706,2016-04,468,319.4017,1759,55
33706,2016-05,494,346.9562,1914,53
33706,2016-06,488,334.3366,1920,61
33706,2016-07,681,483.2062,2705,68
33706,2016-08,471,343.8884,1882,42
33706,2016-09,340,248.8656,1373,31
33706,2016-10,365,262.4608,1439,33
33706,2016-11,315,218.2808,1266,37
33706,2016-12,350,241.2588,1373,33
33706,2017-01,401,288.3723,1604,38
33706,2017-02,411,288.8816,1567,39
33706,2017-03,582,389.7629,2236,76
33706,2017-04,592,416.6121,2275,60
33706,2017-05,519,358.5194,2027,58
33706,2017-06,537,374.7961,2078,59
33706,2017-07,638,450.3473,2455,64
33706,2017-08,520,377.5606,2050,49
33706,2017-09,319,226.6102,1253,33
33706,2017-10,364,258.4369,1429,40
33706,2017-11,355,240.8463,1345,43
33706,2017-12,397,271.1864,1529,46
33706,2018-01,406,300.0189,1621,41
33706,2018-02,478,324.4381,1794,59
33706,2018-03,695,488.6741,2716,78
33706,2018-04,661,459.2103,2534,79
33706,2018-05,597,405.5307,2298,74
33706,2018-06,740,510.1148,2851,89
33706,2018-07,773,523.9451,2996,97
33706,2018-08,599,424.9524,2333,62
33706,2018-09,313,219.3092,1296,34
33706,2018-10,310,222.7436,1224,33
33706,2018-11,370,246.4515,1385,46
33706,2018-12,370,270.3418,1453,33
33706,2019-01,396,282.5338,1549,42
33706,2019-02,411,272.9100,1569,54
33706,2019-03,637,409.2295,2360,91
33706,2019-04,596,389.2228,2268,88
33706,2019-05,594,410.4676,2352,72
33706,2019-06,629,448.6602,2525,61
33706,2019-07,672,477.5673,2651,73
33706,2019-08,540,403.2171,2215,46
33706,2019-09,407,298.8604,1603,41
33706,2019-10,393,279.7727,1569,42
33706,2019-11,393,278.5998,1509,38
33706,2019-12,315,215.7171,1228,36
33706,2020-01,361,244.0633,1427,46
33706,2020-02,459,309.5418,1758,59
33706,2020-03,293,178.6063,1108,52
33706,2020-04,66,50.1465,271,3
33706,2020-05,280,156.5635,1036,55
33706,2020-06,544,334.4790,2066,85
33706,2020-07,424,266.8223,1651,66
33706,2020-08,442,322.4818,1792,44
33706,2020-09,373,240.6602,1475,51
33706,2020-10,402,274.5744,1595,48
33706,2020-11,298,205.8438,1185,31
33706,2020-12,318,216.0060,1264,38
33706,2021-01,344,226.1492,1359,47
33706,2021-02,349,228.7523,1371,45
33706,2021-03,539,318.7821,2005,82
33706,2021-04,527,318.7223,1965,85
33706,2021-05,543,309.1796,1970,101
33706,2021-06,639,438.5777,2563,77
33706,2021-07,549,361.0735,2171,75
33706,2021-08,444,296.6703,1742,58
33706,2021-09,297,192.9471,1170,41
33706,2021-10,354,244.2579,1428,40
33706,2021-11,272,172.6995,1041,41
33706,2021-12,356,231.6998,1379,51
33707,2012-01,22,17.5820,87,2
33707,2012-02,32,22.0950,122,4
33707,2012-03,29,21.1553,112,2
33707,2012-04,27,22.6428,111,1
33707,2012-05,23,19.0609,94,0
33707,2012-06,27,20.8274,108,3
33707,2012-07,27,19.7600,106,3
33707,2012-08,37,25.4552,126,3
33707,2012-09,24,19.6731,98,1
33707,2012-10,26,19.8181,99,2
33707,2012-11,27,21.2166,107,2
33707,2012-12,23,14.2283,83,4
33707,2013-01,32,20.6727,120,5
33707,2013-02,26,19.8682,90,2
33707,2013-03,46,36.0812,183,3
33707,2013-04,36,25.7555,131,4
33707,2013-05,45,32.8259,165,4
33707,2013-06,42,25.3757,141,6
33707,2013-07,35,24.7799,137,3
33707,2013-08,43,32.2314,169,4
33707,2013-09,34,17.8927,115,6
33707,2013-10,20,15.7201,79,1
33707,2013-11,40,27.2128,162,5
33707,2013-12,50,36.2536,204,6
33707,2014-01,34,28.3864,126,1
33707,2014-02,56,40.9633,220,6
33707,2014-03,57,42.0698,229,4
33707,2014-04,50,33.5636,190,5
33707,2014-05,69,58.7598,258,2
33707,2014-06,57,42.1886,238,4
33707,2014-07,56,36.4932,203,8
33707,2014-08,71,60.1740,296,2
33707,2014-09,58,44.3286,238,5
33707,2014-10,66,38.2187,247,10
33707,2014-11,81,58.7383,324,9
33707,2014-12,62,50.9531,264,4
33707,2015-01,89,68.6082,358,7
33707,2015-02,73,57.1436,300,3
33707,2015-03,101,72.5847,397,12
33707,2015-04,72,56.5115,290,4
33707,2015-05,89,67.5552,358,6
33707,2015-06,107,79.4754,443,11
33707,2015-07,99,65.6932,383,14
33707,2015-08,95,62.4537,376,13
33707,2015-09,104,79.0987,398,7
33707,2015-10,80,55.3896,322,9
33707,2015-11,85,64.6998,339,6
33707,2015-12,83,49.5981,299,14
33707,2016-01,106,84.4595,425,5
33707,2016-02,114,81.4270,422,14
33707,2016-03,94,64.7946,366,10
33707,2016-04,99,70.5642,406,11
33707,2016-05,113,72.0362,436,16
33707,2016-06,101,62.8076,393,15
33707,2016-07,98,69.4948,402,10
33707,2016-08,96,71.7418,390,6
33707,2016-09,79,50.8865,289,11
33707,2016-10,93,66.6808,374,8
33707,2016-11,78,47.7988,307,14
33707,2016-12,86,48.1190,337,13
33707,2017-01,128,83.2901,506,17
33707,2017-02,113,63.5827,416,20
33707,2017-03,123,81.7069,481,16
33707,2017-04,143,93.5037,558,19
33707,2017-05,119,80.7473,457,15
33707,2017-06,122,88.1025,487,11
33707,2017-07,143,108.2786,605,13
33707,2017-08,108,70.5745,429,13
33707,2017-09,77,49.5241,301,10
33707,2017-10,78,41.0637,277,18
33707,2017-11,86,63.1139,370,9
33707,2017-12,83,53.8122,340,12
33707,2018-01,112,68.6142,437,15
33707,2018-02,130,87.1609,531,17
33707,2018-03,148,105.8720,601,16
33707,2018-04,138,98.4988,542,15
33707,2018-05,128,92.1741,512,12
33707,2018-06,123,81.7457,494,20
33707,2018-07,129,91.5398,533,14
33707,2018-08,104,81.7449,454,5
33707,2018-09,103,78.4218,429,7
33707,2018-10,93,64.5150,389,10
33707,2018-11,93,67.4534,381,11
33707,2018-12,99,61.3999,392,16
33707,2019-01,130,97.6118,547,11
33707,2019-02,104,74.0487,433,12
33707,2019-03,168,122.4515,710,15
33707,2019-04,150,102.6537,604,20
33707,2019-05,134,98.7606,569,12
33707,2019-06,137,101.7019,576,12
33707,2019-07,112,73.9873,448,14
33707,2019-08,107,79.9500,460,10
33707,2019-09,92,75.3908,378,3
33707,2019-10,123,95.4996,512,8
33707,2019-11,97,68.0174,389,11
33707,2019-12,93,67.0959,395,9
33707,2020-01,121,89.4777,508,8
33707,2020-02,126,96.5292,529,9
33707,2020-03,92,63.6145,357,12
33707,2020-04,19,13.6001,86,2
33707,2020-05,90,60.6488,355,11
33707,2020-06,88,64.9249,370,7
33707,2020-07,85,54.9206,345,14
33707,2020-08,82,63.8003,356,6
33707,2020-09,75,58.0159,335,6
33707,2020-10,89,62.8500,375,8
33707,2020-11,80,56.8416,323,9
33707,2020-12,93,66.1713,377,10
33707,2021-01,94,65.3377,361,12
33707,2021-02,99,63.4071,402,15
33707,2021-03,141,94.9106,575,18
33707,2021-04,113,82.2928,470,13
33707,2021-05,123,82.6330,468,15
33707,2021-06,118,77.0491,464,15
33707,2021-07,106,68.7982,423,15
33707,2021-08,99,61.5440,392,14
33707,2021-09,85,52.3519,334,13
33707,2021-10,80,49.6213,314,9
33707,2021-11,78,50.0056,298,9
33707,2021-12,103,71.8267,427,12
33708,2012-01,23,16.9257,86,2
33708,2012-02,22,14.4952,80,3
33708,2012-03,55,42.7827,198,4
33708,2012-04,27,18.0771,94,3
33708,2012-05,35,20.6732,117,6
33708,2012-06,38,24.9339,131,7
33708,2012-07,65,40.4982,232,9
33708,2012-08,41,31.9558,156,3
33708,2012-09,34,20.1471,113,4
33708,2012-10,35,24.1071,121,3
33708,2012-11,27,23.1602,105,0
33708,2012-12,32,14.7830,107,8
33708,2013-01,44,27.0945,158,7
33708,2013-02,49,37.4091,194,4
33708,2013-03,67,37.7208,229,11
33708,2013-04,49,34.7440,171,4
33708,2013-05,48,31.7319,164,4
33708,2013-06,78,54.2615,285,8
33708,2013-07,78,45.9673,283,15
33708,2013-08,81,56.7602,307,9
33708,2013-09,84,67.7735,328,3
33708,2013-10,57,44.8798,227,3
33708,2013-11,44,33.4687,184,3
33708,2013-12,63,38.7921,243,10
33708,2014-01,76,54.7690,286,7
33708,2014-02,50,34.3648,178,6
33708,2014-03,83,60.2679,314,6
33708,2014-04,78,43.4749,262,15
33708,2014-05,107,74.3273,386,12
33708,2014-06,148,103.9429,568,16
33708,2014-07,173,121.1348,657,19
33708,2014-08,151,108.1082,571,14
33708,2014-09,82,57.1803,303,9
33708,2014-10,123,86.2637,478,14
33708,2014-11,104,86.4448,441,3
33708,2014-12,97,57.9481,361,18
33708,2015-01,140,102.3963,567,12
33708,2015-02,124,92.1130,494,13
33708,2015-03,154,88.1633,559,27
33708,2015-04,176,105.0492,644,30
33708,2015-05,199,145.1920,763,19
33708,2015-06,181,120.5011,673,21
33708,2015-07,278,206.8304,1090,22
33708,2015-08,214,147.9734,797,23
33708,2015-09,156,128.3121,648,7
33708,2015-10,174,130.1148,668,14
33708,2015-11,156,108.2027,607,16
33708,2015-12,146,104.0614,570,13
33708,2016-01,192,138.0033,762,22
33708,2016-02,168,116.4639,668,18
33708,2016-03,211,130.8861,772,36
33708,2016-04,215,133.0986,793,33
33708,2016-05,227,152.3269,865,29
33708,2016-06,288,195.6774,1118,37
33708,2016-07,276,181.1008,1064,39
33708,2016-08,179,125.4213,681,19
33708,2016-09,163,105.2617,629,21
33708,2016-10,154,107.9996,623,20
33708,2016-11,152,109.6488,612,17
33708,2016-12,180,132.0363,739,16
33708,2017-01,190,132.4060,765,18
33708,2017-02,198,137.1759,777,23
33708,2017-03,238,151.3719,872,33
33708,2017-04,250,164.0897,963,30
33708,2017-05,286,214.9964,1169,19
33708,2017-06,302,208.9249,1167,34
33708,2017-07,334,235.3667,1327,36
33708,2017-08,295,210.6721,1150,29
33708,2017-09,154,105.3748,613,17
33708,2017-10,227,158.1402,896,27
33708,2017-11,200,151.9319,817,14
33708,2017-12,193,144.6787,793,15
33708,2018-01,178,130.2712,728,16
33708,2018-02,226,155.3674,900,27
33708,2018-03,338,233.5877,1337,41
33708,2018-04,325,212.4926,1269,42
33708,2018-05,267,200.2639,1079,23
33708,2018-06,307,211.9466,1222,34
33708,2018-07,412,273.1436,1618,52
33708,2018-08,283,204.8817,1170,27
33708,2018-09,215,148.2689,861,24
33708,2018-10,173,125.8732,709,17
33708,2018-11,158,114.6069,620,15
33708,2018-12,194,146.2557,832,18
33708,2019-01,234,177.6245,965,19
33708,2019-02,225,167.1714,936,18
33708,2019-03,320,207.6285,1233,45
33708,2019-04,272,170.4248,1025,36
33708,2019-05,304,212.6557,1168,33
33708,2019-06,316,194.3628,1222,47
33708,2019-07,349,247.4745,1413,36
33708,2019-08,252,171.8052,1016,29
33708,2019-09,216,158.6728,888,19
33708,2019-10,205,161.2532,882,12
33708,2019-11,178,140.4134,743,13
33708,2019-12,179,125.7230,704,19
33708,2020-01,185,120.3731,730,29
33708,2020-02,221,159.0098,927,23
33708,2020-03,180,126.1070,726,21
33708,2020-04,31,20.3832,129,5
33708,2020-05,133,95.5403,546,13
33708,2020-06,267,177.9371,1070,34
33708,2020-07,271,195.2642,1096,27
33708,2020-08,263,169.8006,1039,37
33708,2020-09,175,124.6563,729,19
33708,2020-10,227,167.2767,949,23
33708,2020-11,157,105.7078,647,22
33708,2020-12,170,112.3006,669,23
33708,2021-01,218,152.3810,878,26
33708,2021-02,181,113.0159,716,29
33708,2021-03,303,186.8259,1162,47
33708,2021-04,299,179.3851,1110,50
33708,2021-05,394,242.9277,1546,63
33708,2021-06,311,213.3233,1234,37
33708,2021-07,306,188.7187,1166,50
33708,2021-08,230,158.2203,928,30
33708,2021-09,189,125.6853,762,24
33708,2021-10,203,132.8194,803,28
33708,2021-11,127,84.0177,502,15
33708,2021-12,136,74.1432,490,25
33709,2012-01,6,3.5323,17,1
33709,2012-02,10,3.8632,29,3
33709,2012-03,9,4.3701,34,2
33709,2012-04,10,7.1826,41,1
33709,2012-05,11,7.7939,38,1
33709,2012-06,16,9.4996,61,2
33709,2012-07,17,14.4000,74,0
33709,2012-08,10,6.1407,36,2
33709,2012-09,15,7.6649,55,3
33709,2012-10,13,12.2031,58,0
33709,2012-11,13,8.9983,47,2
33709,2012-12,21,7.5085,62,7
33709,2013-01,20,11.9749,76,3
33709,2013-02,13,8.1062,50,2
33709,2013-03,21,4.4248,71,7
33709,2013-04,15,8.7661,60,3
33709,2013-05,26,23.4012,91,0
33709,2013-06,32,22.3534,113,4
33709,2013-07,29,19.5363,102,4
33709,2013-08,32,15.1728,115,6
33709,2013-09,33,22.0119,108,4
33709,2013-10,24,15.8233,90,3
33709,2013-11,33,26.2177,140,3
33709,2013-12,45,29.6010,164,5
33709,2014-01,43,31.2303,151,4
33709,2014-02,31,20.3893,123,4
33709,2014-03,49,33.0792,192,5
33709,2014-04,31,23.3761,127,3
33709,2014-05,48,37.1896,191,3
33709,2014-06,47,29.2333,179,6
33709,2014-07,56,39.4983,234,5
33709,2014-08,53,34.9885,201,8
33709,2014-09,50,31.1003,183,7
33709,2014-10,41,31.1101,173,3
33709,2014-11,41,30.7921,166,4
33709,2014-12,50,27.9305,173,9
33709,2015-01,49,38.0481,194,4
33709,2015-02,58,38.0120,220,6
33709,2015-03,52,33.8928,192,7
33709,2015-04,58,29.5921,215,11
33709,2015-05,62,31.5376,223,13
33709,2015-06,53,39.8580,206,3
33709,2015-07,65,48.5903,263,6
33709,2015-08,67,41.3858,266,10
33709,2015-09,63,40.5630,219,9
33709,2015-10,43,25.3918,159,7
33709,2015-11,56,27.7183,218,12
33709,2015-12,53,40.5900,215,4
33709,2016-01,70,42.5702,278,12
33709,2016-02,83,53.0232,318,13
33709,2016-03,59,36.7728,205,7
33709,2016-04,63,47.6281,249,5
33709,2016-05,54,31.6688,197,11
33709,2016-06,71,37.3726,259,17
33709,2016-07,61,31.9447,211,12
33709,2016-08,52,35.4993,191,7
33709,2016-09,60,33.5834,213,10
33709,2016-10,39,20.7372,134,8
33709,2016-11,32,20.9817,132,4
33709,2016-12,52,24.5556,161,12
33709,2017-01,53,35.2956,202,7
33709,2017-02,48,30.7361,198,6
33709,2017-03,54,34.2551,208,9
33709,2017-04,62,35.5360,214,9
33709,2017-05,63,34.1256,236,13
33709,2017-06,62,41.3785,247,7
33709,2017-07,61,32.4553,221,14
33709,2017-08,49,27.4423,184,9
33709,2017-09,32,21.6594,119,5
33709,2017-10,78,45.9420,302,12
33709,2017-11,44,31.6117,179,4
33709,2017-12,68,33.2254,259,14
33709,2018-01,82,38.0732,300,19
33709,2018-02,56,31.8824,206,9
33709,2018-03,79,56.0857,316,9
33709,2018-04,85,40.6368,294,20
33709,2018-05,54,32.8236,209,9
33709,2018-06,78,43.4505,277,14
33709,2018-07,63,40.4607,237,9
33709,2018-08,65,30.7732,218,16
33709,2018-09,71,26.8349,237,19
33709,2018-10,58,30.6684,224,12
33709,2018-11,48,25.3906,170,11
33709,2018-12,53,27.1640,181,12
33709,2019-01,64,28.4552,217,18
33709,2019-02,61,44.0773,237,4
33709,2019-03,120,74.1471,466,19
33709,2019-04,106,72.7783,412,10
33709,2019-05,88,45.6086,334,18
33709,2019-06,88,52.9935,335,14
33709,2019-07,95,48.9196,345,18
33709,2019-08,100,56.8523,396,18
33709,2019-09,86,44.0313,292,16
33709,2019-10,90,54.9448,328,13
33709,2019-11,89,49.4420,318,16
33709,2019-12,73,33.7479,273,19
33709,2020-01,62,38.2889,239,6
33709,2020-02,69,28.5217,252,20
33709,2020-03,53,32.9949,201,6
33709,2020-04,47,28.3104,183,7
33709,2020-05,47,19.1342,157,13
33709,2020-06,81,47.3963,307,14
33709,2020-07,59,38.0054,232,8
33709,2020-08,60,43.1302,258,7
33709,2020-09,54,30.8108,219,9
33709,2020-10,57,32.0418,195,11
33709,2020-11,43,20.4119,157,12
33709,2020-12,47,12.9881,144,15
33709,2021-01,44,25.4465,172,9
33709,2021-02,63,36.0455,234,13
33709,2021-03,64,29.6758,233,13
33709,2021-04,75,39.3816,294,15
33709,2021-05,68,33.5441,247,15
33709,2021-06,67,32.9013,234,14
33709,2021-07,49,22.6681,155,12
33709,2021-08,70,33.9332,252,15
33709,2021-09,53,23.1605,176,12
33709,2021-10,61,32.6233,217,11
33709,2021-11,54,29.1024,215,12
33709,2021-12,48,28.5547,187,8
33710,2012-01,11,5.7273,34,3
33710,2012-02,17,6.1505,49,5
33710,2012-03,9,6.5139,32,1
33710,2012-04,15,10.2043,54,2
33710,2012-05,16,11.1617,57,1
33710,2012-06,28,17.7295,104,4
33710,2012-07,15,7.5415,51,2
33710,2012-08,9,6.9134,30,1
33710,2012-09,31,22.5274,121,2
33710,2012-10,23,13.9631,86,4
33710,2012-11,30,19.1108,118,4
33710,2012-12,33,17.5295,110,7
33710,2013-01,31,19.9602,114,2
33710,2013-02,33,18.6120,121,5
33710,2013-03,27,15.6939,89,4
33710,2013-04,50,37.2923,186,3
33710,2013-05,21,17.1805,71,1
33710,2013-06,28,18.6181,91,4
33710,2013-07,51,22.6779,177,14
33710,2013-08,52,34.7743,194,4
33710,2013-09,41,25.0346,139,7
33710,2013-10,41,25.7454,145,4
33710,2013-11,49,28.4176,159,9
33710,2013-12,48,34.3914,184,4
33710,2014-01,73,44.9476,255,9
33710,2014-02,62,32.1631,192,11
33710,2014-03,59,34.2711,211,11
33710,2014-04,58,42.8082,214,3
33710,2014-05,65,41.6331,236,8
33710,2014-06,67,44.9371,258,9
33710,2014-07,73,39.0477,251,15
33710,2014-08,52,33.9767,196,7
33710,2014-09,47,27.1570,160,8
33710,2014-10,54,33.1008,197,9
33710,2014-11,52,31.3019,192,8
33710,2014-12,77,42.4575,284,16
33710,2015-01,75,50.8068,273,8
33710,2015-02,66,34.1979,223,14
33710,2015-03,98,68.0966,358,9
33710,2015-04,92,58.8480,346,14
33710,2015-05,99,56.5619,391,18
33710,2015-06,83,49.4604,316,15
33710,2015-07,103,65.0549,398,16
33710,2015-08,139,93.0695,537,18
33710,2015-09,122,79.6673,476,18
33710,2015-10,100,61.3539,385,17
33710,2015-11,99,65.7897,390,13
33710,2015-12,104,62.0923,383,19
33710,2016-01,156,96.8712,566,24
33710,2016-02,144,91.0672,533,20
33710,2016-03,139,87.6105,533,21
33710,2016-04,125,76.1209,478,21
33710,2016-05,163,83.2115,549,34
33710,2016-06,119,76.2184,436,16
33710,2016-07,132,79.7500,489,21
33710,2016-08,115,57.8586,405,26
33710,2016-09,102,52.4121,368,21
33710,2016-10,108,57.4889,388,21
33710,2016-11,96,53.4949,344,17
33710,2016-12,119,55.5878,376,29
33710,2017-01,168,99.3653,606,30
33710,2017-02,126,65.8670,444,27
33710,2017-03,144,97.2113,529,15
33710,2017-04,134,80.4650,488,23
33710,2017-05,134,85.5474,517,20
33710,2017-06,161,94.6542,606,27
33710,2017-07,168,119.3875,660,17
33710,2017-08,149,91.3457,548,23
33710,2017-09,103,51.6926,349,23
33710,2017-10,123,78.3134,473,19
33710,2017-11,117,58.8394,397,28
33710,2017-12,137,69.0463,503,31
33710,2018-01,162,99.1066,606,27
33710,2018-02,156,92.1375,587,29
33710,2018-03,157,84.0154,544,30
33710,2018-04,184,125.7584,707,24
33710,2018-05,177,101.5169,651,34
33710,2018-06,173,113.2317,660,21
33710,2018-07,199,106.7811,713,39
33710,2018-08,194,101.2529,674,39
33710,2018-09,148,76.6943,526,29
33710,2018-10,139,74.9089,504,30
33710,2018-11,129,71.0137,447,24
33710,2018-12,128,75.0797,456,22
33710,2019-01,138,68.6197,481,32
33710,2019-02,151,76.5737,539,37
33710,2019-03,137,81.1922,521,20
33710,2019-04,153,100.6335,597,23
33710,2019-05,179,94.3504,643,38
33710,2019-06,177,105.6216,674,29
33710,2019-07,176,113.6792,700,24
33710,2019-08,123,65.4968,435,24
33710,2019-09,131,63.5057,426,30
33710,2019-10,150,82.8414,531,28
33710,2019-11,126,69.4447,464,23
33710,2019-12,137,76.1898,494,29
33710,2020-01,136,77.2386,509,26
33710,2020-02,120,58.4976,400,29
33710,2020-03,110,46.1380,369,31
33710,2020-04,50,23.5893,167,12
33710,2020-05,85,49.6722,311,15
33710,2020-06,114,53.3200,378,23
33710,2020-07,86,47.5839,301,16
33710,2020-08,91,48.9499,347,19
33710,2020-09,101,60.4238,365,15
33710,2020-10,96,58.8042,370,15
33710,2020-11,101,41.7708,334,27
33710,2020-12,97,55.4227,356,17
33710,2021-01,102,37.6889,345,30
33710,2021-02,98,55.0359,368,19
33710,2021-03,101,53.4885,377,20
33710,2021-04,127,56.4586,421,36
33710,2021-05,114,60.1860,403,22
33710,2021-06,130,62.7329,493,28
33710,2021-07,130,71.6602,439,23
33710,2021-08,116,46.6402,402,32
33710,2021-09,86,43.2552,305,20
33710,2021-10,105,62.3485,376,15
33710,2021-11,95,41.0317,313,24
33710,2021-12,119,61.0936,413,24
33711,2012-01,17,13.1598,69,1
33711,2012-02,9,8.6334,34,0
33711,2012-03,13,8.2745,41,2
33711,2012-04,13,6.1633,39,2
33711,2012-05,11,8.1938,38,1
33711,2012-06,12,7.5096,41,2
33711,2012-07,15,8.3095,51,2
33711,2012-08,16,8.8401,57,3
33711,2012-09,12,7.8259,43,1
33711,2012-10,8,6.1377,34,1
33711,2012-11,17,8.8827,61,3
33711,2012-12,8,4.6874,28,2
33711,2013-01,16,14.0886,56,0
33711,2013-02,12,9.1208,44,1
33711,2013-03,15,5.4235,44,4
33711,2013-04,15,8.1350,57,2
33711,2013-05,10,6.4818,38,1
33711,2013-06,14,8.8402,54,2
33711,2013-07,15,12.4895,61,1
33711,2013-08,31,19.6817,115,4
33711,2013-09,13,7.8194,50,3
33711,2013-10,11,-0.2510,34,6
33711,2013-11,23,11.9036,75,4
33711,2013-12,20,11.6030,69,3
33711,2014-01,21,14.9329,77,2
33711,2014-02,14,6.9756,45,3
33711,2014-03,21,12.2820,73,3
33711,2014-04,14,10.0911,56,1
33711,2014-05,24,12.4548,91,5
33711,2014-06,22,11.6333,74,5
33711,2014-07,24,17.5223,93,2
33711,2014-08,27,13.1040,84,5
33711,2014-09,23,15.3836,86,3
33711,2014-10,22,9.5769,80,5
33711,2014-11,24,7.8433,85,7
33711,2014-12,22,12.2485,74,4
33711,2015-01,28,11.1220,99,9
33711,2015-02,32,14.4663,105,8
33711,2015-03,29,7.8512,74,8
33711,2015-04,30,12.6310,85,9
33711,2015-05,30,16.6569,109,6
33711,2015-06,36,15.8330,125,10
33711,2015-07,53,24.6760,176,13
33711,2015-08,52,25.4883,185,11
33711,2015-09,38,23.0916,141,6
33711,2015-10,46,30.1411,177,6
33711,2015-11,41,25.7126,147,6
33711,2015-12,42,24.8641,149,8
33711,2016-01,52,28.5520,185,9
33711,2016-02,55,27.5179,188,12
33711,2016-03,52,24.0489,178,12
33711,2016-04,40,24.9684,147,6
33711,2016-05,30,18.0928,103,5
33711,2016-06,47,19.9938,147,11
33711,2016-07,38,22.7432,149,4
33711,2016-08,32,12.5459,106,10
33711,2016-09,26,13.2184,97,6
33711,2016-10,32,14.4093,93,8
33711,2016-11,35,13.9118,111,9
33711,2016-12,32,11.4373,107,11
33711,2017-01,36,10.1041,106,13
33711,2017-02,41,19.0995,137,9
33711,2017-03,33,7.2223,85,13
33711,2017-04,40,12.5431,118,12
33711,2017-05,41,22.2988,128,8
33711,2017-06,43,19.8020,146,10
33711,2017-07,56,27.1271,185,13
33711,2017-08,43,18.8821,149,12
33711,2017-09,25,10.9075,75,6
33711,2017-10,27,15.4034,94,5
33711,2017-11,28,8.1410,89,10
33711,2017-12,36,19.1383,132,9
33711,2018-01,32,16.8540,110,7
33711,2018-02,50,29.9171,202,8
33711,2018-03,65,28.7247,214,16
33711,2018-04,56,30.1219,208,10
33711,2018-05,43,20.1734,154,12
33711,2018-06,40,27.4866,155,4
33711,2018-07,50,30.7852,181,6
33711,2018-08,53,31.1840,184,8
33711,2018-09,51,30.4310,176,9
33711,2018-10,32,17.9720,120,6
33711,2018-11,35,16.8474,102,8
33711,2018-12,32,10.0335,78,9
33711,2019-01,43,29.9685,159,3
33711,2019-02,50,22.5205,153,14
33711,2019-03,39,16.3343,125,10
33711,2019-04,42,20.2835,140,10
33711,2019-05,46,19.9889,151,11
33711,2019-06,53,19.7827,170,17
33711,2019-07,42,14.8952,128,15
33711,2019-08,48,28.4865,185,7
33711,2019-09,27,10.3380,92,8
33711,2019-10,22,11.1340,86,5
33711,2019-11,21,8.1243,58,5
33711,2019-12,28,10.5393,95,7
33711,2020-01,28,11.6413,96,6
33711,2020-02,32,22.7894,126,3
33711,2020-03,25,6.8703,79,10
33711,2020-04,11,6.1677,44,2
33711,2020-05,20,7.4580,71,6
33711,2020-06,25,13.0568,82,4
33711,2020-07,26,13.9286,92,6
33711,2020-08,63,43.2665,235,7
33711,2020-09,39,21.7207,140,9
33711,2020-10,48,21.8663,172,11
33711,2020-11,23,9.7317,74,6
33711,2020-12,34,14.9209,107,10
33711,2021-01,29,14.0354,104,8
33711,2021-02,25,14.0588,93,6
33711,2021-03,51,21.0301,166,16
33711,2021-04,49,28.5361,166,7
33711,2021-05,41,15.5664,122,13
33711,2021-06,50,19.4335,174,15
33711,2021-07,35,18.2315,128,8
33711,2021-08,43,21.4250,133,8
33711,2021-09,23,9.7526,70,6
33711,2021-10,21,13.4110,80,2
33711,2021-11,19,7.3564,65,6
33711,2021-12,33,14.5651,101,7
33712,2012-01,8,3.8697,30,2
33712,2012-02,4,1.2069,10,2
33712,2012-03,3,2.9266,15,0
33712,2012-04,4,2.3952,14,1
33712,2012-05,6,5.6686,26,0
33712,2012-06,10,8.0722,45,1
33712,2012-07,15,12.9471,61,0
33712,2012-08,10,5.0162,36,2
33712,2012-09,10,8.7049,38,0
33712,2012-10,16,10.9325,64,2
33712,2012-11,11,8.9546,49,1
33712,2012-12,9,4.3961,32,2
33712,2013-01,9,8.4518,37,0
33712,2013-02,15,10.9667,63,2
33712,2013-03,10,9.4679,47,0
33712,2013-04,11,6.3465,37,1
33712,2013-05,11,8.4674,49,1
33712,2013-06,12,11.1107,51,0
33712,2013-07,9,5.0671,39,2
33712,2013-08,13,12.0766,59,0
33712,2013-09,11,10.0798,48,0
33712,2013-10,17,13.5031,74,1
33712,2013-11,27,19.5235,100,3
33712,2013-12,24,21.2214,103,0
33712,2014-01,49,41.4785,201,2
33712,2014-02,35,31.6455,149,0
33712,2014-03,35,27.1708,148,2
33712,2014-04,34,27.0954,141,2
33712,2014-05,53,43.0636,227,2
33712,2014-06,24,20.2052,93,1
33712,2014-07,39,29.0093,154,2
33712,2014-08,32,24.9706,130,2
33712,2014-09,26,20.8997,114,1
33712,2014-10,17,12.1639,72,2
33712,2014-11,25,18.6135,92,3
33712,2014-12,17,13.0815,64,1
33712,2015-01,36,27.3859,158,3
33712,2015-02,35,25.1459,125,4
33712,2015-03,39,32.2846,165,1
33712,2015-04,44,36.8125,190,2
33712,2015-05,59,40.3656,232,7
33712,2015-06,39,26.5208,159,5
33712,2015-07,69,59.6136,312,3
33712,2015-08,67,52.6500,301,5
33712,2015-09,51,43.2979,229,2
33712,2015-10,56,45.2520,241,3
33712,2015-11,44,36.6664,181,1
33712,2015-12,52,39.2309,227,4
33712,2016-01,95,78.5360,417,3
33712,2016-02,90,74.7528,388,4
33712,2016-03,97,74.0659,406,7
33712,2016-04,83,62.7039,342,8
33712,2016-05,77,57.7874,322,6
33712,2016-06,81,65.4679,347,5
33712,2016-07,90,64.2093,369,10
33712,2016-08,85,68.2168,360,4
33712,2016-09,61,50.1493,261,2
33712,2016-10,63,44.7090,269,7
33712,2016-11,55,44.2324,246,2
33712,2016-12,37,28.4975,165,3
33712,2017-01,58,48.2708,252,2
33712,2017-02,50,41.6077,229,2
33712,2017-03,62,46.4634,249,4
33712,2017-04,55,38.3991,221,6
33712,2017-05,62,45.6824,262,6
33712,2017-06,70,50.6014,303,8
33712,2017-07,67,48.9379,292,6
33712,2017-08,65,47.5864,268,7
33712,2017-09,48,39.5796,207,3
33712,2017-10,65,57.2302,269,1
33712,2017-11,66,54.1731,287,3
33712,2017-12,65,44.2447,267,8
33712,2018-01,73,62.3434,341,3
33712,2018-02,65,54.1246,288,4
33712,2018-03,86,58.0929,341,12
33712,2018-04,100,73.7602,412,10
33712,2018-05,99,80.5081,418,5
33712,2018-06,91,74.0487,393,4
33712,2018-07,102,79.2546,441,7
33712,2018-08,84,60.5590,338,10
33712,2018-09,65,51.6959,282,4
33712,2018-10,65,49.1663,271,7
33712,2018-11,62,47.9999,267,6
33712,2018-12,53,36.8591,206,4
33712,2019-01,69,53.4758,298,6
33712,2019-02,97,65.7470,410,12
33712,2019-03,87,60.1766,360,10
33712,2019-04,90,68.1147,378,6
33712,2019-05,92,56.6911,343,14
33712,2019-06,101,73.7839,418,9
33712,2019-07,83,66.0824,360,5
33712,2019-08,82,59.7095,334,8
33712,2019-09,86,66.2253,367,7
33712,2019-10,73,54.3688,316,7
33712,2019-11,62,50.2553,278,4
33712,2019-12,53,43.5111,219,2
33712,2020-01,70,52.1048,283,6
33712,2020-02,75,59.8523,315,4
33712,2020-03,52,45.0013,237,2
33712,2020-04,34,27.0101,156,3
33712,2020-05,50,40.7581,227,2
33712,2020-06,69,54.8072,313,4
33712,2020-07,75,59.9318,327,6
33712,2020-08,61,52.2184,283,3
33712,2020-09,100,81.6552,444,7
33712,2020-10,77,61.2728,338,5
33712,2020-11,89,68.2923,373,6
33712,2020-12,70,56.5471,315,4
33712,2021-01,92,66.3902,386,12
33712,2021-02,75,50.5215,304,9
33712,2021-03,101,81.5644,414,6
33712,2021-04,78,64.2260,364,3
33712,2021-05,97,71.6982,401,7
33712,2021-06,90,63.6506,385,10
33712,2021-07,85,64.3067,357,8
33712,2021-08,93,58.2430,383,15
33712,2021-09,79,55.7366,318,9
33712,2021-10,91,70.5202,386,5
33712,2021-11,91,70.0504,373,8
33712,2021-12,86,62.6156,358,9
33713,2012-01,28,20.2101,116,1
33713,2012-02,16,10.8147,64,2
33713,2012-03,15,12.8622,68,0
33713,2012-04,28,21.4679,104,2
33713,2012-05,26,16.4659,105,3
33713,2012-06,29,23.5365,116,1
33713,2012-07,25,16.0225,92,4
33713,2012-08,31,16.7655,117,6
33713,2012-09,24,16.3182,88,3
33713,2012-10,26,18.7436,100,2
33713,2012-11,36,28.4754,141,2
33713,2012-12,28,18.0916,104,3
33713,2013-01,42,24.9752,166,9
33713,2013-02,38,24.4025,137,4
33713,2013-03,49,31.6904,172,6
33713,2013-04,30,15.4311,114,6
33713,2013-05,42,29.7547,158,4
33713,2013-06,58,47.9872,254,2
33713,2013-07,36,29.4289,141,1
33713,2013-08,61,50.6899,248,2
33713,2013-09,59,43.0553,243,6
33713,2013-10,50,35.8362,194,5
33713,2013-11,57,43.0050,228,5
33713,2013-12,54,37.6420,210,7
33713,2014-01,70,54.4045,290,6
33713,2014-02,77,49.4647,275,11
33713,2014-03,82,62.5567,330,5
33713,2014-04,58,38.0251,233,9
33713,2014-05,96,65.1044,383,13
33713,2014-06,67,51.6873,274,5
33713,2014-07,98,64.9103,372,11
33713,2014-08,82,53.6454,314,11
33713,2014-09,79,53.8429,304,10
33713,2014-10,78,36.4911,279,21
33713,2014-11,89,53.2639,341,15
33713,2014-12,100,73.9115,389,9
33713,2015-01,125,97.1219,527,8
33713,2015-02,111,79.2415,416,10
33713,2015-03,110,87.5415,451,5
33713,2015-04,89,47.5121,312,19
33713,2015-05,108,72.0677,414,16
33713,2015-06,122,81.8989,474,14
33713,2015-07,119,95.6845,496,5
33713,2015-08,140,109.4492,599,10
33713,2015-09,150,97.7512,595,17
33713,2015-10,147,110.2778,588,12
33713,2015-11,137,105.2997,581,10
33713,2015-12,154,107.2071,613,16
33713,2016-01,173,117.4176,700,23
33713,2016-02,204,158.6867,866,14
33713,2016-03,186,137.4241,755,14
33713,2016-04,180,143.0623,744,8
33713,2016-05,180,128.7895,737,19
33713,2016-06,166,116.3248,671,18
33713,2016-07,200,141.0032,825,23
33713,2016-08,182,131.0519,768,17
33713,2016-09,154,114.4729,633,13
33713,2016-10,125,82.2980,519,18
33713,2016-11,138,92.8223,539,17
33713,2016-12,128,80.4620,494,20
33713,2017-01,161,105.5981,654,22
33713,2017-02,146,98.0058,608,17
33713,2017-03,159,97.5844,591,23
33713,2017-04,136,82.5263,495,25
33713,2017-05,162,100.6359,643,26
33713,2017-06,163,117.0338,662,17
33713,2017-07,193,127.5482,763,24
33713,2017-08,194,126.9417,735,26
33713,2017-09,119,73.6498,446,19
33713,2017-10,151,99.1861,594,21
33713,2017-11,131,90.2651,508,13
33713,2017-12,159,88.0527,610,31
33713,2018-01,206,148.7805,837,22
33713,2018-02,187,123.0666,748,27
33713,2018-03,222,151.9266,896,26
33713,2018-04,197,129.9502,782,27
33713,2018-05,215,134.9075,850,32
33713,2018-06,228,129.9200,865,41
33713,2018-07,235,143.2452,900,36
33713,2018-08,204,120.7241,765,30
33713,2018-09,166,103.5410,651,25
33713,2018-10,166,91.5826,578,32
33713,2018-11,144,87.3252,553,23
33713,2018-12,169,94.7209,646,35
33713,2019-01,151,102.5432,621,20
33713,2019-02,153,75.9546,567,33
33713,2019-03,196,109.7613,747,33
33713,2019-04,207,124.3493,819,33
33713,2019-05,192,97.5946,691,42
33713,2019-06,175,96.0268,648,33
33713,2019-07,203,122.9466,756,32
33713,2019-08,207,120.4705,787,35
33713,2019-09,182,111.8844,686,31
33713,2019-10,175,95.7005,641,37
33713,2019-11,141,79.4557,529,26
33713,2019-12,141,86.5502,551,23
33713,2020-01,162,110.2135,634,20
33713,2020-02,201,113.7874,781,40
33713,2020-03,100,53.6198,365,20
33713,2020-04,78,30.1408,257,26
33713,2020-05,93,52.4718,371,17
33713,2020-06,133,85.2068,514,20
33713,2020-07,115,61.6554,417,24
33713,2020-08,123,75.5186,472,18
33713,2020-09,109,63.3690,430,21
33713,2020-10,134,79.9890,530,22
33713,2020-11,123,77.4490,500,18
33713,2020-12,133,77.1842,491,24
33713,2021-01,151,90.5150,582,22
33713,2021-02,155,101.0334,629,22
33713,2021-03,175,108.1470,689,25
33713,2021-04,143,93.5625,557,18
33713,2021-05,183,101.0070,668,36
33713,2021-06,157,90.3219,568,27
33713,2021-07,157,90.3553,593,27
33713,2021-08,151,85.5051,547,27
33713,2021-09,107,45.8183,360,28
33713,2021-10,118,69.1012,436,22
33713,2021-11,124,75.8569,484,18
33713,2021-12,143,88.5826,562,20
33714,2012-01,9,4.5249,38,1
33714,2012-02,8,6.0203,35,1
33714,2012-03,7,5.1155,28,1
33714,2012-04,10,6.3326,37,2
33714,2012-05,12,9.9450,40,0
33714,2012-06,10,7.7651,31,0
33714,2012-07,18,14.1169,65,1
33714,2012-08,8,2.4466,25,3
33714,2012-09,12,7.3905,44,2
33714,2012-10,18,12.1512,60,3
33714,2012-11,10,6.6765,40,1
33714,2012-12,12,8.2665,46,2
33714,2013-01,16,6.5025,57,5
33714,2013-02,12,4.1517,41,4
33714,2013-03,17,9.2667,68,3
33714,2013-04,6,4.9660,27,0
33714,2013-05,5,3.0787,18,1
33714,2013-06,13,5.4694,44,4
33714,2013-07,13,6.6275,44,2
33714,2013-08,18,8.8750,72,4
33714,2013-09,10,9.2022,41,0
33714,2013-10,12,10.1592,49,0
33714,2013-11,9,8.5405,40,0
33714,2013-12,21,7.1263,63,7
33714,2014-01,28,19.1124,106,4
33714,2014-02,20,7.7448,69,5
33714,2014-03,19,12.5053,65,2
33714,2014-04,14,6.6367,54,4
33714,2014-05,25,13.0257,91,5
33714,2014-06,24,14.5742,84,3
33714,2014-07,31,19.0365,109,5
33714,2014-08,15,10.8528,58,1
33714,2014-09,22,17.0962,86,1
33714,2014-10,24,16.0583,84,3
33714,2014-11,23,13.6909,82,4
33714,2014-12,20,7.4199,64,5
33714,2015-01,25,14.6760,100,4
33714,2015-02,27,8.9459,72,9
33714,2015-03,29,16.8948,119,5
33714,2015-04,25,16.0910,89,4
33714,2015-05,47,24.1017,172,8
33714,2015-06,42,26.8654,148,6
33714,2015-07,38,22.2611,129,6
33714,2015-08,42,17.1306,144,12
33714,2015-09,29,19.6081,106,3
33714,2015-10,32,19.2250,120,3
33714,2015-11,40,24.9872,153,4
33714,2015-12,31,8.3087,96,10
33714,2016-01,30,19.0754,98,4
33714,2016-02,38,22.9985,142,8
33714,2016-03,39,22.1853,141,7
33714,2016-04,40,23.9792,145,5
33714,2016-05,40,23.8644,148,5
33714,2016-06,29,23.7795,112,0
33714,2016-07,34,19.0880,127,8
33714,2016-08,35,21.4450,144,6
33714,2016-09,29,9.1358,93,10
33714,2016-10,26,16.9532,102,4
33714,2016-11,31,18.9423,123,4
33714,2016-12,38,24.7915,154,5
33714,2017-01,41,20.0610,171,7
33714,2017-02,43,28.0922,171,5
33714,2017-03,37,21.2925,133,6
33714,2017-04,52,27.8198,183,10
33714,2017-05,32,21.6053,135,3
33714,2017-06,32,18.6942,104,5
33714,2017-07,48,29.2553,169,7
33714,2017-08,43,24.4157,160,8
33714,2017-09,40,20.9928,152,9
33714,2017-10,41,25.4659,141,6
33714,2017-11,30,15.4560,104,6
33714,2017-12,33,14.2015,114,9
33714,2018-01,43,18.9778,145,13
33714,2018-02,47,23.2037,168,11
33714,2018-03,39,15.0651,135,10
33714,2018-04,52,29.0175,194,10
33714,2018-05,35,16.0971,120,9
33714,2018-06,44,31.7684,177,4
33714,2018-07,53,39.1755,210,5
33714,2018-08,47,26.9332,186,9
33714,2018-09,42,26.6336,168,6
33714,2018-10,37,23.8993,150,6
33714,2018-11,36,19.3807,130,7
33714,2018-12,49,22.0459,177,13
33714,2019-01,55,30.9794,194,11
33714,2019-02,36,24.2656,139,4
33714,2019-03,36,21.6809,132,6
33714,2019-04,39,17.7932,136,9
33714,2019-05,50,31.6609,196,8
33714,2019-06,45,25.6440,173,8
33714,2019-07,60,39.8279,241,7
33714,2019-08,39,16.8081,140,10
33714,2019-09,35,20.6786,141,7
33714,2019-10,31,16.2539,114,7
33714,2019-11,34,25.3672,133,2
33714,2019-12,29,14.3289,100,6
33714,2020-01,46,25.1254,172,9
33714,2020-02,42,29.1395,177,5
33714,2020-03,32,5.0249,99,14
33714,2020-04,24,17.3283,95,3
33714,2020-05,26,14.1229,100,5
33714,2020-06,36,21.2692,139,6
33714,2020-07,32,20.9893,105,3
33714,2020-08,31,19.3018,114,3
33714,2020-09,29,12.1297,100,8
33714,2020-10,19,12.4099,80,3
33714,2020-11,24,11.3119,81,6
33714,2020-12,19,7.3758,63,5
33714,2021-01,45,26.9203,181,7
33714,2021-02,31,15.9170,121,5
33714,2021-03,29,8.8131,95,10
33714,2021-04,30,14.6979,119,6
33714,2021-05,27,15.2057,112,5
33714,2021-06,35,19.8667,132,6
33714,2021-07,43,24.1768,164,8
33714,2021-08,34,13.9239,119,10
33714,2021-09,32,13.8221,114,7
33714,2021-10,27,11.7927,99,7
33714,2021-11,20,8.9672,66,5
33714,2021-12,24,3.5900,73,10
33715,2012-01,7,4.4835,28,1
33715,2012-02,2,1.5704,7,0
33715,2012-03,6,5.3295,26,0
33715,2012-04,9,4.3648,31,2
33715,2012-05,2,1.9618,9,0
33715,2012-06,11,6.1383,44,2
33715,2012-07,7,5.8335,31,0
33715,2012-08,10,6.2153,39,2
33715,2012-09,6,5.5079,28,0
33715,2012-10,7,0.9294,13,3
33715,2012-11,7,3.8569,28,1
33715,2012-12,5,2.4024,16,1
33715,2013-01,15,10.2382,55,2
33715,2013-02,7,4.7462,24,1
33715,2013-03,10,3.5006,27,3
33715,2013-04,13,9.4238,56,1
33715,2013-05,9,6.1472,25,0
33715,2013-06,11,9.8213,47,0
33715,2013-07,11,7.8434,44,1
33715,2013-08,10,9.1534,35,0
33715,2013-09,12,8.9264,46,1
33715,2013-10,10,8.6870,37,0
33715,2013-11,7,5.6672,25,0
33715,2013-12,5,0.8310,17,2
33715,2014-01,16,8.9182,56,3
33715,2014-02,8,5.9076,33,1
33715,2014-03,15,9.3367,52,3
33715,2014-04,10,6.6068,36,1
33715,2014-05,17,13.6789,77,1
33715,2014-06,12,9.2461,49,1
33715,2014-07,18,13.0802,72,2
33715,2014-08,15,12.4153,61,1
33715,2014-09,7,4.2503,25,1
33715,2014-10,14,10.0206,50,1
33715,2014-11,12,5.9592,43,2
33715,2014-12,15,10.7897,55,2
33715,2015-01,18,12.9628,73,2
33715,2015-02,11,7.6996,41,1
33715,2015-03,22,14.7241,78,3
33715,2015-04,22,15.6059,88,3
33715,2015-05,27,21.8512,116,2
33715,2015-06,17,11.4389,73,1
33715,2015-07,26,12.7990,93,7
33715,2015-08,17,9.8900,58,3
33715,2015-09,16,11.1890,69,2
33715,2015-10,18,13.3394,76,2
33715,2015-11,16,11.4221,66,2
33715,2015-12,16,13.6189,66,1
33715,2016-01,16,8.1929,62,4
33715,2016-02,26,21.7009,109,1
33715,2016-03,19,12.6446,71,2
33715,2016-04,14,7.3307,51,4
33715,2016-05,21,17.7316,88,0
33715,2016-06,28,20.4276,113,2
33715,2016-07,37,31.1442,159,1
33715,2016-08,15,10.6295,64,1
33715,2016-09,14,9.4262,52,2
33715,2016-10,19,15.7159,85,1
33715,2016-11,19,11.9881,71,3
33715,2016-12,21,14.8242,76,3
33715,2017-01,35,26.1104,139,3
33715,2017-02,24,12.5053,78,5
33715,2017-03,32,17.2104,120,7
33715,2017-04,39,31.7011,164,1
33715,2017-05,29,25.8069,124,1
33715,2017-06,34,21.4431,129,4
33715,2017-07,41,29.8887,165,4
33715,2017-08,21,14.9699,87,3
33715,2017-09,17,14.8442,75,1
33715,2017-10,29,17.4823,110,5
33715,2017-11,18,15.2356,76,0
33715,2017-12,31,21.8881,122,4
33715,2018-01,31,23.4350,134,3
33715,2018-02,36,26.3608,142,3
33715,2018-03,35,24.5273,132,5
33715,2018-04,35,15.8134,126,7
33715,2018-05,39,33.2551,176,2
33715,2018-06,27,17.5712,116,2
33715,2018-07,41,29.0962,170,4
33715,2018-08,19,18.1975,85,0
33715,2018-09,14,9.5578,60,2
33715,2018-10,18,13.6786,74,1
33715,2018-11,15,9.6659,57,2
33715,2018-12,33,23.8023,135,4
33715,2019-01,28,20.3869,104,3
33715,2019-02,34,21.2816,127,5
33715,2019-03,29,20.2995,115,2
33715,2019-04,20,14.0236,74,2
33715,2019-05,42,31.9248,181,2
33715,2019-06,39,29.2924,174,2
33715,2019-07,28,21.3144,115,2
33715,2019-08,24,20.1164,91,1
33715,2019-09,27,16.4447,101,5
33715,2019-10,20,15.7653,85,2
33715,2019-11,19,11.3729,66,3
33715,2019-12,31,18.2163,120,6
33715,2020-01,23,13.3985,90,4
33715,2020-02,34,28.3042,147,1
33715,2020-03,25,17.2210,97,4
33715,2020-04,4,2.6250,20,0
33715,2020-05,18,13.4327,81,2
33715,2020-06,42,30.6544,162,4
33715,2020-07,34,27.6300,157,2
33715,2020-08,42,36.2887,181,1
33715,2020-09,29,23.9282,129,2
33715,2020-10,29,23.5567,127,1
33715,2020-11,25,20.3290,106,2
33715,2020-12,24,15.0265,89,4
33715,2021-01,39,31.8162,175,1
33715,2021-02,25,19.0225,115,2
33715,2021-03,63,41.0965,253,9
33715,2021-04,36,26.5629,153,4
33715,2021-05,56,37.7444,218,7
33715,2021-06,51,35.0921,204,6
33715,2021-07,24,14.4459,92,4
33715,2021-08,25,17.0709,107,4
33715,2021-09,31,19.2484,129,4
33715,2021-10,35,26.1558,152,4
33715,2021-11,17,13.6796,73,1
33715,2021-12,24,14.4613,89,5
33716,2012-01,2,1.0302,5,0
33716,2012-02,6,4.7392,25,1
33716,2012-03,7,4.7938,28,1
33716,2012-04,17,10.7580,63,2
33716,2012-05,13,10.0485,53,1
33716,2012-06,11,8.0162,38,1
33716,2012-07,14,7.3457,49,3
33716,2012-08,11,9.5346,43,0
33716,2012-09,21,11.8256,62,4
33716,2012-10,19,5.8887,61,6
33716,2012-11,13,7.4625,51,3
33716,2012-12,25,11.9544,82,6
33716,2013-01,31,16.3268,106,7
33716,2013-02,11,9.0078,35,1
33716,2013-03,27,20.3243,101,2
33716,2013-04,18,10.0797,64,4
33716,2013-05,29,13.4430,97,6
33716,2013-06,18,14.5863,73,1
33716,2013-07,26,20.5884,102,2
33716,2013-08,30,17.8671,99,5
33716,2013-09,23,14.8233,87,3
33716,2013-10,25,13.8993,90,5
33716,2013-11,25,14.4766,92,5
33716,2013-12,26,14.9970,86,5
33716,2014-01,40,30.3505,146,1
33716,2014-02,32,21.3518,104,5
33716,2014-03,63,29.4269,209,15
33716,2014-04,56,34.6926,193,10
33716,2014-05,48,28.2079,166,8
33716,2014-06,44,28.0206,166,7
33716,2014-07,52,35.6843,188,5
33716,2014-08,54,32.5212,175,9
33716,2014-09,51,40.9002,187,3
33716,2014-10,50,38.2369,190,3
33716,2014-11,38,19.0165,122,9
33716,2014-12,38,18.7684,127,9
33716,2015-01,56,38.6276,197,7
33716,2015-02,49,23.0811,150,12
33716,2015-03,66,31.4793,209,17
33716,2015-04,68,37.3332,237,12
33716,2015-05,62,29.3076,200,13
33716,2015-06,42,16.6574,129,11
33716,2015-07,59,35.1882,209,8
33716,2015-08,53,23.4826,162,11
33716,2015-09,45,31.6339,167,4
33716,2015-10,58,22.2431,200,16
33716,2015-11,46,26.5799,168,7
33716,2015-12,70,42.4101,257,12
33716,2016-01,71,47.3505,266,8
33716,2016-02,71,43.5352,274,12
33716,2016-03,86,36.8236,256,22
33716,2016-04,72,49.5060,268,8
33716,2016-05,48,24.7993,160,8
33716,2016-06,57,41.3855,206,5
33716,2016-07,68,36.0240,235,14
33716,2016-08,66,35.9541,227,13
33716,2016-09,55,34.6286,196,8
33716,2016-10,55,41.7720,203,3
33716,2016-11,55,25.8485,179,13
33716,2016-12,77,41.2083,278,16
33716,2017-01,84,52.2428,299,15
33716,2017-02,67,40.8948,238,10
33716,2017-03,65,35.7012,218,12
33716,2017-04,68,30.0563,236,16
33716,2017-05,87,50.0471,306,16
33716,2017-06,82,32.6849,258,22
33716,2017-07,72,32.8075,251,18
33716,2017-08,58,25.3428,186,13
33716,2017-09,56,25.1976,202,15
33716,2017-10,63,32.4970,216,13
33716,2017-11,41,22.9961,144,7
33716,2017-12,69,34.4290,242,17
33716,2018-01,77,43.0917,281,14
33716,2018-02,57,31.6275,200,11
33716,2018-03,66,38.8243,235,11
33716,2018-04,65,33.6961,233,14
33716,2018-05,65,20.5079,211,23
33716,2018-06,55,28.5265,191,11
33716,2018-07,74,41.3049,271,13
33716,2018-08,62,31.7872,205,12
33716,2018-09,47,27.0014,174,9
33716,2018-10,52,26.1349,174,12
33716,2018-11,35,10.2732,114,12
33716,2018-12,47,14.6713,147,16
33716,2019-01,57,27.3649,186,13
33716,2019-02,45,21.3019,151,11
33716,2019-03,70,36.5259,240,14
33716,2019-04,59,23.7549,172,15
33716,2019-05,63,32.8615,214,12
33716,2019-06,53,28.7566,182,10
33716,2019-07,79,44.3463,266,16
33716,2019-08,90,50.8490,320,15
33716,2019-09,78,35.6282,255,19
33716,2019-10,73,40.9629,254,12
33716,2019-11,51,23.1271,167,11
33716,2019-12,40,20.3004,129,8
33716,2020-01,66,33.9714,231,16
33716,2020-02,57,32.8622,228,11
33716,2020-03,53,23.6806,188,12
33716,2020-04,30,9.5349,103,10
33716,2020-05,50,33.1360,189,7
33716,2020-06,58,24.8033,202,16
33716,2020-07,64,34.7646,242,12
33716,2020-08,43,22.7611,154,9
33716,2020-09,66,34.2456,210,13
33716,2020-10,46,34.9418,175,3
33716,2020-11,38,19.9177,124,7
33716,2020-12,48,19.8369,149,13
33716,2021-01,42,21.6690,159,10
33716,2021-02,36,6.9609,102,14
33716,2021-03,50,23.0660,171,11
33716,2021-04,46,23.8819,158,10
33716,2021-05,46,20.6063,150,11
33716,2021-06,48,20.7706,158,13
33716,2021-07,39,15.4163,129,11
33716,2021-08,38,6.7182,118,17
33716,2021-09,32,6.4223,83,13
33716,2021-10,34,3.4845,84,14
33716,2021-11,31,10.9974,100,10
33716,2021-12,43,15.3882,131,14
33730,2013-01,1,0.9918,3,0
33730,2013-02,1,0.9812,5,0
33730,2014-04,1,-0.5504,4,1
33730,2015-10,1,0.1603,1,0
33730,2015-11,2,-0.4764,2,2
33730,2019-08,1,0.9313,5,0
33730,2019-12,1,0.4445,4,0
33730,2020-07,1,0.6808,1,0
33730,2021-08,1,0.8732,5,0
33731,2012-01,1,0.9284,5,0
33731,2012-12,1,0.2632,3,0
33731,2013-01,3,1.8871,12,1
33731,2013-11,1,0.9603,5,0
33731,2015-06,2,1.9085,10,0
33731,2016-04,1,-0.4215,1,1
33731,2016-07,1,0.9793,5,0
33731,2017-05,2,1.6297,4,0
33731,2017-11,1,0.9369,5,0
33731,2017-12,1,0.1531,1,0
33731,2018-02,2,1.8869,10,0
33731,2019-04,1,0.9911,4,0
33731,2019-05,1,0.9804,5,0
33731,2019-10,2,1.9053,9,0
33731,2019-11,1,0.9945,5,0
33731,2020-02,1,0.9616,5,0
33731,2021-09,1,-0.8848,1,1
33731,2021-11,1,0.7901,4,0
33732,2015-03,1,-0.6996,1,1
33732,2016-02,1,0.9193,1,0
33732,2016-03,1,-0.1516,5,1
33732,2016-04,1,0.4927,5,0
33732,2016-07,1,-0.6776,1,1
33732,2016-11,1,0.6975,5,0
33732,2017-04,1,0.9723,5,0
33732,2017-05,1,0.9672,5,0
33732,2018-12,1,0.9781,5,0
33732,2019-03,1,-0.4023,1,1
33732,2019-06,1,0.9578,5,0
33732,2019-10,1,0.9494,5,0
33732,2020-02,1,0.8478,5,0
33732,2020-05,1,0.9764,5,0
33733,2012-09,1,0.6486,1,0
33733,2012-10,1,0.8442,5,0
33733,2012-11,1,0.9925,4,0
33733,2012-12,1,0.9796,4,0
33733,2015-07,1,0.0000,1,0
33733,2016-09,1,-0.6988,1,1
33733,2016-10,3,0.2611,3,1
33733,2016-11,1,-0.9050,1,1
33733,2017-06,1,-0.9954,1,1
33733,2017-07,1,-0.7266,1,1
33733,2017-09,6,0.5785,14,3
33733,2017-10,1,-0.8122,1,1
33733,2017-11,1,-0.9665,1,1
33733,2018-02,1,0.5822,1,0
33733,2018-04,1,-0.3459,1,1
33733,2018-05,1,-0.8378,1,1
33733,2018-07,1,-0.4516,1,1
33733,2018-08,1,-0.8588,1,1
33733,2018-09,2,1.2978,2,0
33733,2018-11,2,-0.0940,3,1
33733,2019-01,1,-0.8957,1,1
33733,2019-02,1,-0.8588,1,1
33733,2019-03,2,0.4013,3,1
33733,2019-06,1,-0.5111,1,1
33733,2019-08,2,-0.0156,2,1
33733,2019-12,1,-0.3744,1,1
33733,2020-03,1,-0.8755,1,1
33733,2020-07,1,-0.8360,1,1
33733,2020-08,2,0.5686,8,1
33733,2021-02,1,-0.6358,1,1
33733,2021-03,1,0.4800,1,0
33733,2021-04,1,-0.7067,1,1
33733,2021-06,2,-1.5050,2,2
33733,2021-08,2,0.7609,4,0
33733,2021-11,1,0.8151,1,0
33733,2021-12,1,-0.9841,1,1
33734,2015-12,1,0.4335,5,0
33734,2016-01,2,1.4042,7,0
33734,2016-05,1,0.9759,5,0
33734,2016-11,1,0.9599,5,0
33734,2016-12,1,0.7269,5,0
33734,2017-01,1,0.9599,5,0
33734,2017-02,1,0.9705,5,0
33734,2017-08,1,0.5499,2,0
33734,2017-12,1,0.8290,5,0
33734,2018-01,1,0.9741,5,0
33734,2018-07,1,0.3786,5,0
33734,2018-10,2,0.0207,7,1
33734,2019-01,2,1.8614,10,0
33734,2019-05,2,1.7520,10,0
33734,2019-06,1,-0.0525,3,1
33734,2019-08,1,0.9867,5,0
33734,2019-12,1,0.9805,5,0
33734,2020-03,1,0.9881,5,0
33734,2020-05,1,0.8897,5,0
33734,2020-06,2,-0.7918,2,1
33734,2020-08,1,0.6542,3,0
33734,2020-10,1,0.9595,5,0
33734,2021-02,1,0.9604,4,0
33734,2021-03,1,0.9323,5,0
33734,2021-04,1,0.9894,5,0
33738,2016-02,1,0.9524,5,0
33738,2016-08,1,0.9198,2,0
33738,2017-08,1,-0.9949,1,1
33738,2018-07,1,0.8943,5,0
33738,2019-05,1,-0.2500,1,1
33742,2012-10,1,0.5903,5,0
33742,2014-11,1,-0.6369,5,1
33742,2016-08,1,-0.6661,1,1
33742,2016-10,1,0.7178,5,0
33742,2017-04,2,1.4357,6,0
33742,2018-07,1,-0.8393,1,1
33742,2018-11,1,-0.9796,1,1
33742,2019-05,1,0.0000,3,0
33742,2020-04,1,-0.5267,1,1
33742,2021-09,1,-0.9059,1,1
33746,2014-01,1,0.9875,5,0
33746,2015-04,1,0.9913,5,0
33746,2016-12,1,0.9854,5,0
33746,2021-02,1,0.9963,5,0
33746,2021-08,1,-0.0330,1,0
33747,2016-04,1,0.9453,5,0
33747,2017-04,1,0.9143,5,0
33747,2017-05,1,0.6597,5,0
33747,2017-07,1,0.3907,5,0
33747,2017-08,1,0.9575,5,0
33747,2017-09,2,1.7941,10,0
33747,2018-01,2,1.6581,10,0
33747,2018-03,1,0.7901,5,0
33747,2018-05,2,1.8941,10,0
33747,2018-07,1,0.9804,5,0
33747,2018-10,1,0.9184,5,0
33747,2019-03,1,0.8720,5,0
33747,2019-04,2,1.8214,10,0
33747,2019-05,1,0.9610,5,0
33747,2019-08,1,0.8760,5,0
33747,2019-09,1,-0.8009,1,1
33747,2019-11,1,0.8763,5,0
33747,2019-12,1,0.9027,5,0
33747,2020-01,2,1.5118,10,0
33747,2020-02,1,0.9720,1,0
33747,2020-03,1,0.9729,5,0
33747,2020-06,1,0.8750,5,0
33747,2020-07,1,0.9319,5,0
33747,2020-09,4,3.8957,20,0
33747,2020-10,1,0.9473,5,0
33747,2020-11,1,0.9895,5,0
33747,2021-06,1,0.9959,5,0
33747,2021-09,1,0.9917,5,0
33755,2012-01,13,11.2503,48,0
33755,2012-02,9,3.9131,28,3
33755,2012-03,12,9.7386,47,0
33755,2012-04,7,6.6415,30,0
33755,2012-05,15,13.9494,68,0
33755,2012-06,27,24.4592,115,0
33755,2012-07,35,25.4191,130,2
33755,2012-08,16,12.0149,58,2
33755,2012-09,16,8.1654,58,4
33755,2012-10,16,10.1643,57,3
33755,2012-11,19,12.8081,73,3
33755,2012-12,18,10.3002,66,4
33755,2013-01,29,19.7284,99,4
33755,2013-02,14,11.2313,54,0
33755,2013-03,27,17.6050,99,2
33755,2013-04,15,10.2808,55,2
33755,2013-05,19,8.5772,60,5
33755,2013-06,22,7.3793,71,7
33755,2013-07,22,14.1755,77,3
33755,2013-08,24,18.9950,91,0
33755,2013-09,23,15.4638,92,3
33755,2013-10,31,23.1782,112,3
33755,2013-11,19,15.5430,77,0
33755,2013-12,26,14.7192,89,3
33755,2014-01,34,19.6509,119,7
33755,2014-02,16,5.5308,50,5
33755,2014-03,39,27.9310,139,5
33755,2014-04,34,27.8888,147,2
33755,2014-05,34,17.5432,118,8
33755,2014-06,40,24.9056,148,6
33755,2014-07,27,14.4973,99,5
33755,2014-08,35,22.3694,119,5
33755,2014-09,40,28.3001,167,4
33755,2014-10,37,27.0839,151,4
33755,2014-11,47,24.9014,174,10
33755,2014-12,36,29.3982,150,2
33755,2015-01,50,38.7516,210,4
33755,2015-02,49,33.6816,203,5
33755,2015-03,66,38.7713,243,13
33755,2015-04,62,46.3552,257,6
33755,2015-05,53,33.2128,205,9
33755,2015-06,56,45.7827,247,4
33755,2015-07,46,28.6422,182,7
33755,2015-08,57,40.2615,238,7
33755,2015-09,50,36.4563,198,6
33755,2015-10,62,42.5353,241,7
33755,2015-11,51,38.1799,216,4
33755,2015-12,64,40.2293,260,7
33755,2016-01,74,48.0540,287,10
33755,2016-02,79,59.3168,323,6
33755,2016-03,74,51.7219,294,8
33755,2016-04,86,58.1922,344,12
33755,2016-05,63,40.5206,261,11
33755,2016-06,68,46.9083,246,10
33755,2016-07,72,53.0017,298,6
33755,2016-08,54,35.4907,215,7
33755,2016-09,48,34.7956,195,6
33755,2016-10,53,35.8692,214,7
33755,2016-11,67,53.5999,293,3
33755,2016-12,45,25.8343,169,8
33755,2017-01,76,53.1305,299,10
33755,2017-02,75,52.3553,299,9
33755,2017-03,71,44.1140,275,11
33755,2017-04,77,53.3965,332,9
33755,2017-05,58,35.7124,232,10
33755,2017-06,107,69.9657,425,14
33755,2017-07,115,90.9861,504,7
33755,2017-08,91,61.6317,378,11
33755,2017-09,56,41.9649,227,6
33755,2017-10,67,48.1526,261,6
33755,2017-11,65,47.9001,273,5
33755,2017-12,70,46.6650,294,9
33755,2018-01,83,59.4284,347,10
33755,2018-02,75,50.6975,286,8
33755,2018-03,94,62.5111,382,13
33755,2018-04,87,62.4338,360,8
33755,2018-05,106,76.5673,450,11
33755,2018-06,84,48.1102,334,16
33755,2018-07,83,52.3759,322,12
33755,2018-08,74,48.4103,293,10
33755,2018-09,77,39.4062,308,17
33755,2018-10,54,37.0537,223,7
33755,2018-11,78,53.9624,321,9
33755,2018-12,65,37.8290,254,13
33755,2019-01,61,41.0974,245,8
33755,2019-02,95,62.5590,378,11
33755,2019-03,62,44.0923,245,7
33755,2019-04,75,45.3123,311,11
33755,2019-05,72,45.1231,294,10
33755,2019-06,69,47.9779,277,9
33755,2019-07,88,61.0371,374,12
33755,2019-08,99,72.2821,414,10
33755,2019-09,79,60.4103,345,6
33755,2019-10,82,59.0092,344,8
33755,2019-11,62,48.3054,279,3
33755,2019-12,63,45.5642,270,5
33755,2020-01,78,51.6362,315,10
33755,2020-02,72,40.3479,285,15
33755,2020-03,72,38.7926,292,15
33755,2020-04,31,22.8423,137,4
33755,2020-05,54,36.4209,214,8
33755,2020-06,69,46.4307,289,8
33755,2020-07,87,48.9228,328,15
33755,2020-08,75,57.1686,303,7
33755,2020-09,68,31.8711,249,18
33755,2020-10,65,46.9172,271,7
33755,2020-11,48,31.3654,208,6
33755,2020-12,60,34.9954,240,11
33755,2021-01,66,53.8462,309,5
33755,2021-02,44,23.6309,155,7
33755,2021-03,63,40.0344,251,9
33755,2021-04,75,53.6771,324,9
33755,2021-05,70,53.0920,285,5
33755,2021-06,77,48.9729,309,9
33755,2021-07,73,41.6909,258,13
33755,2021-08,69,37.9577,272,12
33755,2021-09,59,42.9167,236,5
33755,2021-10,57,34.2962,204,9
33755,2021-11,41,20.6080,148,9
33755,2021-12,56,37.6722,214,5
33756,2012-01,14,12.5317,64,0
33756,2012-02,11,9.7930,48,0
33756,2012-03,13,10.5270,60,0
33756,2012-04,12,11.0198,52,0
33756,2012-05,22,16.5649,83,2
33756,2012-06,20,15.0130,80,1
33756,2012-07,30,21.0217,122,4
33756,2012-08,10,9.1851,45,0
33756,2012-09,18,7.2299,66,6
33756,2012-10,18,15.1066,79,1
33756,2012-11,22,19.2499,98,0
33756,2012-12,15,12.8097,59,0
33756,2013-01,51,37.8753,205,5
33756,2013-02,23,18.7954,99,2
33756,2013-03,35,25.2882,132,4
33756,2013-04,27,21.4559,114,2
33756,2013-05,29,21.0189,115,3
33756,2013-06,24,19.1964,100,1
33756,2013-07,27,16.8716,100,4
33756,2013-08,21,15.2467,87,2
33756,2013-09,26,24.1727,114,0
33756,2013-10,36,26.4203,145,3
33756,2013-11,18,15.0686,66,1
33756,2013-12,26,23.8294,107,0
33756,2014-01,51,38.4907,218,5
33756,2014-02,36,28.0510,144,2
33756,2014-03,46,29.0315,176,7
33756,2014-04,46,33.1452,189,6
33756,2014-05,54,41.1569,231,4
33756,2014-06,41,34.7799,166,0
33756,2014-07,56,41.9920,232,5
33756,2014-08,54,44.7171,247,2
33756,2014-09,40,30.1367,167,4
33756,2014-10,55,40.9811,237,4
33756,2014-11,36,28.8451,146,2
33756,2014-12,43,27.2686,168,4
33756,2015-01,66,50.6476,273,2
33756,2015-02,46,24.0730,171,9
33756,2015-03,75,59.2913,320,4
33756,2015-04,64,51.1991,276,3
33756,2015-05,63,44.8442,267,6
33756,2015-06,51,30.6870,202,9
33756,2015-07,76,62.0862,337,5
33756,2015-08,62,44.3842,265,5
33756,2015-09,73,51.0245,297,10
33756,2015-10,63,46.1510,259,6
33756,2015-11,61,35.0061,246,11
33756,2015-12,56,36.6815,221,9
33756,2016-01,78,52.9022,301,9
33756,2016-02,70,46.7477,284,8
33756,2016-03,94,60.6843,366,13
33756,2016-04,72,52.6910,293,5
33756,2016-05,90,66.5743,378,9
33756,2016-06,89,56.3562,362,14
33756,2016-07,89,73.1275,374,3
33756,2016-08,90,63.7622,368,10
33756,2016-09,72,51.5253,300,7
33756,2016-10,54,30.8333,218,9
33756,2016-11,49,35.4241,212,5
33756,2016-12,61,50.6150,262,2
33756,2017-01,83,67.6815,375,5
33756,2017-02,73,44.4209,267,11
33756,2017-03,116,73.8414,464,16
33756,2017-04,106,73.5457,444,10
33756,2017-05,81,50.1982,324,12
33756,2017-06,88,63.6265,374,7
33756,2017-07,101,78.8521,434,7
33756,2017-08,82,59.3728,339,7
33756,2017-09,63,36.9501,240,9
33756,2017-10,67,47.0444,272,7
33756,2017-11,50,31.5732,205,8
33756,2017-12,73,40.9750,282,14
33756,2018-01,82,53.0955,331,11
33756,2018-02,84,54.3029,342,13
33756,2018-03,100,67.2904,410,13
33756,2018-04,74,48.8005,298,11
33756,2018-05,88,58.0885,363,11
33756,2018-06,85,47.7734,323,15
33756,2018-07,90,65.5974,383,8
33756,2018-08,65,47.2079,276,6
33756,2018-09,60,36.1930,217,9
33756,2018-10,76,51.2178,292,8
33756,2018-11,70,55.5843,284,4
33756,2018-12,74,49.8124,299,7
33756,2019-01,108,73.4060,422,12
33756,2019-02,86,57.5684,346,11
33756,2019-03,95,56.7947,378,16
33756,2019-04,95,70.1356,407,9
33756,2019-05,85,59.5633,365,10
33756,2019-06,94,71.0492,418,7
33756,2019-07,95,57.3436,389,15
33756,2019-08,102,62.1588,398,17
33756,2019-09,79,50.5368,310,11
33756,2019-10,86,54.6949,350,12
33756,2019-11,72,39.8623,284,14
33756,2019-12,59,41.5488,241,8
33756,2020-01,70,44.8069,276,10
33756,2020-02,84,54.7260,347,12
33756,2020-03,58,30.9890,219,13
33756,2020-04,44,25.7217,171,8
33756,2020-05,70,40.1193,287,12
33756,2020-06,89,61.6976,361,12
33756,2020-07,95,64.5347,399,13
33756,2020-08,83,59.8685,332,9
33756,2020-09,86,66.3798,375,7
33756,2020-10,83,51.1127,338,15
33756,2020-11,68,47.8914,273,7
33756,2020-12,65,41.8160,271,9
33756,2021-01,79,58.1169,343,6
33756,2021-02,80,52.4454,334,11
33756,2021-03,110,72.5571,450,13
33756,2021-04,93,59.9250,365,14
33756,2021-05,96,68.9233,401,7
33756,2021-06,108,69.1088,427,16
33756,2021-07,92,55.5000,371,16
33756,2021-08,84,64.5195,356,7
33756,2021-09,77,51.8366,327,11
33756,2021-10,75,54.6568,308,8
33756,2021-11,79,46.9885,328,14
33756,2021-12,85,62.1197,361,7
33757,2012-02,1,0.8815,5,0
33757,2014-12,1,0.4324,5,0
33757,2015-09,1,0.8955,5,0
33757,2015-10,2,0.5164,6,1
33757,2016-02,1,0.9061,5,0
33757,2016-10,1,0.9618,3,0
33757,2017-02,1,0.8807,5,0
33757,2017-05,1,-0.9123,1,1
33757,2017-06,2,1.0632,10,0
33757,2018-02,1,0.9704,5,0
33757,2018-03,1,0.8442,5,0
33757,2018-06,1,0.8702,1,0
33757,2018-08,1,0.2732,5,0
33757,2019-03,1,-0.5413,1,1
33757,2019-05,1,0.8739,5,0
33757,2019-10,1,-0.2392,1,1
33757,2019-11,1,0.9529,5,0
33757,2019-12,1,0.6905,1,0
33757,2020-03,1,0.9011,5,0
33757,2021-03,1,0.9676,5,0
33758,2014-03,1,0.9834,5,0
33758,2015-04,1,0.8730,5,0
33758,2016-08,1,0.9767,5,0
33758,2017-11,2,1.1663,10,0
33758,2018-07,1,0.8456,1,0
33758,2018-08,1,0.9856,5,0
33758,2019-01,1,0.9186,5,0
33758,2019-04,1,-0.8271,1,1
33758,2019-05,1,0.9661,5,0
33758,2019-09,1,0.9468,5,0
33758,2020-02,2,1.4078,7,0
33758,2020-07,1,0.8550,5,0
33758,2020-09,1,-0.5931,1,1
33758,2021-11,1,-0.8833,2,1
33758,2021-12,1,-0.1586,1,1
33759,2012-01,34,17.1496,109,6
33759,2012-02,25,13.4608,80,5
33759,2012-03,24,14.4111,81,5
33759,2012-04,32,21.0098,105,5
33759,2012-05,23,16.2797,82,2
33759,2012-06,34,27.5151,139,1
33759,2012-07,24,19.7168,84,0
33759,2012-08,27,20.8839,93,1
33759,2012-09,22,14.5915,80,3
33759,2012-10,23,14.7590,76,3
33759,2012-11,45,31.9939,155,4
33759,2012-12,29,18.0507,98,4
33759,2013-01,53,39.7845,204,4
33759,2013-02,42,30.1681,157,3
33759,2013-03,53,33.7760,184,8
33759,2013-04,41,27.7609,149,5
33759,2013-05,44,27.3938,151,8
33759,2013-06,37,14.5608,114,9
33759,2013-07,54,31.9792,181,8
33759,2013-08,46,25.5692,161,7
33759,2013-09,42,21.8862,136,8
33759,2013-10,46,30.5653,157,6
33759,2013-11,44,27.0037,156,9
33759,2013-12,48,26.0016,178,9
33759,2014-01,75,47.3301,261,11
33759,2014-02,49,32.3462,177,6
33759,2014-03,93,66.2554,338,9
33759,2014-04,71,45.5204,244,11
33759,2014-05,63,34.5316,199,12
33759,2014-06,76,48.7233,270,7
33759,2014-07,82,53.5607,302,12
33759,2014-08,99,65.4021,371,12
33759,2014-09,61,47.3930,222,3
33759,2014-10,58,38.1042,215,8
33759,2014-11,85,55.8679,307,12
33759,2014-12,95,59.9373,333,14
33759,2015-01,105,68.4931,393,14
33759,2015-02,91,54.9843,327,14
33759,2015-03,100,66.7655,372,12
33759,2015-04,101,60.8581,366,16
33759,2015-05,96,65.9823,359,11
33759,2015-06,89,61.6654,352,10
33759,2015-07,122,76.2360,453,20
33759,2015-08,89,52.6685,330,16
33759,2015-09,95,63.7772,345,9
33759,2015-10,88,60.8039,337,10
33759,2015-11,101,64.4624,388,12
33759,2015-12,89,51.8137,321,15
33759,2016-01,158,107.1654,617,21
33759,2016-02,122,76.4517,433,19
33759,2016-03,126,83.7741,483,17
33759,2016-04,121,70.1053,456,22
33759,2016-05,114,68.7381,408,20
33759,2016-06,128,85.6412,502,15
33759,2016-07,119,71.6032,445,19
33759,2016-08,120,71.1241,440,22
33759,2016-09,114,74.4242,440,16
33759,2016-10,101,64.2336,376,14
33759,2016-11,84,39.2419,285,22
33759,2016-12,120,89.5074,479,10
33759,2017-01,136,86.4099,504,20
33759,2017-02,117,74.4858,453,17
33759,2017-03,136,83.7880,513,20
33759,2017-04,138,92.8709,543,18
33759,2017-05,141,84.7047,520,21
33759,2017-06,139,88.2561,530,22
33759,2017-07,130,91.4958,499,12
33759,2017-08,109,73.4779,425,14
33759,2017-09,99,60.9942,379,15
33759,2017-10,137,94.8521,536,14
33759,2017-11,92,53.6216,332,15
33759,2017-12,99,63.8538,361,13
33759,2018-01,126,74.6414,450,21
33759,2018-02,120,67.8613,445,19
33759,2018-03,133,80.8757,488,20
33759,2018-04,99,60.2183,363,16
33759,2018-05,138,81.6197,524,27
33759,2018-06,123,68.1108,437,24
33759,2018-07,124,75.6823,460,19
33759,2018-08,138,79.6831,494,24
33759,2018-09,96,59.2999,353,16
33759,2018-10,83,48.9844,299,14
33759,2018-11,101,50.9197,357,21
33759,2018-12,101,57.2302,365,20
33759,2019-01,99,55.7001,340,17
33759,2019-02,109,67.5810,410,15
33759,2019-03,121,65.6308,448,27
33759,2019-04,113,61.7336,398,23
33759,2019-05,113,77.3335,450,14
33759,2019-06,136,77.7037,489,24
33759,2019-07,141,78.0348,501,27
33759,2019-08,114,68.7118,404,20
33759,2019-09,93,42.2178,330,21
33759,2019-10,111,65.9024,411,19
33759,2019-11,84,46.2322,311,18
33759,2019-12,82,41.6653,277,17
33759,2020-01,97,58.8330,368,17
33759,2020-02,98,62.5738,389,16
33759,2020-03,82,50.9075,306,12
33759,2020-04,30,7.6657,91,12
33759,2020-05,69,42.7055,263,12
33759,2020-06,89,53.8098,345,16
33759,2020-07,77,48.7867,310,10
33759,2020-08,84,58.7975,331,8
33759,2020-09,85,64.9746,359,7
33759,2020-10,102,59.4788,388,17
33759,2020-11,59,24.9515,224,15
33759,2020-12,88,50.0586,328,16
33759,2021-01,81,55.7847,314,8
33759,2021-02,80,43.5875,300,15
33759,2021-03,95,55.0006,362,18
33759,2021-04,94,46.3030,339,19
33759,2021-05,104,55.1321,372,21
33759,2021-06,83,45.7192,285,17
33759,2021-07,89,40.7314,311,25
33759,2021-08,86,39.5086,305,23
33759,2021-09,74,46.5244,275,13
33759,2021-10,84,43.9920,290,17
33759,2021-11,93,53.9080,344,16
33759,2021-12,101,52.6727,364,18
33760,2012-01,5,4.3426,21,0
33760,2012-02,8,7.5567,31,0
33760,2012-03,2,1.9028,8,0
33760,2012-04,2,1.9236,8,0
33760,2012-05,3,0.9677,9,1
33760,2012-06,8,5.2533,35,1
33760,2012-07,11,7.4905,44,1
33760,2012-08,7,4.1100,25,1
33760,2012-09,7,6.7514,26,0
33760,2012-10,8,5.3701,32,1
33760,2012-11,6,3.7419,22,1
33760,2012-12,14,6.4220,51,2
33760,2013-01,17,13.5801,66,1
33760,2013-02,18,14.0700,68,2
33760,2013-03,8,5.1153,20,1
33760,2013-04,11,5.9310,41,2
33760,2013-05,11,5.1611,40,3
33760,2013-06,12,10.8512,55,0
33760,2013-07,9,7.1101,39,0
33760,2013-08,8,5.4040,33,1
33760,2013-09,13,7.3476,48,2
33760,2013-10,21,14.8355,85,2
33760,2013-11,23,13.5438,82,4
33760,2013-12,12,10.6897,50,0
33760,2014-01,22,16.8287,81,0
33760,2014-02,19,13.4237,64,2
33760,2014-03,21,14.0097,79,3
33760,2014-04,20,15.9166,72,1
33760,2014-05,25,18.7347,94,2
33760,2014-06,30,15.6702,90,7
33760,2014-07,15,11.7554,65,1
33760,2014-08,25,16.5626,106,4
33760,2014-09,19,14.8824,78,2
33760,2014-10,18,7.6357,64,4
33760,2014-11,19,10.3560,70,4
33760,2014-12,24,15.7902,85,3
33760,2015-01,25,10.2929,84,6
33760,2015-02,25,16.9796,97,2
33760,2015-03,25,11.2653,76,6
33760,2015-04,28,13.0084,91,9
33760,2015-05,26,11.7435,86,8
33760,2015-06,32,13.9441,107,8
33760,2015-07,38,23.8170,147,6
33760,2015-08,31,20.3186,116,4
33760,2015-09,30,18.3508,115,5
33760,2015-10,31,15.7260,112,6
33760,2015-11,27,8.8670,91,8
33760,2015-12,27,10.7251,94,8
33760,2016-01,36,24.0190,130,5
33760,2016-02,26,14.9988,89,4
33760,2016-03,57,40.1852,214,6
33760,2016-04,30,14.7915,104,6
33760,2016-05,40,27.0538,153,4
33760,2016-06,29,14.0024,104,6
33760,2016-07,37,26.2676,139,3
33760,2016-08,28,21.0186,107,1
33760,2016-09,24,12.0985,88,5
33760,2016-10,26,22.5481,112,0
33760,2016-11,24,16.9087,102,2
33760,2016-12,18,8.8878,71,4
33760,2017-01,54,31.2980,216,9
33760,2017-02,49,33.5726,199,6
33760,2017-03,46,28.8624,186,7
33760,2017-04,46,23.7029,180,11
33760,2017-05,54,32.7143,213,10
33760,2017-06,54,36.4902,207,6
33760,2017-07,51,34.2413,189,5
33760,2017-08,56,34.0038,217,9
33760,2017-09,30,16.1755,111,7
33760,2017-10,44,27.3198,145,7
33760,2017-11,38,8.1114,123,15
33760,2017-12,41,21.7276,128,9
33760,2018-01,46,21.4789,153,12
33760,2018-02,44,13.9884,127,14
33760,2018-03,44,29.2880,174,6
33760,2018-04,47,29.4537,184,7
33760,2018-05,43,28.9184,156,6
33760,2018-06,42,21.6475,150,10
33760,2018-07,43,25.6532,161,7
33760,2018-08,33,9.5968,95,11
33760,2018-09,37,24.2306,151,6
33760,2018-10,39,21.6965,139,8
33760,2018-11,39,16.8438,138,9
33760,2018-12,36,20.3218,133,8
33760,2019-01,45,17.5810,150,15
33760,2019-02,39,15.1115,133,12
33760,2019-03,54,27.6234,202,11
33760,2019-04,45,22.2029,164,10
33760,2019-05,45,18.3180,146,11
33760,2019-06,36,20.6557,131,7
33760,2019-07,54,26.7061,185,12
33760,2019-08,37,20.2159,143,7
33760,2019-09,34,16.2596,118,8
33760,2019-10,30,12.3864,108,8
33760,2019-11,28,20.0015,119,3
33760,2019-12,16,1.2708,37,7
33760,2020-01,29,12.3638,103,8
33760,2020-02,40,24.7392,156,7
33760,2020-03,17,5.4298,49,5
33760,2020-04,9,5.4084,29,1
33760,2020-05,22,6.1686,73,8
33760,2020-06,17,7.2076,59,4
33760,2020-07,22,7.3251,72,7
33760,2020-08,18,2.5185,43,8
33760,2020-09,19,-0.1276,51,9
33760,2020-10,15,8.5459,66,3
33760,2020-11,20,9.4302,63,6
33760,2020-12,17,3.2087,51,7
33760,2021-01,18,4.3970,51,7
33760,2021-02,16,3.4864,48,7
33760,2021-03,26,9.1908,82,8
33760,2021-04,24,8.8695,83,8
33760,2021-05,20,1.4209,56,9
33760,2021-06,16,8.3525,50,3
33760,2021-07,13,0.6148,31,7
33760,2021-08,16,3.3002,42,6
33760,2021-09,23,10.2330,83,7
33760,2021-10,27,9.8661,86,8
33760,2021-11,24,6.9031,68,8
33760,2021-12,15,8.7522,55,3
33761,2012-01,30,17.7848,103,4
33761,2012-02,26,19.1093,81,3
33761,2012-03,23,14.2263,82,3
33761,2012-04,19,11.3835,65,3
33761,2012-05,19,11.9319,67,3
33761,2012-06,47,35.7453,171,4
33761,2012-07,35,24.4869,126,5
33761,2012-08,34,29.1957,128,1
33761,2012-09,34,21.1303,137,5
33761,2012-10,32,23.7537,110,2
33761,2012-11,35,26.8035,134,2
33761,2012-12,54,42.7280,216,3
33761,2013-01,75,55.0545,275,7
33761,2013-02,34,17.0749,107,7
33761,2013-03,63,40.4789,228,10
33761,2013-04,65,46.8220,252,5
33761,2013-05,63,44.9150,232,6
33761,2013-06,56,44.5853,193,2
33761,2013-07,69,54.3935,257,3
33761,2013-08,65,41.4533,231,9
33761,2013-09,78,47.4877,269,12
33761,2013-10,80,53.7443,273,8
33761,2013-11,63,44.2505,224,6
33761,2013-12,68,44.2133,228,11
33761,2014-01,101,59.9862,355,18
33761,2014-02,78,58.1644,274,7
33761,2014-03,87,70.0974,338,6
33761,2014-04,81,49.1188,283,14
33761,2014-05,78,52.4396,269,9
33761,2014-06,105,60.4773,368,19
33761,2014-07,115,78.2713,452,13
33761,2014-08,106,63.7950,372,16
33761,2014-09,98,77.2138,363,6
33761,2014-10,99,63.3634,371,14
33761,2014-11,100,63.1247,377,16
33761,2014-12,92,66.4768,349,9
33761,2015-01,112,70.1394,404,15
33761,2015-02,113,74.7276,399,15
33761,2015-03,135,94.6680,492,15
33761,2015-04,71,36.6199,251,15
33761,2015-05,104,52.0968,355,22
33761,2015-06,99,58.3348,343,16
33761,2015-07,128,73.6725,465,25
33761,2015-08,158,89.3105,581,30
33761,2015-09,117,71.4072,431,17
33761,2015-10,124,61.9884,427,27
33761,2015-11,105,66.7960,388,15
33761,2015-12,110,52.3108,383,25
33761,2016-01,142,95.1659,519,16
33761,2016-02,132,76.6118,466,23
33761,2016-03,148,90.4850,526,22
33761,2016-04,137,82.7329,505,23
33761,2016-05,153,93.3742,559,24
33761,2016-06,139,82.0783,518,24
33761,2016-07,140,83.6263,506,26
33761,2016-08,132,67.2829,479,31
33761,2016-09,115,69.0408,410,19
33761,2016-10,121,80.4648,469,14
33761,2016-11,93,49.5521,322,20
33761,2016-12,124,86.7752,483,13
33761,2017-01,154,95.1589,580,24
33761,2017-02,120,81.5285,467,16
33761,2017-03,129,63.1296,445,31
33761,2017-04,148,79.1355,532,27
33761,2017-05,159,92.2972,540,27
33761,2017-06,164,97.5790,597,24
33761,2017-07,138,85.2649,512,22
33761,2017-08,142,75.8333,494,28
33761,2017-09,100,65.4016,375,15
33761,2017-10,131,69.9974,466,23
33761,2017-11,125,83.1494,481,14
33761,2017-12,103,62.3605,369,18
33761,2018-01,136,77.5715,509,27
33761,2018-02,167,90.3356,559,31
33761,2018-03,180,123.5421,683,23
33761,2018-04,161,79.5859,540,38
33761,2018-05,153,78.9078,536,29
33761,2018-06,213,116.7551,758,38
33761,2018-07,168,90.1582,594,33
33761,2018-08,137,78.1805,489,26
33761,2018-09,127,64.4652,442,25
33761,2018-10,122,53.5411,425,34
33761,2018-11,110,59.1189,388,23
33761,2018-12,135,71.5513,479,25
33761,2019-01,154,86.6452,563,31
33761,2019-02,130,70.1024,469,24
33761,2019-03,118,67.0775,402,21
33761,2019-04,166,94.5663,615,30
33761,2019-05,153,73.4947,543,36
33761,2019-06,166,87.0080,601,35
33761,2019-07,150,74.7457,513,33
33761,2019-08,155,87.3211,569,29
33761,2019-09,141,80.2731,492,25
33761,2019-10,141,81.6403,540,26
33761,2019-11,114,71.4629,418,17
33761,2019-12,127,61.0619,420,28
33761,2020-01,122,64.9130,433,25
33761,2020-02,124,61.6433,436,27
33761,2020-03,105,53.0733,357,22
33761,2020-04,49,26.9248,184,8
33761,2020-05,64,33.4868,222,13
33761,2020-06,100,45.4670,311,22
33761,2020-07,98,53.9485,348,19
33761,2020-08,126,59.0379,455,32
33761,2020-09,83,42.0349,293,17
33761,2020-10,86,46.0523,310,13
33761,2020-11,77,35.6865,269,18
33761,2020-12,80,35.7690,275,23
33761,2021-01,105,36.4009,319,32
33761,2021-02,112,55.5209,386,24
33761,2021-03,113,51.8063,378,28
33761,2021-04,156,77.6127,551,37
33761,2021-05,106,57.6191,384,19
33761,2021-06,116,61.0562,414,21
33761,2021-07,96,39.7189,340,26
33761,2021-08,102,59.6061,360,16
33761,2021-09,80,43.4288,261,16
33761,2021-10,81,38.9886,254,20
33761,2021-11,78,41.2241,280,16
33761,2021-12,92,54.5839,334,15
33762,2012-01,11,6.4219,42,2
33762,2012-02,12,11.1656,44,0
33762,2012-03,18,8.9263,55,3
33762,2012-04,13,7.8296,51,1
33762,2012-05,12,8.1397,38,1
33762,2012-06,11,1.3913,27,5
33762,2012-07,14,6.7360,43,3
33762,2012-08,21,14.6573,73,2
33762,2012-09,15,7.1953,50,3
33762,2012-10,21,13.8403,74,3
33762,2012-11,14,9.1152,55,3
33762,2012-12,15,10.0947,46,2
33762,2013-01,27,20.6504,108,1
33762,2013-02,17,1.6921,51,8
33762,2013-03,31,21.3107,115,3
33762,2013-04,20,14.1647,77,2
33762,2013-05,37,22.3651,134,5
33762,2013-06,34,15.8769,107,9
33762,2013-07,28,20.0381,106,2
33762,2013-08,36,27.9042,128,2
33762,2013-09,24,13.7153,76,4
33762,2013-10,16,9.4483,49,2
33762,2013-11,35,23.0214,128,4
33762,2013-12,33,19.7112,112,5
33762,2014-01,50,40.6244,192,3
33762,2014-02,40,29.9414,142,2
33762,2014-03,37,16.9564,114,9
33762,2014-04,47,33.7452,180,5
33762,2014-05,51,29.7669,176,9
33762,2014-06,45,24.4639,160,9
33762,2014-07,50,24.9828,161,11
33762,2014-08,64,45.6983,235,5
33762,2014-09,32,22.9096,119,2
33762,2014-10,34,17.2659,131,7
33762,2014-11,38,18.4424,132,8
33762,2014-12,42,26.3231,152,5
33762,2015-01,78,48.0668,278,13
33762,2015-02,70,49.6204,269,7
33762,2015-03,83,46.2339,297,12
33762,2015-04,77,50.3752,282,10
33762,2015-05,61,30.5592,195,14
33762,2015-06,71,33.5320,263,18
33762,2015-07,75,32.1275,254,20
33762,2015-08,63,35.6348,208,11
33762,2015-09,51,26.7996,178,10
33762,2015-10,50,26.1565,179,11
33762,2015-11,61,31.9199,207,11
33762,2015-12,51,28.7885,180,10
33762,2016-01,97,46.5105,305,22
33762,2016-02,87,48.2328,303,13
33762,2016-03,79,37.0081,259,18
33762,2016-04,69,47.0837,266,7
33762,2016-05,71,31.5766,239,18
33762,2016-06,74,35.1091,262,19
33762,2016-07,94,49.6789,298,17
33762,2016-08,71,43.9169,274,12
33762,2016-09,45,23.9210,168,10
33762,2016-10,61,37.0962,232,10
33762,2016-11,53,31.4368,206,10
33762,2016-12,60,31.6691,210,14
33762,2017-01,69,35.7444,238,14
33762,2017-02,78,35.3208,251,19
33762,2017-03,95,48.0704,345,21
33762,2017-04,61,36.2936,235,10
33762,2017-05,87,49.6844,326,15
33762,2017-06,109,68.8394,417,16
33762,2017-07,95,49.1592,327,21
33762,2017-08,84,43.1496,307,18
33762,2017-09,64,36.1402,235,12
33762,2017-10,81,44.6851,284,16
33762,2017-11,69,36.5796,243,14
33762,2017-12,71,45.3666,264,9
33762,2018-01,76,45.9180,289,12
33762,2018-02,97,49.1276,346,22
33762,2018-03,91,50.1928,347,19
33762,2018-04,92,54.2094,335,16
33762,2018-05,114,59.4132,408,23
33762,2018-06,89,48.2945,351,17
33762,2018-07,88,47.9118,325,14
33762,2018-08,88,45.6872,298,20
33762,2018-09,66,34.9350,251,16
33762,2018-10,66,18.7333,208,24
33762,2018-11,86,49.3683,315,16
33762,2018-12,97,53.6213,349,20
33762,2019-01,83,39.9761,283,18
33762,2019-02,105,43.6974,347,28
33762,2019-03,71,35.1322,249,16
33762,2019-04,63,29.9995,221,14
33762,2019-05,89,44.4819,302,18
33762,2019-06,98,37.5646,338,29
33762,2019-07,90,39.4473,309,23
33762,2019-08,83,43.1003,297,17
33762,2019-09,48,14.6971,146,16
33762,2019-10,88,38.9043,289,23
33762,2019-11,64,31.2790,213,15
33762,2019-12,52,22.0293,182,13
33762,2020-01,73,28.0810,238,21
33762,2020-02,88,40.7619,307,22
33762,2020-03,84,47.9975,315,15
33762,2020-04,30,12.2148,116,9
33762,2020-05,41,24.4515,155,8
33762,2020-06,66,34.3973,248,14
33762,2020-07,68,36.2488,252,14
33762,2020-08,70,39.9911,268,14
33762,2020-09,65,32.2695,246,16
33762,2020-10,60,30.9745,214,13
33762,2020-11,51,18.3219,161,17
33762,2020-12,47,27.1344,184,7
33762,2021-01,62,20.0210,203,21
33762,2021-02,73,47.3071,281,10
33762,2021-03,71,36.7264,226,14
33762,2021-04,79,34.2227,267,21
33762,2021-05,107,51.6887,371,24
33762,2021-06,80,43.4676,278,13
33762,2021-07,105,60.2951,395,21
33762,2021-08,92,44.2859,311,22
33762,2021-09,66,33.2824,219,13
33762,2021-10,64,30.3727,208,16
33762,2021-11,45,11.1306,129,16
33762,2021-12,78,35.6612,257,20
33763,2012-01,3,2.5011,12,0
33763,2012-02,1,0.9948,3,0
33763,2012-03,3,2.3753,15,0
33763,2012-04,2,1.8255,9,0
33763,2012-05,6,5.5521,23,0
33763,2012-06,2,1.8446,5,0
33763,2012-07,3,2.8554,14,0
33763,2012-09,1,0.8221,5,0
33763,2012-10,6,5.6436,25,0
33763,2012-11,1,0.9274,3,0
33763,2012-12,5,1.6512,19,2
33763,2013-01,7,6.2692,27,0
33763,2013-02,6,2.3626,26,2
33763,2013-03,6,3.4923,22,1
33763,2013-04,4,2.1504,17,1
33763,2013-05,8,2.7981,26,2
33763,2013-06,2,1.1162,5,0
33763,2013-07,8,5.8611,29,1
33763,2013-08,15,13.8371,71,0
33763,2013-09,13,9.7021,53,1
33763,2013-10,23,15.6890,92,3
33763,2013-11,14,8.8510,54,2
33763,2013-12,14,9.8171,53,2
33763,2014-01,17,15.2620,67,0
33763,2014-02,14,11.8152,59,1
33763,2014-03,14,11.3429,55,1
33763,2014-04,13,9.7901,53,1
33763,2014-05,37,31.4927,159,2
33763,2014-06,29,25.7135,126,0
33763,2014-07,31,22.4469,132,4
33763,2014-08,30,25.6823,128,1
33763,2014-09,18,13.8860,75,1
33763,2014-10,23,16.5109,92,2
33763,2014-11,18,13.0353,69,2
33763,2014-12,29,18.6801,119,5
33763,2015-01,31,21.8142,120,2
33763,2015-02,24,15.4030,86,1
33763,2015-03,45,28.4929,155,6
33763,2015-04,27,16.1718,105,5
33763,2015-05,32,21.4208,116,4
33763,2015-06,27,15.0020,99,5
33763,2015-07,35,20.8044,137,5
33763,2015-08,29,11.6719,102,8
33763,2015-09,37,18.2280,127,9
33763,2015-10,28,16.2956,103,4
33763,2015-11,18,13.5598,67,2
33763,2015-12,20,11.3710,75,3
33763,2016-01,26,22.7304,113,1
33763,2016-02,21,11.8056,80,3
33763,2016-03,42,30.4164,169,5
33763,2016-04,27,18.5608,110,3
33763,2016-05,36,18.0619,130,9
33763,2016-06,33,20.8499,123,6
33763,2016-07,53,41.8352,218,2
33763,2016-08,49,30.7734,193,6
33763,2016-09,44,28.2146,168,6
33763,2016-10,30,24.0670,114,1
33763,2016-11,24,17.0789,97,3
33763,2016-12,35,20.5688,138,6
33763,2017-01,48,29.8156,149,8
33763,2017-02,31,21.3026,131,4
33763,2017-03,35,23.7557,134,5
33763,2017-04,27,18.8879,103,3
33763,2017-05,47,22.7996,162,9
33763,2017-06,38,31.5390,150,2
33763,2017-07,48,26.6747,180,9
33763,2017-08,36,22.1777,135,6
33763,2017-09,29,18.8230,110,4
33763,2017-10,26,17.6985,104,1
33763,2017-11,25,11.7796,72,7
33763,2017-12,38,17.1843,112,8
33763,2018-01,35,16.2155,129,8
33763,2018-02,26,13.5431,84,5
33763,2018-03,31,19.7999,105,4
33763,2018-04,47,20.4307,152,14
33763,2018-05,34,22.1907,129,4
33763,2018-06,48,27.4685,169,9
33763,2018-07,55,39.5658,221,5
33763,2018-08,35,20.7740,140,6
33763,2018-09,48,22.6088,164,13
33763,2018-10,43,26.8552,158,7
33763,2018-11,24,13.7343,95,5
33763,2018-12,37,18.5654,128,8
33763,2019-01,43,18.6030,167,12
33763,2019-02,41,26.3257,165,7
33763,2019-03,46,22.2535,167,11
33763,2019-04,40,19.2967,140,10
33763,2019-05,34,19.1473,130,6
33763,2019-06,46,21.3797,159,8
33763,2019-07,36,15.3127,109,9
33763,2019-08,52,20.0487,179,14
33763,2019-09,35,17.0771,129,9
33763,2019-10,32,14.9822,117,8
33763,2019-11,37,24.6897,150,5
33763,2019-12,36,16.2318,134,10
33763,2020-01,35,14.7434,110,10
33763,2020-02,29,19.9098,102,3
33763,2020-03,26,11.8416,83,5
33763,2020-04,19,10.6925,75,2
33763,2020-05,31,21.1923,130,4
33763,2020-06,26,18.5840,106,2
33763,2020-07,46,30.9688,171,4
33763,2020-08,37,14.3938,126,12
33763,2020-09,27,4.8843,89,11
33763,2020-10,32,14.8724,115,7
33763,2020-11,28,14.3353,105,5
33763,2020-12,28,12.7191,100,7
33763,2021-01,24,8.8780,72,7
33763,2021-02,21,11.0165,71,5
33763,2021-03,44,18.0267,149,10
33763,2021-04,24,12.1247,81,4
33763,2021-05,27,12.2887,89,8
33763,2021-06,26,15.6810,94,4
33763,2021-07,25,11.6576,91,5
33763,2021-08,22,9.0229,81,6
33763,2021-09,28,14.4649,104,6
33763,2021-10,24,15.3343,84,4
33763,2021-11,31,11.2289,98,11
33763,2021-12,30,14.0020,106,7
33764,2012-01,10,3.0625,31,3
33764,2012-02,5,2.3434,17,1
33764,2012-03,6,4.5053,23,0
33764,2012-04,6,1.5033,16,2
33764,2012-05,4,2.8033,14,1
33764,2012-06,11,2.6207,32,4
33764,2012-07,20,10.6977,68,3
33764,2012-08,14,6.9728,47,4
33764,2012-09,7,3.7813,29,1
33764,2012-10,10,7.6135,38,1
33764,2012-11,10,5.2721,36,1
33764,2012-12,12,6.9512,37,1
33764,2013-01,22,13.2544,85,4
33764,2013-02,14,12.1093,53,0
33764,2013-03,15,11.2855,54,1
33764,2013-04,13,4.6229,38,4
33764,2013-05,16,8.9961,53,3
33764,2013-06,19,13.2576,73,1
33764,2013-07,15,6.5370,48,5
33764,2013-08,17,12.1731,60,2
33764,2013-09,20,10.0176,70,4
33764,2013-10,23,14.0307,79,5
33764,2013-11,19,10.9363,62,4
33764,2013-12,16,8.8729,58,3
33764,2014-01,32,19.3662,114,5
33764,2014-02,29,15.3634,103,5
33764,2014-03,26,16.2025,95,4
33764,2014-04,24,17.6364,87,2
33764,2014-05,24,16.7002,86,3
33764,2014-06,19,11.3194,67,3
33764,2014-07,24,8.3240,75,8
33764,2014-08,25,13.4494,93,5
33764,2014-09,37,20.1325,132,9
33764,2014-10,39,25.4484,144,7
33764,2014-11,20,7.4345,69,7
33764,2014-12,32,23.6799,123,2
33764,2015-01,34,16.7341,120,8
33764,2015-02,24,13.6743,79,5
33764,2015-03,38,15.7389,123,11
33764,2015-04,32,17.0176,116,5
33764,2015-05,33,21.6588,128,4
33764,2015-06,26,19.4065,117,2
33764,2015-07,55,38.2032,212,6
33764,2015-08,50,36.5387,192,6
33764,2015-09,53,26.5738,203,13
33764,2015-10,54,31.3193,197,9
33764,2015-11,47,26.8454,168,7
33764,2015-12,52,30.8920,198,8
33764,2016-01,57,36.3175,222,8
33764,2016-02,71,39.1947,271,16
33764,2016-03,86,60.5798,332,11
33764,2016-04,76,52.9653,306,10
33764,2016-05,74,42.8576,287,15
33764,2016-06,61,34.1431,242,12
33764,2016-07,78,47.9018,291,12
33764,2016-08,63,35.9017,239,13
33764,2016-09,55,31.0199,211,9
33764,2016-10,51,24.7294,182,12
33764,2016-11,59,34.5505,212,11
33764,2016-12,60,36.2971,226,10
33764,2017-01,66,35.1873,257,14
33764,2017-02,56,27.8623,212,13
33764,2017-03,67,51.4033,288,6
33764,2017-04,84,49.4200,324,15
33764,2017-05,59,34.8646,241,11
33764,2017-06,67,44.6483,272,9
33764,2017-07,61,28.7270,220,15
33764,2017-08,81,54.5406,284,11
33764,2017-09,52,33.0885,210,7
33764,2017-10,64,40.1857,251,9
33764,2017-11,54,26.7647,186,12
33764,2017-12,92,50.7506,337,18
33764,2018-01,85,50.8660,334,14
33764,2018-02,80,50.7913,304,9
33764,2018-03,110,72.4432,434,15
33764,2018-04,87,43.4881,310,21
33764,2018-05,102,54.7155,400,23
33764,2018-06,81,44.6137,299,16
33764,2018-07,96,58.3472,364,15
33764,2018-08,79,38.7855,275,16
33764,2018-09,66,28.2561,219,18
33764,2018-10,73,48.8697,282,9
33764,2018-11,90,51.8647,304,14
33764,2018-12,59,36.0505,225,9
33764,2019-01,72,40.3588,257,13
33764,2019-02,73,40.0513,249,13
33764,2019-03,71,33.5572,252,17
33764,2019-04,107,50.6284,374,27
33764,2019-05,108,71.4716,419,15
33764,2019-06,113,79.2751,458,13
33764,2019-07,112,62.3261,439,24
33764,2019-08,105,65.3424,399,14
33764,2019-09,73,38.4227,242,10
33764,2019-10,71,39.0140,269,15
33764,2019-11,73,41.3943,282,15
33764,2019-12,82,47.7969,308,15
33764,2020-01,82,51.5013,330,12
33764,2020-02,70,41.3998,277,10
33764,2020-03,50,28.3971,181,10
33764,2020-04,38,25.5488,148,5
33764,2020-05,56,32.1192,203,10
33764,2020-06,68,37.1783,258,14
33764,2020-07,81,38.1723,290,19
33764,2020-08,87,33.7445,295,26
33764,2020-09,57,28.8383,225,13
33764,2020-10,51,32.3504,198,7
33764,2020-11,47,27.0890,181,9
33764,2020-12,72,34.7165,248,17
33764,2021-01,60,24.7516,210,18
33764,2021-02,67,30.8671,235,17
33764,2021-03,76,37.9391,279,16
33764,2021-04,66,29.5505,242,17
33764,2021-05,79,44.3840,290,14
33764,2021-06,76,43.2016,297,14
33764,2021-07,73,34.3454,265,16
33764,2021-08,62,26.0110,223,17
33764,2021-09,58,23.0722,182,16
33764,2021-10,49,22.3197,168,12
33764,2021-11,52,25.1034,192,12
33764,2021-12,49,24.5165,165,12
33765,2012-01,12,7.1058,42,2
33765,2012-02,14,10.5946,52,0
33765,2012-03,19,11.7806,69,4
33765,2012-04,20,16.5334,79,0
33765,2012-05,15,11.9344,60,1
33765,2012-06,29,22.1174,113,2
33765,2012-07,26,18.8894,103,2
33765,2012-08,21,16.2985,79,2
33765,2012-09,24,18.1116,87,1
33765,2012-10,15,10.1493,57,2
33765,2012-11,29,24.2658,101,1
33765,2012-12,34,17.9400,119,6
33765,2013-01,48,24.0324,168,10
33765,2013-02,25,18.4575,99,2
33765,2013-03,36,25.2776,139,2
33765,2013-04,35,31.0948,140,0
33765,2013-05,43,25.5520,164,7
33765,2013-06,34,20.6202,120,6
33765,2013-07,36,22.5117,128,5
33765,2013-08,35,23.4292,142,4
33765,2013-09,45,27.3330,160,8
33765,2013-10,66,40.3027,238,9
33765,2013-11,35,21.9345,115,4
33765,2013-12,41,31.4709,152,2
33765,2014-01,75,59.6326,294,7
33765,2014-02,69,50.1723,262,4
33765,2014-03,71,42.3236,249,11
33765,2014-04,76,51.5406,283,10
33765,2014-05,68,38.6726,233,13
33765,2014-06,56,45.4755,220,3
33765,2014-07,84,46.7934,302,15
33765,2014-08,81,52.2126,286,9
33765,2014-09,79,47.7635,289,13
33765,2014-10,73,34.9561,244,15
33765,2014-11,68,39.8235,264,13
33765,2014-12,65,41.5225,242,7
33765,2015-01,111,83.6570,442,8
33765,2015-02,92,60.6054,355,11
33765,2015-03,119,65.5748,415,25
33765,2015-04,104,65.7241,384,13
33765,2015-05,94,53.6423,356,15
33765,2015-06,114,66.6872,437,21
33765,2015-07,101,68.3342,395,13
33765,2015-08,95,59.7125,354,14
33765,2015-09,99,50.6051,346,22
33765,2015-10,95,57.4898,356,16
33765,2015-11,106,64.4675,384,15
33765,2015-12,126,72.8230,461,23
33765,2016-01,152,83.7263,567,28
33765,2016-02,158,86.9475,564,31
33765,2016-03,137,75.9815,497,25
33765,2016-04,136,82.9174,515,22
33765,2016-05,122,61.5091,426,27
33765,2016-06,128,77.7041,472,19
33765,2016-07,123,67.1815,458,24
33765,2016-08,115,71.4950,449,19
33765,2016-09,106,59.4810,392,20
33765,2016-10,113,71.2483,440,16
33765,2016-11,103,61.2675,378,17
33765,2016-12,110,60.6349,405,20
33765,2017-01,123,78.6189,473,18
33765,2017-02,89,54.9689,335,11
33765,2017-03,135,79.0822,512,22
33765,2017-04,130,80.7553,499,20
33765,2017-05,138,69.8625,490,30
33765,2017-06,149,77.9214,526,28
33765,2017-07,154,90.6463,583,27
33765,2017-08,161,95.7104,592,27
33765,2017-09,124,77.2169,468,19
33765,2017-10,113,63.9851,430,20
33765,2017-11,125,65.3008,466,27
33765,2017-12,125,67.8149,448,25
33765,2018-01,153,88.7307,560,28
33765,2018-02,158,84.3328,542,30
33765,2018-03,164,82.2194,597,36
33765,2018-04,136,82.0338,501,24
33765,2018-05,152,83.9354,559,29
33765,2018-06,173,110.6706,682,26
33765,2018-07,190,97.2041,713,42
33765,2018-08,131,67.3481,471,27
33765,2018-09,156,92.8618,605,25
33765,2018-10,149,82.9035,534,30
33765,2018-11,104,64.8954,401,16
33765,2018-12,143,63.4604,482,35
33765,2019-01,145,91.3139,565,23
33765,2019-02,175,90.8963,635,38
33765,2019-03,174,112.0554,675,25
33765,2019-04,181,89.4455,665,38
33765,2019-05,171,103.2283,651,26
33765,2019-06,184,116.1198,707,30
33765,2019-07,178,95.3151,660,31
33765,2019-08,141,79.4446,528,29
33765,2019-09,119,65.3872,437,22
33765,2019-10,129,86.0558,504,17
33765,2019-11,123,72.1012,480,22
33765,2019-12,134,55.4263,448,39
33765,2020-01,108,61.7953,401,19
33765,2020-02,129,78.0594,470,21
33765,2020-03,101,64.4612,403,13
33765,2020-04,62,37.1911,230,9
33765,2020-05,96,55.3415,342,18
33765,2020-06,135,80.0432,475,21
33765,2020-07,105,56.6927,396,22
33765,2020-08,131,86.0210,505,17
33765,2020-09,115,64.1071,433,23
33765,2020-10,134,60.5593,488,32
33765,2020-11,104,63.5721,394,14
33765,2020-12,111,47.9979,375,27
33765,2021-01,108,55.7778,391,24
33765,2021-02,96,57.1533,351,15
33765,2021-03,114,64.9283,429,18
33765,2021-04,120,60.8741,437,27
33765,2021-05,122,59.6338,414,26
33765,2021-06,136,68.0384,483,30
33765,2021-07,133,68.0068,464,28
33765,2021-08,108,47.4444,365,26
33765,2021-09,97,47.5368,361,24
33765,2021-10,93,30.4884,305,32
33765,2021-11,95,47.0597,360,22
33765,2021-12,101,40.2438,340,29
33767,2012-01,45,32.3884,156,6
33767,2012-02,59,45.5600,216,3
33767,2012-03,74,51.1457,265,9
33767,2012-04,70,47.4322,267,7
33767,2012-05,94,68.0627,339,10
33767,2012-06,56,31.2070,183,10
33767,2012-07,90,67.3147,338,6
33767,2012-08,86,62.0188,301,8
33767,2012-09,73,46.5016,246,12
33767,2012-10,60,42.7950,225,7
33767,2012-11,55,45.6516,208,2
33767,2012-12,46,24.3214,157,10
33767,2013-01,76,55.3097,293,5
33767,2013-02,75,49.6418,289,10
33767,2013-03,111,75.8241,408,12
33767,2013-04,98,68.6957,347,11
33767,2013-05,127,93.9108,462,12
33767,2013-06,138,100.5552,518,13
33767,2013-07,153,95.8877,540,19
33767,2013-08,156,112.4922,572,14
33767,2013-09,108,83.3787,414,8
33767,2013-10,118,86.1949,441,12
33767,2013-11,76,53.2509,281,10
33767,2013-12,110,72.0327,408,14
33767,2014-01,128,83.0217,457,16
33767,2014-02,115,83.3909,430,10
33767,2014-03,173,125.0094,667,16
33767,2014-04,169,110.1702,616,22
33767,2014-05,179,120.4478,648,20
33767,2014-06,209,148.2832,792,20
33767,2014-07,205,146.4725,759,18
33767,2014-08,189,133.5219,683,20
33767,2014-09,133,99.9848,494,10
33767,2014-10,152,114.9090,585,12
33767,2014-11,133,81.1621,474,19
33767,2014-12,149,101.8129,547,19
33767,2015-01,194,125.6449,691,25
33767,2015-02,220,154.8256,819,21
33767,2015-03,305,204.2473,1136,40
33767,2015-04,290,192.0914,1078,40
33767,2015-05,324,219.6721,1235,37
33767,2015-06,303,206.4593,1142,37
33767,2015-07,397,275.8236,1538,44
33767,2015-08,292,189.6652,1083,42
33767,2015-09,261,177.7956,1019,34
33767,2015-10,236,182.9087,935,15
33767,2015-11,214,140.1432,781,32
33767,2015-12,220,150.9878,826,25
33767,2016-01,240,169.6598,895,25
33767,2016-02,259,175.9278,993,29
33767,2016-03,385,257.8896,1449,49
33767,2016-04,365,256.5411,1391,42
33767,2016-05,419,276.9465,1588,55
33767,2016-06,415,285.8684,1593,49
33767,2016-07,404,281.6476,1531,44
33767,2016-08,340,221.8183,1276,45
33767,2016-09,200,114.2784,724,40
33767,2016-10,235,155.8547,889,34
33767,2016-11,237,170.6997,903,23
33767,2016-12,255,168.4113,937,36
33767,2017-01,271,206.4981,1104,17
33767,2017-02,341,237.3557,1337,32
33767,2017-03,437,292.9330,1682,51
33767,2017-04,476,310.1278,1851,65
33767,2017-05,485,343.8585,1918,52
33767,2017-06,580,409.6389,2236,59
33767,2017-07,583,399.1164,2207,71
33767,2017-08,438,305.6044,1717,49
33767,2017-09,255,168.4759,947,35
33767,2017-10,388,266.6549,1516,42
33767,2017-11,339,243.9144,1366,36
33767,2017-12,325,240.8865,1273,33
33767,2018-01,311,204.7224,1186,42
33767,2018-02,459,321.4489,1773,53
33767,2018-03,615,407.7780,2389,80
33767,2018-04,603,400.4179,2327,76
33767,2018-05,627,443.5876,2469,65
33767,2018-06,665,471.7296,2651,70
33767,2018-07,747,483.2889,2852,101
33767,2018-08,624,415.1754,2443,79
33767,2018-09,404,267.6287,1587,53
33767,2018-10,371,278.2496,1544,30
33767,2018-11,353,256.1836,1421,32
33767,2018-12,373,257.8204,1456,48
33767,2019-01,370,268.1897,1494,42
33767,2019-02,475,336.7098,1936,49
33767,2019-03,645,432.5687,2501,86
33767,2019-04,630,437.2712,2484,68
33767,2019-05,648,461.3037,2582,68
33767,2019-06,668,486.1306,2633,63
33767,2019-07,665,441.7446,2596,85
33767,2019-08,526,370.4613,2116,54
33767,2019-09,429,318.2257,1735,39
33767,2019-10,409,291.3799,1613,39
33767,2019-11,299,227.3357,1194,23
33767,2019-12,362,243.6902,1400,43
33767,2020-01,362,246.1755,1433,48
33767,2020-02,439,315.8083,1759,47
33767,2020-03,335,238.1588,1360,34
33767,2020-04,35,24.4811,145,3
33767,2020-05,223,136.9199,828,37
33767,2020-06,391,241.1274,1483,59
33767,2020-07,376,246.5572,1464,48
33767,2020-08,338,217.2419,1326,50
33767,2020-09,308,200.2653,1206,43
33767,2020-10,351,248.4007,1406,40
33767,2020-11,252,180.6146,1016,26
33767,2020-12,267,173.6100,1052,38
33767,2021-01,283,195.5384,1136,33
33767,2021-02,309,188.8282,1209,45
33767,2021-03,471,319.2262,1822,58
33767,2021-04,550,328.3024,2040,95
33767,2021-05,653,435.3500,2613,74
33767,2021-06,560,332.2782,2079,100
33767,2021-07,475,299.5411,1793,66
33767,2021-08,428,285.6973,1646,55
33767,2021-09,253,173.1458,961,27
33767,2021-10,324,243.6989,1354,22
33767,2021-11,246,147.8282,934,43
33767,2021-12,279,189.1327,1072,33
33769,2012-01,1,0.4528,1,0
33769,2012-12,1,0.9845,4,0
33769,2013-01,1,0.8181,2,0
33769,2013-02,1,-0.8035,2,1
33769,2013-03,1,-0.7391,1,1
33769,2013-08,1,0.9121,4,0
33769,2013-11,1,0.9795,4,0
33769,2014-01,1,0.9915,3,0
33769,2014-11,2,1.9178,10,0
33770,2012-01,4,1.9300,18,1
33770,2012-02,5,3.3795,19,1
33770,2012-03,11,6.5270,42,2
33770,2012-04,10,5.8631,36,2
33770,2012-05,16,11.6166,68,2
33770,2012-06,16,8.5172,50,4
33770,2012-07,20,16.3757,79,1
33770,2012-08,19,15.3542,73,1
33770,2012-09,9,6.7010,34,1
33770,2012-10,11,5.1673,36,3
33770,2012-11,18,9.9374,74,3
33770,2012-12,18,8.0593,54,4
33770,2013-01,23,8.4316,78,6
33770,2013-02,31,22.6428,125,2
33770,2013-03,32,22.2015,121,3
33770,2013-04,24,12.6777,82,6
33770,2013-05,26,14.1740,90,6
33770,2013-06,34,21.0481,126,5
33770,2013-07,29,22.1814,112,1
33770,2013-08,34,24.3906,134,4
33770,2013-09,33,25.6726,126,2
33770,2013-10,29,17.9268,109,4
33770,2013-11,26,18.6830,90,2
33770,2013-12,34,27.1514,136,2
33770,2014-01,37,29.4957,150,2
33770,2014-02,21,10.9688,77,4
33770,2014-03,44,32.8317,182,4
33770,2014-04,54,36.3309,208,6
33770,2014-05,51,37.9776,207,3
33770,2014-06,50,31.0059,190,8
33770,2014-07,46,33.9143,191,4
33770,2014-08,45,30.5536,174,5
33770,2014-09,49,34.2178,189,6
33770,2014-10,48,38.9132,190,2
33770,2014-11,39,25.1384,154,6
33770,2014-12,54,34.0040,202,8
33770,2015-01,64,34.7433,237,13
33770,2015-02,37,25.7734,149,3
33770,2015-03,68,34.2567,223,15
33770,2015-04,52,24.1467,187,11
33770,2015-05,67,39.3187,247,12
33770,2015-06,60,38.9708,232,9
33770,2015-07,70,49.2459,273,8
33770,2015-08,64,41.8711,234,8
33770,2015-09,70,46.3252,264,9
33770,2015-10,49,30.4523,191,8
33770,2015-11,63,42.7360,230,8
33770,2015-12,69,40.7176,258,11
33770,2016-01,75,44.1341,271,12
33770,2016-02,91,61.2302,348,11
33770,2016-03,91,43.9067,322,21
33770,2016-04,79,58.9110,329,6
33770,2016-05,70,43.0697,260,12
33770,2016-06,85,38.0518,308,23
33770,2016-07,90,56.0282,351,15
33770,2016-08,91,55.3855,349,13
33770,2016-09,64,37.5872,232,11
33770,2016-10,63,35.6233,235,12
33770,2016-11,62,33.3560,222,13
33770,2016-12,65,42.8478,245,8
33770,2017-01,93,55.3724,361,17
33770,2017-02,94,46.1758,344,24
33770,2017-03,109,69.9861,397,15
33770,2017-04,112,62.7884,392,20
33770,2017-05,106,60.2042,401,19
33770,2017-06,110,68.7552,444,16
33770,2017-07,131,81.1467,482,22
33770,2017-08,89,57.7673,330,12
33770,2017-09,59,28.3566,200,14
33770,2017-10,76,40.1247,276,15
33770,2017-11,77,44.7809,288,15
33770,2017-12,61,33.9232,222,10
33770,2018-01,67,44.0578,247,7
33770,2018-02,74,33.0595,240,16
33770,2018-03,108,68.6368,405,15
33770,2018-04,65,37.6811,239,11
33770,2018-05,82,45.6202,306,14
33770,2018-06,100,58.2023,373,16
33770,2018-07,115,61.4576,412,24
33770,2018-08,117,68.7255,429,20
33770,2018-09,96,56.1238,348,13
33770,2018-10,97,59.9939,360,15
33770,2018-11,78,48.0482,290,13
33770,2018-12,70,42.2866,261,11
33770,2019-01,82,56.2053,313,8
33770,2019-02,116,60.2271,392,24
33770,2019-03,110,54.9023,397,26
33770,2019-04,94,57.8304,352,13
33770,2019-05,92,60.0632,345,13
33770,2019-06,104,53.9043,393,22
33770,2019-07,84,50.6051,334,13
33770,2019-08,101,53.2024,360,20
33770,2019-09,72,45.9380,284,9
33770,2019-10,79,41.5433,290,17
33770,2019-11,71,41.1449,269,15
33770,2019-12,85,36.9098,288,21
33770,2020-01,81,55.1669,327,10
33770,2020-02,69,36.4959,233,15
33770,2020-03,64,23.0328,200,21
33770,2020-04,26,13.8059,100,4
33770,2020-05,59,34.7707,219,11
33770,2020-06,80,47.7058,300,13
33770,2020-07,73,36.5032,276,17
33770,2020-08,72,47.0738,291,11
33770,2020-09,72,37.8815,242,12
33770,2020-10,62,31.0879,227,14
33770,2020-11,53,22.2293,182,16
33770,2020-12,59,27.3018,199,13
33770,2021-01,67,33.4345,234,15
33770,2021-02,70,35.9798,236,17
33770,2021-03,84,44.9838,286,17
33770,2021-04,74,51.7397,288,9
33770,2021-05,93,46.5472,325,20
33770,2021-06,78,41.8715,282,15
33770,2021-07,61,33.9787,228,13
33770,2021-08,72,36.9478,261,14
33770,2021-09,65,36.5728,242,12
33770,2021-10,48,20.0417,172,14
33770,2021-11,55,27.9149,205,13
33770,2021-12,68,27.9643,224,17
33771,2012-01,13,5.6678,42,3
33771,2012-02,16,8.7947,54,3
33771,2012-03,13,9.7476,51,1
33771,2012-04,11,6.6110,39,2
33771,2012-05,20,12.8718,73,3
33771,2012-06,32,25.5023,125,1
33771,2012-07,23,13.6342,90,3
33771,2012-08,12,6.6468,49,2
33771,2012-09,18,12.1439,69,1
33771,2012-10,32,13.8876,108,9
33771,2012-11,28,22.3778,107,1
33771,2012-12,33,27.2365,124,1
33771,2013-01,43,22.7755,139,8
33771,2013-02,27,13.7558,99,6
33771,2013-03,42,21.5503,139,8
33771,2013-04,17,8.4782,57,3
33771,2013-05,43,23.6726,155,7
33771,2013-06,34,17.2727,122,8
33771,2013-07,29,19.9063,115,3
33771,2013-08,39,22.2607,138,7
33771,2013-09,33,23.1320,129,4
33771,2013-10,45,27.3910,167,7
33771,2013-11,29,19.9437,110,3
33771,2013-12,35,17.0392,114,8
33771,2014-01,50,32.0844,181,6
33771,2014-02,41,25.5082,141,7
33771,2014-03,61,35.5226,219,9
33771,2014-04,40,27.5330,148,4
33771,2014-05,55,32.3759,205,10
33771,2014-06,56,35.9892,190,7
33771,2014-07,69,44.0814,254,11
33771,2014-08,63,38.4117,232,10
33771,2014-09,45,26.9672,148,6
33771,2014-10,37,20.6626,126,6
33771,2014-11,39,28.5245,143,3
33771,2014-12,91,50.0392,306,18
33771,2015-01,71,40.8681,228,13
33771,2015-02,57,25.3969,185,14
33771,2015-03,73,34.9164,243,15
33771,2015-04,53,32.1466,198,9
33771,2015-05,73,40.5675,266,12
33771,2015-06,78,39.9219,278,18
33771,2015-07,100,51.8586,354,22
33771,2015-08,97,59.5952,347,13
33771,2015-09,100,63.7660,392,14
33771,2015-10,72,42.9786,272,11
33771,2015-11,73,43.5063,258,11
33771,2015-12,87,49.7257,322,15
33771,2016-01,93,57.5089,355,15
33771,2016-02,83,55.2009,325,12
33771,2016-03,93,50.6450,343,21
33771,2016-04,87,45.6419,309,18
33771,2016-05,105,51.2373,372,23
33771,2016-06,112,71.9622,424,17
33771,2016-07,133,81.8912,469,21
33771,2016-08,115,65.3711,421,22
33771,2016-09,102,59.7449,368,21
33771,2016-10,134,87.8777,533,17
33771,2016-11,92,54.9447,353,13
33771,2016-12,114,57.9882,420,22
33771,2017-01,120,79.1563,477,16
33771,2017-02,117,75.4577,457,13
33771,2017-03,134,70.1614,482,27
33771,2017-04,133,73.1606,456,25
33771,2017-05,159,100.2098,591,24
33771,2017-06,148,90.3852,553,22
33771,2017-07,148,95.5613,549,19
33771,2017-08,151,82.4026,549,31
33771,2017-09,96,47.6516,342,18
33771,2017-10,121,70.3758,440,22
33771,2017-11,109,61.4171,408,21
33771,2017-12,139,70.8065,475,28
33771,2018-01,143,87.6935,537,23
33771,2018-02,156,63.5450,504,44
33771,2018-03,129,73.9224,470,24
33771,2018-04,139,78.4625,506,26
33771,2018-05,147,76.3432,521,28
33771,2018-06,136,88.0792,522,17
33771,2018-07,143,84.9423,551,23
33771,2018-08,154,80.1693,555,30
33771,2018-09,158,100.5485,623,22
33771,2018-10,130,76.1039,516,21
33771,2018-11,136,81.6734,502,23
33771,2018-12,137,85.0661,529,21
33771,2019-01,127,60.2317,473,31
33771,2019-02,122,69.7366,453,22
33771,2019-03,151,80.0902,541,31
33771,2019-04,139,76.8098,545,27
33771,2019-05,130,75.2798,483,24
33771,2019-06,168,95.8371,624,30
33771,2019-07,158,72.2785,515,38
33771,2019-08,147,62.6970,499,38
33771,2019-09,143,71.9068,476,30
33771,2019-10,158,94.5285,578,28
33771,2019-11,120,56.3826,425,31
33771,2019-12,101,44.1413,336,28
33771,2020-01,136,58.3023,423,31
33771,2020-02,160,88.6209,594,27
33771,2020-03,101,49.3170,356,24
33771,2020-04,61,28.9113,210,13
33771,2020-05,72,41.7883,257,12
33771,2020-06,111,53.8863,398,25
33771,2020-07,106,35.7184,363,35
33771,2020-08,113,60.3015,417,23
33771,2020-09,105,48.5275,362,28
33771,2020-10,106,60.7852,397,19
33771,2020-11,73,39.5004,292,15
33771,2020-12,91,43.0832,320,23
33771,2021-01,95,41.2503,328,23
33771,2021-02,104,51.0587,360,22
33771,2021-03,109,46.0244,368,24
33771,2021-04,123,51.0453,408,33
33771,2021-05,137,50.0076,440,43
33771,2021-06,93,46.3761,330,19
33771,2021-07,126,57.7511,413,31
33771,2021-08,114,46.0349,373,30
33771,2021-09,98,41.6378,334,26
33771,2021-10,98,36.8509,316,30
33771,2021-11,84,37.4410,294,18
33771,2021-12,92,27.9187,274,31
33772,2012-01,9,4.0208,36,2
33772,2012-02,5,4.3194,23,0
33772,2012-03,10,8.1443,41,1
33772,2012-04,4,2.8362,20,0
33772,2012-05,2,1.9919,10,0
33772,2012-06,7,3.7441,22,2
33772,2012-07,6,3.5803,16,1
33772,2012-08,5,1.2918,17,2
33772,2012-09,8,5.7865,36,0
33772,2012-10,6,4.4769,29,0
33772,2012-11,4,2.9253,18,0
33772,2012-12,5,2.1026,20,1
33772,2013-01,12,7.4033,47,2
33772,2013-02,13,8.5282,52,1
33772,2013-03,9,7.2708,43,0
33772,2013-04,10,5.3744,33,2
33772,2013-05,10,3.5904,31,3
33772,2013-06,14,6.6870,45,3
33772,2013-07,12,9.4468,46,1
33772,2013-08,20,9.1011,81,4
33772,2013-09,14,7.3485,57,4
33772,2013-10,9,7.5997,40,0
33772,2013-11,12,8.3053,43,1
33772,2013-12,11,6.4004,40,2
33772,2014-01,14,7.3258,47,3
33772,2014-02,16,11.2581,53,1
33772,2014-03,9,5.0232,34,2
33772,2014-04,21,11.0462,72,5
33772,2014-05,16,6.8577,55,4
33772,2014-06,28,20.3460,114,3
33772,2014-07,26,14.6907,92,4
33772,2014-08,22,13.3181,78,3
33772,2014-09,15,5.7641,52,5
33772,2014-10,20,16.7988,88,1
33772,2014-11,28,18.9444,117,4
33772,2014-12,28,12.3158,94,7
33772,2015-01,28,20.2669,118,3
33772,2015-02,28,17.2068,102,6
33772,2015-03,27,17.5390,107,4
33772,2015-04,27,16.4551,104,3
33772,2015-05,21,11.9260,79,4
33772,2015-06,33,23.8237,133,3
33772,2015-07,36,24.2401,140,4
33772,2015-08,36,26.0235,147,3
33772,2015-09,32,19.4411,124,5
33772,2015-10,27,20.3010,100,2
33772,2015-11,35,24.1980,133,4
33772,2015-12,22,15.8254,75,3
33772,2016-01,36,23.7751,142,5
33772,2016-02,37,16.0300,133,11
33772,2016-03,40,20.2798,149,10
33772,2016-04,39,26.9100,157,3
33772,2016-05,43,21.1047,146,10
33772,2016-06,54,36.3509,212,6
33772,2016-07,47,25.3884,173,9
33772,2016-08,38,21.7699,138,6
33772,2016-09,34,13.8412,113,11
33772,2016-10,56,34.8237,233,7
33772,2016-11,47,25.4531,173,10
33772,2016-12,37,28.2076,149,2
33772,2017-01,54,28.6946,202,12
33772,2017-02,50,29.9439,185,10
33772,2017-03,32,17.4559,118,5
33772,2017-04,94,58.0227,319,15
33772,2017-05,87,52.5996,295,13
33772,2017-06,105,67.7478,390,14
33772,2017-07,104,54.7285,377,21
33772,2017-08,84,43.9258,302,17
33772,2017-09,72,45.1969,259,12
33772,2017-10,79,49.7191,299,10
33772,2017-11,105,64.5126,390,15
33772,2017-12,97,54.4947,345,18
33772,2018-01,115,68.7421,419,18
33772,2018-02,115,63.9764,393,22
33772,2018-03,103,58.4560,368,15
33772,2018-04,92,50.1368,312,16
33772,2018-05,129,87.1242,492,16
33772,2018-06,96,56.0799,369,16
33772,2018-07,145,87.0308,534,25
33772,2018-08,120,78.4848,448,13
33772,2018-09,90,59.2081,328,9
33772,2018-10,108,62.8799,419,20
33772,2018-11,114,75.1687,444,17
33772,2018-12,110,60.3756,399,21
33772,2019-01,95,63.7316,361,12
33772,2019-02,120,74.3894,453,19
33772,2019-03,110,57.0293,406,23
33772,2019-04,98,51.9796,355,19
33772,2019-05,108,61.5064,399,19
33772,2019-06,124,59.7432,457,26
33772,2019-07,119,66.4884,443,24
33772,2019-08,125,69.7916,451,23
33772,2019-09,106,67.2670,415,16
33772,2019-10,100,52.6237,357,20
33772,2019-11,91,47.5692,320,18
33772,2019-12,71,31.2116,233,17
33772,2020-01,93,56.6920,346,14
33772,2020-02,80,45.8547,288,14
33772,2020-03,65,44.8773,278,8
33772,2020-04,33,17.1338,127,7
33772,2020-05,56,25.9493,200,15
33772,2020-06,76,33.0716,250,21
33772,2020-07,95,55.0331,349,19
33772,2020-08,89,50.9813,331,17
33772,2020-09,70,50.5934,291,6
33772,2020-10,67,31.1876,245,17
33772,2020-11,58,34.6281,208,7
33772,2020-12,88,48.9993,315,18
33772,2021-01,90,48.0791,336,16
33772,2021-02,67,39.0632,249,11
33772,2021-03,82,40.0199,281,16
33772,2021-04,92,57.9272,365,14
33772,2021-05,78,49.6347,307,13
33772,2021-06,67,41.3440,271,12
33772,2021-07,93,49.3414,345,18
33772,2021-08,87,42.9165,298,21
33772,2021-09,52,27.5315,201,11
33772,2021-10,66,33.2140,240,13
33772,2021-11,53,25.5126,198,12
33772,2021-12,74,36.5600,240,17
33773,2012-01,2,0.0242,4,1
33773,2012-02,5,4.4072,21,0
33773,2012-03,1,0.9786,4,0
33773,2012-04,5,4.1050,24,0
33773,2012-05,2,0.4607,5,1
33773,2012-06,5,3.6789,24,0
33773,2012-07,6,5.5552,28,0
33773,2012-08,1,0.9162,5,0
33773,2012-09,4,3.3608,17,0
33773,2012-10,5,4.7452,22,0
33773,2012-11,8,7.2723,34,0
33773,2012-12,5,4.8006,20,0
33773,2013-01,4,3.8144,15,0
33773,2013-02,6,5.3833,28,0
33773,2013-03,8,5.7630,35,1
33773,2013-04,4,3.8706,20,0
33773,2013-05,8,7.4795,37,0
33773,2013-06,8,5.7595,29,1
33773,2013-07,5,1.7183,16,2
33773,2013-08,8,4.9175,27,1
33773,2013-09,8,3.8021,29,2
33773,2013-10,9,7.3277,40,1
33773,2013-11,15,10.7172,58,1
33773,2013-12,13,11.5855,53,0
33773,2014-01,25,17.6595,96,2
33773,2014-02,17,8.7626,67,3
33773,2014-03,11,6.4518,41,2
33773,2014-04,29,17.3891,110,5
33773,2014-05,14,9.6760,50,2
33773,2014-06,17,15.7569,73,0
33773,2014-07,21,18.8886,92,0
33773,2014-08,15,8.7462,53,3
33773,2014-09,18,10.3871,76,4
33773,2014-10,16,12.7449,63,1
33773,2014-11,23,16.9055,94,2
33773,2014-12,19,8.9163,80,3
33773,2015-01,17,11.2417,60,2
33773,2015-02,28,20.6068,114,2
33773,2015-03,36,23.6144,140,6
33773,2015-04,25,9.2084,79,8
33773,2015-05,35,21.9843,129,6
33773,2015-06,30,20.8650,119,3
33773,2015-07,33,13.5090,107,10
33773,2015-08,34,16.8658,124,7
33773,2015-09,29,8.1517,95,10
33773,2015-10,22,14.0432,92,4
33773,2015-11,23,13.5478,85,4
33773,2015-12,20,14.9645,89,2
33773,2016-01,20,9.9813,73,4
33773,2016-02,27,16.4212,106,4
33773,2016-03,29,20.2624,115,3
33773,2016-04,24,15.2261,88,3
33773,2016-05,37,18.2107,145,9
33773,2016-06,39,26.8213,150,5
33773,2016-07,33,23.4916,128,5
33773,2016-08,23,10.5457,80,5
33773,2016-09,19,8.2133,69,5
33773,2016-10,27,15.3572,108,4
33773,2016-11,24,7.0559,75,8
33773,2016-12,21,7.0082,81,7
33773,2017-01,28,17.1821,105,5
33773,2017-02,34,21.0603,127,5
33773,2017-03,40,25.7586,149,6
33773,2017-04,35,13.6115,109,11
33773,2017-05,45,26.7139,171,5
33773,2017-06,41,24.0179,148,7
33773,2017-07,41,28.1506,162,5
33773,2017-08,31,18.5010,125,4
33773,2017-09,24,12.3865,76,5
33773,2017-10,21,12.5677,74,4
33773,2017-11,25,4.5443,87,8
33773,2017-12,21,15.4136,80,3
33773,2018-01,34,15.0886,127,8
33773,2018-02,30,19.4220,119,3
33773,2018-03,38,25.7220,159,3
33773,2018-04,30,11.9817,94,8
33773,2018-05,27,14.8624,93,4
33773,2018-06,35,18.4516,142,8
33773,2018-07,47,35.2375,201,5
33773,2018-08,41,17.9007,151,12
33773,2018-09,49,39.0802,206,2
33773,2018-10,34,15.1248,129,8
33773,2018-11,37,20.0957,144,8
33773,2018-12,34,24.1409,145,4
33773,2019-01,65,33.9798,236,15
33773,2019-02,42,25.1749,159,5
33773,2019-03,47,19.8565,171,12
33773,2019-04,35,22.0230,133,5
33773,2019-05,43,18.2933,136,11
33773,2019-06,28,11.5065,89,8
33773,2019-07,35,19.8358,120,8
33773,2019-08,34,15.3599,113,9
33773,2019-09,27,11.1918,91,7
33773,2019-10,34,24.7847,143,3
33773,2019-11,28,17.7879,99,4
33773,2019-12,27,10.0562,85,8
33773,2020-01,30,17.2407,120,5
33773,2020-02,25,16.4922,105,2
33773,2020-03,23,14.0908,88,4
33773,2020-04,19,5.5710,66,6
33773,2020-05,23,14.7362,93,2
33773,2020-06,20,9.2877,67,5
33773,2020-07,23,12.2706,88,5
33773,2020-08,29,17.6996,97,3
33773,2020-09,22,11.0290,70,5
33773,2020-10,33,17.0368,125,5
33773,2020-11,15,6.4245,53,5
33773,2020-12,19,7.9512,70,5
33773,2021-01,16,5.4418,41,6
33773,2021-02,30,18.4794,113,4
33773,2021-03,29,6.6475,85,11
33773,2021-04,24,5.4864,78,10
33773,2021-05,15,2.1735,38,6
33773,2021-06,21,10.9720,85,4
33773,2021-07,23,6.7611,81,7
33773,2021-08,24,10.8518,86,7
33773,2021-09,19,4.8414,63,7
33773,2021-10,28,12.5370,98,7
33773,2021-11,15,4.7772,52,5
33773,2021-12,21,7.9924,65,6
33774,2012-01,2,1.8546,10,0
33774,2012-02,2,1.8342,8,0
33774,2012-03,3,1.3577,10,1
33774,2012-04,3,2.4015,14,0
33774,2012-05,1,0.9626,5,0
33774,2012-06,11,4.7098,32,3
33774,2012-07,7,4.9580,27,0
33774,2012-08,4,3.2383,15,0
33774,2012-09,4,3.7276,19,0
33774,2012-10,3,1.1347,11,1
33774,2012-11,3,2.6552,15,0
33774,2012-12,10,5.1786,34,2
33774,2013-01,6,4.7817,21,0
33774,2013-02,11,5.9643,40,3
33774,2013-03,9,4.5975,33,2
33774,2013-04,6,3.6915,21,1
33774,2013-05,3,2.5132,11,0
33774,2013-06,16,12.1218,69,1
33774,2013-07,12,7.3258,44,3
33774,2013-08,13,8.2190,52,2
33774,2013-09,14,5.0355,51,4
33774,2013-10,10,8.1702,37,0
33774,2013-11,11,10.1753,48,0
33774,2013-12,11,5.9721,39,2
33774,2014-01,13,9.6505,49,1
33774,2014-02,11,9.6715,48,0
33774,2014-03,19,11.7195,74,3
33774,2014-04,16,8.0517,60,4
33774,2014-05,16,12.3811,59,1
33774,2014-06,12,7.5232,48,2
33774,2014-07,25,15.2636,96,4
33774,2014-08,26,11.2841,85,7
33774,2014-09,17,9.1870,56,3
33774,2014-10,12,7.3968,45,2
33774,2014-11,18,7.6770,64,5
33774,2014-12,26,15.3993,99,5
33774,2015-01,28,20.7740,122,2
33774,2015-02,27,15.6358,103,4
33774,2015-03,22,11.1207,76,5
33774,2015-04,41,24.3492,156,7
33774,2015-05,28,18.2066,109,4
33774,2015-06,38,24.1998,156,4
33774,2015-07,35,18.4477,131,8
33774,2015-08,35,23.8463,126,3
33774,2015-09,30,19.8097,114,5
33774,2015-10,26,17.2448,96,3
33774,2015-11,28,18.9860,111,4
33774,2015-12,32,19.5345,121,5
33774,2016-01,32,18.3195,119,7
33774,2016-02,39,19.4096,142,9
33774,2016-03,39,23.0021,149,7
33774,2016-04,37,19.7036,127,9
33774,2016-05,38,20.5152,139,7
33774,2016-06,36,27.1632,153,2
33774,2016-07,54,40.1818,230,4
33774,2016-08,46,31.0544,189,6
33774,2016-09,46,28.4949,174,7
33774,2016-10,38,23.5093,139,6
33774,2016-11,34,22.4886,135,4
33774,2016-12,39,25.4469,148,5
33774,2017-01,46,30.3768,165,5
33774,2017-02,29,19.3250,126,4
33774,2017-03,51,37.4520,212,5
33774,2017-04,54,34.4822,206,7
33774,2017-05,71,46.6907,269,11
33774,2017-06,58,38.1397,242,7
33774,2017-07,63,49.6575,262,2
33774,2017-08,40,30.9030,163,2
33774,2017-09,27,11.7935,96,6
33774,2017-10,35,20.1301,136,5
33774,2017-11,49,28.2938,190,10
33774,2017-12,34,21.5122,139,5
33774,2018-01,44,23.6392,158,10
33774,2018-02,42,18.0438,156,11
33774,2018-03,53,26.0500,177,12
33774,2018-04,40,24.0460,144,7
33774,2018-05,31,21.5577,125,3
33774,2018-06,44,22.8870,156,8
33774,2018-07,52,23.8820,194,14
33774,2018-08,56,31.9785,209,9
33774,2018-09,42,23.0290,151,9
33774,2018-10,37,20.5189,138,7
33774,2018-11,23,14.0209,89,4
33774,2018-12,49,31.2016,186,6
33774,2019-01,37,23.6912,147,4
33774,2019-02,34,16.9373,122,8
33774,2019-03,44,34.8112,180,3
33774,2019-04,46,34.2228,178,3
33774,2019-05,61,36.4177,232,9
33774,2019-06,71,42.5157,268,11
33774,2019-07,47,25.9604,185,10
33774,2019-08,49,30.9616,187,6
33774,2019-09,45,22.8328,164,8
33774,2019-10,45,29.0129,184,8
33774,2019-11,36,27.5055,156,3
33774,2019-12,37,21.2489,140,7
33774,2020-01,57,43.6661,241,4
33774,2020-02,54,40.1806,224,5
33774,2020-03,34,25.5004,132,2
33774,2020-04,27,17.9990,109,3
33774,2020-05,30,20.9203,119,4
33774,2020-06,46,31.1623,181,6
33774,2020-07,40,20.4210,136,8
33774,2020-08,35,22.3493,140,6
33774,2020-09,27,15.0620,95,5
33774,2020-10,45,28.3048,164,8
33774,2020-11,32,10.7045,109,12
33774,2020-12,51,30.4033,202,8
33774,2021-01,40,22.4808,150,7
33774,2021-02,38,25.9244,158,5
33774,2021-03,41,14.8528,145,12
33774,2021-04,45,26.2534,180,8
33774,2021-05,50,29.6254,203,10
33774,2021-06,40,21.3873,167,10
33774,2021-07,32,19.6273,126,4
33774,2021-08,34,13.9738,126,10
33774,2021-09,23,13.8592,88,4
33774,2021-10,33,20.9982,127,4
33774,2021-11,31,25.0082,136,2
33774,2021-12,39,23.3736,154,5
33775,2012-04,1,0.1539,5,0
33775,2014-04,1,0.8682,5,0
33775,2014-06,1,0.7783,5,0
33775,2016-06,1,0.9618,5,0
33775,2016-11,1,0.9829,5,0
33775,2017-01,1,0.9814,5,0
33775,2017-02,1,0.9272,5,0
33775,2017-10,1,0.9666,5,0
33775,2018-11,1,0.9709,5,0
33775,2019-03,1,0.8479,5,0
33775,2019-06,1,-0.2919,5,1
33775,2019-08,1,0.9914,5,0
33775,2020-04,1,0.9537,5,0
33775,2020-05,1,0.9615,5,0
33775,2020-10,1,0.9545,5,0
33775,2021-05,1,0.9768,5,0
33776,2012-01,1,0.1857,5,0
33776,2012-02,1,0.9306,5,0
33776,2012-03,2,0.6526,4,1
33776,2012-04,2,0.0246,6,1
33776,2012-06,1,-0.6486,1,1
33776,2012-07,1,-0.2481,1,1
33776,2012-09,2,1.7553,9,0
33776,2012-10,4,2.1888,16,1
33776,2012-11,4,2.3814,13,1
33776,2013-01,3,2.3542,12,0
33776,2013-02,3,1.3777,13,1
33776,2013-03,2,1.5879,3,0
33776,2013-04,2,1.9152,8,0
33776,2013-05,1,0.9867,5,0
33776,2013-06,1,-0.2617,5,1
33776,2013-07,1,0.8807,4,0
33776,2013-08,3,1.4160,11,1
33776,2013-09,1,0.9843,5,0
33776,2013-10,4,3.6685,18,0
33776,2013-11,2,1.7321,7,0
33776,2013-12,6,4.0928,19,1
33776,2014-01,6,5.3396,23,0
33776,2014-02,6,3.8140,22,1
33776,2014-03,9,7.3890,42,0
33776,2014-04,6,1.5764,19,2
33776,2014-05,8,2.6978,28,3
33776,2014-06,7,2.9296,21,2
33776,2014-07,5,3.6205,20,1
33776,2014-08,4,2.3655,15,1
33776,2014-09,3,2.3220,10,0
33776,2014-10,6,5.6306,26,0
33776,2014-11,7,6.0632,30,0
33776,2014-12,4,0.0148,10,2
33776,2015-01,6,3.5206,19,0
33776,2015-02,2,1.9557,10,0
33776,2015-03,7,4.8218,28,1
33776,2015-04,9,3.5165,32,2
33776,2015-05,8,7.3286,35,0
33776,2015-06,13,8.9835,50,1
33776,2015-07,8,7.4137,40,0
33776,2015-08,5,4.3669,23,0
33776,2015-09,6,3.8567,26,1
33776,2015-10,20,11.5981,73,4
33776,2015-11,9,8.2570,43,0
33776,2015-12,16,9.3056,58,3
33776,2016-01,8,2.4384,25,3
33776,2016-02,16,6.5176,50,5
33776,2016-03,10,7.4973,38,1
33776,2016-04,10,1.9307,32,4
33776,2016-05,10,6.0862,36,2
33776,2016-06,6,3.5421,24,1
33776,2016-07,20,7.1427,68,6
33776,2016-08,11,7.7860,44,1
33776,2016-09,8,2.4800,24,3
33776,2016-10,8,4.1425,30,2
33776,2016-11,4,3.7702,19,0
33776,2016-12,13,7.9734,40,3
33776,2017-01,19,13.6666,80,1
33776,2017-02,17,10.8075,63,3
33776,2017-03,11,8.3729,44,1
33776,2017-04,15,11.8035,58,1
33776,2017-05,14,12.4811,56,0
33776,2017-06,10,4.5641,32,2
33776,2017-07,11,10.1575,53,0
33776,2017-08,11,8.2291,48,1
33776,2017-09,14,7.6989,51,2
33776,2017-10,18,13.2218,76,2
33776,2017-11,9,6.4533,36,1
33776,2017-12,11,6.4714,40,2
33776,2018-01,21,15.5472,83,2
33776,2018-02,10,7.5401,44,1
33776,2018-03,14,9.6717,52,1
33776,2018-04,15,10.6401,63,2
33776,2018-05,12,6.6258,39,3
33776,2018-06,15,9.8383,57,2
33776,2018-07,22,14.7663,90,3
33776,2018-08,24,14.2122,93,4
33776,2018-09,13,10.3407,53,1
33776,2018-10,11,7.7275,42,1
33776,2018-11,15,9.4681,52,3
33776,2018-12,10,0.5339,25,5
33776,2019-01,18,10.7280,78,2
33776,2019-02,12,9.3422,46,1
33776,2019-03,21,11.9785,82,4
33776,2019-04,18,10.3343,75,3
33776,2019-05,19,12.2393,75,3
33776,2019-06,16,10.2120,61,3
33776,2019-07,23,16.2096,94,3
33776,2019-08,19,14.1888,79,1
33776,2019-09,12,9.8587,39,1
33776,2019-10,21,12.9316,66,3
33776,2019-11,13,6.8163,48,3
33776,2019-12,13,7.7035,43,1
33776,2020-01,12,4.4829,38,4
33776,2020-02,8,7.1870,26,0
33776,2020-03,9,3.0816,23,3
33776,2020-04,4,2.9648,16,0
33776,2020-05,14,4.9415,41,5
33776,2020-06,19,12.0034,74,3
33776,2020-07,17,12.8150,76,1
33776,2020-08,18,12.0998,71,2
33776,2020-09,7,4.7512,25,1
33776,2020-10,14,9.3366,56,2
33776,2020-11,10,6.2429,35,2
33776,2020-12,5,4.1102,23,0
33776,2021-01,17,7.1017,58,6
33776,2021-02,8,6.5949,32,0
33776,2021-03,17,10.7501,65,3
33776,2021-04,13,1.6461,41,5
33776,2021-05,13,6.2153,48,2
33776,2021-06,17,8.3170,59,4
33776,2021-07,8,3.2495,29,2
33776,2021-08,8,5.5510,30,1
33776,2021-09,18,11.9237,82,2
33776,2021-10,9,2.4845,33,3
33776,2021-11,8,3.8633,34,2
33776,2021-12,11,4.2445,36,2
33777,2012-01,1,-0.3691,1,1
33777,2012-02,4,3.4582,17,0
33777,2012-03,2,1.9589,7,0
33777,2012-04,3,2.6780,13,0
33777,2012-05,4,3.7567,15,0
33777,2012-06,7,4.8193,30,1
33777,2012-07,2,0.1621,7,1
33777,2012-08,4,3.7297,18,0
33777,2012-09,9,7.2307,38,0
33777,2012-10,4,2.5024,15,1
33777,2012-11,4,2.7045,16,1
33777,2012-12,8,2.8211,30,3
33777,2013-01,7,6.6470,30,0
33777,2013-02,8,6.8392,39,0
33777,2013-03,9,0.6851,25,4
33777,2013-04,5,3.1098,20,1
33777,2013-05,9,6.4049,30,1
33777,2013-06,8,4.7310,28,1
33777,2013-07,12,8.6689,48,1
33777,2013-08,16,11.5176,64,1
33777,2013-09,9,7.4470,34,1
33777,2013-10,7,3.2909,28,2
33777,2013-11,5,4.6869,25,0
33777,2013-12,8,5.9398,32,1
33777,2014-01,14,8.9316,50,2
33777,2014-02,10,7.0974,42,1
33777,2014-03,15,13.5726,66,0
33777,2014-04,13,8.6631,54,2
33777,2014-05,15,8.3554,56,2
33777,2014-06,17,9.0297,57,3
33777,2014-07,13,11.9734,60,0
33777,2014-08,17,10.9894,69,2
33777,2014-09,13,6.8347,50,2
33777,2014-10,13,6.3418,47,2
33777,2014-11,24,17.7455,105,2
33777,2014-12,18,8.1971,60,3
33777,2015-01,20,12.8073,78,2
33777,2015-02,16,11.8804,65,1
33777,2015-03,19,9.8089,70,4
33777,2015-04,21,16.1416,75,2
33777,2015-05,22,11.8543,82,3
33777,2015-06,19,12.7303,71,3
33777,2015-07,28,23.4217,117,1
33777,2015-08,24,12.2787,85,5
33777,2015-09,18,12.7111,74,2
33777,2015-10,18,12.2238,73,2
33777,2015-11,22,12.1166,88,5
33777,2015-12,19,11.9764,67,3
33777,2016-01,23,9.4287,74,6
33777,2016-02,20,10.0186,69,5
33777,2016-03,26,17.0570,97,4
33777,2016-04,27,15.8183,102,5
33777,2016-05,24,17.2480,95,2
33777,2016-06,24,15.5642,98,3
33777,2016-07,37,17.4442,131,9
33777,2016-08,20,6.9827,61,6
33777,2016-09,27,19.7256,110,2
33777,2016-10,17,5.5067,59,6
33777,2016-11,14,9.3699,59,2
33777,2016-12,18,14.2095,70,1
33777,2017-01,28,17.2368,101,4
33777,2017-02,20,10.6374,77,4
33777,2017-03,17,6.2349,52,4
33777,2017-04,31,14.8669,112,7
33777,2017-05,23,11.8845,83,4
33777,2017-06,30,17.5045,104,4
33777,2017-07,26,18.0089,105,3
33777,2017-08,29,23.4483,108,1
33777,2017-09,19,14.4363,76,2
33777,2017-10,21,11.2777,76,3
33777,2017-11,16,9.5518,51,2
33777,2017-12,24,14.7696,89,5
33777,2018-01,37,17.4842,138,10
33777,2018-02,28,19.8110,104,2
33777,2018-03,38,18.0819,139,11
33777,2018-04,21,12.3229,68,4
33777,2018-05,25,8.1980,83,8
33777,2018-06,21,8.7515,73,6
33777,2018-07,23,12.8033,86,5
33777,2018-08,27,20.8177,109,1
33777,2018-09,31,8.9923,102,11
33777,2018-10,24,11.1427,83,6
33777,2018-11,21,9.4266,69,5
33777,2018-12,41,15.8588,126,12
33777,2019-01,21,13.9115,85,3
33777,2019-02,20,9.3892,66,5
33777,2019-03,31,19.9047,125,5
33777,2019-04,22,12.2375,85,4
33777,2019-05,22,8.1275,67,7
33777,2019-06,34,16.1071,121,7
33777,2019-07,31,12.5271,109,9
33777,2019-08,27,16.3581,115,5
33777,2019-09,34,22.8580,143,4
33777,2019-10,20,4.4971,57,8
33777,2019-11,19,12.6330,80,3
33777,2019-12,26,20.3208,108,2
33777,2020-01,24,12.9275,94,4
33777,2020-02,16,4.2444,56,6
33777,2020-03,16,9.9825,65,2
33777,2020-04,11,2.7125,30,4
33777,2020-05,17,7.5792,51,3
33777,2020-06,22,9.8385,68,6
33777,2020-07,22,12.2722,86,5
33777,2020-08,23,13.7764,85,4
33777,2020-09,16,3.9083,38,6
33777,2020-10,28,18.9716,104,2
33777,2020-11,16,8.6898,63,3
33777,2020-12,21,9.2102,73,5
33777,2021-01,14,3.2221,46,5
33777,2021-02,20,10.3295,65,5
33777,2021-03,7,4.5378,24,1
33777,2021-04,12,3.5994,42,4
33777,2021-05,20,12.7854,68,2
33777,2021-06,14,6.3526,34,3
33777,2021-07,28,13.9328,98,5
33777,2021-08,20,7.6122,72,5
33777,2021-09,9,2.5902,29,4
33777,2021-10,24,10.2658,90,6
33777,2021-11,29,7.0956,88,11
33777,2021-12,28,8.7021,90,9
33778,2012-01,2,1.8204,7,0
33778,2012-02,2,1.8677,8,0
33778,2012-03,1,0.2874,3,0
33778,2012-05,3,2.4724,11,0
33778,2012-06,6,4.2281,26,0
33778,2012-08,8,5.7468,28,0
33778,2012-09,1,0.8402,4,0
33778,2012-10,4,3.3341,14,0
33778,2012-11,2,1.7456,9,0
33778,2012-12,5,0.9446,19,2
33778,2013-01,5,4.1977,19,0
33778,2013-02,6,5.1153,18,0
33778,2013-03,7,3.2006,21,2
33778,2013-04,5,4.6453,17,0
33778,2013-05,4,3.8341,18,0
33778,2013-06,6,1.0489,16,2
33778,2013-07,6,5.5330,26,0
33778,2013-08,8,6.2138,29,0
33778,2013-09,6,5.4107,25,0
33778,2013-10,6,0.6446,16,3
33778,2013-11,5,1.1082,16,2
33778,2013-12,10,7.1177,37,1
33778,2014-01,12,9.2384,41,0
33778,2014-02,4,3.5524,14,0
33778,2014-03,9,6.6669,33,1
33778,2014-04,11,6.1273,43,2
33778,2014-05,13,9.0122,54,1
33778,2014-06,12,8.7790,47,0
33778,2014-07,10,8.0758,37,1
33778,2014-08,22,11.0335,80,6
33778,2014-09,10,6.4114,34,1
33778,2014-10,10,5.0173,38,1
33778,2014-11,8,5.3175,32,1
33778,2014-12,25,13.7521,89,5
33778,2015-01,24,15.4405,82,3
33778,2015-02,18,11.3326,62,2
33778,2015-03,17,11.1031,60,2
33778,2015-04,25,19.4059,102,2
33778,2015-05,33,20.7712,122,4
33778,2015-06,20,15.0818,86,2
33778,2015-07,29,15.7851,110,7
33778,2015-08,27,19.7494,110,2
33778,2015-09,34,23.6971,134,4
33778,2015-10,33,18.4977,129,7
33778,2015-11,45,30.8456,157,4
33778,2015-12,30,19.1307,113,5
33778,2016-01,18,12.5405,63,2
33778,2016-02,32,22.0034,129,3
33778,2016-03,30,20.7447,110,3
33778,2016-04,38,27.9338,153,4
33778,2016-05,30,17.3965,118,5
33778,2016-06,36,21.3783,133,6
33778,2016-07,41,18.5092,142,8
33778,2016-08,29,7.5147,104,10
33778,2016-09,17,8.8623,68,4
33778,2016-10,38,22.1050,146,8
33778,2016-11,34,17.4371,122,8
33778,2016-12,25,17.4946,99,3
33778,2017-01,34,14.8964,120,6
33778,2017-02,29,19.2844,98,4
33778,2017-03,47,25.4658,155,9
33778,2017-04,39,30.9900,171,2
33778,2017-05,37,14.5719,129,10
33778,2017-06,28,11.2649,96,8
33778,2017-07,39,21.3371,130,8
33778,2017-08,36,21.5084,139,6
33778,2017-09,36,25.0062,143,5
33778,2017-10,34,25.2566,127,4
33778,2017-11,35,14.3963,117,11
33778,2017-12,44,32.3782,191,3
33778,2018-01,58,35.4608,236,11
33778,2018-02,45,26.7943,169,7
33778,2018-03,69,35.8075,263,11
33778,2018-04,53,32.0366,216,9
33778,2018-05,47,35.3094,194,3
33778,2018-06,54,29.5883,205,11
33778,2018-07,63,40.0176,248,7
33778,2018-08,71,39.0595,263,15
33778,2018-09,46,35.2103,197,4
33778,2018-10,59,41.2921,242,7
33778,2018-11,54,37.8402,226,7
33778,2018-12,70,43.1386,263,13
33778,2019-01,55,40.8244,233,5
33778,2019-02,70,46.2523,273,8
33778,2019-03,55,35.6149,216,8
33778,2019-04,53,32.4381,205,7
33778,2019-05,52,35.6023,205,5
33778,2019-06,63,45.0027,263,8
33778,2019-07,63,35.2411,243,14
33778,2019-08,73,49.5846,310,8
33778,2019-09,37,24.9169,153,5
33778,2019-10,39,30.2247,170,2
33778,2019-11,47,30.6501,194,7
33778,2019-12,51,34.9009,187,5
33778,2020-01,51,33.3527,201,6
33778,2020-02,46,28.9610,178,8
33778,2020-03,41,21.0617,144,9
33778,2020-04,22,12.8032,77,3
33778,2020-05,27,17.6555,111,5
33778,2020-06,51,36.0985,208,4
33778,2020-07,41,25.6968,148,6
33778,2020-08,44,25.2450,165,8
33778,2020-09,40,31.7114,175,1
33778,2020-10,27,16.6048,118,4
33778,2020-11,31,12.0540,107,8
33778,2020-12,44,25.1759,168,7
33778,2021-01,31,21.5202,117,4
33778,2021-02,31,12.7466,114,7
33778,2021-03,42,21.4580,148,9
33778,2021-04,44,23.6601,176,9
33778,2021-05,35,23.1297,149,3
33778,2021-06,27,20.8158,121,2
33778,2021-07,59,38.7469,233,8
33778,2021-08,42,20.9571,134,7
33778,2021-09,45,28.0638,177,7
33778,2021-10,41,20.8754,152,9
33778,2021-11,22,6.9941,73,8
33778,2021-12,34,21.9612,142,4
33779,2016-11,1,0.4570,5,0
33779,2017-10,1,0.9543,5,0
33779,2018-01,1,0.2023,5,0
33779,2018-08,1,0.7579,5,0
33779,2018-11,1,0.9022,5,0
33779,2020-01,1,0.9631,5,0
33781,2012-01,24,16.9623,93,2
33781,2012-02,17,12.3849,63,1
33781,2012-03,24,21.2983,89,1
33781,2012-04,36,26.2594,130,4
33781,2012-05,40,18.6265,126,8
33781,2012-06,51,26.6747,182,9
33781,2012-07,49,31.2439,180,5
33781,2012-08,28,20.6099,113,3
33781,2012-09,32,21.7091,113,4
33781,2012-10,47,36.2078,186,3
33781,2012-11,45,34.9768,170,2
33781,2012-12,36,21.4304,138,6
33781,2013-01,53,39.9467,211,3
33781,2013-02,38,21.3978,138,7
33781,2013-03,58,38.8286,217,7
33781,2013-04,55,38.9685,201,4
33781,2013-05,53,35.5122,191,5
33781,2013-06,63,43.4066,236,7
33781,2013-07,71,46.5219,259,10
33781,2013-08,80,48.9563,290,13
33781,2013-09,71,54.0567,283,5
33781,2013-10,56,35.9481,199,8
33781,2013-11,73,39.9127,255,13
33781,2013-12,71,46.7601,263,9
33781,2014-01,80,60.0839,322,6
33781,2014-02,99,73.1900,371,9
33781,2014-03,64,42.8277,246,8
33781,2014-04,97,63.3754,350,13
33781,2014-05,104,64.8476,391,14
33781,2014-06,106,65.9550,393,14
33781,2014-07,116,73.2068,447,19
33781,2014-08,114,85.0172,439,9
33781,2014-09,96,51.9309,323,20
33781,2014-10,98,56.9573,360,16
33781,2014-11,126,70.5487,466,27
33781,2014-12,111,71.1949,410,15
33781,2015-01,141,84.1594,501,26
33781,2015-02,106,63.3036,383,19
33781,2015-03,148,93.1389,559,22
33781,2015-04,127,71.9013,460,25
33781,2015-05,138,79.9381,488,27
33781,2015-06,153,80.7284,543,32
33781,2015-07,168,115.2312,640,18
33781,2015-08,169,111.3306,618,22
33781,2015-09,140,96.9215,515,13
33781,2015-10,127,74.7707,462,23
33781,2015-11,166,109.9602,621,20
33781,2015-12,124,77.9630,474,20
33781,2016-01,166,114.6457,640,16
33781,2016-02,142,84.7174,521,23
33781,2016-03,175,121.3770,702,18
33781,2016-04,172,100.9100,615,29
33781,2016-05,175,108.3791,642,25
33781,2016-06,132,83.6613,499,15
33781,2016-07,184,106.4314,669,32
33781,2016-08,151,71.8992,520,36
33781,2016-09,110,67.0736,409,16
33781,2016-10,127,64.6915,442,27
33781,2016-11,112,73.8890,437,14
33781,2016-12,114,54.6124,396,25
33781,2017-01,140,81.5346,528,25
33781,2017-02,154,74.3316,525,37
33781,2017-03,168,91.3209,590,32
33781,2017-04,168,95.7705,625,30
33781,2017-05,172,75.6014,591,41
33781,2017-06,196,118.0952,750,30
33781,2017-07,206,126.2660,748,31
33781,2017-08,153,82.6078,539,32
33781,2017-09,128,69.8069,459,25
33781,2017-10,142,77.4019,527,27
33781,2017-11,121,70.5842,434,20
33781,2017-12,120,68.3241,430,18
33781,2018-01,166,79.2831,587,42
33781,2018-02,148,74.5975,512,32
33781,2018-03,184,106.1423,669,30
33781,2018-04,153,90.4150,553,24
33781,2018-05,154,76.6783,536,35
33781,2018-06,170,83.9897,594,40
33781,2018-07,180,110.8785,696,28
33781,2018-08,158,104.1311,624,20
33781,2018-09,152,74.6260,562,32
33781,2018-10,118,70.9362,451,16
33781,2018-11,126,81.2036,496,20
33781,2018-12,157,82.2176,566,33
33781,2019-01,185,103.3075,687,36
33781,2019-02,158,84.7820,600,30
33781,2019-03,217,127.5429,800,39
33781,2019-04,199,106.2512,721,38
33781,2019-05,181,99.1512,679,38
33781,2019-06,188,109.7364,682,31
33781,2019-07,202,101.0609,731,45
33781,2019-08,211,126.2595,793,33
33781,2019-09,169,108.3486,640,21
33781,2019-10,191,103.3627,722,37
33781,2019-11,161,107.3310,620,22
33781,2019-12,153,101.5506,601,22
33781,2020-01,193,104.4445,697,36
33781,2020-02,191,106.7259,698,33
33781,2020-03,118,52.0024,425,29
33781,2020-04,54,23.7172,183,13
33781,2020-05,102,45.3013,348,21
33781,2020-06,135,77.2805,493,22
33781,2020-07,99,53.8922,356,17
33781,2020-08,145,62.2569,476,38
33781,2020-09,121,62.2955,446,25
33781,2020-10,120,58.8425,431,27
33781,2020-11,108,59.0162,367,22
33781,2020-12,127,78.2588,517,19
33781,2021-01,125,62.1818,430,29
33781,2021-02,100,48.8302,355,26
33781,2021-03,159,73.2308,535,42
33781,2021-04,141,59.6938,459,36
33781,2021-05,126,37.3171,385,43
33781,2021-06,146,74.8733,538,32
33781,2021-07,162,81.2559,548,35
33781,2021-08,132,57.2638,416,31
33781,2021-09,130,56.5489,428,31
33781,2021-10,123,51.5844,391,34
33781,2021-11,106,47.0285,362,26
33781,2021-12,127,76.9302,490,20
33782,2012-01,5,3.0354,15,1
33782,2012-02,2,1.9259,10,0
33782,2012-03,2,1.5915,10,0
33782,2012-04,1,-0.7506,1,1
33782,2012-05,6,3.9480,22,1
33782,2012-06,6,5.3304,30,0
33782,2012-07,7,3.0868,19,2
33782,2012-08,4,0.9589,11,2
33782,2012-09,7,6.2401,31,0
33782,2012-10,3,2.4384,11,0
33782,2012-11,1,0.9402,2,0
33782,2012-12,5,2.8670,15,1
33782,2013-01,9,6.1667,34,1
33782,2013-02,15,13.2476,62,0
33782,2013-03,6,4.6549,26,0
33782,2013-04,5,4.1498,17,0
33782,2013-05,9,5.1803,25,2
33782,2013-06,6,5.1679,22,0
33782,2013-07,6,0.8843,16,2
33782,2013-08,13,3.7468,44,5
33782,2013-09,4,3.3997,13,0
33782,2013-10,13,7.9156,48,3
33782,2013-11,7,6.3265,32,0
33782,2013-12,8,5.2004,29,1
33782,2014-01,9,8.5550,43,0
33782,2014-02,10,8.4804,39,0
33782,2014-03,13,9.6888,57,2
33782,2014-04,11,9.2222,45,0
33782,2014-05,13,10.3413,50,1
33782,2014-06,18,12.4510,65,1
33782,2014-07,13,10.9667,46,0
33782,2014-08,14,11.3923,56,1
33782,2014-09,16,11.3912,67,2
33782,2014-10,14,10.8423,60,1
33782,2014-11,12,9.5318,45,1
33782,2014-12,19,15.2648,76,0
33782,2015-01,14,8.7126,56,2
33782,2015-02,19,12.5819,77,3
33782,2015-03,20,13.4471,68,2
33782,2015-04,21,13.7673,87,3
33782,2015-05,21,15.0602,79,2
33782,2015-06,20,12.5907,75,4
33782,2015-07,23,11.4450,92,5
33782,2015-08,27,22.6846,120,1
33782,2015-09,28,19.3653,108,4
33782,2015-10,20,15.8337,87,1
33782,2015-11,20,12.1313,73,3
33782,2015-12,29,21.1117,121,3
33782,2016-01,38,32.2869,156,1
33782,2016-02,36,31.5168,169,0
33782,2016-03,37,26.4894,154,4
33782,2016-04,38,26.3295,153,5
33782,2016-05,35,24.4499,148,3
33782,2016-06,35,19.8801,144,6
33782,2016-07,26,17.0000,90,3
33782,2016-08,38,20.4266,140,7
33782,2016-09,25,12.9513,84,4
33782,2016-10,28,16.3761,102,5
33782,2016-11,22,11.1772,73,6
33782,2016-12,18,14.5113,84,1
33782,2017-01,16,6.7840,64,4
33782,2017-02,25,13.8113,90,4
33782,2017-03,25,9.6198,83,8
33782,2017-04,34,24.7147,133,4
33782,2017-05,32,17.3562,124,6
33782,2017-06,43,28.1492,155,6
33782,2017-07,30,18.2819,115,5
33782,2017-08,36,16.9576,140,8
33782,2017-09,25,8.8580,76,8
33782,2017-10,28,21.8224,117,2
33782,2017-11,32,20.6019,125,5
33782,2017-12,40,29.0511,174,2
33782,2018-01,32,22.4946,129,4
33782,2018-02,41,26.6707,157,6
33782,2018-03,36,19.1904,133,6
33782,2018-04,35,18.7938,131,8
33782,2018-05,38,17.7815,138,10
33782,2018-06,45,23.1404,179,9
33782,2018-07,53,30.1297,204,9
33782,2018-08,38,28.8061,166,3
33782,2018-09,31,17.4308,118,6
33782,2018-10,34,17.4437,127,8
33782,2018-11,29,19.7931,108,4
33782,2018-12,40,14.6542,142,12
33782,2019-01,26,18.4391,111,4
33782,2019-02,28,14.1515,101,6
33782,2019-03,36,20.2500,134,5
33782,2019-04,34,20.0723,133,6
33782,2019-05,44,23.8484,165,10
33782,2019-06,49,28.7534,174,7
33782,2019-07,28,16.6507,113,5
33782,2019-08,44,27.5615,162,6
33782,2019-09,34,17.8801,130,7
33782,2019-10,49,23.7664,174,10
33782,2019-11,34,10.8431,104,12
33782,2019-12,21,8.4469,74,6
33782,2020-01,36,17.7591,132,7
33782,2020-02,33,14.2006,117,8
33782,2020-03,26,7.2773,81,9
33782,2020-04,13,7.4985,52,2
33782,2020-05,25,7.4811,80,10
33782,2020-06,29,11.5275,107,8
33782,2020-07,28,10.6712,89,10
33782,2020-08,31,15.3827,108,7
33782,2020-09,20,9.1131,70,4
33782,2020-10,22,16.6176,87,2
33782,2020-11,33,23.6293,127,4
33782,2020-12,22,10.0362,84,5
33782,2021-01,39,21.0133,150,7
33782,2021-02,28,9.6341,102,8
33782,2021-03,13,6.6339,46,2
33782,2021-04,26,10.8874,91,8
33782,2021-05,23,8.3419,80,6
33782,2021-06,26,10.2504,86,6
33782,2021-07,27,11.2999,97,6
33782,2021-08,20,6.4505,61,7
33782,2021-09,23,12.5225,87,4
33782,2021-10,16,5.6873,58,5
33782,2021-11,24,10.3047,84,5
33782,2021-12,25,15.9587,99,4
33785,2012-01,21,15.3841,78,2
33785,2012-02,19,13.6617,75,2
33785,2012-03,24,13.7943,83,5
33785,2012-04,37,25.4992,138,4
33785,2012-05,27,16.6259,102,4
33785,2012-06,34,26.2447,131,2
33785,2012-07,42,31.2591,155,4
33785,2012-08,36,26.4464,127,2
33785,2012-09,35,21.7179,134,5
33785,2012-10,19,15.8145,75,1
33785,2012-11,21,11.6721,82,4
33785,2012-12,22,13.7465,89,3
33785,2013-01,31,21.8076,120,3
33785,2013-02,30,21.8469,115,3
33785,2013-03,46,26.4626,158,8
33785,2013-04,39,27.4213,134,4
33785,2013-05,42,33.2724,165,1
33785,2013-06,51,34.4031,192,4
33785,2013-07,76,57.4511,303,5
33785,2013-08,45,28.4104,175,7
33785,2013-09,56,44.3827,233,4
33785,2013-10,51,33.9500,189,7
33785,2013-11,39,24.1854,152,6
33785,2013-12,47,34.6905,184,5
33785,2014-01,53,38.3744,212,6
33785,2014-02,50,36.5820,215,6
33785,2014-03,86,66.9971,345,6
33785,2014-04,66,44.6092,259,9
33785,2014-05,86,64.5303,344,9
33785,2014-06,100,66.7152,366,14
33785,2014-07,116,87.4795,441,10
33785,2014-08,80,59.2289,313,9
33785,2014-09,73,50.2044,285,10
33785,2014-10,77,59.8213,326,5
33785,2014-11,69,57.7709,274,4
33785,2014-12,58,43.4007,243,4
33785,2015-01,75,58.3984,300,4
33785,2015-02,76,51.5233,301,10
33785,2015-03,139,95.3147,539,15
33785,2015-04,126,91.3199,508,12
33785,2015-05,141,104.6673,567,12
33785,2015-06,141,111.8628,554,8
33785,2015-07,182,131.7742,725,12
33785,2015-08,147,110.4217,582,10
33785,2015-09,106,85.3596,458,5
33785,2015-10,110,78.6677,431,10
33785,2015-11,98,78.9150,417,6
33785,2015-12,105,74.7404,426,12
33785,2016-01,123,91.6891,486,9
33785,2016-02,101,75.8276,420,7
33785,2016-03,124,88.8464,482,14
33785,2016-04,124,93.3408,466,8
33785,2016-05,142,108.2083,573,12
33785,2016-06,167,124.9251,668,16
33785,2016-07,187,143.4692,763,11
33785,2016-08,143,106.7242,577,10
33785,2016-09,100,71.9770,397,11
33785,2016-10,79,59.4513,321,5
33785,2016-11,69,52.4815,269,6
33785,2016-12,93,64.1027,365,8
33785,2017-01,117,81.0085,455,12
33785,2017-02,118,82.5937,448,11
33785,2017-03,138,94.6264,533,16
33785,2017-04,154,103.4078,577,17
33785,2017-05,164,119.2206,665,17
33785,2017-06,181,137.2545,732,11
33785,2017-07,182,128.9589,739,18
33785,2017-08,130,93.7997,525,14
33785,2017-09,84,62.8971,345,7
33785,2017-10,131,96.1135,536,15
33785,2017-11,97,77.9866,415,4
33785,2017-12,108,78.7659,426,7
33785,2018-01,95,60.9619,368,14
33785,2018-02,122,91.4122,490,10
33785,2018-03,182,120.6604,714,25
33785,2018-04,153,107.8124,608,19
33785,2018-05,139,104.5916,567,14
33785,2018-06,191,139.4432,794,18
33785,2018-07,250,182.9906,1003,20
33785,2018-08,158,110.2358,621,18
33785,2018-09,116,76.0106,457,15
33785,2018-10,113,78.1522,450,13
33785,2018-11,108,77.7826,436,8
33785,2018-12,114,86.4077,468,7
33785,2019-01,143,105.3364,581,13
33785,2019-02,153,113.9184,624,11
33785,2019-03,195,138.6461,799,22
33785,2019-04,212,153.4427,859,21
33785,2019-05,209,148.1765,852,25
33785,2019-06,229,162.6682,909,25
33785,2019-07,271,204.9217,1107,22
33785,2019-08,180,124.9256,734,20
33785,2019-09,126,102.8643,556,6
33785,2019-10,130,95.5868,559,13
33785,2019-11,113,82.1884,462,12
33785,2019-12,100,76.1868,403,6
33785,2020-01,148,112.6408,618,12
33785,2020-02,160,107.9812,644,22
33785,2020-03,93,74.0337,418,6
33785,2020-04,27,20.6934,122,2
33785,2020-05,75,55.0981,310,10
33785,2020-06,167,107.5201,649,21
33785,2020-07,173,124.9354,696,15
33785,2020-08,124,94.2341,533,9
33785,2020-09,118,93.8221,512,7
33785,2020-10,126,89.9369,505,10
33785,2020-11,119,90.9049,509,8
33785,2020-12,95,61.2100,387,14
33785,2021-01,110,81.8558,460,8
33785,2021-02,103,70.4795,410,14
33785,2021-03,177,104.7966,660,32
33785,2021-04,160,104.1856,616,24
33785,2021-05,211,134.0170,812,32
33785,2021-06,202,149.6576,824,19
33785,2021-07,168,112.5133,657,22
33785,2021-08,147,102.1874,586,14
33785,2021-09,74,55.8967,311,7
33785,2021-10,129,90.8129,535,13
33785,2021-11,86,64.6582,354,5
33785,2021-12,104,74.6912,429,9
33786,2013-03,1,0.9714,5,0
33786,2013-04,1,0.9191,5,0
33786,2013-10,1,0.9897,4,0
33786,2013-12,1,0.8502,5,0
33786,2014-02,1,-0.9502,1,1
33786,2014-04,1,0.9978,5,0
33786,2014-05,2,0.1509,9,1
33786,2014-06,2,1.9447,9,0
33786,2014-07,1,0.9213,1,0
33786,2014-10,1,0.6158,4,0
33786,2015-06,1,0.3536,1,0
33786,2015-08,2,0.6448,4,1
33786,2015-10,2,1.1933,9,0
33786,2016-01,1,0.9920,5,0
33786,2016-06,1,-0.0900,4,1
33786,2016-07,2,0.0729,9,1
33786,2016-08,2,1.1612,10,0
33786,2016-09,1,0.9382,5,0
33786,2016-10,1,0.7053,2,0
33786,2016-11,1,0.6808,5,0
33786,2016-12,2,1.6869,5,0
33786,2017-03,1,0.8625,5,0
33786,2017-04,1,0.9967,5,0
33786,2017-05,1,-0.6628,1,1
33786,2017-06,1,0.9733,5,0
33786,2017-07,1,0.9913,5,0
33786,2017-10,1,0.9652,5,0
33786,2018-02,1,0.3102,3,0
33786,2018-03,1,0.7717,5,0
33786,2018-04,1,0.9640,5,0
33786,2018-07,1,0.9336,5,0
33786,2019-02,1,0.9242,5,0
33786,2019-03,1,0.9377,5,0
33786,2019-08,1,0.6029,3,0
33786,2019-10,1,-0.2254,2,1
33786,2020-02,1,0.9913,4,0
33786,2020-07,2,-0.0575,5,1
33786,2020-11,1,0.9608,5,0
33786,2020-12,1,0.4576,4,0
33786,2021-01,1,0.9805,3,0
33786,2021-12,1,-0.9424,2,1
37201,2012-01,64,46.2287,218,7
37201,2012-02,57,37.5628,180,7
37201,2012-03,59,41.6139,215,6
37201,2012-04,46,33.8253,158,4
37201,2012-05,71,43.3609,261,14
37201,2012-06,83,56.1547,302,10
37201,2012-07,104,79.0638,367,9
37201,2012-08,69,49.4778,260,7
37201,2012-09,91,62.5665,332,10
37201,2012-10,101,81.7817,376,4
37201,2012-11,81,53.2209,298,11
37201,2012-12,77,47.7293,278,8
37201,2013-01,102,84.1010,390,3
37201,2013-02,83,67.2585,309,2
37201,2013-03,97,71.7924,367,9
37201,2013-04,116,85.6212,439,10
37201,2013-05,117,79.0229,419,14
37201,2013-06,138,99.8786,531,13
37201,2013-07,134,101.5514,524,9
37201,2013-08,124,90.3107,444,11
37201,2013-09,136,94.9500,508,14
37201,2013-10,132,92.2817,483,17
37201,2013-11,139,90.9891,498,21
37201,2013-12,120,81.1861,432,15
37201,2014-01,111,89.1029,426,6
37201,2014-02,77,60.7434,291,5
37201,2014-03,171,102.1895,605,28
37201,2014-04,155,110.3748,572,17
37201,2014-05,231,177.4452,899,18
37201,2014-06,223,148.3265,797,26
37201,2014-07,233,158.8989,847,29
37201,2014-08,213,155.0452,792,23
37201,2014-09,191,128.7638,688,23
37201,2014-10,220,165.1656,850,22
37201,2014-11,190,115.7165,684,31
37201,2014-12,169,109.7821,605,22
37201,2015-01,198,136.3375,745,23
37201,2015-02,168,121.3937,633,14
37201,2015-03,229,162.7602,862,23
37201,2015-04,248,191.5744,971,19
37201,2015-05,261,189.5247,985,21
37201,2015-06,329,229.8277,1268,38
37201,2015-07,325,224.0967,1267,38
37201,2015-08,358,240.9204,1365,47
37201,2015-09,321,232.0026,1253,32
37201,2015-10,370,245.3956,1404,48
37201,2015-11,266,203.7709,1057,20
37201,2015-12,210,143.7653,834,24
37201,2016-01,310,220.2727,1196,31
37201,2016-02,254,190.8679,1000,23
37201,2016-03,353,259.0726,1386,36
37201,2016-04,368,279.1855,1458,29
37201,2016-05,395,265.8563,1500,47
37201,2016-06,426,321.0483,1711,32
37201,2016-07,433,315.6239,1740,43
37201,2016-08,383,268.0130,1459,43
37201,2016-09,323,219.3842,1227,37
37201,2016-10,349,245.8971,1368,40
37201,2016-11,316,197.8870,1192,47
37201,2016-12,278,204.4980,1104,28
37201,2017-01,328,236.0855,1321,31
37201,2017-02,293,191.8449,1133,40
37201,2017-03,445,304.8686,1654,49
37201,2017-04,475,316.8119,1800,58
37201,2017-05,504,339.9882,1892,61
37201,2017-06,526,347.2135,1965,69
37201,2017-07,565,399.5335,2190,55
37201,2017-08,534,375.0860,2039,50
37201,2017-09,466,300.0792,1763,64
37201,2017-10,452,290.7106,1685,67
37201,2017-11,426,305.5631,1676,40
37201,2017-12,353,242.8123,1347,44
37201,2018-01,401,288.5050,1559,43
37201,2018-02,414,300.8502,1666,42
37201,2018-03,579,409.7243,2283,58
37201,2018-04,592,406.4103,2314,75
37201,2018-05,618,403.1888,2337,87
37201,2018-06,699,481.6637,2669,82
37201,2018-07,779,546.3992,3041,83
37201,2018-08,667,436.0090,2516,90
37201,2018-09,630,406.1498,2345,88
37201,2018-10,657,408.8340,2426,98
37201,2018-11,547,358.5092,2026,75
37201,2018-12,510,343.2470,1887,65
37201,2019-01,489,340.2419,1910,60
37201,2019-02,506,373.6122,2017,48
37201,2019-03,720,472.5124,2684,93
37201,2019-04,640,399.7751,2415,94
37201,2019-05,780,499.4171,2919,105
37201,2019-06,780,528.7266,3022,96
37201,2019-07,773,496.6597,2940,117
37201,2019-08,655,453.1761,2590,73
37201,2019-09,676,457.8819,2603,77
37201,2019-10,606,398.2199,2311,80
37201,2019-11,491,302.8026,1805,72
37201,2019-12,439,293.3799,1669,60
37201,2020-01,484,325.5075,1885,65
37201,2020-02,523,374.0467,2068,48
37201,2020-03,330,227.2451,1282,41
37201,2020-04,47,32.8058,189,6
37201,2020-05,74,52.1406,293,7
37201,2020-06,143,107.5849,593,13
37201,2020-07,197,136.4939,801,25
37201,2020-08,198,134.6027,758,26
37201,2020-09,270,190.0697,1088,31
37201,2020-10,347,222.0967,1337,51
37201,2020-11,308,199.9336,1229,44
37201,2020-12,206,149.3594,828,19
37201,2021-01,162,111.0304,638,18
37201,2021-02,226,152.1827,903,27
37201,2021-03,350,232.4563,1341,43
37201,2021-04,372,254.1203,1448,42
37201,2021-05,514,356.7422,2056,58
37201,2021-06,509,332.0549,1973,70
37201,2021-07,523,342.5320,1978,70
37201,2021-08,478,284.9800,1794,83
37201,2021-09,407,255.8570,1524,60
37201,2021-10,439,268.6224,1636,72
37201,2021-11,313,201.0976,1178,44
37201,2021-12,316,204.5635,1234,43
37202,2012-07,1,-0.9424,5,1
37202,2013-02,1,0.6249,1,0
37202,2015-02,1,0.8398,3,0
37202,2017-04,1,-0.8658,1,1
37202,2018-01,2,1.5118,6,0
37202,2018-09,1,0.9794,5,0
37202,2020-04,1,0.8741,5,0
37202,2020-11,1,0.8459,5,0
37202,2021-01,1,-0.9781,1,1
37202,2021-02,1,-0.5175,1,1
37202,2021-04,1,-0.9335,1,1
37202,2021-05,1,0.7767,1,0
37202,2021-06,2,0.1227,5,1
37202,2021-08,1,-0.7713,2,1
37202,2021-09,2,-1.2486,2,2
37202,2021-10,2,-1.1983,2,2
37202,2021-12,2,-1.6183,2,2
37203,2012-01,397,314.6386,1501,27
37203,2012-02,314,245.7850,1192,21
37203,2012-03,282,204.7186,1046,30
37203,2012-04,278,205.7692,1059,30
37203,2012-05,323,253.1095,1193,18
37203,2012-06,328,238.5933,1196,28
37203,2012-07,378,271.4675,1416,37
37203,2012-08,355,255.8533,1330,37
37203,2012-09,370,283.2782,1453,30
37203,2012-10,349,257.8002,1343,30
37203,2012-11,351,274.0803,1342,23
37203,2012-12,357,268.0037,1374,29
37203,2013-01,405,313.0166,1545,33
37203,2013-02,356,260.4769,1304,36
37203,2013-03,453,329.2250,1670,43
37203,2013-04,435,328.4894,1619,35
37203,2013-05,432,298.1604,1581,53
37203,2013-06,401,293.1477,1488,36
37203,2013-07,479,348.3705,1776,43
37203,2013-08,485,347.3959,1806,49
37203,2013-09,448,324.4043,1740,39
37203,2013-10,453,314.9748,1713,54
37203,2013-11,478,345.8734,1773,50
37203,2013-12,475,342.4861,1827,44
37203,2014-01,584,426.2249,2204,59
37203,2014-02,534,384.3666,2000,53
37203,2014-03,620,461.1568,2344,54
37203,2014-04,648,448.5110,2411,74
37203,2014-05,792,580.4852,3031,77
37203,2014-06,649,465.7896,2444,69
37203,2014-07,739,556.4953,2861,57
37203,2014-08,675,481.0026,2576,71
37203,2014-09,614,441.9956,2360,62
37203,2014-10,764,558.5166,2931,72
37203,2014-11,656,473.9284,2571,63
37203,2014-12,606,436.1830,2317,63
37203,2015-01,856,644.9337,3442,68
37203,2015-02,756,540.3779,2955,77
37203,2015-03,843,631.5592,3216,66
37203,2015-04,937,671.4084,3616,99
37203,2015-05,972,696.0250,3763,97
37203,2015-06,1001,732.7780,3962,87
37203,2015-07,1063,781.9134,4199,100
37203,2015-08,1119,772.4818,4376,124
37203,2015-09,928,669.3660,3665,93
37203,2015-10,1016,705.9975,3989,109
37203,2015-11,818,596.8293,3206,79
37203,2015-12,738,527.6558,2943,75
37203,2016-01,976,717.2783,3827,84
37203,2016-02,1057,759.6756,4117,105
37203,2016-03,982,666.9725,3792,124
37203,2016-04,1064,751.1821,4113,111
37203,2016-05,1046,733.1968,4077,109
37203,2016-06,991,707.1547,3925,103
37203,2016-07,1129,802.0084,4389,113
37203,2016-08,1005,711.5960,4021,106
37203,2016-09,1009,680.7510,3828,125
37203,2016-10,976,679.3533,3774,109
37203,2016-11,848,590.5732,3307,92
37203,2016-12,835,579.8052,3282,93
37203,2017-01,977,680.0870,3834,105
37203,2017-02,859,609.6115,3372,88
37203,2017-03,1136,819.9073,4543,106
37203,2017-04,1168,778.5690,4466,140
37203,2017-05,1241,824.3298,4801,151
37203,2017-06,1164,805.1056,4525,127
37203,2017-07,1416,1009.3840,5549,140
37203,2017-08,1305,898.8001,5007,147
37203,2017-09,1163,809.9345,4548,128
37203,2017-10,1187,798.7129,4544,149
37203,2017-11,1123,773.6574,4381,128
37203,2017-12,1007,697.4092,3935,115
37203,2018-01,1158,819.0264,4556,124
37203,2018-02,1105,803.3979,4444,107
37203,2018-03,1431,978.4473,5645,163
37203,2018-04,1414,966.6180,5448,174
37203,2018-05,1507,1048.4237,5963,164
37203,2018-06,1551,1106.0009,6181,158
37203,2018-07,1711,1201.2989,6710,189
37203,2018-08,1483,1003.9357,5666,191
37203,2018-09,1446,958.5023,5543,191
37203,2018-10,1528,1040.5858,5874,185
37203,2018-11,1193,801.6725,4669,160
37203,2018-12,1208,842.8961,4679,137
37203,2019-01,1300,945.2065,5291,135
37203,2019-02,1265,853.5922,4878,160
37203,2019-03,1575,1060.9074,6099,204
37203,2019-04,1437,963.5423,5561,188
37203,2019-05,1531,1004.3372,5889,211
37203,2019-06,1648,1163.6779,6492,178
37203,2019-07,1690,1147.4392,6597,204
37203,2019-08,1625,1127.8295,6466,192
37203,2019-09,1493,991.5200,5756,198
37203,2019-10,1454,971.7200,5603,186
37203,2019-11,1267,830.4446,4887,171
37203,2019-12,1120,786.4880,4415,126
37203,2020-01,1224,845.7844,4710,146
37203,2020-02,1202,822.2806,4707,147
37203,2020-03,739,530.6863,2943,72
37203,2020-04,162,98.4099,603,26
37203,2020-05,283,175.9302,1096,46
37203,2020-06,536,371.9117,2127,61
37203,2020-07,628,430.4814,2470,76
37203,2020-08,664,433.1362,2596,94
37203,2020-09,769,511.7267,2961,89
37203,2020-10,807,523.9466,3128,107
37203,2020-11,681,458.4001,2709,85
37203,2020-12,626,450.3914,2502,61
37203,2021-01,579,376.4072,2296,78
37203,2021-02,619,382.2764,2368,101
37203,2021-03,996,675.7135,3880,122
37203,2021-04,1026,651.9925,3892,156
37203,2021-05,1197,793.9419,4583,151
37203,2021-06,1221,796.2555,4718,170
37203,2021-07,1319,838.9701,4982,184
37203,2021-08,1187,770.5168,4561,168
37203,2021-09,1047,666.2847,3952,143
37203,2021-10,1129,723.5256,4273,164
37203,2021-11,1019,659.5525,3855,141
37203,2021-12,999,639.2244,3852,146
37204,2012-01,118,88.0394,460,13
37204,2012-02,102,81.8693,380,7
37204,2012-03,103,73.0119,385,11
37204,2012-04,97,76.5135,371,6
37204,2012-05,85,66.3245,309,6
37204,2012-06,110,80.1410,412,8
37204,2012-07,105,74.2968,379,10
37204,2012-08,97,73.1814,355,7
37204,2012-09,102,78.1290,392,9
37204,2012-10,99,78.1212,373,4
37204,2012-11,94,64.5002,348,12
37204,2012-12,114,83.5926,434,12
37204,2013-01,119,80.6690,445,15
37204,2013-02,114,86.5086,449,9
37204,2013-03,147,115.7878,573,9
37204,2013-04,137,101.0665,493,12
37204,2013-05,136,92.2289,473,16
37204,2013-06,105,79.1036,384,8
37204,2013-07,130,91.5708,530,15
37204,2013-08,140,95.2122,518,15
37204,2013-09,134,89.4038,481,18
37204,2013-10,134,103.6529,532,8
37204,2013-11,123,89.8738,476,11
37204,2013-12,128,98.1664,509,10
37204,2014-01,164,122.4497,629,14
37204,2014-02,152,116.6443,590,12
37204,2014-03,182,130.8512,690,18
37204,2014-04,153,108.6199,605,19
37204,2014-05,215,169.2943,859,12
37204,2014-06,176,126.2016,699,18
37204,2014-07,271,183.7254,1013,34
37204,2014-08,239,169.4768,877,23
37204,2014-09,207,154.9858,830,21
37204,2014-10,263,187.3086,1015,27
37204,2014-11,207,153.3839,818,21
37204,2014-12,216,145.0799,820,27
37204,2015-01,274,194.1358,1057,31
37204,2015-02,244,179.2153,926,21
37204,2015-03,222,157.6285,861,22
37204,2015-04,236,167.2405,929,25
37204,2015-05,247,162.4761,958,33
37204,2015-06,251,180.0219,974,22
37204,2015-07,279,186.4723,1061,34
37204,2015-08,279,178.5174,1046,35
37204,2015-09,239,169.3056,930,27
37204,2015-10,268,182.5413,1032,31
37204,2015-11,247,171.1044,966,27
37204,2015-12,227,169.5464,915,16
37204,2016-01,280,193.6381,1029,36
37204,2016-02,333,235.0722,1263,36
37204,2016-03,290,204.8377,1138,32
37204,2016-04,315,214.9916,1203,37
37204,2016-05,348,237.1357,1369,42
37204,2016-06,346,267.9941,1372,24
37204,2016-07,379,257.4540,1475,48
37204,2016-08,348,244.2124,1375,40
37204,2016-09,239,156.1973,945,30
37204,2016-10,292,204.3233,1150,34
37204,2016-11,238,165.2680,913,27
37204,2016-12,253,154.1948,941,43
37204,2017-01,272,181.1083,1057,37
37204,2017-02,247,181.1300,989,19
37204,2017-03,259,176.7623,1039,32
37204,2017-04,272,183.0130,1059,36
37204,2017-05,292,198.0246,1117,37
37204,2017-06,329,241.9177,1302,27
37204,2017-07,360,260.7907,1400,36
37204,2017-08,333,253.7825,1348,27
37204,2017-09,336,219.6900,1310,44
37204,2017-10,334,215.0123,1291,45
37204,2017-11,269,202.6224,1137,21
37204,2017-12,286,189.3574,1077,38
37204,2018-01,284,200.7276,1110,32
37204,2018-02,278,197.3026,1137,30
37204,2018-03,364,256.0409,1445,40
37204,2018-04,352,255.3607,1458,36
37204,2018-05,350,218.2634,1363,52
37204,2018-06,355,238.6232,1393,45
37204,2018-07,409,271.7691,1610,54
37204,2018-08,420,308.0158,1708,36
37204,2018-09,366,252.7851,1439,38
37204,2018-10,396,293.7733,1618,38
37204,2018-11,272,188.2093,1080,35
37204,2018-12,283,196.0932,1114,33
37204,2019-01,336,238.7391,1316,34
37204,2019-02,297,208.2267,1165,34
37204,2019-03,375,259.8544,1527,44
37204,2019-04,390,264.0364,1517,50
37204,2019-05,386,283.9006,1544,32
37204,2019-06,404,281.5328,1643,45
37204,2019-07,424,280.5360,1636,57
37204,2019-08,416,303.5384,1712,37
37204,2019-09,348,236.4450,1363,44
37204,2019-10,356,230.7948,1394,46
37204,2019-11,275,183.5336,1090,34
37204,2019-12,276,178.7798,1057,41
37204,2020-01,291,177.2885,1072,45
37204,2020-02,281,189.9993,1093,35
37204,2020-03,211,143.5190,823,25
37204,2020-04,87,54.9327,339,13
37204,2020-05,108,66.4033,412,17
37204,2020-06,213,131.3768,812,34
37204,2020-07,227,152.5861,903,27
37204,2020-08,225,136.0649,871,40
37204,2020-09,210,135.5558,838,32
37204,2020-10,241,154.1862,947,35
37204,2020-11,188,104.7717,707,39
37204,2020-12,189,140.2492,804,16
37204,2021-01,174,123.9873,712,16
37204,2021-02,148,104.2678,585,16
37204,2021-03,249,142.8031,938,44
37204,2021-04,217,134.9415,812,35
37204,2021-05,255,155.7205,976,41
37204,2021-06,274,175.6292,1068,39
37204,2021-07,311,167.2521,1151,65
37204,2021-08,268,165.9638,1033,44
37204,2021-09,240,143.7648,906,41
37204,2021-10,243,150.9638,943,38
37204,2021-11,195,113.7025,724,39
37204,2021-12,199,114.8379,745,40
37205,2012-01,47,37.6481,177,4
37205,2012-02,30,22.6740,113,3
37205,2012-03,45,28.8492,160,5
37205,2012-04,24,14.0220,87,5
37205,2012-05,31,21.8819,110,4
37205,2012-06,33,25.0880,116,2
37205,2012-07,44,34.1719,176,3
37205,2012-08,31,25.2239,132,2
37205,2012-09,29,20.1332,108,3
37205,2012-10,34,23.8914,126,3
37205,2012-11,28,24.7813,113,1
37205,2012-12,48,39.9031,191,1
37205,2013-01,45,29.0274,162,7
37205,2013-02,41,32.1531,160,3
37205,2013-03,45,31.0989,159,5
37205,2013-04,44,35.7383,160,1
37205,2013-05,46,30.5780,168,8
37205,2013-06,39,28.2253,141,4
37205,2013-07,48,35.6561,169,3
37205,2013-08,43,30.8970,158,5
37205,2013-09,54,37.3373,198,5
37205,2013-10,39,27.1664,142,5
37205,2013-11,40,27.4031,165,6
37205,2013-12,31,19.9876,114,4
37205,2014-01,47,31.4795,164,5
37205,2014-02,36,27.8958,142,2
37205,2014-03,55,41.2373,208,4
37205,2014-04,43,33.5962,167,3
37205,2014-05,66,47.2075,258,6
37205,2014-06,38,27.0162,145,5
37205,2014-07,50,35.1845,188,6
37205,2014-08,53,36.6793,211,8
37205,2014-09,44,29.2099,167,7
37205,2014-10,54,38.8688,207,5
37205,2014-11,46,28.7790,173,7
37205,2014-12,46,30.0767,176,7
37205,2015-01,60,37.1972,223,9
37205,2015-02,55,37.0984,205,7
37205,2015-03,72,41.5328,247,13
37205,2015-04,69,51.8907,269,5
37205,2015-05,79,47.9127,276,13
37205,2015-06,71,35.4927,240,17
37205,2015-07,76,45.8961,288,12
37205,2015-08,63,45.2619,250,5
37205,2015-09,56,38.6078,211,6
37205,2015-10,90,57.4556,351,13
37205,2015-11,51,30.0247,181,11
37205,2015-12,69,37.2463,225,13
37205,2016-01,96,58.0838,334,17
37205,2016-02,66,42.0281,258,9
37205,2016-03,76,51.3514,288,7
37205,2016-04,79,46.4859,297,14
37205,2016-05,90,53.8766,316,15
37205,2016-06,64,40.4903,244,9
37205,2016-07,82,52.2427,299,11
37205,2016-08,80,48.4764,292,14
37205,2016-09,65,36.6256,238,15
37205,2016-10,72,50.8190,279,10
37205,2016-11,72,42.8928,258,12
37205,2016-12,76,45.5846,255,13
37205,2017-01,67,46.5877,257,7
37205,2017-02,75,54.4456,291,6
37205,2017-03,55,31.3864,200,9
37205,2017-04,65,39.6693,231,11
37205,2017-05,72,36.7962,257,13
37205,2017-06,72,44.9038,275,12
37205,2017-07,76,47.6790,305,12
37205,2017-08,86,57.4555,325,11
37205,2017-09,75,47.4673,307,11
37205,2017-10,77,38.6014,258,16
37205,2017-11,64,40.4681,235,10
37205,2017-12,71,46.2882,272,10
37205,2018-01,80,54.5559,300,9
37205,2018-02,68,42.4126,257,10
37205,2018-03,70,43.4193,252,11
37205,2018-04,79,52.7821,288,10
37205,2018-05,66,36.2954,242,12
37205,2018-06,79,49.0237,301,12
37205,2018-07,113,73.0273,440,14
37205,2018-08,94,57.0905,363,18
37205,2018-09,86,54.5220,334,13
37205,2018-10,86,54.7464,337,13
37205,2018-11,63,28.9921,217,15
37205,2018-12,76,42.2654,280,15
37205,2019-01,83,37.0403,286,22
37205,2019-02,92,62.1596,373,12
37205,2019-03,96,53.7969,332,19
37205,2019-04,79,38.3513,258,16
37205,2019-05,96,52.9922,338,17
37205,2019-06,82,38.8457,285,20
37205,2019-07,105,64.7041,404,16
37205,2019-08,79,51.8106,316,12
37205,2019-09,77,52.1408,305,10
37205,2019-10,104,65.9108,409,16
37205,2019-11,86,55.4449,319,12
37205,2019-12,91,37.4549,293,22
37205,2020-01,86,43.7340,288,17
37205,2020-02,75,40.0441,261,15
37205,2020-03,40,24.9188,150,6
37205,2020-04,24,13.0586,82,4
37205,2020-05,33,19.9397,135,5
37205,2020-06,60,31.6547,186,12
37205,2020-07,52,29.9004,194,10
37205,2020-08,61,39.4007,241,11
37205,2020-09,58,39.4313,236,7
37205,2020-10,66,43.7104,255,8
37205,2020-11,49,31.3662,193,7
37205,2020-12,67,48.4232,265,5
37205,2021-01,80,47.8494,304,14
37205,2021-02,43,29.3109,167,6
37205,2021-03,91,63.8864,360,11
37205,2021-04,73,44.6123,268,10
37205,2021-05,69,39.8261,260,10
37205,2021-06,67,29.9094,242,18
37205,2021-07,73,37.9836,255,16
37205,2021-08,81,45.5628,292,17
37205,2021-09,61,28.8769,220,13
37205,2021-10,65,38.2977,223,9
37205,2021-11,62,34.7509,222,13
37205,2021-12,56,22.1102,189,15
37206,2012-01,189,155.4584,755,11
37206,2012-02,159,133.8964,628,7
37206,2012-03,109,87.3573,426,6
37206,2012-04,139,114.2022,552,7
37206,2012-05,171,132.7849,670,13
37206,2012-06,147,107.9058,575,16
37206,2012-07,159,131.5249,645,7
37206,2012-08,161,125.6289,629,13
37206,2012-09,172,128.0346,681,16
37206,2012-10,116,91.8695,447,9
37206,2012-11,116,91.5763,466,7
37206,2012-12,130,106.0521,515,8
37206,2013-01,175,143.1818,664,10
37206,2013-02,184,149.9899,717,9
37206,2013-03,208,170.6406,827,13
37206,2013-04,143,107.1945,547,14
37206,2013-05,147,119.9694,587,7
37206,2013-06,185,148.8606,704,11
37206,2013-07,201,150.4446,787,19
37206,2013-08,227,180.6271,930,16
37206,2013-09,179,135.2456,708,16
37206,2013-10,195,152.7952,802,13
37206,2013-11,194,158.6176,794,10
37206,2013-12,195,159.3017,811,9
37206,2014-01,215,176.7312,882,11
37206,2014-02,223,180.3413,913,13
37206,2014-03,323,253.2337,1287,23
37206,2014-04,269,217.9459,1084,12
37206,2014-05,329,272.2003,1344,18
37206,2014-06,345,270.2951,1416,23
37206,2014-07,329,259.7816,1358,21
37206,2014-08,311,248.5291,1275,18
37206,2014-09,254,195.2000,1021,15
37206,2014-10,295,227.0041,1209,19
37206,2014-11,345,245.3220,1408,37
37206,2014-12,224,183.2599,904,10
37206,2015-01,376,299.2370,1546,20
37206,2015-02,306,241.2317,1265,20
37206,2015-03,381,287.7918,1531,31
37206,2015-04,318,234.6602,1273,29
37206,2015-05,348,268.5084,1448,24
37206,2015-06,349,267.0623,1444,27
37206,2015-07,442,336.8731,1775,31
37206,2015-08,423,307.1708,1717,37
37206,2015-09,392,287.8124,1603,32
37206,2015-10,381,304.7346,1593,20
37206,2015-11,292,217.6990,1186,21
37206,2015-12,267,195.7390,1101,28
37206,2016-01,384,278.5618,1556,33
37206,2016-02,329,261.6390,1393,19
37206,2016-03,386,282.7153,1574,32
37206,2016-04,390,289.3453,1586,29
37206,2016-05,409,298.4650,1631,34
37206,2016-06,413,305.7569,1703,31
37206,2016-07,406,294.1008,1647,42
37206,2016-08,343,250.0801,1356,31
37206,2016-09,334,234.4930,1350,37
37206,2016-10,388,290.4963,1595,30
37206,2016-11,306,239.4641,1246,20
37206,2016-12,302,228.0740,1239,24
37206,2017-01,292,210.0461,1195,28
37206,2017-02,289,202.8413,1135,32
37206,2017-03,374,264.1343,1500,37
37206,2017-04,390,300.2639,1636,29
37206,2017-05,405,280.5709,1650,47
37206,2017-06,415,300.7317,1661,39
37206,2017-07,493,353.6597,2006,52
37206,2017-08,463,339.4962,1853,43
37206,2017-09,423,309.4349,1688,40
37206,2017-10,404,302.3684,1637,33
37206,2017-11,314,222.9530,1263,34
37206,2017-12,301,218.0844,1245,30
37206,2018-01,325,250.4318,1320,22
37206,2018-02,337,258.4179,1387,23
37206,2018-03,486,380.7654,2064,32
37206,2018-04,421,319.3516,1776,37
37206,2018-05,398,298.8741,1643,31
37206,2018-06,464,357.4943,1967,38
37206,2018-07,479,375.8832,2004,31
37206,2018-08,466,360.2937,1877,32
37206,2018-09,440,335.4442,1824,29
37206,2018-10,429,328.0379,1804,30
37206,2018-11,357,260.1971,1458,36
37206,2018-12,323,237.5936,1314,27
37206,2019-01,376,272.3721,1562,38
37206,2019-02,402,288.7840,1622,41
37206,2019-03,462,329.2381,1829,48
37206,2019-04,433,313.9300,1763,41
37206,2019-05,443,331.9718,1798,42
37206,2019-06,469,368.3063,1978,28
37206,2019-07,487,361.2730,1987,43
37206,2019-08,453,344.3506,1902,30
37206,2019-09,442,331.4418,1802,40
37206,2019-10,471,352.1732,1956,36
37206,2019-11,371,285.4332,1535,23
37206,2019-12,340,247.3340,1435,33
37206,2020-01,391,291.6863,1648,34
37206,2020-02,398,290.5335,1656,40
37206,2020-03,156,127.2957,689,7
37206,2020-04,61,46.4407,271,4
37206,2020-05,124,95.9073,547,7
37206,2020-06,170,132.9865,733,10
37206,2020-07,219,164.9838,931,18
37206,2020-08,228,163.3708,960,22
37206,2020-09,213,161.2819,939,17
37206,2020-10,278,192.5592,1164,33
37206,2020-11,236,185.6022,1020,15
37206,2020-12,238,166.0166,954,27
37206,2021-01,249,178.4929,1009,30
37206,2021-02,208,143.6241,848,25
37206,2021-03,279,182.6750,1124,38
37206,2021-04,313,210.6277,1241,35
37206,2021-05,329,227.7207,1347,37
37206,2021-06,337,245.7906,1392,32
37206,2021-07,327,231.4304,1282,33
37206,2021-08,339,233.0613,1345,39
37206,2021-09,287,193.2639,1171,37
37206,2021-10,328,231.0503,1318,36
37206,2021-11,230,156.2535,941,30
37206,2021-12,247,158.4821,949,30
37207,2012-01,16,10.2974,55,0
37207,2012-02,16,9.4572,56,3
37207,2012-03,11,9.7597,42,0
37207,2012-04,18,11.1123,69,3
37207,2012-05,19,14.3847,75,1
37207,2012-06,21,9.5955,70,6
37207,2012-07,17,7.3396,62,5
37207,2012-08,19,15.6655,82,0
37207,2012-09,19,15.9785,64,0
37207,2012-10,17,10.8926,52,2
37207,2012-11,17,9.0335,62,3
37207,2012-12,16,11.9918,58,1
37207,2013-01,22,14.0872,89,4
37207,2013-02,19,12.3247,70,3
37207,2013-03,17,14.6816,62,0
37207,2013-04,23,11.2504,83,5
37207,2013-05,31,22.6869,107,3
37207,2013-06,23,21.2315,96,0
37207,2013-07,31,16.4177,105,8
37207,2013-08,35,25.4155,128,3
37207,2013-09,22,15.9356,95,2
37207,2013-10,16,5.1874,52,5
37207,2013-11,25,12.5029,95,5
37207,2013-12,22,11.5212,80,3
37207,2014-01,21,13.5523,81,2
37207,2014-02,23,14.6430,88,3
37207,2014-03,34,19.3282,116,6
37207,2014-04,35,15.7103,112,8
37207,2014-05,44,31.9606,160,3
37207,2014-06,47,26.1297,158,9
37207,2014-07,41,27.9556,148,5
37207,2014-08,42,24.6944,160,8
37207,2014-09,29,16.6581,108,5
37207,2014-10,25,10.9582,78,6
37207,2014-11,29,18.2242,118,5
37207,2014-12,35,17.7826,129,7
37207,2015-01,33,20.8395,122,4
37207,2015-02,32,15.6908,121,6
37207,2015-03,45,31.7282,173,4
37207,2015-04,47,22.4806,165,13
37207,2015-05,36,17.8144,131,8
37207,2015-06,43,16.3189,151,11
37207,2015-07,48,28.8803,174,6
37207,2015-08,42,18.4067,138,10
37207,2015-09,34,26.5946,124,2
37207,2015-10,50,14.2735,148,15
37207,2015-11,45,25.7286,171,7
37207,2015-12,41,20.9518,142,9
37207,2016-01,43,27.4374,162,5
37207,2016-02,62,42.0577,247,7
37207,2016-03,47,22.0511,165,11
37207,2016-04,47,25.6810,168,10
37207,2016-05,69,44.0703,237,9
37207,2016-06,69,34.8684,246,16
37207,2016-07,84,37.6463,292,20
37207,2016-08,82,37.6258,309,20
37207,2016-09,57,28.8485,197,13
37207,2016-10,50,28.6331,181,9
37207,2016-11,47,33.7771,170,4
37207,2016-12,58,31.8802,213,10
37207,2017-01,55,24.7918,199,12
37207,2017-02,56,30.9173,197,11
37207,2017-03,52,26.6240,179,11
37207,2017-04,70,21.6377,218,26
37207,2017-05,76,33.5723,256,19
37207,2017-06,74,22.1034,222,26
37207,2017-07,66,20.7129,207,22
37207,2017-08,80,40.3636,289,16
37207,2017-09,58,22.5568,202,16
37207,2017-10,68,43.0650,234,9
37207,2017-11,57,25.9166,184,13
37207,2017-12,60,35.5581,214,11
37207,2018-01,65,33.8623,232,13
37207,2018-02,63,39.2080,232,11
37207,2018-03,87,46.8423,312,17
37207,2018-04,83,57.7979,329,10
37207,2018-05,106,60.3781,385,18
37207,2018-06,111,56.5216,406,24
37207,2018-07,111,69.2379,398,16
37207,2018-08,104,57.7321,385,20
37207,2018-09,91,46.8655,313,22
37207,2018-10,82,46.4105,291,15
37207,2018-11,94,61.0174,351,14
37207,2018-12,77,38.8695,273,16
37207,2019-01,63,37.5208,235,11
37207,2019-02,74,32.9153,259,19
37207,2019-03,103,55.7661,374,21
37207,2019-04,77,45.4004,294,15
37207,2019-05,100,50.8764,366,22
37207,2019-06,100,55.6220,367,21
37207,2019-07,124,58.7189,426,31
37207,2019-08,102,64.7196,378,13
37207,2019-09,97,55.9279,359,16
37207,2019-10,76,41.5927,269,16
37207,2019-11,76,46.7850,293,12
37207,2019-12,78,38.4030,277,21
37207,2020-01,71,42.9812,263,12
37207,2020-02,74,37.7020,274,18
37207,2020-03,50,28.0569,192,10
37207,2020-04,30,13.2928,106,8
37207,2020-05,37,25.4581,138,3
37207,2020-06,88,42.5583,318,22
37207,2020-07,64,43.3401,251,7
37207,2020-08,54,33.7141,217,8
37207,2020-09,55,36.8899,236,6
37207,2020-10,59,38.8251,240,8
37207,2020-11,46,25.6785,182,7
37207,2020-12,60,36.2258,226,9
37207,2021-01,54,30.0337,206,12
37207,2021-02,41,24.6829,168,8
37207,2021-03,46,26.9988,183,8
37207,2021-04,58,35.6847,224,9
37207,2021-05,77,31.3576,272,23
37207,2021-06,72,42.0746,259,10
37207,2021-07,91,34.2154,305,27
37207,2021-08,69,36.6930,245,15
37207,2021-09,62,30.1752,223,17
37207,2021-10,63,29.7830,200,14
37207,2021-11,52,29.4121,191,8
37207,2021-12,47,19.4167,148,11
37208,2012-01,47,41.1032,198,2
37208,2012-02,46,36.1466,181,4
37208,2012-03,35,28.8330,143,2
37208,2012-04,30,26.6213,136,0
37208,2012-05,41,30.2876,170,4
37208,2012-06,47,39.9466,191,0
37208,2012-07,55,48.5137,235,1
37208,2012-08,51,40.6461,205,3
37208,2012-09,46,36.9601,194,4
37208,2012-10,56,43.8886,233,3
37208,2012-11,43,35.9454,183,2
37208,2012-12,60,50.3781,248,3
37208,2013-01,98,81.7601,412,4
37208,2013-02,73,46.1113,285,12
37208,2013-03,93,70.8682,379,10
37208,2013-04,62,55.2669,244,1
37208,2013-05,86,66.6067,321,6
37208,2013-06,83,63.2534,325,7
37208,2013-07,60,40.8094,238,7
37208,2013-08,83,68.0306,351,5
37208,2013-09,79,59.3148,326,6
37208,2013-10,67,51.4661,261,3
37208,2013-11,57,43.1857,241,5
37208,2013-12,49,38.8540,186,1
37208,2014-01,65,57.7604,274,2
37208,2014-02,67,49.4968,269,7
37208,2014-03,93,72.1315,384,6
37208,2014-04,75,60.0017,321,5
37208,2014-05,117,100.4364,494,3
37208,2014-06,117,83.6970,461,13
37208,2014-07,111,83.5993,451,9
37208,2014-08,100,79.2351,428,7
37208,2014-09,85,68.5158,345,6
37208,2014-10,111,81.2347,456,10
37208,2014-11,99,76.2572,410,8
37208,2014-12,72,60.2790,306,3
37208,2015-01,78,66.1621,333,2
37208,2015-02,102,81.9585,442,4
37208,2015-03,124,93.6028,499,10
37208,2015-04,142,105.7041,571,14
37208,2015-05,170,128.5076,684,14
37208,2015-06,179,139.8549,713,13
37208,2015-07,184,137.9375,736,13
37208,2015-08,160,122.5953,643,12
37208,2015-09,154,129.1182,627,4
37208,2015-10,161,123.4719,643,11
37208,2015-11,120,94.3123,513,10
37208,2015-12,108,88.3767,464,5
37208,2016-01,144,123.1807,627,4
37208,2016-02,182,151.0873,798,9
37208,2016-03,168,134.0904,715,13
37208,2016-04,152,110.0985,597,14
37208,2016-05,185,135.1373,742,19
37208,2016-06,194,150.7992,804,13
37208,2016-07,179,138.3484,744,14
37208,2016-08,193,154.6730,815,11
37208,2016-09,136,99.8688,544,12
37208,2016-10,137,108.7709,551,7
37208,2016-11,129,104.0283,543,8
37208,2016-12,135,111.1491,586,5
37208,2017-01,169,130.4304,705,12
37208,2017-02,169,129.8297,685,14
37208,2017-03,223,173.8364,941,19
37208,2017-04,283,223.9597,1186,15
37208,2017-05,237,181.9317,968,19
37208,2017-06,213,165.5662,914,14
37208,2017-07,243,189.6505,1014,16
37208,2017-08,208,160.7561,883,15
37208,2017-09,218,160.5849,908,22
37208,2017-10,190,138.9583,799,19
37208,2017-11,181,133.0623,746,17
37208,2017-12,163,132.9929,696,9
37208,2018-01,163,133.3764,706,9
37208,2018-02,205,150.7553,843,22
37208,2018-03,241,187.1956,1001,17
37208,2018-04,236,168.8847,941,26
37208,2018-05,264,195.1004,1059,22
37208,2018-06,265,207.1626,1094,20
37208,2018-07,323,248.8657,1355,27
37208,2018-08,239,173.5718,962,21
37208,2018-09,277,220.7376,1169,17
37208,2018-10,264,195.1182,1098,26
37208,2018-11,221,172.3864,918,15
37208,2018-12,216,161.8198,874,19
37208,2019-01,259,206.1381,1087,16
37208,2019-02,239,191.3961,1008,14
37208,2019-03,308,227.0800,1272,26
37208,2019-04,278,211.2647,1175,25
37208,2019-05,314,240.1130,1292,23
37208,2019-06,320,240.6885,1320,25
37208,2019-07,346,274.3479,1449,22
37208,2019-08,322,243.1326,1327,28
37208,2019-09,314,213.3540,1254,38
37208,2019-10,294,221.8679,1219,31
37208,2019-11,201,142.8807,838,23
37208,2019-12,190,153.7699,808,9
37208,2020-01,224,174.3566,937,16
37208,2020-02,244,168.3322,990,30
37208,2020-03,102,75.7641,426,10
37208,2020-04,34,26.6221,139,1
37208,2020-05,59,49.5240,265,2
37208,2020-06,125,97.0141,558,7
37208,2020-07,116,85.8814,503,12
37208,2020-08,129,98.1902,563,13
37208,2020-09,139,106.0547,591,11
37208,2020-10,175,126.7834,736,18
37208,2020-11,132,100.1857,559,11
37208,2020-12,160,126.2211,708,10
37208,2021-01,134,109.5212,585,5
37208,2021-02,135,99.4006,572,13
37208,2021-03,171,130.5720,727,17
37208,2021-04,203,147.3152,837,21
37208,2021-05,207,149.2894,826,20
37208,2021-06,181,115.6123,704,26
37208,2021-07,225,152.8555,880,27
37208,2021-08,218,163.9009,894,18
37208,2021-09,170,120.6383,691,16
37208,2021-10,183,134.6026,775,17
37208,2021-11,136,102.3506,573,11
37208,2021-12,145,101.1578,594,15
37209,2012-01,99,70.3942,350,9
37209,2012-02,52,33.7244,176,9
37209,2012-03,77,60.9413,290,5
37209,2012-04,65,53.1668,249,2
37209,2012-05,93,65.5677,332,9
37209,2012-06,67,40.2299,237,10
37209,2012-07,86,58.2405,320,10
37209,2012-08,74,48.8489,267,9
37209,2012-09,79,46.7594,288,14
37209,2012-10,65,48.4116,242,5
37209,2012-11,98,80.6790,370,3
37209,2012-12,83,61.4918,325,8
37209,2013-01,76,57.0194,291,8
37209,2013-02,124,92.1348,470,13
37209,2013-03,115,85.3083,407,9
37209,2013-04,110,68.0054,394,17
37209,2013-05,97,75.6988,360,6
37209,2013-06,107,71.4564,378,15
37209,2013-07,114,74.2354,418,16
37209,2013-08,99,71.9168,379,9
37209,2013-09,104,72.4845,403,11
37209,2013-10,91,65.3576,335,7
37209,2013-11,86,57.4626,328,11
37209,2013-12,109,79.8500,407,10
37209,2014-01,153,106.1053,580,19
37209,2014-02,113,78.5285,421,15
37209,2014-03,119,84.4600,459,13
37209,2014-04,106,76.3972,415,9
37209,2014-05,146,100.8109,556,19
37209,2014-06,137,92.3019,505,15
37209,2014-07,132,78.1099,468,24
37209,2014-08,143,97.2434,526,15
37209,2014-09,120,75.4100,445,18
37209,2014-10,142,101.2525,544,15
37209,2014-11,123,85.1437,487,15
37209,2014-12,141,78.1823,497,27
37209,2015-01,203,116.6402,743,37
37209,2015-02,168,103.0619,610,24
37209,2015-03,178,115.7962,678,22
37209,2015-04,144,94.7006,549,17
37209,2015-05,188,132.1995,713,19
37209,2015-06,190,138.6418,743,19
37209,2015-07,253,177.4142,993,28
37209,2015-08,262,178.2335,998,33
37209,2015-09,203,130.6987,744,27
37209,2015-10,226,145.4635,815,36
37209,2015-11,187,117.4424,695,26
37209,2015-12,163,94.4591,580,26
37209,2016-01,209,143.3499,801,25
37209,2016-02,179,110.4015,680,29
37209,2016-03,215,147.5557,807,27
37209,2016-04,224,120.1094,816,47
37209,2016-05,222,136.3014,838,38
37209,2016-06,261,149.0888,920,45
37209,2016-07,307,196.4396,1136,45
37209,2016-08,289,181.4173,1071,41
37209,2016-09,242,171.0231,916,25
37209,2016-10,231,141.4735,882,39
37209,2016-11,185,119.3415,688,25
37209,2016-12,225,126.4759,805,38
37209,2017-01,249,158.3520,933,35
37209,2017-02,237,154.6360,891,32
37209,2017-03,274,175.2831,1038,37
37209,2017-04,257,148.2076,927,46
37209,2017-05,310,174.4781,1134,56
37209,2017-06,298,187.6868,1065,48
37209,2017-07,364,235.8032,1379,51
37209,2017-08,350,230.2690,1301,43
37209,2017-09,338,220.3954,1311,42
37209,2017-10,330,254.9547,1363,21
37209,2017-11,265,176.3686,1033,34
37209,2017-12,280,184.7945,1068,39
37209,2018-01,299,206.1505,1154,34
37209,2018-02,277,190.7598,1099,33
37209,2018-03,342,230.7602,1347,44
37209,2018-04,323,242.1963,1327,28
37209,2018-05,279,187.6427,1134,37
37209,2018-06,382,249.7683,1502,53
37209,2018-07,404,280.8545,1638,48
37209,2018-08,351,233.2005,1399,41
37209,2018-09,303,184.0504,1132,48
37209,2018-10,329,199.0701,1227,56
37209,2018-11,251,153.7490,974,41
37209,2018-12,273,177.0495,1048,37
37209,2019-01,320,199.8054,1233,48
37209,2019-02,300,179.4276,1140,47
37209,2019-03,340,200.2826,1294,58
37209,2019-04,318,206.1815,1211,47
37209,2019-05,284,192.3915,1116,34
37209,2019-06,352,234.3667,1370,46
37209,2019-07,342,221.2255,1323,45
37209,2019-08,305,203.0502,1186,39
37209,2019-09,336,195.3438,1218,53
37209,2019-10,360,223.8371,1421,54
37209,2019-11,296,191.5591,1167,39
37209,2019-12,310,211.3924,1238,37
37209,2020-01,295,196.6639,1172,38
37209,2020-02,300,212.7517,1234,29
37209,2020-03,238,163.5281,949,25
37209,2020-04,115,84.2945,493,9
37209,2020-05,185,122.8747,746,25
37209,2020-06,239,145.6697,931,40
37209,2020-07,254,167.9429,1016,35
37209,2020-08,296,196.2946,1168,37
37209,2020-09,242,159.1461,966,32
37209,2020-10,258,179.6948,1045,29
37209,2020-11,224,147.7513,910,28
37209,2020-12,219,142.8946,896,30
37209,2021-01,253,175.4570,1027,29
37209,2021-02,191,126.4877,763,24
37209,2021-03,294,207.4334,1191,30
37209,2021-04,314,217.2267,1302,35
37209,2021-05,289,187.7890,1167,40
37209,2021-06,313,194.2767,1232,50
37209,2021-07,319,221.2371,1278,39
37209,2021-08,283,174.0230,1101,44
37209,2021-09,244,148.6593,919,35
37209,2021-10,307,184.4996,1176,54
37209,2021-11,232,137.9245,864,37
37209,2021-12,248,155.4157,981,38
37210,2012-01,15,12.0407,61,1
37210,2012-02,27,20.8687,105,2
37210,2012-03,21,17.1638,90,1
37210,2012-04,20,16.5615,87,2
37210,2012-05,18,10.4432,62,2
37210,2012-06,17,10.0229,67,4
37210,2012-07,19,12.7955,70,2
37210,2012-08,29,19.3785,118,3
37210,2012-09,24,13.0851,91,6
37210,2012-10,28,18.2607,104,3
37210,2012-11,20,14.0607,82,2
37210,2012-12,16,12.9971,70,1
37210,2013-01,26,18.7032,92,3
37210,2013-02,18,7.9078,66,4
37210,2013-03,31,19.1212,120,5
37210,2013-04,23,15.5877,89,3
37210,2013-05,29,26.9485,117,0
37210,2013-06,47,37.1031,177,3
37210,2013-07,50,45.0712,211,1
37210,2013-08,52,40.1380,200,3
37210,2013-09,42,32.1854,173,3
37210,2013-10,37,26.3189,136,4
37210,2013-11,46,34.4827,185,5
37210,2013-12,88,74.7821,348,3
37210,2014-01,75,62.2048,327,4
37210,2014-02,62,43.6434,231,8
37210,2014-03,94,61.4968,337,13
37210,2014-04,78,57.8656,300,8
37210,2014-05,89,61.4662,347,11
37210,2014-06,71,47.6618,276,9
37210,2014-07,72,40.1882,261,14
37210,2014-08,70,46.9628,272,9
37210,2014-09,79,48.8266,303,13
37210,2014-10,68,43.3905,266,11
37210,2014-11,75,58.5749,295,7
37210,2014-12,66,38.4605,232,12
37210,2015-01,109,84.3658,451,7
37210,2015-02,74,57.3489,310,6
37210,2015-03,120,97.0225,495,6
37210,2015-04,110,76.4403,430,13
37210,2015-05,100,67.2533,374,11
37210,2015-06,112,70.6593,414,15
37210,2015-07,107,70.8183,415,13
37210,2015-08,108,70.3804,414,13
37210,2015-09,102,73.1706,390,11
37210,2015-10,99,66.2231,387,13
37210,2015-11,90,65.0906,350,9
37210,2015-12,71,37.9244,241,16
37210,2016-01,104,71.5848,397,11
37210,2016-02,100,70.6346,398,12
37210,2016-03,97,64.2436,373,12
37210,2016-04,97,59.8625,348,14
37210,2016-05,120,84.2532,467,13
37210,2016-06,108,72.9202,409,12
37210,2016-07,106,72.3280,402,13
37210,2016-08,111,74.9464,443,12
37210,2016-09,86,64.7576,346,8
37210,2016-10,108,68.6976,390,13
37210,2016-11,109,69.6628,421,17
37210,2016-12,87,56.3109,346,13
37210,2017-01,124,67.6923,452,26
37210,2017-02,73,45.6364,283,10
37210,2017-03,101,74.3075,410,7
37210,2017-04,133,86.6610,532,21
37210,2017-05,106,75.2118,435,12
37210,2017-06,115,81.4089,449,14
37210,2017-07,125,84.0760,473,15
37210,2017-08,143,93.3299,548,20
37210,2017-09,109,58.0778,379,23
37210,2017-10,111,66.5311,418,20
37210,2017-11,105,67.8093,421,14
37210,2017-12,90,69.3731,373,8
37210,2018-01,104,66.7767,416,13
37210,2018-02,94,64.8523,369,11
37210,2018-03,112,70.6662,452,17
37210,2018-04,102,64.7003,401,16
37210,2018-05,114,77.7386,452,12
37210,2018-06,112,70.9795,422,15
37210,2018-07,137,84.6758,517,24
37210,2018-08,114,80.0336,468,14
37210,2018-09,111,56.3183,404,24
37210,2018-10,119,76.1240,431,16
37210,2018-11,99,63.7284,372,15
37210,2018-12,89,54.7459,338,15
37210,2019-01,129,74.7392,483,26
37210,2019-02,109,63.4377,405,19
37210,2019-03,123,94.2726,512,11
37210,2019-04,110,59.2699,380,23
37210,2019-05,111,65.2460,422,21
37210,2019-06,142,94.3870,554,19
37210,2019-07,155,101.3537,589,22
37210,2019-08,127,73.2487,471,23
37210,2019-09,126,94.7804,513,13
37210,2019-10,165,103.3810,645,27
37210,2019-11,95,63.3070,382,13
37210,2019-12,81,47.6228,292,13
37210,2020-01,91,59.4882,365,13
37210,2020-02,83,50.8338,322,13
37210,2020-03,54,36.9660,220,6
37210,2020-04,22,15.9419,92,2
37210,2020-05,28,11.6701,94,8
37210,2020-06,55,35.6460,218,8
37210,2020-07,58,26.5412,227,14
37210,2020-08,80,34.3624,274,22
37210,2020-09,67,33.0484,240,17
37210,2020-10,85,64.7141,360,7
37210,2020-11,63,47.0455,277,6
37210,2020-12,54,43.6895,244,2
37210,2021-01,73,55.5092,311,6
37210,2021-02,41,26.2037,159,7
37210,2021-03,95,59.7417,397,14
37210,2021-04,75,41.9922,289,14
37210,2021-05,91,61.1529,385,9
37210,2021-06,90,59.7321,373,12
37210,2021-07,123,86.7093,511,13
37210,2021-08,69,49.2829,270,5
37210,2021-09,74,42.4785,271,13
37210,2021-10,86,57.7361,343,11
37210,2021-11,70,38.2974,263,13
37210,2021-12,66,37.1697,247,13
37211,2012-01,94,64.9788,358,11
37211,2012-02,86,63.1630,321,9
37211,2012-03,68,53.5310,269,4
37211,2012-04,79,59.3521,286,7
37211,2012-05,64,43.0813,232,9
37211,2012-06,87,58.5766,319,12
37211,2012-07,93,62.8624,326,10
37211,2012-08,73,50.0802,259,7
37211,2012-09,72,51.8150,269,6
37211,2012-10,75,44.7965,277,12
37211,2012-11,62,43.7602,243,7
37211,2012-12,99,67.5634,351,10
37211,2013-01,98,66.8434,359,11
37211,2013-02,65,47.3261,247,6
37211,2013-03,112,76.8317,414,14
37211,2013-04,101,64.5739,371,15
37211,2013-05,86,58.8880,305,10
37211,2013-06,91,56.2307,331,14
37211,2013-07,100,46.2945,319,23
37211,2013-08,109,64.5717,373,19
37211,2013-09,142,83.1167,500,27
37211,2013-10,116,68.0878,424,18
37211,2013-11,91,55.3999,323,14
37211,2013-12,101,65.5381,372,14
37211,2014-01,122,85.8733,459,13
37211,2014-02,112,69.8850,431,15
37211,2014-03,158,95.5174,600,24
37211,2014-04,135,86.9797,491,18
37211,2014-05,126,82.9816,491,16
37211,2014-06,142,87.4503,516,23
37211,2014-07,146,79.9185,531,29
37211,2014-08,151,87.3379,567,26
37211,2014-09,136,81.2395,480,19
37211,2014-10,149,84.4324,555,27
37211,2014-11,132,79.6438,486,20
37211,2014-12,130,80.6870,440,18
37211,2015-01,191,118.2523,760,28
37211,2015-02,135,85.8988,484,19
37211,2015-03,161,105.5130,600,24
37211,2015-04,176,107.9434,667,28
37211,2015-05,202,104.9403,718,43
37211,2015-06,162,82.5528,591,37
37211,2015-07,199,116.4221,764,34
37211,2015-08,195,131.1044,767,18
37211,2015-09,191,126.0521,732,27
37211,2015-10,206,118.3085,756,36
37211,2015-11,138,81.6821,526,26
37211,2015-12,145,86.7508,540,25
37211,2016-01,201,127.8067,755,28
37211,2016-02,164,109.9943,662,20
37211,2016-03,206,122.7998,794,32
37211,2016-04,203,128.1205,800,31
37211,2016-05,234,131.8241,865,43
37211,2016-06,235,138.9712,902,39
37211,2016-07,276,175.8004,1093,40
37211,2016-08,318,207.4696,1254,43
37211,2016-09,295,191.9018,1143,36
37211,2016-10,263,170.4577,1014,36
37211,2016-11,199,122.3500,788,30
37211,2016-12,209,138.2052,812,28
37211,2017-01,231,151.4222,917,29
37211,2017-02,216,129.5562,824,37
37211,2017-03,255,158.8868,1006,37
37211,2017-04,234,130.2015,878,45
37211,2017-05,230,135.0403,863,38
37211,2017-06,289,172.7177,1094,46
37211,2017-07,274,154.1267,1021,52
37211,2017-08,242,144.3483,924,41
37211,2017-09,217,142.7441,869,27
37211,2017-10,237,142.3468,900,40
37211,2017-11,229,126.4580,830,42
37211,2017-12,194,126.2000,741,25
37211,2018-01,206,119.3390,814,34
37211,2018-02,220,143.1705,869,27
37211,2018-03,279,170.8932,1082,40
37211,2018-04,244,147.8169,916,35
37211,2018-05,284,174.3719,1104,43
37211,2018-06,300,176.4080,1145,48
37211,2018-07,293,168.2576,1145,50
37211,2018-08,358,203.5175,1375,70
37211,2018-09,291,176.1478,1117,43
37211,2018-10,253,168.4952,973,28
37211,2018-11,225,134.8507,886,37
37211,2018-12,216,140.8135,829,27
37211,2019-01,260,170.2942,1015,37
37211,2019-02,240,139.2335,888,42
37211,2019-03,308,185.0500,1153,48
37211,2019-04,286,182.9052,1127,40
37211,2019-05,295,166.7472,1089,50
37211,2019-06,302,179.6037,1153,50
37211,2019-07,311,161.1095,1117,61
37211,2019-08,290,167.2445,1082,51
37211,2019-09,282,165.6195,1071,46
37211,2019-10,254,141.1648,923,50
37211,2019-11,211,138.6056,840,30
37211,2019-12,219,118.9300,791,43
37211,2020-01,216,136.3884,843,31
37211,2020-02,194,108.4840,743,38
37211,2020-03,156,86.6228,590,31
37211,2020-04,119,67.1204,459,20
37211,2020-05,147,71.7929,538,32
37211,2020-06,210,119.4242,806,35
37211,2020-07,219,119.1224,810,41
37211,2020-08,197,111.9760,746,37
37211,2020-09,211,122.7137,807,33
37211,2020-10,228,129.1953,820,40
37211,2020-11,175,94.9820,667,31
37211,2020-12,231,118.9261,898,49
37211,2021-01,195,117.0706,775,30
37211,2021-02,169,104.5176,672,25
37211,2021-03,180,108.1538,706,31
37211,2021-04,220,119.2212,819,43
37211,2021-05,240,147.0001,929,36
37211,2021-06,224,139.1499,903,34
37211,2021-07,247,133.8559,926,49
37211,2021-08,216,101.6401,794,48
37211,2021-09,169,96.1325,661,30
37211,2021-10,189,101.2862,718,32
37211,2021-11,126,50.6782,458,35
37211,2021-12,130,74.0597,480,25
37212,2012-01,148,108.7575,519,16
37212,2012-02,150,121.0386,567,9
37212,2012-03,118,85.1821,430,14
37212,2012-04,113,86.5219,419,9
37212,2012-05,99,77.0433,371,6
37212,2012-06,138,106.3667,505,11
37212,2012-07,119,92.3119,431,8
37212,2012-08,115,90.8084,441,8
37212,2012-09,153,117.5540,575,13
37212,2012-10,116,76.3892,417,15
37212,2012-11,97,73.9438,357,9
37212,2012-12,89,60.2067,333,12
37212,2013-01,124,103.7214,483,6
37212,2013-02,126,99.1086,465,9
37212,2013-03,128,96.0743,484,10
37212,2013-04,141,106.7118,498,11
37212,2013-05,120,96.1608,458,4
37212,2013-06,117,90.5861,449,9
37212,2013-07,150,113.1437,574,12
37212,2013-08,165,125.5823,627,13
37212,2013-09,118,85.6180,455,12
37212,2013-10,133,104.4429,502,9
37212,2013-11,116,94.3266,442,7
37212,2013-12,122,92.3730,472,10
37212,2014-01,148,116.2432,578,10
37212,2014-02,111,79.5810,411,13
37212,2014-03,184,145.3295,690,9
37212,2014-04,183,128.7456,692,20
37212,2014-05,224,164.4352,843,24
37212,2014-06,178,128.7793,685,20
37212,2014-07,181,127.6614,660,20
37212,2014-08,163,114.8398,602,16
37212,2014-09,172,118.3399,672,19
37212,2014-10,155,109.7893,586,18
37212,2014-11,121,91.0051,487,9
37212,2014-12,136,103.6886,526,11
37212,2015-01,167,105.9925,608,23
37212,2015-02,139,106.6939,559,8
37212,2015-03,164,126.8572,653,9
37212,2015-04,178,130.7233,699,14
37212,2015-05,198,139.1020,756,20
37212,2015-06,190,145.1924,723,11
37212,2015-07,155,106.2925,590,20
37212,2015-08,184,118.9340,677,27
37212,2015-09,178,122.8867,674,23
37212,2015-10,183,137.3440,726,15
37212,2015-11,167,109.8471,647,22
37212,2015-12,143,89.7960,537,21
37212,2016-01,204,163.3416,843,12
37212,2016-02,196,131.1944,735,25
37212,2016-03,222,158.7648,837,22
37212,2016-04,171,104.3052,616,25
37212,2016-05,193,130.7812,714,24
37212,2016-06,211,148.2165,820,22
37212,2016-07,230,165.6393,866,20
37212,2016-08,209,153.1023,820,19
37212,2016-09,189,135.1613,754,18
37212,2016-10,170,114.3958,633,21
37212,2016-11,162,116.2337,649,17
37212,2016-12,185,132.0915,709,20
37212,2017-01,213,155.9507,851,23
37212,2017-02,166,115.0279,630,18
37212,2017-03,200,150.8853,825,14
37212,2017-04,174,121.4025,676,17
37212,2017-05,211,134.5743,781,25
37212,2017-06,213,148.5084,839,22
37212,2017-07,215,151.4091,860,24
37212,2017-08,181,117.9272,695,25
37212,2017-09,166,105.5546,621,24
37212,2017-10,217,163.9156,867,16
37212,2017-11,220,156.0017,871,18
37212,2017-12,192,135.8054,721,21
37212,2018-01,195,143.0818,765,18
37212,2018-02,232,162.3055,896,30
37212,2018-03,270,191.6709,1062,29
37212,2018-04,233,163.5267,915,25
37212,2018-05,206,136.9805,787,27
37212,2018-06,237,161.0225,960,28
37212,2018-07,267,173.9775,1056,35
37212,2018-08,230,150.6507,872,34
37212,2018-09,192,134.0521,756,20
37212,2018-10,222,159.9557,870,24
37212,2018-11,205,150.4945,835,16
37212,2018-12,174,138.1747,733,9
37212,2019-01,198,129.0447,768,25
37212,2019-02,201,144.1225,823,20
37212,2019-03,269,195.4666,1122,25
37212,2019-04,226,157.0085,924,23
37212,2019-05,210,158.9203,882,12
37212,2019-06,268,198.3715,1092,24
37212,2019-07,286,195.2094,1147,33
37212,2019-08,249,158.0916,968,38
37212,2019-09,229,157.1048,909,27
37212,2019-10,222,160.0928,906,19
37212,2019-11,185,127.4359,752,22
37212,2019-12,183,131.4680,740,17
37212,2020-01,150,99.0195,569,20
37212,2020-02,202,145.7740,802,20
37212,2020-03,118,85.9884,493,11
37212,2020-04,38,25.7583,152,5
37212,2020-05,48,19.7112,166,14
37212,2020-06,109,76.2089,442,12
37212,2020-07,122,86.0661,512,16
37212,2020-08,145,98.4697,573,18
37212,2020-09,127,86.5128,491,16
37212,2020-10,126,86.6138,505,14
37212,2020-11,120,82.9369,476,14
37212,2020-12,139,107.8953,601,9
37212,2021-01,146,115.6265,626,9
37212,2021-02,117,94.7220,495,7
37212,2021-03,141,98.1031,568,18
37212,2021-04,177,119.3793,700,23
37212,2021-05,194,125.0132,758,30
37212,2021-06,207,150.9008,839,14
37212,2021-07,184,112.9233,683,26
37212,2021-08,190,118.6047,710,29
37212,2021-09,171,106.6018,654,28
37212,2021-10,162,98.3295,595,23
37212,2021-11,125,96.6429,511,9
37212,2021-12,156,106.2975,589,20
37213,2012-01,12,9.4066,52,1
37213,2012-02,9,8.4630,33,0
37213,2012-03,8,4.7311,33,1
37213,2012-04,11,9.3023,42,0
37213,2012-05,7,4.7615,28,1
37213,2012-06,8,3.6451,27,2
37213,2012-07,11,7.4622,35,1
37213,2012-08,7,4.0988,31,1
37213,2012-09,5,2.7572,14,1
37213,2012-10,6,3.0714,20,1
37213,2012-11,8,3.1389,21,3
37213,2012-12,14,4.7078,41,5
37213,2013-01,17,9.7184,52,3
37213,2013-02,9,3.7494,29,2
37213,2013-03,11,9.1458,43,0
37213,2013-04,13,8.5445,46,2
37213,2013-05,9,5.1245,26,2
37213,2013-06,14,8.5814,46,2
37213,2013-07,13,5.1312,44,4
37213,2013-08,8,5.3500,22,1
37213,2013-09,9,3.2153,31,3
37213,2013-10,9,7.1113,24,0
37213,2013-11,8,3.0527,18,2
37213,2013-12,12,3.2167,38,4
37213,2014-01,13,8.4184,46,2
37213,2014-02,10,6.4810,36,1
37213,2014-03,23,17.4770,72,2
37213,2014-04,15,11.7818,62,1
37213,2014-05,27,16.1606,86,5
37213,2014-06,14,10.2876,55,1
37213,2014-07,20,12.7436,64,3
37213,2014-08,16,4.9142,52,5
37213,2014-09,12,6.8494,40,2
37213,2014-10,17,8.3920,62,4
37213,2014-11,13,9.2461,59,1
37213,2014-12,16,8.3897,60,4
37213,2015-01,11,10.1391,43,0
37213,2015-02,10,4.5056,29,3
37213,2015-03,12,7.5702,44,2
37213,2015-04,23,15.9614,84,3
37213,2015-05,18,9.0654,57,6
37213,2015-06,20,14.4968,70,1
37213,2015-07,25,20.1539,105,1
37213,2015-08,17,6.6078,59,5
37213,2015-09,14,5.8360,47,4
37213,2015-10,24,11.3817,74,7
37213,2015-11,16,8.4525,50,4
37213,2015-12,17,7.4127,50,4
37213,2016-01,12,9.3365,44,1
37213,2016-02,13,6.5657,41,2
37213,2016-03,19,13.5139,66,1
37213,2016-04,14,10.3071,56,1
37213,2016-05,18,11.0201,63,3
37213,2016-06,21,10.2895,67,5
37213,2016-07,19,12.4168,70,1
37213,2016-08,14,2.8644,39,5
37213,2016-09,20,8.2265,67,5
37213,2016-10,15,10.0113,56,2
37213,2016-11,12,9.7181,47,1
37213,2016-12,14,11.0970,46,1
37213,2017-01,14,5.5679,38,4
37213,2017-02,14,5.3097,42,4
37213,2017-03,13,7.6056,50,2
37213,2017-04,15,8.8598,50,2
37213,2017-05,15,9.8785,59,1
37213,2017-06,17,10.6464,57,3
37213,2017-07,29,10.7403,90,9
37213,2017-08,10,6.9274,39,1
37213,2017-09,17,12.1000,70,2
37213,2017-10,24,15.1218,82,3
37213,2017-11,10,7.1096,42,1
37213,2017-12,4,-0.6767,10,2
37213,2018-01,16,9.8182,50,3
37213,2018-02,13,6.1072,39,3
37213,2018-03,13,6.3098,41,3
37213,2018-04,16,11.3041,62,1
37213,2018-05,17,8.0825,72,4
37213,2018-06,20,10.7781,68,3
37213,2018-07,13,12.1287,55,0
37213,2018-08,31,22.0608,127,3
37213,2018-09,14,4.0847,43,4
37213,2018-10,19,11.0490,54,3
37213,2018-11,8,2.8572,25,2
37213,2018-12,21,13.1376,71,3
37213,2019-01,11,4.6289,32,3
37213,2019-02,8,3.4132,28,2
37213,2019-03,11,6.2090,40,1
37213,2019-04,9,5.4996,36,2
37213,2019-05,19,11.1907,65,2
37213,2019-06,15,4.3305,37,6
37213,2019-07,14,4.9929,44,4
37213,2019-08,12,5.6020,40,3
37213,2019-09,4,3.6441,18,0
37213,2019-10,10,4.9295,37,2
37213,2019-11,8,3.9951,34,1
37213,2019-12,6,3.6769,22,1
37213,2020-01,4,2.7496,20,0
37213,2020-02,4,0.0366,10,2
37213,2020-03,4,1.5325,16,1
37213,2020-04,2,0.6003,6,1
37213,2020-05,3,2.5813,13,0
37213,2020-06,1,0.9843,5,0
37213,2020-07,1,0.8715,5,0
37213,2020-08,5,4.5504,25,0
37213,2020-09,5,2.7993,21,1
37213,2020-10,4,2.0913,16,1
37213,2020-11,2,0.2212,6,1
37213,2020-12,3,1.0129,12,1
37213,2021-01,2,0.3948,6,1
37213,2021-02,4,3.2576,20,0
37213,2021-03,3,2.7650,11,0
37213,2021-04,4,3.7431,16,0
37213,2021-05,12,10.2540,52,1
37213,2021-06,6,3.4247,25,1
37213,2021-07,13,10.4085,57,1
37213,2021-08,16,5.2598,53,6
37213,2021-09,11,6.9730,42,2
37213,2021-10,8,4.4872,36,2
37213,2021-11,3,2.8873,14,0
37213,2021-12,4,1.9930,16,1
37214,2012-01,78,45.3836,259,13
37214,2012-02,73,49.3189,255,10
37214,2012-03,103,76.8649,328,7
37214,2012-04,117,70.3017,384,17
37214,2012-05,95,57.7443,317,17
37214,2012-06,100,64.6171,337,15
37214,2012-07,144,98.6160,482,15
37214,2012-08,109,71.6653,378,16
37214,2012-09,93,57.0849,314,13
37214,2012-10,91,54.4382,282,13
37214,2012-11,88,52.2104,293,17
37214,2012-12,98,57.9157,336,15
37214,2013-01,114,65.1028,399,20
37214,2013-02,96,55.9487,310,17
37214,2013-03,126,69.9325,401,24
37214,2013-04,139,82.4651,464,22
37214,2013-05,139,82.9279,469,21
37214,2013-06,156,86.3646,508,28
37214,2013-07,151,90.8041,503,21
37214,2013-08,180,104.6158,596,27
37214,2013-09,130,73.1731,393,23
37214,2013-10,154,91.4264,503,24
37214,2013-11,127,71.3902,407,22
37214,2013-12,171,76.6192,529,43
37214,2014-01,160,98.4960,545,23
37214,2014-02,149,88.8391,488,23
37214,2014-03,209,118.3359,679,36
37214,2014-04,184,87.8220,577,45
37214,2014-05,229,153.1978,804,28
37214,2014-06,231,140.2840,749,35
37214,2014-07,255,118.7390,809,61
37214,2014-08,230,128.6040,770,41
37214,2014-09,206,125.5402,713,32
37214,2014-10,261,143.0866,884,50
37214,2014-11,189,104.2285,609,36
37214,2014-12,193,100.3822,600,34
37214,2015-01,229,121.8667,734,42
37214,2015-02,208,104.7482,666,44
37214,2015-03,257,131.4192,798,59
37214,2015-04,241,116.4665,764,53
37214,2015-05,317,168.6709,1042,59
37214,2015-06,349,187.6922,1147,68
37214,2015-07,359,194.4667,1159,67
37214,2015-08,284,169.2798,986,46
37214,2015-09,291,162.4577,956,49
37214,2015-10,323,170.0696,1038,64
37214,2015-11,248,119.2085,793,57
37214,2015-12,278,130.0841,896,63
37214,2016-01,257,145.4555,879,48
37214,2016-02,237,132.0592,784,45
37214,2016-03,307,131.7003,981,73
37214,2016-04,313,192.7489,1079,43
37214,2016-05,388,218.0514,1371,68
37214,2016-06,411,217.9300,1352,87
37214,2016-07,411,211.8829,1376,88
37214,2016-08,384,204.8836,1342,75
37214,2016-09,283,138.5564,950,66
37214,2016-10,338,157.2406,1115,83
37214,2016-11,253,126.0050,816,57
37214,2016-12,274,122.2018,896,71
37214,2017-01,240,121.9773,812,51
37214,2017-02,267,147.0602,907,53
37214,2017-03,330,174.5238,1112,68
37214,2017-04,369,198.4910,1287,75
37214,2017-05,365,177.5301,1219,84
37214,2017-06,379,197.3983,1250,76
37214,2017-07,472,254.8874,1545,91
37214,2017-08,407,208.6216,1342,86
37214,2017-09,368,182.8843,1199,84
37214,2017-10,400,194.1408,1331,95
37214,2017-11,316,168.1603,1065,59
37214,2017-12,333,153.4979,1045,78
37214,2018-01,377,200.6568,1324,76
37214,2018-02,307,165.3535,1031,61
37214,2018-03,463,253.1081,1592,88
37214,2018-04,453,205.8215,1419,115
37214,2018-05,471,234.7913,1527,105
37214,2018-06,503,283.3352,1761,93
37214,2018-07,535,278.6484,1813,109
37214,2018-08,570,258.1268,1829,144
37214,2018-09,463,251.1352,1544,91
37214,2018-10,505,235.0158,1685,120
37214,2018-11,395,180.0672,1288,93
37214,2018-12,411,175.7607,1298,110
37214,2019-01,397,217.4864,1364,80
37214,2019-02,389,207.4294,1332,76
37214,2019-03,463,229.7679,1507,105
37214,2019-04,423,175.5905,1338,114
37214,2019-05,499,235.9396,1656,119
37214,2019-06,528,269.7918,1758,104
37214,2019-07,537,257.3085,1751,122
37214,2019-08,493,262.0759,1677,104
37214,2019-09,483,234.7514,1625,105
37214,2019-10,487,202.2017,1550,125
37214,2019-11,402,172.3348,1251,107
37214,2019-12,383,167.8794,1207,99
37214,2020-01,308,164.0570,1056,64
37214,2020-02,300,150.3966,997,62
37214,2020-03,225,131.8669,838,39
37214,2020-04,77,43.7935,287,14
37214,2020-05,89,45.2629,300,18
37214,2020-06,165,83.2316,584,38
37214,2020-07,212,115.4148,758,41
37214,2020-08,197,108.6980,700,39
37214,2020-09,197,95.1915,680,41
37214,2020-10,202,109.6737,744,39
37214,2020-11,184,88.6430,646,45
37214,2020-12,249,154.2016,913,40
37214,2021-01,165,73.7709,554,45
37214,2021-02,171,97.8026,636,31
37214,2021-03,266,134.6399,896,60
37214,2021-04,250,109.8081,809,63
37214,2021-05,284,125.3249,927,75
37214,2021-06,337,152.2387,1092,79
37214,2021-07,411,185.7830,1329,98
37214,2021-08,343,142.2728,1101,92
37214,2021-09,289,135.5351,982,70
37214,2021-10,347,175.4503,1174,69
37214,2021-11,319,174.4310,1119,63
37214,2021-12,294,138.0181,994,72
37215,2012-01,99,73.2867,360,8
37215,2012-02,114,88.2550,413,8
37215,2012-03,89,65.3526,308,8
37215,2012-04,62,34.6331,219,13
37215,2012-05,69,38.8495,244,16
37215,2012-06,77,57.1254,299,6
37215,2012-07,89,71.1527,338,3
37215,2012-08,82,53.8720,289,11
37215,2012-09,97,65.3708,344,12
37215,2012-10,92,62.3563,333,11
37215,2012-11,69,52.7339,265,3
37215,2012-12,81,62.1238,306,7
37215,2013-01,89,55.6804,313,14
37215,2013-02,86,63.9358,301,7
37215,2013-03,101,66.4476,342,15
37215,2013-04,87,55.6661,292,14
37215,2013-05,95,71.6013,368,7
37215,2013-06,84,64.2213,312,7
37215,2013-07,115,79.8524,402,15
37215,2013-08,112,75.1258,404,12
37215,2013-09,125,91.2662,436,11
37215,2013-10,85,51.9438,328,14
37215,2013-11,84,62.0318,299,7
37215,2013-12,98,64.6904,366,11
37215,2014-01,120,85.6538,446,12
37215,2014-02,86,48.4336,293,17
37215,2014-03,122,74.5181,439,18
37215,2014-04,98,59.5412,373,15
37215,2014-05,102,70.4323,378,11
37215,2014-06,106,65.7334,399,16
37215,2014-07,128,82.3209,458,19
37215,2014-08,117,77.3526,427,13
37215,2014-09,121,73.7910,432,19
37215,2014-10,128,79.7282,484,17
37215,2014-11,127,76.5114,466,18
37215,2014-12,99,56.7608,342,16
37215,2015-01,147,87.5751,545,25
37215,2015-02,103,80.2900,387,4
37215,2015-03,121,71.5202,422,21
37215,2015-04,120,73.3940,431,19
37215,2015-05,112,76.0755,407,14
37215,2015-06,121,84.8204,469,12
37215,2015-07,142,91.5199,522,19
37215,2015-08,149,80.5134,521,27
37215,2015-09,125,79.0538,460,19
37215,2015-10,172,103.8765,601,30
37215,2015-11,134,85.6016,494,19
37215,2015-12,110,70.3598,413,15
37215,2016-01,132,79.4607,479,24
37215,2016-02,122,76.8655,447,18
37215,2016-03,140,84.0654,523,26
37215,2016-04,121,79.3194,455,18
37215,2016-05,122,71.5589,417,20
37215,2016-06,123,81.0337,466,18
37215,2016-07,127,55.3243,403,34
37215,2016-08,137,76.4298,471,24
37215,2016-09,136,91.5104,523,16
37215,2016-10,102,49.7340,356,23
37215,2016-11,100,69.9379,392,11
37215,2016-12,131,73.0353,463,23
37215,2017-01,131,61.0364,429,30
37215,2017-02,95,46.7858,330,23
37215,2017-03,122,71.3260,415,20
37215,2017-04,111,64.4637,421,21
37215,2017-05,118,58.6237,416,24
37215,2017-06,160,88.2734,570,29
37215,2017-07,139,82.7142,496,20
37215,2017-08,126,60.1065,436,30
37215,2017-09,152,88.0094,534,25
37215,2017-10,111,61.8338,389,21
37215,2017-11,100,56.9496,347,18
37215,2017-12,116,58.9887,416,26
37215,2018-01,127,58.2570,403,34
37215,2018-02,122,65.1303,428,26
37215,2018-03,151,81.4198,551,31
37215,2018-04,129,58.4143,442,34
37215,2018-05,126,62.6008,442,30
37215,2018-06,123,66.3261,437,24
37215,2018-07,157,87.0487,558,31
37215,2018-08,151,87.8035,558,26
37215,2018-09,179,95.7039,618,37
37215,2018-10,190,116.2037,688,32
37215,2018-11,166,101.1716,584,25
37215,2018-12,141,80.2907,510,25
37215,2019-01,167,99.3151,583,27
37215,2019-02,145,73.2129,489,31
37215,2019-03,151,87.6424,525,28
37215,2019-04,177,106.2201,641,27
37215,2019-05,193,102.3221,688,40
37215,2019-06,205,122.3646,778,35
37215,2019-07,242,128.7019,862,50
37215,2019-08,198,122.4270,741,32
37215,2019-09,196,117.5227,729,34
37215,2019-10,199,112.0752,748,39
37215,2019-11,137,86.7429,507,22
37215,2019-12,149,95.3383,555,21
37215,2020-01,166,107.0501,651,26
37215,2020-02,158,85.6190,549,31
37215,2020-03,113,64.9758,391,20
37215,2020-04,36,13.3619,124,10
37215,2020-05,60,37.0011,222,10
37215,2020-06,86,47.9173,330,15
37215,2020-07,82,47.0330,320,15
37215,2020-08,102,58.4371,391,16
37215,2020-09,110,74.6644,436,10
37215,2020-10,117,79.4745,455,15
37215,2020-11,77,52.2951,304,10
37215,2020-12,100,52.1290,370,21
37215,2021-01,94,57.2867,363,15
37215,2021-02,96,59.6241,357,13
37215,2021-03,90,57.5223,343,13
37215,2021-04,99,49.9605,349,23
37215,2021-05,139,73.3879,504,30
37215,2021-06,109,70.0139,404,15
37215,2021-07,119,51.3971,410,33
37215,2021-08,137,65.3786,487,37
37215,2021-09,117,54.1327,393,28
37215,2021-10,105,50.0255,355,25
37215,2021-11,95,46.5504,341,22
37215,2021-12,102,45.8918,336,25
37216,2012-01,35,26.5522,134,2
37216,2012-02,28,24.1439,123,1
37216,2012-03,25,20.1635,93,1
37216,2012-04,17,13.5513,76,1
37216,2012-05,21,15.9200,81,2
37216,2012-06,25,20.8885,102,0
37216,2012-07,20,15.2105,90,1
37216,2012-08,16,12.9274,66,1
37216,2012-09,22,17.8713,94,1
37216,2012-10,26,20.1622,104,2
37216,2012-11,21,15.2049,87,1
37216,2012-12,21,10.7206,85,6
37216,2013-01,38,30.8742,162,1
37216,2013-02,31,21.0486,128,4
37216,2013-03,33,28.2307,139,0
37216,2013-04,33,23.3030,131,3
37216,2013-05,29,18.9647,118,4
37216,2013-06,38,29.5636,153,2
37216,2013-07,28,18.7007,102,4
37216,2013-08,45,33.6448,185,4
37216,2013-09,37,28.1759,156,2
37216,2013-10,25,17.0317,109,3
37216,2013-11,25,16.2174,100,4
37216,2013-12,39,28.3372,163,2
37216,2014-01,37,29.7359,158,2
37216,2014-02,40,28.2667,150,4
37216,2014-03,47,30.1537,183,7
37216,2014-04,36,29.0138,154,2
37216,2014-05,37,26.4068,153,5
37216,2014-06,28,20.9482,126,1
37216,2014-07,42,30.1935,174,5
37216,2014-08,43,25.2560,159,8
37216,2014-09,41,31.1641,170,3
37216,2014-10,36,26.6588,139,3
37216,2014-11,45,32.7091,185,4
37216,2014-12,44,30.7608,178,4
37216,2015-01,59,50.6743,260,1
37216,2015-02,33,24.7113,138,3
37216,2015-03,55,33.4277,214,8
37216,2015-04,52,45.9542,227,1
37216,2015-05,63,45.2317,257,7
37216,2015-06,75,50.4349,302,10
37216,2015-07,62,45.8596,241,5
37216,2015-08,49,31.3542,196,8
37216,2015-09,52,39.1099,225,4
37216,2015-10,70,45.8952,284,9
37216,2015-11,43,32.2020,188,3
37216,2015-12,57,41.6017,232,5
37216,2016-01,45,26.8439,179,6
37216,2016-02,74,54.7034,306,7
37216,2016-03,83,50.8883,324,13
37216,2016-04,57,36.1908,235,8
37216,2016-05,66,49.2492,268,7
37216,2016-06,84,54.5288,326,11
37216,2016-07,71,58.2985,306,0
37216,2016-08,60,38.0071,233,9
37216,2016-09,68,49.8968,278,7
37216,2016-10,65,49.9709,267,5
37216,2016-11,57,35.3607,215,10
37216,2016-12,60,40.8005,222,6
37216,2017-01,57,36.8469,214,7
37216,2017-02,65,42.4460,265,6
37216,2017-03,87,57.4542,343,9
37216,2017-04,92,68.0730,378,8
37216,2017-05,74,55.1172,292,7
37216,2017-06,78,53.0387,321,10
37216,2017-07,101,73.6570,407,9
37216,2017-08,85,54.0811,324,12
37216,2017-09,85,55.8847,321,10
37216,2017-10,100,71.0841,402,9
37216,2017-11,64,40.3968,247,9
37216,2017-12,65,35.7876,231,11
37216,2018-01,70,44.6124,289,11
37216,2018-02,70,35.4334,267,16
37216,2018-03,73,38.0828,259,16
37216,2018-04,64,49.5850,257,5
37216,2018-05,68,49.2024,281,6
37216,2018-06,80,49.8391,293,13
37216,2018-07,82,55.7041,320,11
37216,2018-08,69,28.9005,247,21
37216,2018-09,73,51.0918,302,9
37216,2018-10,84,62.7350,355,8
37216,2018-11,70,44.6126,279,11
37216,2018-12,89,60.8995,350,12
37216,2019-01,78,53.5624,317,8
37216,2019-02,59,39.3635,234,9
37216,2019-03,60,38.7500,223,7
37216,2019-04,68,40.0537,249,13
37216,2019-05,74,44.3559,287,13
37216,2019-06,70,42.8061,250,11
37216,2019-07,80,50.9322,311,11
37216,2019-08,83,55.9774,329,11
37216,2019-09,81,40.7450,284,18
37216,2019-10,64,37.7839,230,11
37216,2019-11,75,32.3366,262,19
37216,2019-12,49,28.0837,189,9
37216,2020-01,73,50.3782,277,6
37216,2020-02,83,57.7168,349,10
37216,2020-03,39,29.3886,165,2
37216,2020-04,21,9.0968,71,4
37216,2020-05,35,24.2885,136,4
37216,2020-06,39,25.0289,158,5
37216,2020-07,57,30.8743,222,10
37216,2020-08,80,50.7532,311,11
37216,2020-09,58,34.7006,233,8
37216,2020-10,55,32.5306,219,10
37216,2020-11,50,19.2048,160,17
37216,2020-12,53,36.6858,236,6
37216,2021-01,38,25.7933,153,3
37216,2021-02,46,24.2292,170,9
37216,2021-03,53,29.8310,209,10
37216,2021-04,46,31.7614,195,6
37216,2021-05,71,43.1996,269,12
37216,2021-06,59,37.2286,240,10
37216,2021-07,91,49.0580,352,18
37216,2021-08,64,35.2718,242,11
37216,2021-09,55,37.7961,232,5
37216,2021-10,58,34.0736,219,9
37216,2021-11,49,25.6745,182,10
37216,2021-12,29,13.0052,103,7
37217,2012-01,25,18.7028,95,2
37217,2012-02,8,4.2941,28,2
37217,2012-03,21,12.8612,70,4
37217,2012-04,11,9.3171,47,0
37217,2012-05,14,9.1590,51,1
37217,2012-06,29,21.1274,99,2
37217,2012-07,24,17.4116,83,2
37217,2012-08,13,7.7840,48,2
37217,2012-09,17,11.1702,67,3
37217,2012-10,16,10.6441,55,3
37217,2012-11,24,17.9851,99,2
37217,2012-12,15,8.0864,49,3
37217,2013-01,18,11.9624,67,3
37217,2013-02,15,9.8783,54,2
37217,2013-03,35,20.4986,116,5
37217,2013-04,21,17.5302,72,1
37217,2013-05,25,7.9762,79,9
37217,2013-06,16,11.4458,58,1
37217,2013-07,30,16.3660,101,5
37217,2013-08,27,14.3805,89,4
37217,2013-09,16,4.2742,46,6
37217,2013-10,18,8.4251,50,4
37217,2013-11,21,7.7527,70,7
37217,2013-12,30,21.4325,114,2
37217,2014-01,30,23.9937,133,1
37217,2014-02,27,12.9524,87,5
37217,2014-03,46,28.4061,158,7
37217,2014-04,49,23.2883,156,10
37217,2014-05,46,30.2643,173,6
37217,2014-06,43,19.5008,147,11
37217,2014-07,59,36.6401,209,10
37217,2014-08,36,15.3805,124,10
37217,2014-09,43,22.7708,144,9
37217,2014-10,44,27.0295,164,7
37217,2014-11,44,19.7376,157,11
37217,2014-12,37,20.2888,130,7
37217,2015-01,47,12.0231,141,17
37217,2015-02,36,23.2559,120,5
37217,2015-03,51,29.2600,179,9
37217,2015-04,42,26.8047,161,5
37217,2015-05,59,17.6318,173,19
37217,2015-06,54,25.3301,179,11
37217,2015-07,69,34.2199,236,15
37217,2015-08,77,36.2911,240,17
37217,2015-09,47,20.5367,154,12
37217,2015-10,55,25.2088,185,14
37217,2015-11,50,24.4031,173,10
37217,2015-12,43,26.8971,168,5
37217,2016-01,69,41.2434,253,11
37217,2016-02,55,32.6518,208,9
37217,2016-03,48,25.3088,182,10
37217,2016-04,56,25.4667,193,12
37217,2016-05,69,26.1875,217,20
37217,2016-06,77,16.6984,210,32
37217,2016-07,78,38.5308,276,16
37217,2016-08,80,37.0222,266,20
37217,2016-09,72,36.2379,247,17
37217,2016-10,74,33.9442,250,17
37217,2016-11,61,33.7634,225,12
37217,2016-12,60,32.5267,213,11
37217,2017-01,70,26.7272,214,20
37217,2017-02,56,26.8436,192,13
37217,2017-03,76,41.5932,279,15
37217,2017-04,77,31.6688,263,21
37217,2017-05,73,36.6732,253,15
37217,2017-06,63,27.8353,215,16
37217,2017-07,96,40.4964,301,25
37217,2017-08,94,44.2721,329,23
37217,2017-09,68,18.1546,202,25
37217,2017-10,70,36.8796,227,16
37217,2017-11,56,25.2068,185,17
37217,2017-12,72,37.6548,250,16
37217,2018-01,59,31.2789,212,9
37217,2018-02,48,18.2861,158,15
37217,2018-03,68,38.2512,233,10
37217,2018-04,72,33.6699,258,17
37217,2018-05,89,33.0659,292,28
37217,2018-06,94,42.4607,319,22
37217,2018-07,85,28.2101,272,27
37217,2018-08,90,42.4928,300,23
37217,2018-09,62,33.5444,218,12
37217,2018-10,81,54.3385,312,10
37217,2018-11,77,36.9699,273,18
37217,2018-12,95,42.4841,319,23
37217,2019-01,63,18.8616,195,21
37217,2019-02,73,33.2984,258,18
37217,2019-03,92,45.0226,334,21
37217,2019-04,80,44.4795,278,14
37217,2019-05,100,43.6586,324,25
37217,2019-06,102,49.0443,347,23
37217,2019-07,110,56.7044,378,21
37217,2019-08,86,43.1224,301,18
37217,2019-09,91,47.3792,334,20
37217,2019-10,97,40.9992,321,26
37217,2019-11,77,27.9489,247,27
37217,2019-12,69,39.4563,256,13
37217,2020-01,47,18.1207,151,14
37217,2020-02,59,33.7129,222,11
37217,2020-03,50,34.7602,200,7
37217,2020-04,35,6.5474,107,15
37217,2020-05,37,17.6623,125,9
37217,2020-06,51,20.8854,184,13
37217,2020-07,62,24.5291,208,17
37217,2020-08,50,24.7209,165,9
37217,2020-09,57,29.3950,194,11
37217,2020-10,64,35.6967,240,12
37217,2020-11,51,27.5618,181,10
37217,2020-12,57,27.0287,211,13
37217,2021-01,50,21.6655,176,13
37217,2021-02,51,19.0263,176,15
37217,2021-03,61,19.3003,191,21
37217,2021-04,51,19.3104,171,15
37217,2021-05,60,17.8558,190,18
37217,2021-06,75,22.2609,210,28
37217,2021-07,76,28.9366,244,22
37217,2021-08,48,10.2326,136,16
37217,2021-09,68,22.5770,206,20
37217,2021-10,50,0.9395,115,23
37217,2021-11,48,16.4541,145,14
37217,2021-12,54,16.4587,162,17
37218,2012-01,3,2.0876,12,0
37218,2012-07,2,1.8046,8,0
37218,2012-10,1,0.9531,5,0
37218,2012-11,1,0.8074,3,0
37218,2012-12,2,1.8447,6,0
37218,2013-03,1,0.6307,4,0
37218,2013-04,3,1.6102,9,1
37218,2013-05,3,0.3508,7,1
37218,2013-08,2,1.4438,9,0
37218,2013-12,1,0.9308,5,0
37218,2014-03,1,0.9273,5,0
37218,2014-07,1,0.9470,1,0
37218,2014-08,2,-1.1697,4,2
37218,2014-10,1,-0.5973,2,1
37218,2014-11,2,-0.8063,2,1
37218,2014-12,2,1.9294,10,0
37218,2015-01,4,1.7403,13,1
37218,2015-03,2,0.9476,7,0
37218,2015-04,2,0.7272,6,1
37218,2015-05,5,2.2487,15,1
37218,2015-06,2,0.8850,6,0
37218,2015-08,1,0.9814,2,0
37218,2015-09,2,-0.0090,3,1
37218,2015-10,4,0.3438,12,2
37218,2015-11,11,10.4195,49,0
37218,2015-12,6,2.8379,22,1
37218,2016-01,3,1.0799,11,1
37218,2016-02,9,6.9083,38,1
37218,2016-03,8,5.5116,33,1
37218,2016-04,6,5.0591,30,0
37218,2016-05,10,7.0395,34,1
37218,2016-06,5,1.2595,16,2
37218,2016-07,9,5.3156,33,2
37218,2016-08,5,4.5974,21,0
37218,2016-09,5,4.5862,17,0
37218,2016-10,7,2.7084,19,2
37218,2016-11,3,2.9126,15,0
37218,2016-12,6,4.0079,22,1
37218,2017-01,6,3.8716,22,1
37218,2017-02,3,1.5836,13,1
37218,2017-03,6,1.6257,16,2
37218,2017-04,5,2.6200,22,1
37218,2017-05,10,5.2859,34,1
37218,2017-06,3,2.6921,11,0
37218,2017-07,7,2.9390,27,2
37218,2017-08,10,5.4185,32,2
37218,2017-09,7,2.3857,25,2
37218,2017-10,6,5.4313,29,0
37218,2017-11,4,2.9671,18,0
37218,2017-12,3,1.0872,9,0
37218,2018-01,3,-2.2748,4,3
37218,2018-02,5,4.1217,19,0
37218,2018-03,7,4.0981,23,1
37218,2018-04,7,2.6309,24,2
37218,2018-05,12,5.5878,40,3
37218,2018-06,7,4.1539,21,1
37218,2018-07,8,5.8063,36,1
37218,2018-08,10,4.5373,32,3
37218,2018-09,6,3.9436,28,1
37218,2018-10,8,6.3922,28,0
37218,2018-11,5,0.0135,11,2
37218,2018-12,6,2.2581,21,2
37218,2019-01,8,4.0171,26,2
37218,2019-02,10,7.6353,43,1
37218,2019-03,5,4.7049,22,0
37218,2019-04,7,5.0016,31,1
37218,2019-05,6,2.5101,18,2
37218,2019-06,5,4.3808,25,0
37218,2019-07,10,5.2882,36,2
37218,2019-08,3,-0.1143,7,2
37218,2019-09,8,5.0856,33,1
37218,2019-10,5,1.3556,13,2
37218,2019-11,10,9.3425,36,0
37218,2019-12,4,2.9430,15,0
37218,2020-01,7,2.6561,25,2
37218,2020-02,4,3.1095,14,0
37218,2020-03,3,-2.6246,3,3
37218,2020-04,4,0.3911,11,2
37218,2020-05,2,0.3692,6,1
37218,2020-06,7,3.0371,26,2
37218,2020-07,2,1.6436,10,0
37218,2020-08,5,2.0317,17,1
37218,2020-09,2,0.2477,6,1
37218,2020-10,5,1.2173,14,2
37218,2020-11,5,3.7148,22,0
37218,2020-12,3,-0.7828,7,2
37218,2021-01,7,3.7183,23,1
37218,2021-02,2,1.5331,10,0
37218,2021-03,9,2.1273,21,4
37218,2021-04,5,-0.7147,9,4
37218,2021-05,12,7.3775,45,2
37218,2021-06,10,2.7523,26,4
37218,2021-07,10,0.4484,25,5
37218,2021-08,7,-0.2145,18,3
37218,2021-09,5,1.6594,13,2
37218,2021-10,4,0.2099,9,2
37218,2021-11,5,0.7452,12,2
37218,2021-12,8,-0.5604,27,4
37219,2012-01,55,41.6920,229,6
37219,2012-02,38,17.8656,125,9
37219,2012-03,42,29.4266,149,6
37219,2012-04,37,27.0920,142,1
37219,2012-05,46,32.4965,169,4
37219,2012-06,47,37.6428,184,3
37219,2012-07,55,31.7012,198,10
37219,2012-08,42,21.0516,138,11
37219,2012-09,47,29.1974,161,8
37219,2012-10,56,34.1826,201,10
37219,2012-11,42,32.9834,155,3
37219,2012-12,45,33.2038,189,4
37219,2013-01,50,37.9086,189,5
37219,2013-02,70,44.1689,258,12
37219,2013-03,79,58.0120,289,7
37219,2013-04,62,45.9403,235,5
37219,2013-05,63,40.3576,228,9
37219,2013-06,59,37.9169,210,7
37219,2013-07,92,53.1238,318,14
37219,2013-08,61,36.3374,209,9
37219,2013-09,68,48.1630,248,7
37219,2013-10,66,32.4582,212,16
37219,2013-11,71,53.4963,266,4
37219,2013-12,65,41.1711,232,8
37219,2014-01,87,67.2267,344,6
37219,2014-02,73,49.1100,279,8
37219,2014-03,76,55.4023,278,8
37219,2014-04,91,54.6984,339,17
37219,2014-05,123,85.9934,483,14
37219,2014-06,96,71.8193,375,8
37219,2014-07,120,88.3994,457,11
37219,2014-08,107,70.9174,399,12
37219,2014-09,90,64.5633,341,7
37219,2014-10,103,67.6186,361,14
37219,2014-11,90,58.8500,343,11
37219,2014-12,86,53.7173,308,14
37219,2015-01,95,67.6115,368,8
37219,2015-02,87,62.3395,343,10
37219,2015-03,106,71.2912,395,11
37219,2015-04,105,65.7954,394,15
37219,2015-05,113,77.7607,422,14
37219,2015-06,125,80.7608,457,16
37219,2015-07,155,108.9967,607,13
37219,2015-08,137,90.7103,517,19
37219,2015-09,81,46.1626,293,14
37219,2015-10,124,78.6707,453,18
37219,2015-11,99,65.6443,395,11
37219,2015-12,104,72.9609,405,12
37219,2016-01,122,83.6744,468,16
37219,2016-02,118,86.6910,473,11
37219,2016-03,131,94.4801,539,14
37219,2016-04,149,103.2541,578,16
37219,2016-05,129,94.6320,510,13
37219,2016-06,139,92.1500,531,17
37219,2016-07,161,106.0042,632,20
37219,2016-08,114,75.9594,449,17
37219,2016-09,121,78.8040,459,13
37219,2016-10,121,88.5920,464,10
37219,2016-11,105,67.0636,367,15
37219,2016-12,116,77.9989,437,15
37219,2017-01,94,69.0791,386,7
37219,2017-02,111,87.8775,438,5
37219,2017-03,139,93.0765,532,19
37219,2017-04,110,77.9161,430,11
37219,2017-05,133,85.9903,494,14
37219,2017-06,130,87.9312,499,19
37219,2017-07,168,119.9716,642,18
37219,2017-08,140,95.5886,554,18
37219,2017-09,120,80.6558,450,14
37219,2017-10,159,101.2531,605,23
37219,2017-11,148,102.4240,588,16
37219,2017-12,153,107.3978,606,16
37219,2018-01,134,105.2796,551,7
37219,2018-02,157,106.7145,612,18
37219,2018-03,209,144.6453,807,27
37219,2018-04,224,150.7039,845,27
37219,2018-05,196,135.7404,765,21
37219,2018-06,235,163.3752,911,28
37219,2018-07,242,162.2538,970,30
37219,2018-08,253,192.5087,1052,21
37219,2018-09,236,170.9738,951,22
37219,2018-10,262,177.9088,1007,26
37219,2018-11,181,136.6053,752,11
37219,2018-12,211,138.1161,811,29
37219,2019-01,176,128.3621,729,19
37219,2019-02,212,158.6560,849,19
37219,2019-03,227,164.7405,908,23
37219,2019-04,218,151.5176,863,21
37219,2019-05,211,142.2598,816,23
37219,2019-06,235,155.9615,922,30
37219,2019-07,214,158.1599,835,16
37219,2019-08,235,162.0836,930,28
37219,2019-09,181,120.5558,723,25
37219,2019-10,221,149.3723,853,28
37219,2019-11,191,125.6664,757,25
37219,2019-12,168,110.4845,631,22
37219,2020-01,147,103.1935,577,15
37219,2020-02,178,120.4072,692,21
37219,2020-03,98,65.6669,370,12
37219,2020-04,19,2.2596,54,9
37219,2020-05,25,18.8134,101,1
37219,2020-06,67,50.7759,275,5
37219,2020-07,67,40.7459,243,13
37219,2020-08,63,44.5497,256,7
37219,2020-09,70,48.5147,277,8
37219,2020-10,113,76.6351,451,12
37219,2020-11,116,74.4067,442,15
37219,2020-12,67,42.7001,264,9
37219,2021-01,80,64.0013,322,5
37219,2021-02,83,52.8201,318,14
37219,2021-03,132,82.0561,508,21
37219,2021-04,128,95.0705,491,12
37219,2021-05,141,106.0490,561,12
37219,2021-06,163,107.4088,649,21
37219,2021-07,153,108.2368,592,18
37219,2021-08,169,107.8008,640,26
37219,2021-09,163,102.1432,609,26
37219,2021-10,150,90.6619,546,22
37219,2021-11,147,101.5200,576,19
37219,2021-12,128,75.3604,502,24
37220,2012-01,7,6.5512,31,0
37220,2012-02,1,0.9801,3,0
37220,2012-03,1,0.9765,4,0
37220,2012-04,4,3.6029,14,0
37220,2012-05,4,3.9463,18,0
37220,2012-06,4,3.4179,18,0
37220,2012-07,2,1.9309,8,0
37220,2012-08,2,1.4020,7,0
37220,2012-09,2,1.9606,8,0
37220,2012-10,3,2.5916,12,0
37220,2012-11,1,0.9471,4,0
37220,2012-12,2,1.7616,8,0
37220,2013-01,5,4.2430,23,0
37220,2013-02,1,0.9694,4,0
37220,2013-03,2,1.7924,10,0
37220,2013-04,4,3.7202,20,0
37220,2013-05,2,1.9452,10,0
37220,2013-06,3,2.8959,15,0
37220,2013-07,3,0.7309,10,1
37220,2013-08,4,3.7031,20,0
37220,2013-09,4,3.6380,19,0
37220,2013-10,1,0.9916,4,0
37220,2013-11,6,5.6403,30,0
37220,2013-12,1,0.9218,5,0
37220,2014-01,6,5.3988,28,0
37220,2014-02,3,2.6516,15,0
37220,2014-03,3,2.9508,11,0
37220,2014-04,4,3.3314,18,0
37220,2014-05,6,3.8926,25,1
37220,2014-06,3,2.7689,14,0
37220,2014-07,7,6.0954,35,0
37220,2014-08,6,5.5576,27,0
37220,2014-09,4,3.7452,19,0
37220,2014-10,5,4.3593,19,0
37220,2014-11,1,0.9933,5,0
37220,2014-12,5,4.1923,20,0
37220,2015-01,6,1.8756,25,2
37220,2015-02,7,6.0896,32,0
37220,2015-03,8,3.7955,34,2
37220,2015-04,7,3.3352,27,1
37220,2015-05,7,6.6385,35,0
37220,2015-06,2,1.9495,10,0
37220,2015-08,11,9.1145,51,0
37220,2015-09,7,4.0429,27,1
37220,2015-10,9,6.9214,37,1
37220,2015-11,8,6.7409,37,0
37220,2015-12,6,5.1521,25,0
37220,2016-01,6,4.0441,27,1
37220,2016-02,4,3.7567,20,0
37220,2016-03,6,5.5898,29,0
37220,2016-04,1,0.8625,4,0
37220,2016-05,10,6.7298,41,2
37220,2016-06,5,4.7356,23,0
37220,2016-07,9,4.6831,38,2
37220,2016-08,3,2.7932,13,0
37220,2016-09,9,7.5842,34,0
37220,2016-10,2,1.7803,6,0
37220,2016-11,5,4.6158,23,0
37220,2016-12,2,1.9901,10,0
37220,2017-01,5,4.1747,20,0
37220,2017-02,4,2.0047,15,1
37220,2017-03,7,6.5246,31,0
37220,2017-04,6,4.1549,29,0
37220,2017-05,5,3.1570,14,0
37220,2017-06,5,4.4552,23,0
37220,2017-07,4,3.7035,20,0
37220,2017-08,6,3.3876,20,1
37220,2017-09,2,1.9048,10,0
37220,2017-10,3,1.1958,10,1
37220,2017-11,6,5.2516,30,0
37220,2017-12,5,4.8134,23,0
37220,2018-01,2,1.8145,10,0
37220,2018-02,4,3.7227,19,0
37220,2018-03,5,4.5764,25,0
37220,2018-04,10,7.1210,45,0
37220,2018-05,6,5.3430,29,0
37220,2018-06,6,5.6393,28,0
37220,2018-07,2,1.8239,9,0
37220,2018-08,9,7.7185,45,0
37220,2018-09,6,2.8947,26,2
37220,2018-10,5,3.9729,25,0
37220,2018-11,4,2.3630,17,1
37220,2018-12,6,5.4602,30,0
37220,2019-01,4,3.8316,20,0
37220,2019-02,5,4.6950,24,0
37220,2019-03,4,2.2123,16,1
37220,2019-04,3,2.0773,15,0
37220,2019-05,8,5.6910,38,0
37220,2019-06,3,0.9556,15,1
37220,2019-07,6,5.7402,29,0
37220,2019-08,5,4.5430,23,0
37220,2019-09,7,4.6914,32,1
37220,2019-10,6,4.0374,26,1
37220,2019-11,7,6.0790,35,0
37220,2019-12,3,2.8889,15,0
37220,2020-01,4,2.6922,15,1
37220,2020-02,4,2.5146,20,1
37220,2020-03,7,5.2868,30,1
37220,2020-04,6,5.0390,29,0
37220,2020-05,5,3.9289,21,0
37220,2020-06,1,0.9824,5,0
37220,2020-07,7,5.9966,30,0
37220,2020-08,13,11.8847,52,0
37220,2020-09,12,7.6020,45,2
37220,2020-10,6,5.6064,30,0
37220,2020-11,7,5.1466,31,1
37220,2020-12,4,1.2041,14,1
37220,2021-01,6,5.0651,28,0
37220,2021-02,1,0.8999,5,0
37220,2021-03,4,3.4818,19,0
37220,2021-04,4,2.2440,16,1
37220,2021-05,31,27.1942,153,1
37220,2021-06,11,6.7718,45,2
37220,2021-07,13,11.8398,59,0
37220,2021-08,6,4.3626,23,0
37220,2021-09,6,5.5383,29,0
37220,2021-10,4,1.2781,16,1
37220,2021-11,3,1.9950,11,0
37220,2021-12,7,6.4413,31,0
37221,2012-01,53,30.2242,194,8
37221,2012-02,31,21.3854,123,4
37221,2012-03,26,20.0570,95,2
37221,2012-04,28,21.6896,108,2
37221,2012-05,33,23.1635,108,4
37221,2012-06,45,34.2851,170,4
37221,2012-07,29,17.2816,103,4
37221,2012-08,29,18.7868,104,3
37221,2012-09,20,15.3657,76,2
37221,2012-10,26,20.8610,107,2
37221,2012-11,39,30.0980,154,4
37221,2012-12,36,27.7140,128,2
37221,2013-01,51,42.1124,211,3
37221,2013-02,46,28.5553,163,8
37221,2013-03,70,49.2808,252,8
37221,2013-04,46,30.7771,155,6
37221,2013-05,56,42.2587,208,5
37221,2013-06,58,38.8818,207,9
37221,2013-07,40,19.0970,127,8
37221,2013-08,73,41.9812,258,10
37221,2013-09,48,30.3818,179,6
37221,2013-10,55,34.5708,207,10
37221,2013-11,33,27.3650,128,1
37221,2013-12,32,27.9847,141,1
37221,2014-01,67,47.6350,245,7
37221,2014-02,56,36.3060,212,7
37221,2014-03,66,55.6423,263,3
37221,2014-04,85,61.5647,313,6
37221,2014-05,78,54.2393,297,9
37221,2014-06,73,51.6984,279,9
37221,2014-07,88,51.7617,310,12
37221,2014-08,79,54.7728,301,7
37221,2014-09,47,29.4853,177,9
37221,2014-10,70,48.4039,250,7
37221,2014-11,75,43.8810,260,11
37221,2014-12,87,61.1717,350,10
37221,2015-01,77,50.5816,274,9
37221,2015-02,78,57.3118,278,8
37221,2015-03,96,71.2198,380,8
37221,2015-04,84,56.2382,322,12
37221,2015-05,75,45.8888,278,11
37221,2015-06,98,71.5601,380,10
37221,2015-07,85,53.0762,324,13
37221,2015-08,110,76.4560,428,10
37221,2015-09,74,50.9505,279,8
37221,2015-10,80,44.9514,296,17
37221,2015-11,79,52.8810,297,8
37221,2015-12,70,39.7247,255,12
37221,2016-01,89,45.4271,286,18
37221,2016-02,79,56.9008,310,8
37221,2016-03,98,67.1211,373,11
37221,2016-04,90,59.8236,361,12
37221,2016-05,94,58.6058,338,12
37221,2016-06,105,57.9131,368,18
37221,2016-07,109,61.4118,367,20
37221,2016-08,109,67.8547,385,16
37221,2016-09,79,48.4371,281,14
37221,2016-10,120,79.2315,461,17
37221,2016-11,78,49.6027,292,11
37221,2016-12,81,42.5389,313,16
37221,2017-01,96,61.8014,372,16
37221,2017-02,91,50.3915,334,18
37221,2017-03,105,66.1781,393,18
37221,2017-04,92,51.1583,328,16
37221,2017-05,104,55.0876,387,22
37221,2017-06,156,104.0717,617,20
37221,2017-07,118,74.1616,456,19
37221,2017-08,98,58.5074,337,16
37221,2017-09,109,76.8709,401,11
37221,2017-10,122,76.3721,458,18
37221,2017-11,110,65.4157,402,18
37221,2017-12,98,65.3194,377,14
37221,2018-01,133,86.3633,496,16
37221,2018-02,103,64.7759,383,18
37221,2018-03,132,80.4099,481,21
37221,2018-04,134,80.0193,500,22
37221,2018-05,150,70.1711,488,38
37221,2018-06,166,95.6377,595,28
37221,2018-07,225,126.1809,830,42
37221,2018-08,162,108.9689,633,20
37221,2018-09,142,88.5312,522,19
37221,2018-10,159,91.7314,586,26
37221,2018-11,151,105.9617,603,15
37221,2018-12,194,130.5547,763,26
37221,2019-01,176,113.6639,661,24
37221,2019-02,142,85.9849,526,23
37221,2019-03,170,113.3471,668,22
37221,2019-04,154,97.3136,600,24
37221,2019-05,126,81.0328,487,19
37221,2019-06,171,96.8241,643,34
37221,2019-07,167,101.0353,631,28
37221,2019-08,154,94.1571,530,24
37221,2019-09,158,110.4462,603,18
37221,2019-10,131,72.3935,492,25
37221,2019-11,129,77.1292,496,19
37221,2019-12,129,79.4917,485,19
37221,2020-01,120,79.6745,475,19
37221,2020-02,168,97.2409,622,29
37221,2020-03,101,53.6483,376,21
37221,2020-04,52,31.9709,194,7
37221,2020-05,70,34.2300,246,15
37221,2020-06,99,60.8613,391,14
37221,2020-07,95,53.0744,349,16
37221,2020-08,107,64.5808,420,19
37221,2020-09,83,42.5262,305,17
37221,2020-10,102,70.8333,404,11
37221,2020-11,78,51.7811,303,10
37221,2020-12,98,70.5471,383,9
37221,2021-01,85,48.0620,322,15
37221,2021-02,75,48.7470,293,8
37221,2021-03,96,58.8887,350,15
37221,2021-04,104,70.7155,414,13
37221,2021-05,101,49.4627,373,24
37221,2021-06,81,49.0794,314,14
37221,2021-07,116,63.1075,420,22
37221,2021-08,112,64.8440,408,20
37221,2021-09,99,55.0309,360,17
37221,2021-10,91,47.7140,319,18
37221,2021-11,71,38.6985,239,12
37221,2021-12,80,36.1709,284,17
37222,2012-10,1,-0.9698,1,1
37222,2013-09,1,-0.8045,1,1
37222,2014-06,1,0.9552,5,0
37222,2015-10,1,0.9134,5,0
37222,2016-01,1,0.5782,1,0
37222,2017-08,1,0.7773,5,0
37228,2012-01,12,4.8646,30,3
37228,2012-02,7,4.8792,15,0
37228,2012-03,6,4.7358,17,0
37228,2012-04,5,1.3479,12,2
37228,2012-05,9,4.7152,31,3
37228,2012-06,13,7.4161,37,1
37228,2012-07,13,8.7471,46,2
37228,2012-08,7,4.6256,19,1
37228,2012-09,8,3.6386,24,2
37228,2012-10,6,3.7461,15,1
37228,2012-11,9,3.1035,25,2
37228,2012-12,5,2.1242,16,1
37228,2013-01,7,4.9515,18,1
37228,2013-02,7,3.7465,20,1
37228,2013-03,3,0.4666,5,1
37228,2013-04,7,2.7860,15,2
37228,2013-05,6,1.1523,14,2
37228,2013-06,9,4.8160,29,2
37228,2013-07,6,2.6816,12,1
37228,2013-08,6,3.2582,19,1
37228,2013-09,3,2.3312,10,0
37228,2013-10,9,4.3951,24,2
37228,2013-11,10,0.8064,22,5
37228,2013-12,9,3.6167,29,2
37228,2014-01,11,2.9949,30,5
37228,2014-02,9,1.9442,27,4
37228,2014-03,12,2.8717,26,4
37228,2014-04,5,2.3201,16,1
37228,2014-05,16,7.8094,57,4
37228,2014-06,7,-2.1312,14,5
37228,2014-07,7,1.1110,16,3
37228,2014-08,9,0.8007,18,4
37228,2014-09,5,0.1647,9,3
37228,2014-10,10,5.2381,32,2
37228,2014-11,4,-0.0008,8,2
37228,2014-12,9,1.3066,26,4
37228,2015-01,14,5.9323,40,4
37228,2015-02,12,-0.9887,26,6
37228,2015-03,9,4.8370,21,1
37228,2015-04,14,10.8606,53,1
37228,2015-05,7,-2.4692,9,5
37228,2015-06,15,9.3875,52,1
37228,2015-07,7,1.6116,18,3
37228,2015-08,14,3.6639,33,5
37228,2015-09,14,3.9011,28,5
37228,2015-10,11,-0.1560,29,6
37228,2015-11,10,3.4816,14,3
37228,2015-12,10,0.9290,20,5
37228,2016-01,10,-0.2269,17,5
37228,2016-02,22,9.7654,66,5
37228,2016-03,12,7.1177,37,1
37228,2016-04,19,4.5371,54,8
37228,2016-05,10,6.6413,37,1
37228,2016-06,19,1.2837,39,9
37228,2016-07,16,6.7479,49,5
37228,2016-08,14,1.8646,34,6
37228,2016-09,14,8.7470,34,2
37228,2016-10,20,-1.1446,40,10
37228,2016-11,17,10.6183,57,3
37228,2016-12,16,4.7236,50,6
37228,2017-01,15,4.9564,34,4
37228,2017-02,14,6.4418,30,3
37228,2017-03,17,0.8702,37,8
37228,2017-04,16,3.2918,39,6
37228,2017-05,18,0.9597,51,9
37228,2017-06,15,6.5144,51,4
37228,2017-07,24,4.7902,42,8
37228,2017-08,12,2.1443,23,4
37228,2017-09,7,2.8781,19,1
37228,2017-10,7,0.7881,15,3
37228,2017-11,10,0.5802,24,4
37228,2017-12,17,5.3027,37,5
37228,2018-01,18,6.4307,43,6
37228,2018-02,15,2.3482,31,7
37228,2018-03,10,-3.4461,19,8
37228,2018-04,14,7.9487,51,2
37228,2018-05,17,0.2676,44,9
37228,2018-06,18,9.5796,63,2
37228,2018-07,22,8.0082,60,6
37228,2018-08,22,7.6393,60,7
37228,2018-09,16,3.1803,37,6
37228,2018-10,22,2.4731,49,8
37228,2018-11,20,3.1806,57,8
37228,2018-12,17,-3.6595,31,11
37228,2019-01,14,5.4165,38,4
37228,2019-02,11,-1.1771,28,7
37228,2019-03,20,-2.4646,40,11
37228,2019-04,23,7.4468,56,8
37228,2019-05,15,-0.2755,34,8
37228,2019-06,18,5.9853,40,5
37228,2019-07,16,2.2200,38,7
37228,2019-08,21,1.3278,53,8
37228,2019-09,23,9.1951,58,6
37228,2019-10,29,-2.2059,59,16
37228,2019-11,15,-1.3962,36,8
37228,2019-12,11,5.4600,33,2
37228,2020-01,17,5.8642,48,6
37228,2020-02,22,11.3766,74,5
37228,2020-03,11,1.6896,27,5
37228,2020-04,4,-0.8088,8,2
37228,2020-05,9,3.7773,26,2
37228,2020-06,11,5.2332,42,2
37228,2020-07,19,12.1497,65,2
37228,2020-08,18,6.5751,44,5
37228,2020-09,15,1.5127,36,7
37228,2020-10,14,4.4289,47,4
37228,2020-11,10,-0.5269,24,6
37228,2020-12,9,1.7862,25,3
37228,2021-01,14,5.7929,39,3
37228,2021-02,17,-1.6936,29,9
37228,2021-03,27,5.8953,70,10
37228,2021-04,30,-7.3540,52,21
37228,2021-05,22,-4.5335,46,12
37228,2021-06,22,3.3671,54,11
37228,2021-07,24,6.6819,67,8
37228,2021-08,35,1.2308,79,17
37228,2021-09,25,-0.7911,45,10
37228,2021-10,29,3.2918,70,12
37228,2021-11,19,0.1108,38,10
37228,2021-12,25,1.6886,57,10
37229,2012-07,3,1.9305,12,0
37229,2012-12,1,-0.7164,1,1
37229,2013-03,2,1.6450,9,0
37229,2013-04,2,1.7694,6,0
37229,2013-06,1,-0.4990,5,1
37229,2013-09,1,0.8687,5,0
37229,2013-10,2,1.7850,9,0
37229,2013-11,1,0.9495,3,0
37229,2014-01,1,0.8455,2,0
37229,2014-03,2,1.9396,10,0
37229,2014-04,1,0.9860,5,0
37229,2014-05,2,1.8832,8,0
37229,2014-06,2,1.9320,7,0
37229,2014-11,6,3.5684,24,1
37229,2014-12,1,0.9705,5,0
37229,2015-01,9,8.3346,43,0
37229,2015-02,2,0.9458,10,0
37229,2015-03,4,3.8499,19,0
37229,2015-04,4,3.6500,19,0
37229,2015-05,4,3.8839,19,0
37229,2015-06,3,2.8493,13,0
37229,2015-07,1,0.8914,5,0
37229,2015-08,2,1.9670,9,0
37229,2015-09,7,4.7865,27,1
37229,2015-10,7,6.5790,33,0
37229,2015-11,3,2.8821,14,0
37229,2015-12,6,4.8283,29,0
37229,2016-01,5,4.5952,24,0
37229,2016-02,1,0.9778,5,0
37229,2016-03,1,-0.6893,1,1
37229,2016-04,8,6.9037,35,0
37229,2016-05,8,5.5143,31,0
37229,2016-06,6,4.3460,24,0
37229,2016-07,7,4.9543,31,1
37229,2016-08,7,5.6266,30,0
37229,2016-09,2,1.8640,10,0
37229,2016-10,3,1.1248,12,1
37229,2016-11,6,5.7390,24,0
37229,2016-12,4,3.5193,18,0
37229,2017-01,2,1.6775,7,0
37229,2017-02,2,1.9441,9,0
37229,2017-04,2,-1.6386,4,2
37229,2017-05,1,0.9716,3,0
37229,2017-06,3,2.8427,14,0
37229,2017-07,2,1.4850,10,0
37229,2017-08,5,4.7615,24,0
37229,2017-09,1,0.9074,5,0
37229,2017-10,4,2.0526,13,1
37229,2017-11,3,2.5958,14,0
37229,2017-12,1,0.5205,5,0
37229,2018-03,4,2.7956,16,0
37229,2018-04,5,4.1149,23,0
37229,2018-05,1,0.9460,5,0
37229,2018-06,2,1.2197,8,0
37229,2018-07,3,2.7963,15,0
37229,2018-08,3,1.2623,7,1
37229,2018-09,2,-0.0108,3,1
37229,2018-10,4,2.1660,16,1
37229,2018-11,1,0.6850,5,0
37229,2019-03,2,1.8919,8,0
37229,2019-04,4,3.8288,20,0
37229,2019-06,3,2.0843,11,0
37229,2019-07,3,2.5571,15,0
37229,2019-08,2,1.9105,10,0
37229,2019-09,4,2.5295,19,0
37229,2019-10,2,1.8951,9,0
37229,2019-11,2,1.9392,10,0
37229,2019-12,3,2.8209,14,0
37229,2020-02,1,0.4404,5,0
37229,2020-03,1,0.8682,5,0
37229,2020-04,1,0.9791,3,0
37229,2020-05,2,0.2379,6,1
37229,2020-06,1,0.9398,5,0
37229,2020-07,1,-0.8805,1,1
37229,2020-09,1,0.8807,5,0
37229,2020-11,2,1.8213,9,0
37229,2020-12,1,0.8777,5,0
37229,2021-01,1,-0.7820,1,1
37229,2021-03,1,0.2936,2,0
37229,2021-06,1,0.9810,5,0
37229,2021-07,1,0.4404,5,0
37230,2014-08,1,0.3806,1,0
37230,2016-02,1,-0.9577,1,1
37230,2016-03,1,0.3612,1,0
37230,2017-03,1,-0.3391,1,1
37230,2017-12,1,-0.6249,1,1
37230,2018-12,1,-0.5106,1,1
37230,2019-01,1,0.2846,1,0
37230,2019-04,1,0.6908,1,0
37230,2019-05,1,0.9318,5,0
37230,2020-05,1,0.8267,1,0
37230,2020-07,1,-0.9879,1,1
37230,2020-09,1,0.9720,5,0
37230,2020-11,1,0.7129,1,0
37230,2021-04,1,0.7775,4,0
37230,2021-06,2,-1.7831,2,2
37230,2021-07,1,-0.9824,1,1
37230,2021-10,1,-0.3480,1,1
37232,2012-01,1,0.9939,4,0
37232,2012-02,1,0.9790,5,0
37232,2012-04,2,1.9616,10,0
37232,2012-05,4,3.5339,17,0
37232,2012-06,2,1.3124,10,0
37232,2012-07,1,0.9905,4,0
37232,2012-08,2,0.7917,9,0
37232,2012-09,5,3.9270,22,0
37232,2012-11,1,0.9506,3,0
37232,2012-12,3,1.6538,13,1
37232,2013-01,2,1.9017,9,0
37232,2013-02,1,0.9910,5,0
37232,2013-03,2,1.8622,10,0
37232,2013-04,1,0.8399,4,0
37232,2013-05,1,0.9368,5,0
37232,2013-06,1,0.9446,4,0
37232,2013-08,3,0.7579,8,1
37232,2013-09,1,-0.6458,1,1
37232,2013-10,1,0.3722,5,0
37232,2013-11,1,0.9514,5,0
37232,2014-04,1,0.9830,2,0
37232,2014-05,3,2.8583,13,0
37232,2014-06,5,2.1861,18,1
37232,2014-07,3,1.7748,11,1
37232,2014-08,4,1.4587,14,1
37232,2014-09,1,-0.5264,5,1
37232,2014-10,2,0.0206,6,1
37232,2015-01,3,2.6433,14,0
37232,2015-02,2,1.2102,8,0
37232,2015-03,3,0.1218,6,1
37232,2015-04,2,1.2396,8,0
37232,2015-05,2,-0.3250,3,1
37232,2015-06,1,0.9784,4,0
37232,2015-07,1,0.9568,5,0
37232,2015-08,3,-0.8447,9,2
37232,2015-10,3,2.4054,10,0
37232,2015-12,1,-0.4265,5,1
37232,2016-01,2,0.0906,6,1
37232,2016-02,3,1.8301,7,0
37232,2016-05,3,-0.3742,11,2
37232,2016-06,2,1.6325,10,0
37232,2016-07,5,2.7755,16,1
37232,2016-08,2,1.5068,7,0
37232,2016-09,2,1.9644,10,0
37232,2016-10,3,0.2627,8,1
37232,2016-11,2,0.0956,7,1
37232,2016-12,1,0.6357,5,0
37232,2017-01,2,0.6257,6,1
37232,2017-02,4,2.1591,12,1
37232,2017-03,2,0.8210,6,1
37232,2017-04,5,3.3994,16,1
37232,2017-05,4,3.0447,10,0
37232,2017-06,4,-0.2290,10,2
37232,2017-07,1,0.9262,4,0
37232,2017-08,6,1.8934,23,2
37232,2017-09,2,-0.2798,5,1
37232,2017-10,5,-0.4833,13,3
37232,2017-12,2,0.0242,6,1
37232,2018-01,2,0.2916,4,1
37232,2018-02,3,0.1312,7,1
37232,2018-03,3,2.7321,15,0
37232,2018-04,2,0.9055,10,0
37232,2018-05,1,-0.8751,1,1
37232,2018-06,2,0.5932,6,1
37232,2018-07,2,1.5146,10,0
37232,2018-08,1,-0.9286,1,1
37232,2018-09,2,0.1056,6,1
37232,2018-10,2,1.6351,10,0
37232,2018-11,3,-1.7957,6,3
37232,2018-12,1,0.2225,1,0
37232,2019-01,1,-0.6324,1,1
37232,2019-03,3,0.7437,10,1
37232,2019-05,2,0.2659,6,1
37232,2019-06,4,-0.4349,13,3
37232,2019-07,4,0.6497,7,2
37232,2019-08,2,1.8207,10,0
37232,2019-09,4,1.4551,8,1
37232,2019-10,3,0.9287,11,1
37232,2019-11,2,0.0072,6,1
37232,2019-12,1,-0.9245,1,1
37232,2020-01,5,1.2436,10,2
37232,2020-02,2,-1.0622,2,2
37232,2020-03,2,1.2813,6,0
37232,2020-04,2,1.8559,8,0
37232,2020-05,1,0.9825,4,0
37232,2020-06,2,1.9290,7,0
37232,2020-08,2,1.9660,10,0
37232,2020-09,2,-1.5658,2,2
37232,2020-10,2,0.7113,7,1
37232,2020-11,2,-0.7448,2,1
37232,2020-12,1,0.9898,5,0
37232,2021-03,1,0.9092,1,0
37232,2021-04,1,-0.9385,1,1
37232,2021-05,1,-0.9348,1,1
37232,2021-07,4,-0.9950,9,3
37232,2021-08,2,1.3194,6,0
37232,2021-09,1,0.8122,5,0
37232,2021-11,1,-0.9692,1,1
37232,2021-12,1,0.5912,2,0
37235,2013-03,1,0.8750,4,0
37238,2017-08,12,9.8830,51,1
37238,2017-09,10,8.3128,49,0
37238,2017-10,3,2.9142,14,0
37238,2017-11,3,2.6835,14,0
37238,2017-12,3,2.6672,15,0
37238,2018-01,3,2.6793,14,0
37238,2018-02,6,1.0231,25,3
37238,2018-03,3,2.7774,14,0
37238,2018-04,1,0.9603,4,0
37238,2018-05,3,2.8663,15,0
37238,2018-06,1,0.9736,4,0
37238,2018-07,1,-0.6124,1,1
37238,2018-08,2,1.9606,10,0
37238,2018-09,2,1.7202,10,0
37238,2018-10,5,4.7904,22,0
37238,2018-11,3,2.7310,15,0
37238,2018-12,2,-1.1379,6,2
37238,2019-01,1,0.9318,5,0
37238,2019-02,2,1.8996,10,0
37238,2019-04,1,0.9748,3,0
37238,2019-05,1,0.9843,5,0
37238,2019-06,2,1.8949,8,0
37238,2019-07,4,2.1224,12,1
37238,2019-08,2,1.9180,10,0
37238,2020-02,1,0.5526,5,0
37238,2020-03,1,0.2263,1,0
37240,2012-05,1,0.9836,5,0
37240,2012-06,1,0.8478,3,0
37240,2013-07,1,0.9485,4,0
37240,2014-01,2,1.9338,8,0
37240,2014-03,1,0.9932,5,0
37240,2015-01,2,1.3140,7,0
37240,2015-03,1,0.9153,5,0
37240,2015-07,1,0.9081,4,0
37240,2015-10,1,0.9684,4,0
37240,2016-04,1,0.8122,5,0
37240,2016-06,2,1.9643,9,0
37240,2016-12,1,0.2244,3,0
37240,2017-03,1,0.9850,5,0
37240,2017-05,2,1.6675,8,0
37240,2017-11,1,0.6580,2,0
37240,2018-01,2,1.6729,5,0
37240,2018-03,1,0.8625,5,0
37240,2018-08,1,0.9813,5,0
37240,2019-06,2,1.9187,10,0
37240,2019-10,1,0.7753,5,0
37240,2020-01,1,0.9061,5,0
37240,2020-06,1,0.8858,3,0
37240,2020-11,1,0.5856,1,0
37240,2020-12,1,0.8226,5,0
37240,2021-03,1,0.9690,5,0
37243,2012-01,8,4.9170,27,1
37243,2012-02,3,2.5663,12,0
37243,2012-03,9,8.3053,37,0
37243,2012-04,4,3.7633,18,0
37243,2012-05,8,5.2511,28,1
37243,2012-06,2,0.5623,6,1
37243,2012-07,4,2.0076,16,1
37243,2012-08,3,2.8066,13,0
37243,2012-09,4,3.8675,18,0
37243,2012-10,3,1.9563,15,0
37243,2012-11,1,0.8303,5,0
37243,2012-12,6,4.4332,26,0
37243,2013-01,5,4.4739,18,0
37243,2013-02,4,0.8825,13,2
37243,2013-03,4,3.1672,14,0
37243,2013-04,4,2.3409,19,1
37243,2013-05,5,3.7519,23,0
37243,2013-06,2,0.2350,10,1
37243,2013-07,2,1.3151,9,0
37243,2013-08,6,5.8532,28,0
37243,2013-09,2,1.8572,10,0
37243,2013-10,3,2.5506,14,0
37243,2013-11,3,1.9744,14,0
37243,2013-12,3,1.1866,7,0
37243,2014-01,5,2.2319,17,2
37243,2014-02,4,3.3136,18,0
37243,2014-03,3,2.4654,13,0
37243,2014-04,5,3.1031,20,1
37243,2014-05,7,6.1683,31,0
37243,2014-06,5,3.1517,22,1
37243,2014-07,4,3.1476,19,0
37243,2014-08,3,2.8059,11,0
37243,2014-09,6,5.6860,28,0
37243,2014-10,6,4.9616,26,0
37243,2014-12,7,5.8158,31,0
37243,2015-01,3,2.2694,11,0
37243,2015-02,5,4.5800,24,0
37243,2015-03,2,1.4480,9,0
37243,2015-04,4,2.8026,19,0
37243,2015-05,3,2.8454,11,0
37243,2015-06,6,2.4194,21,2
37243,2015-07,8,5.7680,32,1
37243,2015-08,9,8.5672,34,0
37243,2015-09,8,3.3561,28,2
37243,2015-10,8,3.7606,28,2
37243,2015-11,4,3.8908,16,0
37243,2015-12,6,4.0345,25,0
37243,2016-01,5,4.8027,16,0
37243,2016-02,2,1.9505,9,0
37243,2016-03,7,5.8706,33,0
37243,2016-04,3,2.2862,13,0
37243,2016-05,2,0.0278,8,1
37243,2016-06,6,5.2075,27,0
37243,2016-07,2,1.5711,10,0
37243,2016-08,6,5.6401,25,0
37243,2016-09,5,4.5528,22,0
37243,2016-10,6,4.3118,26,0
37243,2016-11,5,2.0704,19,1
37243,2016-12,7,6.5617,31,0
37243,2017-01,3,1.4564,13,1
37243,2017-02,3,2.4695,12,0
37243,2017-03,8,7.3611,36,0
37243,2017-04,4,1.8993,17,1
37243,2017-05,4,3.5480,18,0
37243,2017-06,3,1.8645,9,0
37243,2017-08,10,8.3092,47,0
37243,2017-09,5,4.7061,22,0
37243,2017-10,4,3.4762,19,0
37243,2017-11,6,4.4959,28,0
37243,2017-12,2,1.8359,10,0
37243,2018-01,4,1.3021,15,1
37243,2018-02,5,2.9845,21,1
37243,2018-03,6,3.7316,26,1
37243,2018-04,14,6.4204,56,4
37243,2018-05,12,9.8155,52,0
37243,2018-06,10,9.0043,45,0
37243,2018-07,8,4.8718,33,1
37243,2018-08,12,8.3330,49,1
37243,2018-09,11,10.0108,51,0
37243,2018-10,17,13.6208,77,1
37243,2018-11,8,5.3171,34,1
37243,2018-12,6,5.8277,27,0
37243,2019-01,4,3.8818,19,0
37243,2019-02,6,5.6481,30,0
37243,2019-03,10,7.9190,45,0
37243,2019-04,6,4.1112,25,0
37243,2019-05,4,3.0642,20,0
37243,2019-06,9,5.6578,41,2
37243,2019-07,9,5.0312,41,1
37243,2019-08,6,2.8521,18,1
37243,2019-09,10,5.9260,37,2
37243,2019-10,8,7.2688,35,0
37243,2019-11,6,2.4255,27,1
37243,2019-12,3,1.8956,12,0
37243,2020-01,4,3.4311,18,0
37243,2020-02,11,7.7662,41,1
37243,2020-03,6,4.6770,26,0
37243,2020-04,3,2.2114,12,0
37243,2020-05,2,1.3187,5,0
37243,2020-06,4,3.8664,15,0
37243,2020-07,2,1.8319,10,0
37243,2020-08,4,2.0177,17,1
37243,2020-09,9,6.8206,42,1
37243,2020-10,8,5.5229,33,1
37243,2020-11,3,1.9957,15,0
37243,2020-12,6,4.3218,28,1
37243,2021-01,3,2.6243,13,0
37243,2021-02,1,0.8417,5,0
37243,2021-03,7,3.5884,28,1
37243,2021-04,6,2.0826,24,2
37243,2021-05,7,4.6915,29,1
37243,2021-06,4,1.6624,18,1
37243,2021-07,4,3.4251,19,0
37243,2021-08,6,3.5126,25,1
37243,2021-09,4,3.6860,19,0
37243,2021-10,2,0.2460,8,1
37243,2021-11,4,0.9706,12,1
37243,2021-12,4,1.4378,13,1
37246,2012-01,4,3.7953,19,0
37246,2012-02,7,5.5192,22,0
37246,2012-03,9,6.7721,35,1
37246,2012-04,4,1.9415,13,1
37246,2012-05,6,3.8882,21,1
37246,2012-06,3,2.1435,10,0
37246,2012-07,5,4.8328,18,0
37246,2012-08,4,3.1793,17,0
37246,2012-09,7,5.4035,28,0
37246,2012-10,5,3.2585,21,0
37246,2012-11,3,2.3016,10,0
37246,2012-12,11,3.4515,37,4
37246,2013-01,5,3.9952,18,0
37246,2013-02,1,0.3724,3,0
37246,2013-03,6,3.7169,22,1
37246,2013-04,5,3.4209,18,1
37246,2013-05,10,3.9405,33,3
37246,2013-06,8,5.1529,26,1
37246,2013-07,4,1.7128,16,1
37246,2013-08,7,5.5380,30,0
37246,2013-09,6,4.9300,23,0
37246,2013-10,7,2.3657,18,2
37246,2013-11,3,1.2044,12,1
37246,2013-12,2,1.7882,10,0
37246,2014-01,5,4.6146,21,0
37246,2014-02,2,0.0108,6,1
37246,2014-03,8,7.4762,34,0
37246,2014-04,3,1.1978,13,1
37246,2014-05,7,3.7171,28,2
37246,2014-06,10,7.3907,42,1
37246,2014-07,8,4.7836,28,1
37246,2014-08,6,2.2647,23,2
37246,2014-09,8,6.2314,33,0
37246,2014-10,6,3.7531,23,1
37246,2014-11,4,3.7138,18,0
37246,2014-12,5,0.9912,14,2
37246,2015-01,7,2.9531,22,2
37246,2015-02,8,5.8083,26,0
37246,2015-03,3,0.7287,8,1
37246,2015-04,13,9.3280,50,0
37246,2015-05,9,5.2463,37,1
37246,2015-06,9,6.2768,37,1
37246,2015-07,13,4.5685,44,3
37246,2015-08,8,4.2364,31,1
37246,2015-09,4,3.0896,14,0
37246,2015-10,11,9.0822,39,0
37246,2015-11,7,5.0776,27,1
37246,2015-12,1,0.7917,3,0
37246,2016-01,4,0.7590,11,2
37246,2016-02,4,1.9325,13,1
37246,2016-03,4,1.9645,15,1
37246,2016-04,7,4.7500,25,1
37246,2016-05,7,3.8813,29,2
37246,2016-06,9,5.1261,28,1
37246,2016-07,7,3.3323,24,2
37246,2016-08,11,6.1600,37,3
37246,2016-09,9,6.1891,36,1
37246,2016-10,8,6.6379,37,0
37246,2016-11,10,6.8475,43,1
37246,2016-12,10,4.2096,37,3
37246,2017-01,4,3.3746,15,0
37246,2017-02,9,6.1944,34,1
37246,2017-03,13,7.9581,50,1
37246,2017-04,2,1.5803,6,0
37246,2017-05,3,0.7581,7,1
37246,2017-06,7,5.3181,26,0
37246,2017-07,7,5.6359,18,0
37246,2017-08,9,4.3670,30,1
37246,2017-09,7,1.4309,16,2
37246,2017-10,9,1.1966,15,4
37246,2017-11,6,4.8481,18,0
37246,2017-12,2,0.5537,6,1
37246,2018-01,8,5.7923,29,1
37246,2018-02,5,3.8321,16,0
37246,2018-03,11,5.8100,44,2
37246,2018-04,9,-0.6374,22,5
37246,2018-05,8,5.3669,33,1
37246,2018-06,6,0.0713,18,3
37246,2018-07,12,3.8400,31,4
37246,2018-08,4,1.6228,15,1
37246,2018-09,6,1.9855,18,2
37246,2018-10,3,2.6363,10,0
37246,2018-11,5,2.7441,20,1
37246,2018-12,3,1.4519,6,1
37246,2019-01,3,1.5314,11,1
37246,2019-02,3,0.6634,10,1
37246,2019-03,4,3.2019,17,0
37246,2019-04,2,0.0372,6,1
37246,2019-05,5,2.5933,13,1
37246,2019-06,7,-0.2374,18,4
37246,2019-07,4,3.1543,15,0
37246,2019-08,2,0.1305,2,1
37246,2019-09,3,1.1640,9,1
37246,2019-10,4,2.1351,17,1
37246,2019-11,1,0.7830,4,0
37246,2019-12,4,2.7434,16,0
37246,2020-01,2,1.8767,6,0
37246,2020-02,2,1.8468,6,0
37246,2020-03,3,2.1424,10,0
37246,2020-04,2,0.1836,6,1
37246,2020-05,7,1.5230,21,3
37246,2020-06,5,1.9579,21,2
37246,2020-07,3,2.8790,15,0
37246,2020-08,4,2.8777,19,0
37246,2020-09,7,2.5380,27,2
37246,2020-10,6,2.2381,15,2
37246,2020-11,2,-0.1954,6,1
37246,2020-12,6,2.3210,22,2
37246,2021-01,2,1.6174,6,0
37246,2021-02,3,1.2105,13,1
37246,2021-03,4,2.1745,19,1
37246,2021-04,6,1.7757,20,2
37246,2021-05,4,2.6829,16,1
37246,2021-06,3,2.8022,15,0
37246,2021-07,3,2.2555,14,0
37246,2021-08,2,1.0348,6,0
37246,2021-09,2,-1.7101,2,2
37246,2021-10,1,0.8610,4,0
37246,2021-11,10,4.8737,37,3
37246,2021-12,1,0.9427,5,0
37248,2014-01,1,0.9647,5,0
37248,2014-03,1,-0.2960,1,1
37248,2014-04,1,0.9792,5,0
37248,2014-05,7,4.2662,23,1
37248,2014-06,2,1.9114,6,0
37248,2014-08,3,2.4494,12,0
37248,2014-09,2,1.8736,9,0
37248,2014-10,1,0.6352,2,0
37248,2014-11,4,2.2153,16,1
37248,2014-12,3,-0.5395,7,1
37248,2015-01,3,2.5734,13,0
37248,2015-02,1,0.6361,2,0
37248,2015-03,1,0.7602,1,0
37248,2015-04,1,0.8910,1,0
37248,2015-06,4,2.5444,10,1
37248,2015-07,1,0.8513,5,0
37248,2015-08,1,-0.8833,1,1
37248,2015-10,1,-0.0341,1,0
37248,2015-11,1,-0.3071,1,1
37248,2016-01,3,1.3093,7,1
37248,2016-02,1,0.4588,5,0
37248,2016-05,2,0.4900,5,1
37248,2016-06,2,0.0325,6,1
37248,2016-09,1,0.8552,5,0
37248,2016-10,2,0.7391,2,1
37248,2017-04,1,0.5859,1,0
37248,2017-06,1,-0.9824,1,1
37248,2017-07,1,0.8357,1,0
37248,2017-11,1,-0.4321,1,1
37248,2018-03,1,-0.9255,1,1
37248,2018-04,3,-2.2278,3,3
37248,2018-08,2,-1.5079,2,2
37248,2018-10,3,0.2642,6,1
37248,2019-05,1,-0.3365,1,1
37248,2019-08,1,-0.8611,1,1
37248,2020-10,2,-0.2171,2,1
37248,2021-03,1,-0.7935,2,1
37248,2021-05,1,-0.2852,2,1
37248,2021-06,1,-0.7238,1,1
37248,2021-09,1,-0.8126,1,1
37250,2012-09,1,-0.3074,2,1
37250,2013-04,1,-0.6249,1,1
37250,2014-09,1,-0.2960,2,1
37250,2014-12,1,-0.7326,1,1
37250,2015-01,1,-0.8172,1,1
37250,2015-12,1,-0.9313,1,1
37250,2016-05,1,-0.8308,1,1
37250,2016-06,1,-0.7858,1,1
37250,2016-08,2,-1.1141,2,2
37250,2017-01,1,-0.9610,1,1
37250,2017-03,1,-0.8065,1,1
37250,2017-11,1,-0.6894,1,1
37250,2018-05,1,-0.6159,1,1
37250,2018-07,1,-0.8413,1,1
37250,2018-10,1,-0.9334,1,1
37250,2019-09,2,-0.7703,2,1
37250,2020-02,1,-0.7768,1,1
37250,2021-06,1,-0.8511,1,1
70112,2012-01,189,133.4094,700,20
70112,2012-02,132,95.4241,493,11
70112,2012-03,168,125.5386,631,10
70112,2012-04,161,114.5008,599,15
70112,2012-05,178,124.2887,653,20
70112,2012-06,148,116.7494,573,9
70112,2012-07,167,109.3208,635,22
70112,2012-08,144,105.8201,539,11
70112,2012-09,158,115.0935,578,11
70112,2012-10,178,133.8923,677,14
70112,2012-11,179,130.8701,687,16
70112,2012-12,160,111.1934,574,18
70112,2013-01,220,169.7508,878,15
70112,2013-02,168,125.2458,638,17
70112,2013-03,235,155.3322,890,37
70112,2013-04,219,164.7061,845,16
70112,2013-05,268,178.5350,1031,33
70112,2013-06,198,150.4578,764,15
70112,2013-07,203,133.9984,775,29
70112,2013-08,164,108.9149,604,20
70112,2013-09,200,146.9359,802,19
70112,2013-10,256,181.2578,973,27
70112,2013-11,247,179.1953,938,24
70112,2013-12,220,157.8927,858,22
70112,2014-01,293,214.6119,1127,25
70112,2014-02,224,169.2931,872,16
70112,2014-03,331,241.6856,1304,29
70112,2014-04,305,211.7636,1188,32
70112,2014-05,326,215.0801,1240,43
70112,2014-06,294,199.0678,1119,36
70112,2014-07,279,181.3431,1086,42
70112,2014-08,274,189.5772,1054,28
70112,2014-09,277,198.1349,1070,28
70112,2014-10,310,229.4567,1267,29
70112,2014-11,359,258.7274,1403,32
70112,2014-12,344,233.3625,1344,36
70112,2015-01,403,265.1436,1509,54
70112,2015-02,344,245.1741,1346,32
70112,2015-03,447,298.3784,1747,60
70112,2015-04,387,262.5298,1476,47
70112,2015-05,394,282.2408,1546,39
70112,2015-06,402,278.8405,1572,46
70112,2015-07,380,266.9092,1499,43
70112,2015-08,353,247.0934,1391,34
70112,2015-09,358,235.5222,1379,43
70112,2015-10,414,288.6869,1646,46
70112,2015-11,422,302.2453,1668,43
70112,2015-12,419,300.3165,1657,40
70112,2016-01,482,340.7367,1898,52
70112,2016-02,426,286.1268,1685,52
70112,2016-03,464,324.8377,1894,45
70112,2016-04,424,272.0958,1628,57
70112,2016-05,475,327.6827,1840,54
70112,2016-06,409,293.2015,1623,40
70112,2016-07,461,308.9560,1796,63
70112,2016-08,360,243.0252,1388,43
70112,2016-09,375,257.0123,1520,47
70112,2016-10,395,271.0861,1566,46
70112,2016-11,381,256.7784,1448,45
70112,2016-12,398,259.8563,1527,57
70112,2017-01,456,304.9318,1734,59
70112,2017-02,407,269.7743,1585,55
70112,2017-03,567,372.7624,2229,77
70112,2017-04,493,326.0406,1925,64
70112,2017-05,531,358.5510,2049,62
70112,2017-06,536,352.1766,2091,73
70112,2017-07,518,371.2076,2086,47
70112,2017-08,405,279.2622,1590,52
70112,2017-09,397,258.5691,1520,52
70112,2017-10,457,306.1575,1776,61
70112,2017-11,403,261.4570,1533,57
70112,2017-12,464,302.0865,1790,66
70112,2018-01,548,385.7373,2152,62
70112,2018-02,470,317.3841,1844,59
70112,2018-03,634,443.1729,2497,74
70112,2018-04,586,394.4838,2282,71
70112,2018-05,632,410.1639,2493,87
70112,2018-06,653,451.8593,2660,74
70112,2018-07,671,449.9029,2638,85
70112,2018-08,590,400.1176,2315,69
70112,2018-09,550,375.3779,2206,67
70112,2018-10,584,367.2383,2237,92
70112,2018-11,507,355.4826,2024,53
70112,2018-12,633,413.8108,2461,88
70112,2019-01,574,391.6760,2295,65
70112,2019-02,617,441.8430,2524,67
70112,2019-03,755,472.8571,2831,121
70112,2019-04,605,430.2120,2422,62
70112,2019-05,660,427.3082,2547,86
70112,2019-06,563,363.2943,2204,79
70112,2019-07,493,338.6246,1948,61
70112,2019-08,547,387.1608,2230,61
70112,2019-09,545,336.1356,2100,87
70112,2019-10,539,358.5310,2134,67
70112,2019-11,446,302.4101,1742,53
70112,2019-12,531,355.5552,2041,69
70112,2020-01,510,337.0155,2050,68
70112,2020-02,547,377.3613,2192,61
70112,2020-03,344,215.9920,1327,48
70112,2020-04,52,26.6326,193,13
70112,2020-05,57,34.7798,225,9
70112,2020-06,87,50.7219,338,17
70112,2020-07,107,64.9485,427,16
70112,2020-08,123,91.1208,506,12
70112,2020-09,135,76.4191,528,27
70112,2020-10,136,87.5629,543,22
70112,2020-11,158,105.0867,646,22
70112,2020-12,149,94.2235,582,23
70112,2021-01,163,103.3014,645,25
70112,2021-02,138,92.2097,548,15
70112,2021-03,249,173.6581,1013,30
70112,2021-04,259,158.6674,968,44
70112,2021-05,287,192.2357,1159,34
70112,2021-06,355,233.2950,1389,49
70112,2021-07,299,181.6669,1129,50
70112,2021-08,255,170.0654,1025,34
70112,2021-09,103,58.5811,400,19
70112,2021-10,265,166.5365,1050,41
70112,2021-11,251,157.6197,999,41
70112,2021-12,289,199.0525,1135,30
70113,2012-01,23,19.1722,86,1
70113,2012-02,17,11.9878,61,2
70113,2012-03,21,5.7611,64,7
70113,2012-04,22,11.3106,72,6
70113,2012-05,15,7.2192,48,4
70113,2012-06,25,18.6094,78,3
70113,2012-07,21,14.9371,73,2
70113,2012-08,16,13.4739,54,1
70113,2012-09,11,4.4754,31,3
70113,2012-10,27,20.9450,88,2
70113,2012-11,18,13.4547,62,1
70113,2012-12,21,16.8405,67,1
70113,2013-01,18,10.3143,58,3
70113,2013-02,19,14.9552,74,2
70113,2013-03,23,10.1288,77,6
70113,2013-04,17,8.4971,61,3
70113,2013-05,21,13.1162,65,3
70113,2013-06,30,23.3353,118,2
70113,2013-07,53,40.1218,197,5
70113,2013-08,33,21.0526,108,4
70113,2013-09,36,21.8378,122,7
70113,2013-10,38,28.3444,143,3
70113,2013-11,41,33.0382,152,2
70113,2013-12,44,37.1476,166,3
70113,2014-01,54,38.1711,195,5
70113,2014-02,33,22.0493,133,5
70113,2014-03,45,32.4026,151,3
70113,2014-04,30,7.4641,79,11
70113,2014-05,45,32.8359,176,3
70113,2014-06,31,20.6253,121,3
70113,2014-07,47,40.0804,184,2
70113,2014-08,48,32.6320,193,7
70113,2014-09,32,24.3805,131,3
70113,2014-10,35,25.4653,123,2
70113,2014-11,41,24.9155,146,7
70113,2014-12,56,38.6071,201,9
70113,2015-01,50,32.4004,160,6
70113,2015-02,41,32.8983,166,2
70113,2015-03,66,41.2206,253,8
70113,2015-04,67,49.5301,247,6
70113,2015-05,60,39.9692,231,8
70113,2015-06,66,52.3615,264,3
70113,2015-07,98,69.3565,357,10
70113,2015-08,103,69.1223,393,12
70113,2015-09,104,73.7905,413,12
70113,2015-10,107,74.8932,404,11
70113,2015-11,81,49.4447,286,13
70113,2015-12,84,58.2902,317,11
70113,2016-01,122,99.5570,465,6
70113,2016-02,106,81.5365,426,9
70113,2016-03,94,67.8702,376,11
70113,2016-04,104,73.4489,415,12
70113,2016-05,109,85.1394,450,7
70113,2016-06,104,79.1760,416,7
70113,2016-07,115,93.9783,485,5
70113,2016-08,76,48.4260,300,13
70113,2016-09,91,64.9813,350,10
70113,2016-10,96,72.3809,396,7
70113,2016-11,88,61.3173,362,10
70113,2016-12,124,93.8807,515,10
70113,2017-01,173,120.3064,670,20
70113,2017-02,148,119.2983,617,8
70113,2017-03,182,140.4153,756,13
70113,2017-04,156,121.4191,649,8
70113,2017-05,206,160.0723,853,16
70113,2017-06,181,115.8229,681,28
70113,2017-07,153,99.8978,564,22
70113,2017-08,131,95.6743,509,11
70113,2017-09,121,82.8726,446,16
70113,2017-10,153,89.8877,549,27
70113,2017-11,145,115.6970,620,9
70113,2017-12,165,117.4421,648,16
70113,2018-01,164,112.5148,674,21
70113,2018-02,149,113.1861,590,13
70113,2018-03,217,161.8188,908,19
70113,2018-04,235,171.6477,964,21
70113,2018-05,188,149.4491,795,12
70113,2018-06,199,138.8493,807,23
70113,2018-07,218,166.5114,911,19
70113,2018-08,175,132.3137,738,14
70113,2018-09,174,113.9896,711,21
70113,2018-10,183,134.0973,771,16
70113,2018-11,159,114.3975,653,15
70113,2018-12,160,114.6228,623,17
70113,2019-01,198,139.9719,786,21
70113,2019-02,163,121.2867,666,16
70113,2019-03,249,177.1278,1034,26
70113,2019-04,217,161.0444,944,19
70113,2019-05,234,171.5386,931,22
70113,2019-06,209,140.6215,844,28
70113,2019-07,163,117.2910,669,17
70113,2019-08,198,127.1364,789,31
70113,2019-09,187,130.2802,745,20
70113,2019-10,150,111.8555,609,11
70113,2019-11,169,114.0630,659,19
70113,2019-12,193,141.8602,786,19
70113,2020-01,240,171.7684,995,27
70113,2020-02,164,121.9900,687,16
70113,2020-03,115,80.2123,468,13
70113,2020-04,35,24.6230,140,4
70113,2020-05,30,16.9732,113,7
70113,2020-06,52,34.4376,208,7
70113,2020-07,54,36.2224,222,7
70113,2020-08,52,31.3410,201,9
70113,2020-09,44,33.2368,188,3
70113,2020-10,73,49.2144,288,10
70113,2020-11,49,44.1354,224,1
70113,2020-12,55,38.0788,225,6
70113,2021-01,54,35.4820,230,7
70113,2021-02,70,46.8822,301,9
70113,2021-03,101,64.0967,403,15
70113,2021-04,80,57.2620,338,5
70113,2021-05,139,103.3051,589,12
70113,2021-06,99,61.3803,373,16
70113,2021-07,125,81.3846,496,19
70113,2021-08,98,66.5834,395,10
70113,2021-09,36,26.7160,159,3
70113,2021-10,50,41.7978,227,1
70113,2021-11,90,50.5313,352,17
70113,2021-12,68,50.3749,287,6
70114,2012-01,12,9.0124,49,0
70114,2012-02,7,4.6504,28,1
70114,2012-03,10,6.4175,41,1
70114,2012-04,15,13.4200,58,0
70114,2012-05,12,7.1703,44,1
70114,2012-06,9,5.3780,35,1
70114,2012-07,1,0.9771,4,0
70114,2012-08,4,2.1690,17,1
70114,2012-09,5,4.8072,21,0
70114,2012-10,14,6.4440,37,3
70114,2012-11,11,8.5136,46,0
70114,2012-12,12,7.5729,49,2
70114,2013-01,17,9.6361,64,2
70114,2013-02,17,14.9090,76,0
70114,2013-03,13,7.7521,46,2
70114,2013-04,3,2.8683,12,0
70114,2013-05,12,9.7225,46,0
70114,2013-06,14,11.0947,56,1
70114,2013-07,25,18.9015,116,1
70114,2013-08,13,7.0392,47,3
70114,2013-09,13,6.5389,46,3
70114,2013-10,19,12.1357,76,2
70114,2013-11,15,7.1547,48,3
70114,2013-12,13,5.9630,42,3
70114,2014-01,11,4.7612,33,3
70114,2014-02,9,2.5558,34,3
70114,2014-03,14,10.9889,54,1
70114,2014-04,11,6.3239,43,2
70114,2014-05,17,13.3306,63,1
70114,2014-06,22,15.1811,83,3
70114,2014-07,15,10.8918,55,1
70114,2014-08,25,9.8257,82,8
70114,2014-09,6,4.7340,25,0
70114,2014-10,11,8.0821,42,1
70114,2014-11,22,4.6392,70,10
70114,2014-12,15,7.5510,53,3
70114,2015-01,25,11.1807,91,7
70114,2015-02,16,13.2093,64,0
70114,2015-03,21,7.1794,76,7
70114,2015-04,30,7.8569,84,11
70114,2015-05,17,7.0843,57,5
70114,2015-06,21,11.6600,81,4
70114,2015-07,19,11.9131,70,3
70114,2015-08,19,13.3968,78,2
70114,2015-09,12,7.2865,55,2
70114,2015-10,26,17.6313,104,4
70114,2015-11,14,6.0842,50,3
70114,2015-12,25,9.7494,83,7
70114,2016-01,43,28.7895,182,5
70114,2016-02,28,14.4726,99,6
70114,2016-03,30,18.9060,115,4
70114,2016-04,19,8.9196,61,4
70114,2016-05,27,15.8971,101,4
70114,2016-06,32,22.7508,138,4
70114,2016-07,31,13.3495,110,9
70114,2016-08,22,8.0559,78,6
70114,2016-09,27,15.3021,109,5
70114,2016-10,12,8.8220,42,1
70114,2016-11,34,8.4958,102,13
70114,2016-12,16,11.3924,71,2
70114,2017-01,20,10.8260,71,4
70114,2017-02,17,7.8754,61,4
70114,2017-03,42,28.5437,163,6
70114,2017-04,33,25.0853,129,3
70114,2017-05,31,16.1887,108,6
70114,2017-06,19,9.8276,63,4
70114,2017-07,44,28.8214,174,6
70114,2017-08,40,21.3226,151,8
70114,2017-09,29,22.4399,124,3
70114,2017-10,26,16.5447,92,2
70114,2017-11,31,14.9330,106,8
70114,2017-12,21,12.3074,75,3
70114,2018-01,28,16.7589,103,4
70114,2018-02,35,23.2633,137,5
70114,2018-03,37,20.7118,141,7
70114,2018-04,50,30.1344,192,7
70114,2018-05,35,22.4262,140,5
70114,2018-06,34,22.4427,127,3
70114,2018-07,26,16.2957,96,4
70114,2018-08,25,14.2055,98,5
70114,2018-09,28,16.9692,98,5
70114,2018-10,30,18.0948,120,5
70114,2018-11,39,19.7687,138,9
70114,2018-12,30,6.9626,95,11
70114,2019-01,25,13.9461,84,5
70114,2019-02,27,10.8680,92,8
70114,2019-03,31,10.7891,104,9
70114,2019-04,44,21.6450,159,11
70114,2019-05,33,17.8081,104,5
70114,2019-06,33,17.7764,127,8
70114,2019-07,32,19.0365,137,6
70114,2019-08,31,17.7172,123,6
70114,2019-09,40,18.9598,139,9
70114,2019-10,22,10.3223,77,6
70114,2019-11,28,10.0928,95,9
70114,2019-12,21,7.4384,65,7
70114,2020-01,35,18.3561,131,7
70114,2020-02,31,20.4406,123,4
70114,2020-03,25,14.4757,94,5
70114,2020-04,8,3.7135,32,2
70114,2020-05,6,-0.5946,17,3
70114,2020-06,12,7.5691,44,1
70114,2020-07,16,8.9036,59,3
70114,2020-08,21,12.9673,77,5
70114,2020-09,11,2.8773,41,4
70114,2020-10,20,5.6480,67,6
70114,2020-11,19,7.3129,74,5
70114,2020-12,12,8.7423,46,1
70114,2021-01,19,10.0963,67,4
70114,2021-02,19,13.5613,72,2
70114,2021-03,13,7.7593,48,1
70114,2021-04,11,3.8860,34,3
70114,2021-05,16,6.7742,60,4
70114,2021-06,18,10.2933,68,4
70114,2021-07,27,19.4759,107,3
70114,2021-08,14,10.7820,63,1
70114,2021-09,12,4.9022,40,3
70114,2021-10,6,1.3030,22,2
70114,2021-11,14,5.8628,46,4
70114,2021-12,15,10.1344,63,2
70115,2012-01,358,262.7974,1404,32
70115,2012-02,357,273.0130,1382,26
70115,2012-03,441,350.8838,1728,22
70115,2012-04,384,295.5695,1493,22
70115,2012-05,371,275.4230,1460,31
70115,2012-06,323,236.8881,1245,30
70115,2012-07,302,222.4486,1175,22
70115,2012-08,269,201.9613,1025,21
70115,2012-09,212,145.4362,830,26
70115,2012-10,259,185.6613,971,25
70115,2012-11,265,201.3878,999,21
70115,2012-12,267,184.4845,992,31
70115,2013-01,382,291.6160,1470,29
70115,2013-02,355,251.2811,1365,37
70115,2013-03,389,279.2759,1496,40
70115,2013-04,389,288.9584,1520,39
70115,2013-05,365,266.0097,1427,38
70115,2013-06,436,305.3464,1708,50
70115,2013-07,392,284.6064,1507,46
70115,2013-08,358,267.5267,1400,30
70115,2013-09,345,252.9784,1357,36
70115,2013-10,348,251.2044,1349,31
70115,2013-11,343,258.0948,1341,25
70115,2013-12,399,290.0525,1555,41
70115,2014-01,487,345.0790,1891,49
70115,2014-02,424,322.1792,1685,30
70115,2014-03,506,365.7685,1985,53
70115,2014-04,441,328.4911,1741,35
70115,2014-05,483,360.8385,1913,40
70115,2014-06,429,330.6094,1750,32
70115,2014-07,511,371.0301,1995,49
70115,2014-08,523,386.1765,2103,45
70115,2014-09,467,348.2337,1836,41
70115,2014-10,475,359.6423,1931,41
70115,2014-11,432,320.1182,1745,44
70115,2014-12,429,325.1625,1705,32
70115,2015-01,450,322.1490,1735,44
70115,2015-02,497,356.0836,1982,47
70115,2015-03,585,441.5922,2342,39
70115,2015-04,559,403.0817,2227,54
70115,2015-05,578,416.7413,2294,55
70115,2015-06,602,461.2809,2454,49
70115,2015-07,644,499.6525,2693,45
70115,2015-08,592,419.6358,2350,58
70115,2015-09,487,364.4128,1990,39
70115,2015-10,577,437.4916,2376,45
70115,2015-11,629,470.3266,2559,56
70115,2015-12,597,406.6421,2309,67
70115,2016-01,628,471.8969,2497,55
70115,2016-02,621,439.4670,2437,63
70115,2016-03,687,495.1570,2721,69
70115,2016-04,627,452.2254,2525,62
70115,2016-05,677,492.7099,2743,68
70115,2016-06,615,433.9548,2485,68
70115,2016-07,634,464.8573,2563,56
70115,2016-08,457,332.0512,1901,47
70115,2016-09,536,391.8879,2144,45
70115,2016-10,527,366.9930,2131,58
70115,2016-11,503,369.1597,2047,46
70115,2016-12,521,350.7384,2077,63
70115,2017-01,607,453.7591,2506,53
70115,2017-02,529,383.2839,2111,47
70115,2017-03,736,537.0757,2984,74
70115,2017-04,652,460.2940,2635,70
70115,2017-05,740,516.9895,3051,89
70115,2017-06,625,449.1825,2536,62
70115,2017-07,620,447.5492,2530,58
70115,2017-08,526,405.3016,2156,38
70115,2017-09,566,421.0875,2347,49
70115,2017-10,556,406.1067,2301,56
70115,2017-11,605,468.4651,2519,43
70115,2017-12,586,403.9637,2329,69
70115,2018-01,593,428.7970,2444,61
70115,2018-02,602,440.4222,2450,54
70115,2018-03,798,568.0125,3215,75
70115,2018-04,697,507.4014,2884,64
70115,2018-05,857,617.8779,3516,89
70115,2018-06,759,574.5054,3189,52
70115,2018-07,771,589.0269,3221,63
70115,2018-08,622,482.3859,2646,45
70115,2018-09,592,450.7139,2462,43
70115,2018-10,565,405.7172,2364,58
70115,2018-11,529,393.0730,2242,49
70115,2018-12,636,458.0850,2578,63
70115,2019-01,681,485.5602,2809,73
70115,2019-02,618,455.0116,2582,56
70115,2019-03,836,594.0900,3465,87
70115,2019-04,714,535.3354,3007,62
70115,2019-05,802,611.4419,3369,66
70115,2019-06,667,510.0212,2820,51
70115,2019-07,595,434.7665,2466,56
70115,2019-08,627,474.4319,2624,54
70115,2019-09,556,413.4257,2364,47
70115,2019-10,565,405.2737,2294,53
70115,2019-11,510,361.6426,2090,58
70115,2019-12,563,364.1081,2194,79
70115,2020-01,568,429.6798,2349,46
70115,2020-02,549,404.9563,2269,53
70115,2020-03,398,297.1926,1667,34
70115,2020-04,129,81.4622,531,17
70115,2020-05,205,138.3867,821,28
70115,2020-06,260,158.9776,1006,41
70115,2020-07,287,203.8778,1217,29
70115,2020-08,337,244.5346,1380,34
70115,2020-09,325,221.0741,1339,39
70115,2020-10,372,252.0578,1495,44
70115,2020-11,360,268.6746,1488,30
70115,2020-12,410,312.2021,1760,35
70115,2021-01,345,253.2284,1440,32
70115,2021-02,374,252.8264,1470,40
70115,2021-03,448,308.7035,1831,53
70115,2021-04,518,362.7166,2070,62
70115,2021-05,523,366.9365,2100,57
70115,2021-06,498,367.8282,2102,45
70115,2021-07,518,370.4013,2140,48
70115,2021-08,433,312.4143,1796,48
70115,2021-09,182,117.3406,725,26
70115,2021-10,325,238.7579,1347,31
70115,2021-11,375,252.5655,1460,48
70115,2021-12,400,276.9937,1612,50
70116,2012-01,465,324.7088,1812,51
70116,2012-02,449,325.1555,1709,47
70116,2012-03,490,343.7931,1884,47
70116,2012-04,436,320.3750,1707,37
70116,2012-05,486,335.1713,1892,53
70116,2012-06,392,288.5100,1568,36
70116,2012-07,362,247.0931,1420,44
70116,2012-08,381,263.1368,1524,42
70116,2012-09,328,242.8980,1294,30
70116,2012-10,403,290.7067,1562,41
70116,2012-11,450,317.8018,1740,48
70116,2012-12,387,290.6242,1512,26
70116,2013-01,606,428.5131,2347,56
70116,2013-02,431,311.4823,1653,37
70116,2013-03,682,484.7834,2650,66
70116,2013-04,535,362.8100,2017,66
70116,2013-05,611,448.2871,2388,56
70116,2013-06,531,394.4081,2113,44
70116,2013-07,575,405.2660,2249,59
70116,2013-08,466,317.4688,1839,55
70116,2013-09,455,308.6487,1715,55
70116,2013-10,540,376.5962,2109,57
70116,2013-11,598,420.1779,2312,58
70116,2013-12,494,353.6387,1939,46
70116,2014-01,679,475.9034,2683,69
70116,2014-02,602,421.7527,2384,65
70116,2014-03,779,540.9327,2987,83
70116,2014-04,713,490.0862,2737,79
70116,2014-05,742,538.8158,2923,71
70116,2014-06,755,546.4737,3006,66
70116,2014-07,801,550.4863,3077,91
70116,2014-08,700,495.2416,2755,70
70116,2014-09,697,479.3168,2751,78
70116,2014-10,668,480.0761,2649,65
70116,2014-11,792,573.5739,3089,66
70116,2014-12,712,483.5193,2739,88
70116,2015-01,861,632.5845,3459,72
70116,2015-02,829,576.4447,3249,87
70116,2015-03,1031,718.4649,4033,105
70116,2015-04,893,622.6101,3543,92
70116,2015-05,1003,661.7193,3925,132
70116,2015-06,919,629.6930,3669,105
70116,2015-07,909,661.2266,3659,76
70116,2015-08,868,588.1577,3428,94
70116,2015-09,823,590.9461,3311,81
70116,2015-10,921,640.3399,3662,95
70116,2015-11,962,690.1985,3875,88
70116,2015-12,913,631.4368,3667,105
70116,2016-01,1135,825.1851,4565,96
70116,2016-02,1051,749.5159,4183,101
70116,2016-03,1212,845.4249,4794,128
70116,2016-04,951,661.5766,3834,108
70116,2016-05,1108,779.9738,4408,107
70116,2016-06,909,663.4449,3690,88
70116,2016-07,975,677.3588,3922,104
70116,2016-08,748,538.9097,3014,72
70116,2016-09,699,496.9830,2800,68
70116,2016-10,836,591.1877,3400,79
70116,2016-11,813,545.6637,3171,99
70116,2016-12,769,512.5049,3000,99
70116,2017-01,960,679.4654,3864,98
70116,2017-02,819,583.2017,3325,76
70116,2017-03,1170,779.1309,4656,140
70116,2017-04,1130,803.0682,4555,106
70116,2017-05,1162,809.3632,4750,120
70116,2017-06,930,663.5038,3795,94
70116,2017-07,979,708.8353,4098,87
70116,2017-08,827,596.9336,3443,75
70116,2017-09,833,573.4996,3406,95
70116,2017-10,986,719.2280,4042,85
70116,2017-11,924,661.4492,3800,88
70116,2017-12,917,634.4296,3621,98
70116,2018-01,1073,769.0780,4352,102
70116,2018-02,969,679.1922,3896,101
70116,2018-03,1407,945.0595,5495,165
70116,2018-04,1323,906.1682,5314,143
70116,2018-05,1355,894.9208,5361,166
70116,2018-06,1247,876.2680,5167,128
70116,2018-07,1268,890.3315,5235,128
70116,2018-08,941,679.0633,3896,88
70116,2018-09,884,611.8075,3533,99
70116,2018-10,1058,723.5975,4317,122
70116,2018-11,987,692.5529,4098,99
70116,2018-12,1027,668.8768,4030,137
70116,2019-01,1105,777.0234,4472,108
70116,2019-02,1050,724.4661,4216,116
70116,2019-03,1410,954.3356,5606,172
70116,2019-04,1223,815.7819,4823,150
70116,2019-05,1093,734.9084,4359,129
70116,2019-06,1055,730.4564,4370,116
70116,2019-07,858,608.1556,3434,88
70116,2019-08,909,645.3014,3724,98
70116,2019-09,885,615.5572,3544,90
70116,2019-10,1027,697.2797,4166,121
70116,2019-11,826,572.7317,3347,94
70116,2019-12,920,602.8847,3664,118
70116,2020-01,1026,724.1732,4202,96
70116,2020-02,1025,690.5320,4186,125
70116,2020-03,647,483.7809,2715,52
70116,2020-04,90,66.6797,393,7
70116,2020-05,100,65.8363,442,13
70116,2020-06,160,109.6872,674,19
70116,2020-07,227,159.9620,960,27
70116,2020-08,199,154.3584,854,13
70116,2020-09,213,140.3952,900,28
70116,2020-10,271,190.8774,1163,29
70116,2020-11,292,202.2232,1209,32
70116,2020-12,265,206.9480,1144,15
70116,2021-01,326,244.4602,1426,26
70116,2021-02,297,222.8067,1312,23
70116,2021-03,524,368.5289,2170,55
70116,2021-04,548,361.5214,2227,66
70116,2021-05,629,421.7777,2545,71
70116,2021-06,712,513.4577,2956,57
70116,2021-07,695,464.6979,2836,81
70116,2021-08,476,326.9863,1956,56
70116,2021-09,154,116.4184,656,13
70116,2021-10,445,290.9274,1813,56
70116,2021-11,564,415.3916,2393,49
70116,2021-12,514,352.0551,2119,60
70117,2012-01,94,77.0459,411,3
70117,2012-02,83,63.1011,324,7
70117,2012-03,118,96.4183,493,6
70117,2012-04,108,86.6397,431,7
70117,2012-05,98,82.7790,426,2
70117,2012-06,105,86.7009,446,3
70117,2012-07,86,70.6525,357,5
70117,2012-08,99,63.8021,366,16
70117,2012-09,59,51.3837,237,1
70117,2012-10,62,47.0804,253,5
70117,2012-11,118,95.0843,509,5
70117,2012-12,112,89.8265,441,8
70117,2013-01,140,107.5202,567,11
70117,2013-02,127,93.7007,513,12
70117,2013-03,150,111.7200,608,15
70117,2013-04,135,113.0720,558,5
70117,2013-05,143,106.8791,579,13
70117,2013-06,123,97.1837,514,7
70117,2013-07,143,115.1678,576,7
70117,2013-08,115,79.2594,454,15
70117,2013-09,96,79.5084,383,5
70117,2013-10,101,76.4691,387,7
70117,2013-11,114,91.1837,451,7
70117,2013-12,93,60.6325,374,12
70117,2014-01,163,120.1662,639,13
70117,2014-02,142,111.5475,583,8
70117,2014-03,168,126.6735,693,12
70117,2014-04,179,142.8778,700,8
70117,2014-05,178,137.8985,721,14
70117,2014-06,163,110.4548,620,20
70117,2014-07,184,135.2807,761,18
70117,2014-08,161,116.6499,638,17
70117,2014-09,133,99.6927,536,13
70117,2014-10,168,120.9820,684,16
70117,2014-11,177,142.4717,738,12
70117,2014-12,163,124.0924,645,16
70117,2015-01,212,166.6203,859,13
70117,2015-02,178,126.1642,724,19
70117,2015-03,271,191.9943,1067,27
70117,2015-04,310,249.2504,1302,15
70117,2015-05,272,214.1652,1140,20
70117,2015-06,225,171.4762,927,19
70117,2015-07,237,186.0248,1015,14
70117,2015-08,211,164.2049,886,18
70117,2015-09,203,165.6616,864,9
70117,2015-10,214,165.5280,905,18
70117,2015-11,217,167.6635,933,13
70117,2015-12,181,143.1503,764,12
70117,2016-01,252,198.4966,1074,18
70117,2016-02,256,193.6852,1068,20
70117,2016-03,301,236.3944,1253,23
70117,2016-04,253,182.1300,1050,25
70117,2016-05,282,212.0436,1186,26
70117,2016-06,263,206.1846,1140,14
70117,2016-07,250,190.1539,1066,18
70117,2016-08,175,129.6301,714,13
70117,2016-09,189,131.9477,777,21
70117,2016-10,241,175.5605,955,20
70117,2016-11,219,167.0266,887,15
70117,2016-12,202,150.1074,825,15
70117,2017-01,292,231.5192,1265,19
70117,2017-02,202,150.6908,867,17
70117,2017-03,315,235.1521,1325,27
70117,2017-04,285,220.3634,1190,19
70117,2017-05,265,213.7482,1141,16
70117,2017-06,212,163.5525,916,18
70117,2017-07,250,191.8196,1066,17
70117,2017-08,183,140.6300,787,13
70117,2017-09,185,138.5575,755,16
70117,2017-10,198,135.4553,809,22
70117,2017-11,228,170.9008,971,19
70117,2017-12,246,179.5026,1011,22
70117,2018-01,285,214.1765,1221,24
70117,2018-02,231,164.3321,972,21
70117,2018-03,315,233.4068,1340,25
70117,2018-04,293,217.4401,1223,28
70117,2018-05,342,251.4074,1434,29
70117,2018-06,280,199.6208,1148,33
70117,2018-07,307,224.1821,1247,25
70117,2018-08,226,165.1025,959,22
70117,2018-09,228,165.7425,956,20
70117,2018-10,248,189.4849,1053,17
70117,2018-11,239,175.2289,995,22
70117,2018-12,237,173.5736,1008,25
70117,2019-01,276,212.5275,1179,19
70117,2019-02,297,218.8683,1252,25
70117,2019-03,394,272.0942,1575,46
70117,2019-04,341,269.8574,1473,22
70117,2019-05,324,229.5153,1328,38
70117,2019-06,283,200.8816,1207,30
70117,2019-07,236,184.6256,1002,16
70117,2019-08,245,191.8159,1038,14
70117,2019-09,256,192.0323,1076,21
70117,2019-10,298,220.6636,1250,27
70117,2019-11,221,162.0838,918,18
70117,2019-12,241,180.5505,1012,21
70117,2020-01,300,221.5407,1244,29
70117,2020-02,295,207.9746,1215,35
70117,2020-03,132,107.6180,574,6
70117,2020-04,30,14.9387,108,7
70117,2020-05,53,44.0094,232,1
70117,2020-06,76,41.2321,301,13
70117,2020-07,91,58.0606,370,14
70117,2020-08,113,78.7479,467,14
70117,2020-09,91,52.4167,368,18
70117,2020-10,119,76.2179,481,19
70117,2020-11,111,81.5985,470,9
70117,2020-12,94,54.0682,378,16
70117,2021-01,134,98.0497,547,15
70117,2021-02,141,103.3973,597,14
70117,2021-03,189,136.5434,781,17
70117,2021-04,183,133.1955,751,19
70117,2021-05,189,124.8239,753,25
70117,2021-06,191,130.0200,794,25
70117,2021-07,196,142.8066,811,17
70117,2021-08,146,96.9073,603,20
70117,2021-09,51,32.5987,211,6
70117,2021-10,122,83.3265,518,13
70117,2021-11,132,97.0247,549,10
70117,2021-12,129,85.7170,529,18
70118,2012-01,213,161.2427,804,15
70118,2012-02,172,129.7983,649,13
70118,2012-03,188,134.9849,712,19
70118,2012-04,188,141.0473,709,18
70118,2012-05,190,142.6637,725,18
70118,2012-06,177,142.7139,697,12
70118,2012-07,179,129.6064,697,16
70118,2012-08,113,76.1025,432,13
70118,2012-09,136,101.4126,521,12
70118,2012-10,141,100.5231,544,17
70118,2012-11,155,111.1011,615,16
70118,2012-12,143,107.6461,558,11
70118,2013-01,232,174.2793,916,20
70118,2013-02,217,164.2719,835,19
70118,2013-03,182,137.5907,678,11
70118,2013-04,216,151.5241,801,26
70118,2013-05,238,174.9491,891,24
70118,2013-06,203,156.2957,794,13
70118,2013-07,221,157.1694,849,25
70118,2013-08,173,125.6669,659,14
70118,2013-09,207,146.3621,774,23
70118,2013-10,218,164.4109,880,18
70118,2013-11,168,116.6685,642,18
70118,2013-12,165,109.9273,623,24
70118,2014-01,199,149.6825,771,16
70118,2014-02,207,157.0309,785,16
70118,2014-03,256,184.8904,988,22
70118,2014-04,239,180.1689,962,17
70118,2014-05,239,171.9275,951,20
70118,2014-06,203,154.2309,807,19
70118,2014-07,277,205.4156,1108,25
70118,2014-08,256,178.5596,1006,29
70118,2014-09,254,182.3826,983,22
70118,2014-10,239,172.6986,926,25
70118,2014-11,237,180.4312,944,16
70118,2014-12,245,160.7733,942,34
70118,2015-01,267,219.2478,1074,8
70118,2015-02,246,168.0098,945,27
70118,2015-03,309,231.8280,1224,26
70118,2015-04,302,201.6404,1197,37
70118,2015-05,285,193.6265,1093,31
70118,2015-06,247,178.6372,990,26
70118,2015-07,317,225.4851,1243,29
70118,2015-08,294,206.7975,1157,30
70118,2015-09,269,186.7274,1072,32
70118,2015-10,252,175.6900,1011,31
70118,2015-11,277,196.9780,1075,30
70118,2015-12,182,135.2477,733,12
70118,2016-01,274,187.0097,1074,29
70118,2016-02,314,228.8713,1260,30
70118,2016-03,317,233.5860,1258,25
70118,2016-04,252,177.5764,1016,28
70118,2016-05,315,229.5304,1279,31
70118,2016-06,262,175.0285,1032,32
70118,2016-07,307,230.6802,1241,22
70118,2016-08,244,183.4840,975,21
70118,2016-09,223,160.1373,886,25
70118,2016-10,264,173.9748,1021,37
70118,2016-11,205,135.7285,790,22
70118,2016-12,218,138.5220,836,33
70118,2017-01,270,183.6257,1071,32
70118,2017-02,230,134.5793,874,37
70118,2017-03,274,189.5493,1093,34
70118,2017-04,252,174.6581,1007,29
70118,2017-05,272,174.6129,1061,36
70118,2017-06,227,162.6973,896,25
70118,2017-07,229,164.0089,932,18
70118,2017-08,200,156.3198,851,12
70118,2017-09,232,152.7034,924,31
70118,2017-10,215,149.5875,877,26
70118,2017-11,205,142.2105,839,27
70118,2017-12,245,167.1944,954,30
70118,2018-01,264,202.2633,1110,22
70118,2018-02,222,156.3026,869,27
70118,2018-03,333,228.8315,1275,43
70118,2018-04,291,196.5861,1138,33
70118,2018-05,325,226.2354,1289,35
70118,2018-06,322,237.7942,1346,25
70118,2018-07,313,219.6106,1290,37
70118,2018-08,285,207.0078,1180,27
70118,2018-09,243,160.5098,961,33
70118,2018-10,239,165.4140,943,25
70118,2018-11,265,191.9695,1089,25
70118,2018-12,240,179.8500,990,20
70118,2019-01,276,209.4112,1127,22
70118,2019-02,240,149.0062,930,38
70118,2019-03,353,233.5446,1383,47
70118,2019-04,271,205.3757,1123,21
70118,2019-05,282,179.4865,1125,43
70118,2019-06,273,202.9099,1126,24
70118,2019-07,242,181.7571,1020,20
70118,2019-08,262,173.3496,1075,33
70118,2019-09,236,163.5487,974,28
70118,2019-10,233,172.3462,979,21
70118,2019-11,246,168.4426,1008,28
70118,2019-12,227,169.0152,952,24
70118,2020-01,231,154.3669,943,31
70118,2020-02,254,181.7388,1020,26
70118,2020-03,149,104.1964,640,17
70118,2020-04,50,33.1426,194,6
70118,2020-05,91,64.4544,375,10
70118,2020-06,112,74.2990,459,14
70118,2020-07,117,74.0312,464,14
70118,2020-08,132,89.3174,548,17
70118,2020-09,118,78.4220,460,16
70118,2020-10,111,77.5242,454,12
70118,2020-11,130,66.3547,499,27
70118,2020-12,123,70.0459,501,21
70118,2021-01,128,80.1571,511,21
70118,2021-02,143,95.4542,572,19
70118,2021-03,165,112.6548,638,17
70118,2021-04,149,105.4966,597,14
70118,2021-05,184,96.4549,670,38
70118,2021-06,183,113.3211,712,30
70118,2021-07,137,88.1707,564,20
70118,2021-08,130,76.0695,515,20
70118,2021-09,75,39.1493,296,17
70118,2021-10,128,74.7935,501,22
70118,2021-11,150,104.9036,612,18
70118,2021-12,121,74.0112,473,18
70119,2012-01,128,95.4068,488,12
70119,2012-02,141,103.1986,559,14
70119,2012-03,175,134.2497,665,11
70119,2012-04,138,104.8522,558,13
70119,2012-05,196,127.7548,730,26
70119,2012-06,165,111.5132,636,18
70119,2012-07,107,75.7731,401,11
70119,2012-08,154,117.2164,614,10
70119,2012-09,109,71.9257,421,15
70119,2012-10,148,96.8294,565,19
70119,2012-11,152,104.2862,573,16
70119,2012-12,135,100.0656,517,13
70119,2013-01,181,132.3642,699,18
70119,2013-02,157,113.3509,606,17
70119,2013-03,183,135.8806,718,16
70119,2013-04,135,98.3978,522,12
70119,2013-05,210,152.9864,824,20
70119,2013-06,217,150.5784,863,26
70119,2013-07,229,174.8588,912,17
70119,2013-08,224,153.9868,840,26
70119,2013-09,207,152.2746,791,20
70119,2013-10,204,143.3982,769,22
70119,2013-11,211,150.3012,804,20
70119,2013-12,211,155.4948,838,21
70119,2014-01,288,216.4081,1118,23
70119,2014-02,280,208.4210,1109,26
70119,2014-03,308,208.5292,1153,37
70119,2014-04,232,164.6849,911,25
70119,2014-05,270,197.1543,1032,25
70119,2014-06,280,195.1491,1110,34
70119,2014-07,301,236.6619,1198,17
70119,2014-08,316,224.9518,1254,31
70119,2014-09,289,205.1637,1149,30
70119,2014-10,277,184.5836,1085,34
70119,2014-11,302,208.5443,1183,34
70119,2014-12,268,193.4138,1073,24
70119,2015-01,343,244.2739,1345,38
70119,2015-02,283,188.9513,1071,34
70119,2015-03,441,334.1685,1793,32
70119,2015-04,335,232.7825,1352,34
70119,2015-05,378,278.6671,1528,30
70119,2015-06,387,282.8702,1570,39
70119,2015-07,389,281.4480,1540,33
70119,2015-08,375,259.8539,1473,40
70119,2015-09,332,259.2156,1363,18
70119,2015-10,393,267.7449,1573,49
70119,2015-11,375,259.6255,1522,42
70119,2015-12,320,230.5497,1238,30
70119,2016-01,403,286.2272,1605,43
70119,2016-02,417,282.7114,1663,54
70119,2016-03,468,332.7448,1903,45
70119,2016-04,438,312.8619,1792,41
70119,2016-05,424,308.8827,1692,39
70119,2016-06,431,303.2462,1754,45
70119,2016-07,453,346.4924,1892,30
70119,2016-08,366,251.5647,1453,45
70119,2016-09,341,242.0689,1358,36
70119,2016-10,358,242.3322,1389,46
70119,2016-11,394,268.7002,1557,42
70119,2016-12,429,306.1834,1710,43
70119,2017-01,445,324.7536,1817,43
70119,2017-02,394,287.4030,1576,36
70119,2017-03,543,386.3313,2204,53
70119,2017-04,518,366.9514,2125,50
70119,2017-05,565,402.1318,2338,55
70119,2017-06,433,304.6849,1716,40
70119,2017-07,471,333.3941,1901,46
70119,2017-08,365,263.7912,1525,33
70119,2017-09,318,225.9304,1321,35
70119,2017-10,383,274.9089,1532,36
70119,2017-11,416,307.9443,1740,38
70119,2017-12,413,286.9079,1672,45
70119,2018-01,452,337.7547,1867,34
70119,2018-02,474,334.8954,1913,45
70119,2018-03,613,436.7460,2513,63
70119,2018-04,528,367.3138,2166,57
70119,2018-05,626,445.8498,2569,57
70119,2018-06,577,423.7662,2411,50
70119,2018-07,728,499.2787,3013,85
70119,2018-08,527,356.7774,2138,60
70119,2018-09,528,386.2763,2160,49
70119,2018-10,551,381.1391,2256,60
70119,2018-11,529,366.1389,2137,60
70119,2018-12,508,362.1451,2052,50
70119,2019-01,574,414.3107,2381,62
70119,2019-02,588,400.0439,2398,71
70119,2019-03,761,553.1841,3087,69
70119,2019-04,700,498.3364,2899,71
70119,2019-05,663,478.6652,2701,63
70119,2019-06,590,418.6404,2394,64
70119,2019-07,584,392.4807,2356,73
70119,2019-08,554,382.1942,2211,61
70119,2019-09,488,351.3408,2046,48
70119,2019-10,469,337.5516,1951,48
70119,2019-11,453,304.8966,1821,51
70119,2019-12,507,352.5911,2078,60
70119,2020-01,545,390.7493,2272,55
70119,2020-02,500,374.5739,2096,40
70119,2020-03,355,257.3159,1458,32
70119,2020-04,107,60.1271,423,22
70119,2020-05,155,92.6128,595,27
70119,2020-06,237,162.6485,979,29
70119,2020-07,254,146.4315,985,47
70119,2020-08,253,164.8827,1028,36
70119,2020-09,256,153.9517,1019,40
70119,2020-10,284,194.3923,1144,33
70119,2020-11,257,182.2317,1066,31
70119,2020-12,284,194.9040,1137,34
70119,2021-01,283,189.6619,1133,37
70119,2021-02,337,242.9543,1396,33
70119,2021-03,371,234.1333,1457,57
70119,2021-04,371,218.2086,1444,64
70119,2021-05,377,254.1072,1509,46
70119,2021-06,390,236.9932,1523,62
70119,2021-07,397,249.3934,1578,54
70119,2021-08,266,181.3262,1034,31
70119,2021-09,157,85.7434,612,27
70119,2021-10,275,173.8927,1078,45
70119,2021-11,289,197.7939,1143,36
70119,2021-12,308,206.9573,1280,37
70121,2012-01,16,13.2254,69,0
70121,2012-02,27,15.3932,95,4
70121,2012-03,26,10.4192,81,8
70121,2012-04,16,10.7067,62,2
70121,2012-05,27,23.1077,103,0
70121,2012-06,24,19.7399,88,1
70121,2012-07,20,16.4294,77,0
70121,2012-08,21,12.6278,76,3
70121,2012-09,18,11.9878,62,2
70121,2012-10,23,13.0004,95,4
70121,2012-11,17,10.0505,59,3
70121,2012-12,34,21.7605,124,5
70121,2013-01,25,14.8192,88,3
70121,2013-02,24,21.1021,90,1
70121,2013-03,14,7.8515,46,3
70121,2013-04,14,9.9180,49,1
70121,2013-05,26,18.6800,100,2
70121,2013-06,19,13.3290,62,1
70121,2013-07,37,14.6469,118,10
70121,2013-08,20,12.4696,70,3
70121,2013-09,29,14.4295,95,7
70121,2013-10,23,11.2996,78,4
70121,2013-11,18,6.2822,64,6
70121,2013-12,33,19.5663,115,5
70121,2014-01,24,17.4847,81,2
70121,2014-02,33,25.4810,126,2
70121,2014-03,25,15.6247,86,5
70121,2014-04,32,19.8608,121,4
70121,2014-05,33,18.3077,127,6
70121,2014-06,31,21.5379,103,4
70121,2014-07,30,16.2648,100,5
70121,2014-08,31,17.7277,107,6
70121,2014-09,32,16.9523,104,7
70121,2014-10,31,18.6912,112,4
70121,2014-11,28,16.8958,106,2
70121,2014-12,36,11.3115,121,12
70121,2015-01,36,13.9036,119,10
70121,2015-02,41,13.2217,139,12
70121,2015-03,45,26.4378,161,8
70121,2015-04,42,21.2585,135,8
70121,2015-05,38,21.5219,133,8
70121,2015-06,33,20.0576,113,5
70121,2015-07,51,27.0272,180,9
70121,2015-08,36,11.2517,113,11
70121,2015-09,29,11.5910,99,8
70121,2015-10,32,15.9720,113,7
70121,2015-11,32,15.1086,120,7
70121,2015-12,26,18.7513,92,2
70121,2016-01,57,25.6222,202,14
70121,2016-02,53,21.9978,191,14
70121,2016-03,54,30.1297,204,8
70121,2016-04,42,23.9416,148,6
70121,2016-05,46,23.5321,163,10
70121,2016-06,37,21.9532,140,6
70121,2016-07,42,19.3551,153,10
70121,2016-08,37,22.5464,141,7
70121,2016-09,42,19.5442,135,10
70121,2016-10,41,23.0630,149,7
70121,2016-11,34,14.8767,122,9
70121,2016-12,35,16.6673,126,8
70121,2017-01,43,26.4010,155,6
70121,2017-02,45,30.3127,165,5
70121,2017-03,35,20.3912,130,6
70121,2017-04,33,23.3624,140,4
70121,2017-05,52,26.3299,185,11
70121,2017-06,35,19.6008,145,6
70121,2017-07,38,24.0333,144,4
70121,2017-08,25,15.8331,94,3
70121,2017-09,23,13.7659,90,4
70121,2017-10,42,15.6488,133,13
70121,2017-11,31,20.3351,111,4
70121,2017-12,24,8.6269,80,7
70121,2018-01,39,20.4991,129,7
70121,2018-02,45,23.8308,145,11
70121,2018-03,45,23.2022,163,9
70121,2018-04,40,23.1617,146,7
70121,2018-05,46,26.8962,162,8
70121,2018-06,49,21.5450,178,11
70121,2018-07,58,32.8259,225,10
70121,2018-08,55,27.1652,181,12
70121,2018-09,40,22.8156,144,7
70121,2018-10,40,16.3979,128,11
70121,2018-11,41,16.5891,139,11
70121,2018-12,26,12.0558,94,7
70121,2019-01,41,25.5905,148,7
70121,2019-02,40,20.4185,135,8
70121,2019-03,62,23.4921,185,16
70121,2019-04,52,33.0899,207,8
70121,2019-05,42,13.1964,136,14
70121,2019-06,59,29.2665,218,12
70121,2019-07,33,18.6674,121,6
70121,2019-08,55,26.8766,192,11
70121,2019-09,49,14.7738,163,16
70121,2019-10,50,25.1997,155,11
70121,2019-11,40,24.5393,158,7
70121,2019-12,48,29.4213,182,8
70121,2020-01,42,23.9044,154,9
70121,2020-02,55,27.5907,177,11
70121,2020-03,44,19.4856,165,11
70121,2020-04,8,2.2764,21,2
70121,2020-05,19,6.9084,67,7
70121,2020-06,25,12.7815,89,5
70121,2020-07,31,17.6474,113,5
70121,2020-08,41,9.1142,115,14
70121,2020-09,21,9.5005,69,4
70121,2020-10,19,11.9049,70,2
70121,2020-11,27,12.6017,94,7
70121,2020-12,27,11.2401,98,7
70121,2021-01,34,18.8871,117,6
70121,2021-02,28,12.0815,86,7
70121,2021-03,35,15.2530,121,10
70121,2021-04,33,18.7075,130,6
70121,2021-05,31,12.1502,108,9
70121,2021-06,45,28.6870,182,5
70121,2021-07,45,18.4431,159,10
70121,2021-08,37,14.4222,107,10
70121,2021-09,13,0.8033,37,6
70121,2021-10,33,13.7793,90,9
70121,2021-11,27,8.2896,92,11
70121,2021-12,20,7.9748,64,6
70122,2012-01,10,8.1942,42,0
70122,2012-02,7,4.3022,20,1
70122,2012-03,9,3.9849,29,1
70122,2012-04,7,4.2736,30,1
70122,2012-05,14,12.7137,59,0
70122,2012-06,9,7.8393,38,0
70122,2012-07,8,6.4860,37,0
70122,2012-08,15,9.8547,56,1
70122,2012-09,9,6.5702,32,1
70122,2012-10,14,9.9140,58,1
70122,2012-11,10,5.0696,41,2
70122,2012-12,11,7.7476,40,1
70122,2013-01,19,13.6519,74,2
70122,2013-02,18,10.9509,77,3
70122,2013-03,13,8.2831,48,2
70122,2013-04,17,10.5885,60,2
70122,2013-05,21,16.4935,92,2
70122,2013-06,11,7.3265,49,1
70122,2013-07,11,9.1953,49,1
70122,2013-08,20,16.7292,79,1
70122,2013-09,22,17.7047,89,1
70122,2013-10,16,10.8219,65,2
70122,2013-11,18,11.6927,71,2
70122,2013-12,13,10.7195,51,0
70122,2014-01,22,13.8424,76,2
70122,2014-02,16,6.9154,57,4
70122,2014-03,22,14.5265,82,3
70122,2014-04,15,7.8281,51,3
70122,2014-05,24,12.0806,96,5
70122,2014-06,20,15.2478,81,2
70122,2014-07,28,21.7168,115,2
70122,2014-08,32,22.3011,117,3
70122,2014-09,13,6.0005,42,3
70122,2014-10,21,17.5477,81,1
70122,2014-11,19,5.3285,58,7
70122,2014-12,17,11.5837,61,2
70122,2015-01,30,19.4076,116,4
70122,2015-02,21,15.1665,82,2
70122,2015-03,32,22.5757,121,3
70122,2015-04,29,20.3199,114,3
70122,2015-05,30,21.9163,123,2
70122,2015-06,49,35.6289,205,3
70122,2015-07,40,29.0954,156,3
70122,2015-08,38,25.5322,144,5
70122,2015-09,43,29.9552,153,4
70122,2015-10,42,19.6542,148,10
70122,2015-11,25,13.2499,96,6
70122,2015-12,33,18.2952,126,6
70122,2016-01,39,25.0020,150,5
70122,2016-02,31,25.0018,129,1
70122,2016-03,51,25.3535,195,11
70122,2016-04,48,37.5208,193,3
70122,2016-05,41,27.5949,150,4
70122,2016-06,38,25.8366,141,4
70122,2016-07,41,29.5442,163,2
70122,2016-08,40,27.9116,165,6
70122,2016-09,37,22.0234,123,7
70122,2016-10,25,16.5970,98,3
70122,2016-11,33,21.0046,129,4
70122,2016-12,29,23.9676,113,0
70122,2017-01,34,20.0071,119,6
70122,2017-02,34,10.0154,110,11
70122,2017-03,51,19.5277,184,16
70122,2017-04,41,25.7313,150,5
70122,2017-05,33,5.4696,99,14
70122,2017-06,46,26.9985,170,7
70122,2017-07,41,18.6564,132,10
70122,2017-08,27,17.2411,96,2
70122,2017-09,27,20.0788,110,2
70122,2017-10,42,24.8244,156,6
70122,2017-11,26,16.7009,99,4
70122,2017-12,29,15.5851,105,7
70122,2018-01,40,22.6028,147,8
70122,2018-02,43,24.4466,151,6
70122,2018-03,43,27.4727,151,5
70122,2018-04,45,31.3096,177,4
70122,2018-05,70,48.2854,285,8
70122,2018-06,54,32.7975,205,8
70122,2018-07,72,51.1625,286,7
70122,2018-08,45,25.0972,162,6
70122,2018-09,45,19.1875,167,13
70122,2018-10,41,16.9741,145,12
70122,2018-11,44,29.9714,173,5
70122,2018-12,44,22.3764,159,9
70122,2019-01,37,23.9787,146,5
70122,2019-02,33,17.7240,127,7
70122,2019-03,36,17.3045,117,8
70122,2019-04,50,33.4262,204,7
70122,2019-05,49,32.4973,188,4
70122,2019-06,49,35.4280,208,4
70122,2019-07,50,35.9085,203,4
70122,2019-08,62,29.6913,218,14
70122,2019-09,36,20.4293,132,6
70122,2019-10,46,29.6877,179,6
70122,2019-11,47,25.5392,170,9
70122,2019-12,41,18.0696,140,11
70122,2020-01,27,19.3165,113,3
70122,2020-02,31,19.4375,110,3
70122,2020-03,28,13.8872,101,6
70122,2020-04,7,2.7768,27,2
70122,2020-05,19,13.9895,77,2
70122,2020-06,26,15.3804,98,6
70122,2020-07,21,10.7022,66,4
70122,2020-08,27,7.5814,71,10
70122,2020-09,18,7.7669,68,5
70122,2020-10,21,14.5499,88,2
70122,2020-11,22,12.8625,87,4
70122,2020-12,23,10.2045,92,6
70122,2021-01,27,17.5431,104,5
70122,2021-02,37,26.6289,145,2
70122,2021-03,37,11.7890,125,13
70122,2021-04,35,16.3113,126,8
70122,2021-05,23,11.6166,77,5
70122,2021-06,28,16.9088,106,4
70122,2021-07,29,11.0146,101,8
70122,2021-08,23,3.7333,62,10
70122,2021-09,12,4.8694,44,4
70122,2021-10,33,12.6960,100,7
70122,2021-11,25,10.9356,85,7
70122,2021-12,24,10.8398,74,5
70123,2012-01,27,20.2804,107,2
70123,2012-02,21,11.5641,77,4
70123,2012-03,27,17.7046,100,3
70123,2012-04,29,17.5597,98,4
70123,2012-05,42,31.2088,155,3
70123,2012-06,44,30.2718,158,5
70123,2012-07,34,20.7188,114,6
70123,2012-08,24,13.8553,73,5
70123,2012-09,28,13.4471,106,6
70123,2012-10,43,30.9756,145,2
70123,2012-11,36,17.2561,115,9
70123,2012-12,38,23.4685,131,6
70123,2013-01,50,28.7807,168,8
70123,2013-02,46,27.2397,156,7
70123,2013-03,30,14.0456,105,7
70123,2013-04,43,23.6015,147,9
70123,2013-05,39,21.3502,122,7
70123,2013-06,45,28.3972,150,6
70123,2013-07,43,31.6651,154,3
70123,2013-08,66,37.1381,221,12
70123,2013-09,35,21.6394,107,6
70123,2013-10,50,29.5064,175,7
70123,2013-11,47,29.9487,179,5
70123,2013-12,52,37.1764,197,5
70123,2014-01,56,36.8789,198,9
70123,2014-02,40,24.7728,138,6
70123,2014-03,81,45.4669,298,17
70123,2014-04,76,52.1991,275,10
70123,2014-05,87,58.5498,320,9
70123,2014-06,62,35.3082,217,12
70123,2014-07,67,37.3331,227,16
70123,2014-08,71,43.6082,273,10
70123,2014-09,62,27.7360,209,15
70123,2014-10,49,25.8339,160,10
70123,2014-11,53,28.6602,181,11
70123,2014-12,74,41.2399,253,13
70123,2015-01,86,55.3302,305,10
70123,2015-02,96,56.7005,335,14
70123,2015-03,95,55.4566,349,15
70123,2015-04,75,42.0235,270,12
70123,2015-05,89,46.0237,308,18
70123,2015-06,99,58.4776,346,17
70123,2015-07,130,74.7225,467,23
70123,2015-08,84,43.0453,302,17
70123,2015-09,80,47.9306,272,12
70123,2015-10,78,42.3322,265,17
70123,2015-11,79,50.4278,308,12
70123,2015-12,89,57.9165,343,13
70123,2016-01,127,64.9740,464,27
70123,2016-02,96,58.3269,364,14
70123,2016-03,102,63.8055,398,15
70123,2016-04,81,36.8337,302,21
70123,2016-05,105,58.5383,381,19
70123,2016-06,102,60.1735,375,17
70123,2016-07,110,61.8234,411,21
70123,2016-08,108,61.0055,381,19
70123,2016-09,80,47.8026,303,14
70123,2016-10,96,49.6192,339,19
70123,2016-11,66,46.0280,245,8
70123,2016-12,89,52.7095,332,15
70123,2017-01,98,53.0779,368,20
70123,2017-02,102,59.5631,382,17
70123,2017-03,98,62.9624,360,12
70123,2017-04,107,75.6620,434,9
70123,2017-05,121,69.4573,415,23
70123,2017-06,103,53.9523,392,22
70123,2017-07,121,85.6215,484,12
70123,2017-08,113,63.1775,423,18
70123,2017-09,84,43.3720,311,20
70123,2017-10,92,65.2471,361,7
70123,2017-11,85,52.9653,314,14
70123,2017-12,127,71.3694,478,26
70123,2018-01,127,86.3800,509,15
70123,2018-02,145,87.8107,555,26
70123,2018-03,121,72.4601,469,21
70123,2018-04,127,83.3494,486,16
70123,2018-05,128,74.1813,481,25
70123,2018-06,130,74.3107,463,24
70123,2018-07,149,93.3856,598,22
70123,2018-08,160,102.2277,633,24
70123,2018-09,112,66.3343,416,18
70123,2018-10,97,58.3115,370,15
70123,2018-11,98,69.0339,384,11
70123,2018-12,106,64.5486,390,15
70123,2019-01,116,72.2651,452,17
70123,2019-02,127,90.8169,517,15
70123,2019-03,128,80.7007,468,20
70123,2019-04,138,91.6218,528,16
70123,2019-05,139,81.5001,531,23
70123,2019-06,137,79.8411,537,29
70123,2019-07,135,71.0668,452,27
70123,2019-08,113,72.9209,422,15
70123,2019-09,125,46.3490,423,37
70123,2019-10,102,65.4948,376,14
70123,2019-11,95,53.2458,352,19
70123,2019-12,108,62.8622,378,19
70123,2020-01,86,64.0408,342,7
70123,2020-02,81,51.4431,303,11
70123,2020-03,74,42.0499,292,15
70123,2020-04,49,26.5042,189,8
70123,2020-05,75,45.7749,298,11
70123,2020-06,66,23.8206,211,19
70123,2020-07,102,43.5284,346,27
70123,2020-08,76,31.8622,260,19
70123,2020-09,71,38.9938,239,15
70123,2020-10,66,43.2354,243,10
70123,2020-11,77,41.6974,288,15
70123,2020-12,73,39.0942,265,12
70123,2021-01,66,38.7093,240,11
70123,2021-02,87,43.3117,307,20
70123,2021-03,66,29.5574,229,16
70123,2021-04,80,45.5504,297,15
70123,2021-05,76,34.8659,243,18
70123,2021-06,88,40.9415,302,21
70123,2021-07,87,46.7100,299,16
70123,2021-08,73,29.5730,237,19
70123,2021-09,40,17.4896,140,12
70123,2021-10,60,20.7688,198,20
70123,2021-11,51,14.3285,162,18
70123,2021-12,79,33.5888,230,18
70124,2012-01,40,26.0081,147,6
70124,2012-02,13,7.2911,43,3
70124,2012-03,32,23.1514,120,2
70124,2012-04,31,26.8812,126,0
70124,2012-05,37,24.7346,124,5
70124,2012-06,24,11.6063,82,6
70124,2012-07,25,20.9448,105,1
70124,2012-08,14,7.9447,46,2
70124,2012-09,18,14.8134,71,1
70124,2012-10,35,23.7811,126,4
70124,2012-11,39,31.3046,160,3
70124,2012-12,34,21.0864,120,5
70124,2013-01,56,45.6229,220,2
70124,2013-02,35,26.0487,136,3
70124,2013-03,42,26.5944,152,4
70124,2013-04,42,30.3542,159,5
70124,2013-05,46,31.2078,167,3
70124,2013-06,50,42.7117,195,2
70124,2013-07,90,65.1390,332,8
70124,2013-08,63,46.2052,235,7
70124,2013-09,51,32.2432,189,8
70124,2013-10,76,47.9572,289,11
70124,2013-11,50,33.3686,185,8
70124,2013-12,59,40.7264,204,8
70124,2014-01,49,32.4390,174,8
70124,2014-02,55,42.4611,215,4
70124,2014-03,77,56.1647,290,7
70124,2014-04,74,35.9834,245,18
70124,2014-05,71,39.7144,253,14
70124,2014-06,93,58.3630,344,14
70124,2014-07,98,65.9594,371,11
70124,2014-08,73,51.7563,295,8
70124,2014-09,92,62.1370,345,10
70124,2014-10,76,49.2658,272,11
70124,2014-11,62,46.0932,241,6
70124,2014-12,103,63.9993,373,19
70124,2015-01,80,56.2782,314,10
70124,2015-02,68,42.7700,257,10
70124,2015-03,105,65.5059,404,15
70124,2015-04,99,70.0051,374,12
70124,2015-05,109,65.9358,407,19
70124,2015-06,115,79.7061,425,13
70124,2015-07,109,76.4119,398,9
70124,2015-08,92,65.1601,328,11
70124,2015-09,102,73.0954,385,9
70124,2015-10,89,65.7251,354,8
70124,2015-11,111,70.9740,444,19
70124,2015-12,114,78.4340,431,13
70124,2016-01,87,58.0880,337,10
70124,2016-02,101,73.4176,393,11
70124,2016-03,131,90.5335,515,15
70124,2016-04,108,78.8391,414,10
70124,2016-05,131,89.0339,523,15
70124,2016-06,105,68.9440,392,14
70124,2016-07,131,94.7819,506,13
70124,2016-08,86,50.8845,307,13
70124,2016-09,108,68.4473,396,16
70124,2016-10,111,68.9167,412,17
70124,2016-11,104,70.9877,384,12
70124,2016-12,103,68.6731,362,12
70124,2017-01,134,93.1838,504,16
70124,2017-02,119,86.1019,443,12
70124,2017-03,151,105.1660,583,19
70124,2017-04,136,89.5713,514,16
70124,2017-05,138,79.9790,493,22
70124,2017-06,127,83.4722,497,20
70124,2017-07,130,91.9389,518,13
70124,2017-08,129,90.1792,481,13
70124,2017-09,102,73.4362,391,11
70124,2017-10,86,58.1685,311,11
70124,2017-11,113,77.2262,422,11
70124,2017-12,105,70.8534,388,13
70124,2018-01,110,70.8796,408,15
70124,2018-02,137,88.2311,508,18
70124,2018-03,137,89.5076,536,18
70124,2018-04,106,79.4551,430,9
70124,2018-05,149,106.4354,554,17
70124,2018-06,132,85.2188,521,16
70124,2018-07,201,138.5516,773,23
70124,2018-08,176,122.3450,705,21
70124,2018-09,127,88.4778,483,14
70124,2018-10,109,65.8206,421,18
70124,2018-11,113,87.6139,480,7
70124,2018-12,120,80.4874,470,14
70124,2019-01,133,103.7295,517,5
70124,2019-02,124,78.9056,479,19
70124,2019-03,160,106.1597,628,21
70124,2019-04,148,110.2172,604,15
70124,2019-05,145,95.4471,555,20
70124,2019-06,144,91.4078,549,22
70124,2019-07,135,93.7940,535,16
70124,2019-08,149,99.6835,543,17
70124,2019-09,121,71.8829,453,21
70124,2019-10,108,70.7282,402,18
70124,2019-11,108,78.9794,436,7
70124,2019-12,110,74.5256,434,16
70124,2020-01,119,83.7257,472,13
70124,2020-02,123,87.2563,499,14
70124,2020-03,76,47.4969,279,13
70124,2020-04,32,24.9381,135,2
70124,2020-05,51,32.3049,201,8
70124,2020-06,55,30.6391,211,8
70124,2020-07,90,61.1010,360,11
70124,2020-08,74,46.2476,287,11
70124,2020-09,81,49.6548,300,13
70124,2020-10,86,47.9444,301,16
70124,2020-11,72,45.9246,276,10
70124,2020-12,62,42.1769,258,8
70124,2021-01,73,50.4290,282,9
70124,2021-02,70,53.0913,308,5
70124,2021-03,112,70.1076,445,17
70124,2021-04,95,55.8296,367,19
70124,2021-05,118,78.4555,468,15
70124,2021-06,123,78.3330,460,17
70124,2021-07,113,73.6399,441,13
70124,2021-08,65,41.2099,251,8
70124,2021-09,38,22.0057,147,7
70124,2021-10,64,35.0301,219,13
70124,2021-11,67,41.5492,267,10
70124,2021-12,75,34.0789,254,20
70125,2012-01,20,15.0887,74,1
70125,2012-02,13,8.7306,54,1
70125,2012-03,23,18.3404,84,1
70125,2012-04,26,16.8409,99,3
70125,2012-05,16,11.2850,54,1
70125,2012-06,22,12.3783,87,4
70125,2012-07,21,14.9064,79,1
70125,2012-08,21,15.7164,82,2
70125,2012-09,21,15.6995,80,2
70125,2012-10,16,5.8193,52,5
70125,2012-11,22,8.5805,70,7
70125,2012-12,29,14.6317,103,6
70125,2013-01,28,19.5347,109,3
70125,2013-02,29,14.6009,101,6
70125,2013-03,25,11.0961,83,6
70125,2013-04,20,7.9200,65,5
70125,2013-05,35,20.8815,134,7
70125,2013-06,24,15.4679,96,4
70125,2013-07,19,13.7837,74,2
70125,2013-08,28,18.9629,112,3
70125,2013-09,21,14.5078,90,3
70125,2013-10,29,17.5786,101,5
70125,2013-11,21,15.1971,81,2
70125,2013-12,23,12.2066,84,5
70125,2014-01,35,25.4240,135,3
70125,2014-02,33,14.7241,113,8
70125,2014-03,37,23.3553,129,5
70125,2014-04,39,24.4504,139,7
70125,2014-05,33,24.9957,127,2
70125,2014-06,30,26.9660,139,0
70125,2014-07,37,24.9994,142,5
70125,2014-08,52,35.8436,187,5
70125,2014-09,40,28.5982,160,4
70125,2014-10,36,21.0811,134,6
70125,2014-11,32,18.6382,120,5
70125,2014-12,40,24.4467,160,6
70125,2015-01,47,28.7728,170,8
70125,2015-02,52,29.2277,186,9
70125,2015-03,52,25.8012,182,13
70125,2015-04,54,34.6353,211,6
70125,2015-05,60,38.5848,216,9
70125,2015-06,52,36.1229,210,5
70125,2015-07,73,50.6868,295,7
70125,2015-08,70,39.1075,263,13
70125,2015-09,48,27.4745,159,8
70125,2015-10,81,39.7076,266,18
70125,2015-11,57,32.9635,203,10
70125,2015-12,65,36.4550,233,12
70125,2016-01,71,42.5339,278,11
70125,2016-02,77,54.2383,303,8
70125,2016-03,77,44.2403,288,16
70125,2016-04,56,32.8660,211,9
70125,2016-05,60,35.9960,217,10
70125,2016-06,53,32.7763,185,7
70125,2016-07,67,43.2381,261,9
70125,2016-08,44,22.7242,160,10
70125,2016-09,46,27.2825,172,7
70125,2016-10,49,30.7723,182,8
70125,2016-11,51,30.0105,186,8
70125,2016-12,47,38.0282,194,3
70125,2017-01,49,34.6800,190,6
70125,2017-02,45,29.4883,162,5
70125,2017-03,60,30.2894,207,12
70125,2017-04,72,37.2694,259,16
70125,2017-05,70,44.8136,272,8
70125,2017-06,52,30.3215,190,7
70125,2017-07,59,38.5671,234,10
70125,2017-08,50,30.7266,204,8
70125,2017-09,51,25.7697,181,9
70125,2017-10,67,50.1938,269,4
70125,2017-11,53,30.3542,211,12
70125,2017-12,66,38.7531,245,12
70125,2018-01,59,37.9095,241,9
70125,2018-02,64,43.9835,241,7
70125,2018-03,83,55.8764,331,11
70125,2018-04,65,42.7068,239,7
70125,2018-05,82,49.6202,321,13
70125,2018-06,84,46.4195,323,16
70125,2018-07,93,61.6432,378,13
70125,2018-08,88,58.4424,356,11
70125,2018-09,67,28.8921,231,16
70125,2018-10,63,39.5173,244,11
70125,2018-11,43,29.4154,160,5
70125,2018-12,72,35.0580,258,16
70125,2019-01,71,51.7790,286,7
70125,2019-02,65,35.6831,228,11
70125,2019-03,74,38.5474,271,15
70125,2019-04,55,33.2300,218,11
70125,2019-05,76,51.4781,293,9
70125,2019-06,72,44.3789,283,11
70125,2019-07,57,38.0733,228,8
70125,2019-08,77,41.1163,294,15
70125,2019-09,88,56.4858,356,13
70125,2019-10,94,67.7270,396,10
70125,2019-11,56,33.0465,216,11
70125,2019-12,54,36.0539,233,7
70125,2020-01,60,35.9327,228,11
70125,2020-02,75,39.8869,282,16
70125,2020-03,46,32.1229,176,6
70125,2020-04,19,6.0464,69,7
70125,2020-05,36,24.0840,152,5
70125,2020-06,37,15.9034,134,9
70125,2020-07,41,24.3287,149,5
70125,2020-08,50,25.4083,198,11
70125,2020-09,49,18.8331,175,15
70125,2020-10,47,20.6371,158,13
70125,2020-11,42,19.9747,160,11
70125,2020-12,41,25.8346,159,5
70125,2021-01,39,20.9364,140,7
70125,2021-02,58,31.2585,220,13
70125,2021-03,56,35.1513,201,7
70125,2021-04,76,49.0692,294,11
70125,2021-05,65,39.8677,249,9
70125,2021-06,37,17.6561,138,8
70125,2021-07,57,19.1692,199,18
70125,2021-08,55,37.8021,231,5
70125,2021-09,35,12.6567,122,10
70125,2021-10,49,26.4447,176,11
70125,2021-11,23,5.1246,66,10
70125,2021-12,43,24.2399,159,8
70126,2012-01,2,0.0610,6,1
70126,2012-02,6,4.4340,28,0
70126,2012-03,4,2.1486,12,1
70126,2012-04,7,1.5474,24,3
70126,2012-05,3,1.0345,9,1
70126,2012-06,2,0.1222,6,1
70126,2012-07,4,-0.6812,9,3
70126,2012-08,3,1.3856,10,1
70126,2012-09,3,2.3478,10,0
70126,2012-10,7,1.9451,20,2
70126,2012-11,9,7.1362,31,1
70126,2012-12,4,3.0930,15,0
70126,2013-01,6,1.5687,14,2
70126,2013-02,2,1.7040,5,0
70126,2013-03,4,1.8491,13,1
70126,2013-04,2,0.6091,3,1
70126,2013-05,4,2.2329,13,1
70126,2013-06,5,1.3889,18,2
70126,2013-07,9,7.3570,31,0
70126,2013-08,5,3.0784,21,1
70126,2013-09,9,5.2801,36,2
70126,2013-10,2,0.6647,10,1
70126,2013-11,6,1.9755,20,2
70126,2013-12,14,6.9520,46,3
70126,2014-01,10,4.2674,37,3
70126,2014-02,4,2.2759,12,1
70126,2014-03,11,7.0617,39,1
70126,2014-04,10,2.6953,29,3
70126,2014-05,7,3.7599,24,1
70126,2014-06,6,0.2771,21,3
70126,2014-07,9,5.5158,29,1
70126,2014-08,16,8.6138,58,3
70126,2014-09,2,1.8130,5,0
70126,2014-10,10,8.9702,42,0
70126,2014-11,19,9.6187,58,4
70126,2014-12,9,6.7644,38,1
70126,2015-01,9,3.9793,29,2
70126,2015-02,11,5.0320,44,3
70126,2015-03,14,5.3761,39,5
70126,2015-04,17,10.5642,61,2
70126,2015-05,13,5.8765,44,3
70126,2015-06,15,10.7343,59,1
70126,2015-07,16,4.6924,41,6
70126,2015-08,11,5.0151,42,3
70126,2015-09,13,9.5334,50,1
70126,2015-10,10,4.7671,28,2
70126,2015-11,10,3.5754,36,3
70126,2015-12,16,13.3179,69,1
70126,2016-01,19,8.0573,62,5
70126,2016-02,18,15.1100,73,1
70126,2016-03,20,8.9912,70,6
70126,2016-04,25,18.2209,105,3
70126,2016-05,24,16.9963,94,2
70126,2016-06,25,16.1865,89,3
70126,2016-07,17,13.1915,68,1
70126,2016-08,18,13.7738,81,1
70126,2016-09,16,4.7929,39,4
70126,2016-10,20,10.2371,66,4
70126,2016-11,20,4.7967,61,7
70126,2016-12,20,9.0840,73,5
70126,2017-01,28,22.6071,106,1
70126,2017-02,13,5.1600,41,3
70126,2017-03,22,11.0356,82,4
70126,2017-04,29,15.9060,103,5
70126,2017-05,15,9.0068,54,2
70126,2017-06,38,21.4262,139,7
70126,2017-07,25,16.4213,105,3
70126,2017-08,26,19.4345,107,2
70126,2017-09,18,13.1496,64,2
70126,2017-10,28,14.8202,88,4
70126,2017-11,15,11.2319,62,2
70126,2017-12,21,10.8664,69,4
70126,2018-01,15,6.1281,49,3
70126,2018-02,25,13.5995,78,5
70126,2018-03,31,14.7618,103,8
70126,2018-04,34,16.1995,128,7
70126,2018-05,33,16.9657,112,4
70126,2018-06,25,13.6803,89,4
70126,2018-07,36,21.3012,132,7
70126,2018-08,26,9.3034,74,7
70126,2018-09,25,11.3105,81,7
70126,2018-10,25,12.1379,91,6
70126,2018-11,18,11.0408,71,3
70126,2018-12,20,8.4568,62,5
70126,2019-01,30,16.9712,110,5
70126,2019-02,25,13.4943,78,5
70126,2019-03,28,8.4056,86,10
70126,2019-04,35,15.5097,119,7
70126,2019-05,33,18.8054,123,6
70126,2019-06,33,18.3259,115,6
70126,2019-07,24,8.3233,83,8
70126,2019-08,24,8.1903,72,7
70126,2019-09,26,15.1809,103,4
70126,2019-10,32,16.0623,117,8
70126,2019-11,20,13.3374,77,2
70126,2019-12,24,8.3779,75,8
70126,2020-01,26,17.6978,102,3
70126,2020-02,28,14.6868,101,6
70126,2020-03,18,11.0740,63,3
70126,2020-04,14,6.9701,31,2
70126,2020-05,16,6.2302,42,4
70126,2020-06,16,-0.5718,45,8
70126,2020-07,14,3.8716,36,5
70126,2020-08,9,6.5154,40,1
70126,2020-09,7,3.4695,26,1
70126,2020-10,12,3.5152,42,4
70126,2020-11,15,4.7292,55,6
70126,2020-12,17,11.6757,58,1
70126,2021-01,13,5.3980,41,3
70126,2021-02,28,14.0415,105,7
70126,2021-03,29,14.1998,103,7
70126,2021-04,16,10.5573,63,2
70126,2021-05,34,16.7390,130,8
70126,2021-06,24,8.7800,76,8
70126,2021-07,19,10.6897,64,3
70126,2021-08,16,4.3412,35,6
70126,2021-09,7,2.2614,23,2
70126,2021-10,22,5.0030,47,7
70126,2021-11,19,10.4250,74,3
70126,2021-12,14,6.1192,43,4
70127,2012-01,4,3.3016,12,0
70127,2012-02,1,0.9571,5,0
70127,2012-03,7,5.0247,27,0
70127,2012-04,1,0.8856,5,0
70127,2012-05,4,2.0544,17,0
70127,2012-06,3,1.4659,12,1
70127,2012-07,4,0.0696,14,2
70127,2012-08,4,3.8358,18,0
70127,2012-09,4,3.3347,17,0
70127,2012-10,3,2.5986,10,0
70127,2012-11,4,2.5193,12,0
70127,2012-12,3,1.3045,12,1
70127,2013-01,5,4.0300,22,0
70127,2013-02,3,2.8049,10,0
70127,2013-03,5,2.6858,19,1
70127,2013-04,6,1.6689,18,2
70127,2013-05,2,0.6596,5,1
70127,2013-06,3,1.2200,10,1
70127,2013-07,4,-0.5041,7,3
70127,2013-08,5,-1.0879,11,3
70127,2013-09,6,1.6009,24,2
70127,2013-10,2,1.8127,9,0
70127,2013-11,7,3.7175,29,2
70127,2013-12,4,2.0339,14,1
70127,2014-01,3,2.7905,15,0
70127,2014-02,6,5.6456,28,0
70127,2014-03,17,11.3134,69,3
70127,2014-04,9,6.4804,36,1
70127,2014-05,10,6.1303,43,1
70127,2014-06,15,9.0551,60,2
70127,2014-07,14,9.5516,52,1
70127,2014-08,15,12.5503,53,1
70127,2014-09,6,2.9105,17,1
70127,2014-10,4,2.5597,19,1
70127,2014-11,9,7.0650,30,0
70127,2014-12,7,5.9535,27,0
70127,2015-01,8,2.4792,30,3
70127,2015-02,13,6.6910,41,3
70127,2015-03,12,7.2779,41,1
70127,2015-04,13,4.5346,48,4
70127,2015-05,18,9.2681,69,4
70127,2015-06,9,1.7884,25,3
70127,2015-07,9,6.9006,38,1
70127,2015-08,6,0.8455,20,2
70127,2015-09,8,6.0373,26,1
70127,2015-10,13,7.1910,48,3
70127,2015-11,9,3.1186,31,3
70127,2015-12,4,3.8131,20,0
70127,2016-01,6,2.8501,23,1
70127,2016-02,11,6.7295,39,2
70127,2016-03,19,10.3314,68,4
70127,2016-04,14,5.7863,52,3
70127,2016-05,18,13.7377,75,1
70127,2016-06,10,7.2937,42,1
70127,2016-07,17,10.7385,56,2
70127,2016-08,15,10.8850,57,1
70127,2016-09,10,5.3865,41,2
70127,2016-10,16,9.1558,58,3
70127,2016-11,5,4.4294,22,0
70127,2016-12,4,3.4369,15,0
70127,2017-01,17,10.9382,67,2
70127,2017-02,9,5.4719,31,1
70127,2017-03,15,8.8299,59,3
70127,2017-04,15,8.8024,58,2
70127,2017-05,17,6.1780,56,5
70127,2017-06,18,7.9252,68,5
70127,2017-07,25,11.2002,94,7
70127,2017-08,26,14.2431,100,6
70127,2017-09,12,5.1714,37,3
70127,2017-10,13,10.3634,56,0
70127,2017-11,8,2.1236,26,3
70127,2017-12,7,3.8160,25,2
70127,2018-01,12,0.9468,41,6
70127,2018-02,19,13.4117,80,2
70127,2018-03,27,11.6929,86,7
70127,2018-04,17,9.9733,61,3
70127,2018-05,22,10.7963,79,6
70127,2018-06,28,16.2918,98,5
70127,2018-07,36,18.7023,129,5
70127,2018-08,32,18.2061,126,5
70127,2018-09,21,15.4590,92,2
70127,2018-10,24,14.3311,92,4
70127,2018-11,10,3.4905,31,3
70127,2018-12,14,5.6424,43,2
70127,2019-01,13,7.4259,47,2
70127,2019-02,29,8.7791,105,10
70127,2019-03,35,10.5941,119,12
70127,2019-04,24,9.1487,79,6
70127,2019-05,32,17.2234,122,7
70127,2019-06,26,13.6804,92,4
70127,2019-07,28,15.1830,107,6
70127,2019-08,21,16.4934,93,0
70127,2019-09,17,11.2365,75,3
70127,2019-10,26,12.5341,91,6
70127,2019-11,13,4.6446,38,3
70127,2019-12,19,6.6342,61,6
70127,2020-01,20,8.4066,72,5
70127,2020-02,34,24.1780,147,3
70127,2020-03,21,12.0412,74,3
70127,2020-04,8,2.0421,24,3
70127,2020-05,8,4.2548,26,2
70127,2020-06,10,4.3348,35,3
70127,2020-07,20,6.3503,66,7
70127,2020-08,8,3.0819,25,2
70127,2020-09,5,0.2649,13,2
70127,2020-10,4,3.0372,11,0
70127,2020-11,15,5.6667,52,5
70127,2020-12,6,0.9246,22,2
70127,2021-01,9,8.0427,41,0
70127,2021-02,10,6.8961,42,1
70127,2021-03,8,0.9687,22,3
70127,2021-04,11,6.0225,32,2
70127,2021-05,12,5.3806,40,2
70127,2021-06,14,7.3749,57,2
70127,2021-07,12,8.9196,51,1
70127,2021-08,13,7.9683,48,1
70127,2021-09,5,1.0886,16,1
70127,2021-10,3,1.8221,14,0
70127,2021-11,2,0.8825,7,1
70127,2021-12,5,0.8981,16,2
70128,2012-01,1,0.8760,4,0
70128,2012-02,1,-0.5809,2,1
70128,2012-05,2,-0.3263,4,1
70128,2012-07,3,-0.7472,5,2
70128,2012-08,1,-0.8134,2,1
70128,2012-09,3,-0.1544,7,2
70128,2012-12,1,-0.9819,1,1
70128,2013-01,1,-0.6776,1,1
70128,2013-02,2,1.9715,9,0
70128,2013-03,2,0.1920,6,1
70128,2013-04,4,2.5128,13,0
70128,2013-05,3,-1.8933,3,3
70128,2013-06,2,-1.3753,2,2
70128,2013-07,2,-0.1356,4,1
70128,2013-08,2,0.6143,3,0
70128,2013-09,2,-0.0438,2,1
70128,2013-10,4,-0.5580,9,2
70128,2013-11,3,1.0907,7,1
70128,2013-12,6,1.7616,14,2
70128,2014-01,2,-0.3994,2,1
70128,2014-02,9,2.5675,26,3
70128,2014-03,5,2.0256,12,2
70128,2014-04,6,-0.7732,15,4
70128,2014-05,5,3.4976,13,0
70128,2014-06,5,4.7691,21,0
70128,2014-07,5,2.6857,14,1
70128,2014-08,7,5.1145,26,0
70128,2014-09,5,2.5038,15,1
70128,2014-10,6,3.6549,22,1
70128,2014-11,7,2.9814,21,2
70128,2014-12,4,0.1811,8,2
70128,2015-01,6,2.8949,20,1
70128,2015-02,6,2.6867,15,1
70128,2015-03,8,3.0463,25,2
70128,2015-04,12,0.2556,30,6
70128,2015-05,5,3.3988,14,0
70128,2015-06,6,0.1730,14,3
70128,2015-07,8,-0.1964,20,4
70128,2015-08,4,1.6562,12,1
70128,2015-09,8,-1.2261,22,5
70128,2015-10,5,0.9697,12,1
70128,2015-11,9,-2.1453,21,5
70128,2015-12,10,2.1918,28,4
70128,2016-01,10,3.7913,29,3
70128,2016-02,6,1.8153,18,2
70128,2016-03,15,4.8368,44,4
70128,2016-04,9,3.6360,22,2
70128,2016-05,2,1.3544,9,0
70128,2016-06,4,1.7700,8,1
70128,2016-07,13,4.0669,36,4
70128,2016-08,12,4.2397,40,5
70128,2016-09,5,-0.3568,8,2
70128,2016-10,15,0.6522,31,7
70128,2016-11,10,0.3260,21,5
70128,2016-12,8,4.4531,19,2
70128,2017-01,12,7.2793,41,1
70128,2017-02,18,10.2703,55,3
70128,2017-03,16,2.6947,38,7
70128,2017-04,16,6.9743,45,4
70128,2017-05,15,4.1555,41,5
70128,2017-06,17,9.9719,61,3
70128,2017-07,22,10.5859,64,4
70128,2017-08,12,3.6537,45,5
70128,2017-09,13,4.0132,31,3
70128,2017-10,15,8.7314,57,2
70128,2017-11,13,9.8688,47,1
70128,2017-12,11,3.3355,35,4
70128,2018-01,15,8.4983,57,2
70128,2018-02,16,6.7563,52,4
70128,2018-03,15,8.9163,51,2
70128,2018-04,18,6.8808,53,6
70128,2018-05,19,11.2499,63,3
70128,2018-06,23,4.8923,69,8
70128,2018-07,41,22.7296,124,8
70128,2018-08,24,10.0984,82,6
70128,2018-09,25,5.6823,66,11
70128,2018-10,12,4.8838,32,3
70128,2018-11,12,3.8788,27,4
70128,2018-12,25,10.1976,72,6
70128,2019-01,18,8.1606,62,5
70128,2019-02,20,10.5856,58,4
70128,2019-03,30,8.2959,79,11
70128,2019-04,15,1.6718,46,7
70128,2019-05,24,6.9808,69,8
70128,2019-06,17,6.6022,53,4
70128,2019-07,29,10.7601,77,9
70128,2019-08,30,14.8427,103,6
70128,2019-09,21,7.9609,59,7
70128,2019-10,19,4.2420,57,8
70128,2019-11,14,7.4795,47,2
70128,2019-12,10,3.1018,28,4
70128,2020-01,21,6.3142,66,7
70128,2020-02,18,8.1136,50,5
70128,2020-03,14,3.7573,37,5
70128,2020-04,3,1.0670,10,1
70128,2020-05,6,0.5435,15,2
70128,2020-06,6,0.6936,10,3
70128,2020-07,13,-1.5544,31,8
70128,2020-08,6,4.0034,21,1
70128,2020-09,8,1.9910,23,2
70128,2020-10,5,1.7800,13,1
70128,2020-11,6,2.8610,20,1
70128,2020-12,5,-2.3056,9,4
70128,2021-01,8,2.0058,20,2
70128,2021-02,4,-1.3441,9,3
70128,2021-03,13,-0.4789,30,7
70128,2021-04,9,0.3743,24,4
70128,2021-05,9,0.0645,21,4
70128,2021-06,4,-1.4487,4,3
70128,2021-07,9,1.4295,20,3
70128,2021-08,7,1.5162,24,3
70128,2021-09,2,1.2699,7,0
70128,2021-10,6,3.2487,20,1
70128,2021-11,6,2.8326,17,1
70128,2021-12,5,0.4411,17,2
70129,2012-01,2,1.6687,7,0
70129,2012-02,1,0.9583,5,0
70129,2012-03,2,0.1140,8,1
70129,2012-04,1,-0.5882,5,1
70129,2012-05,2,1.7388,9,0
70129,2012-06,2,1.0985,8,0
70129,2012-07,4,1.3090,16,1
70129,2012-08,6,4.3785,26,1
70129,2012-09,1,0.9858,5,0
70129,2012-10,5,3.8781,19,0
70129,2012-12,2,1.9402,9,0
70129,2013-01,5,3.2172,12,0
70129,2013-02,8,5.5885,32,0
70129,2013-03,3,1.3522,6,0
70129,2013-04,4,2.6681,17,0
70129,2013-05,2,1.2094,10,0
70129,2013-06,5,2.9492,19,1
70129,2013-07,1,-0.9240,1,1
70129,2013-08,5,4.6739,21,0
70129,2013-09,2,1.8364,9,0
70129,2013-10,6,2.9300,26,1
70129,2013-11,8,6.4502,33,0
70129,2013-12,1,0.9847,5,0
70129,2014-01,3,2.2746,13,0
70129,2014-02,3,2.8671,12,0
70129,2014-03,5,1.2795,16,2
70129,2014-04,6,3.5769,22,1
70129,2014-05,7,5.9665,26,0
70129,2014-06,5,2.9712,21,1
70129,2014-07,4,0.1686,11,2
70129,2014-08,3,1.7975,14,0
70129,2014-09,4,3.2154,13,0
70129,2014-10,8,4.5600,29,1
70129,2014-11,6,2.0128,17,2
70129,2014-12,6,4.7508,27,0
70129,2015-01,4,1.6551,14,1
70129,2015-02,5,3.6504,21,0
70129,2015-03,7,4.8834,30,1
70129,2015-04,3,0.6855,14,1
70129,2015-05,2,1.9213,10,0
70129,2015-06,4,2.2646,15,1
70129,2015-07,7,4.5368,30,1
70129,2015-08,6,3.5651,23,1
70129,2015-09,6,2.5852,16,2
70129,2015-10,4,3.0719,16,0
70129,2015-11,3,2.7399,15,0
70129,2015-12,3,2.7360,11,0
70129,2016-01,8,4.3971,32,1
70129,2016-02,7,4.7502,32,1
70129,2016-03,7,6.2563,28,0
70129,2016-04,3,0.9020,8,1
70129,2016-05,3,2.6543,14,0
70129,2016-06,4,3.7947,18,0
70129,2016-07,7,2.1524,23,2
70129,2016-08,5,0.6937,10,1
70129,2016-09,5,1.3534,16,2
70129,2016-10,1,0.9758,5,0
70129,2016-12,3,0.4421,8,1
70129,2017-01,6,3.2352,21,1
70129,2017-02,3,2.9250,14,0
70129,2017-03,12,9.5898,57,0
70129,2017-04,9,5.9169,37,1
70129,2017-05,7,4.4854,25,1
70129,2017-06,4,2.1482,17,1
70129,2017-07,10,3.4984,34,3
70129,2017-08,5,3.5561,23,1
70129,2017-09,4,0.6378,17,2
70129,2017-10,9,4.0449,31,2
70129,2017-11,3,0.6053,9,1
70129,2017-12,5,4.3871,25,0
70129,2018-01,17,13.9874,71,0
70129,2018-02,19,14.6560,87,1
70129,2018-03,6,4.0433,25,0
70129,2018-04,11,3.2495,42,4
70129,2018-05,10,4.0605,36,2
70129,2018-06,7,6.2841,29,0
70129,2018-07,5,4.5283,21,0
70129,2018-08,9,2.8620,29,3
70129,2018-09,10,8.7497,45,0
70129,2018-10,2,1.5641,9,0
70129,2018-11,4,3.1281,18,0
70129,2018-12,8,7.3323,30,0
70129,2019-01,14,12.6432,65,0
70129,2019-02,15,11.1559,69,1
70129,2019-03,11,7.9296,46,1
70129,2019-04,3,1.7559,15,0
70129,2019-05,9,3.9063,37,2
70129,2019-06,7,3.0311,21,1
70129,2019-07,4,1.4635,14,1
70129,2019-08,3,1.9686,8,0
70129,2019-09,7,5.1572,28,1
70129,2019-10,7,-0.5800,22,4
70129,2019-11,7,1.2013,22,2
70129,2019-12,7,5.8366,28,0
70129,2020-01,9,7.0551,37,1
70129,2020-02,16,10.3606,66,2
70129,2020-03,9,4.6512,33,2
70129,2020-05,3,2.5131,14,0
70129,2020-06,6,3.7664,23,1
70129,2020-07,2,1.6440,10,0
70129,2020-08,5,4.7557,25,0
70129,2020-09,5,3.0827,18,0
70129,2020-10,4,3.7654,19,0
70129,2020-11,5,4.3125,24,0
70129,2020-12,10,7.2976,42,1
70129,2021-01,10,6.3276,44,2
70129,2021-02,7,4.5165,34,1
70129,2021-03,5,4.8183,23,0
70129,2021-04,1,0.9432,5,0
70129,2021-05,7,1.8202,26,2
70129,2021-06,6,0.8738,18,3
70129,2021-07,5,2.4710,18,2
70129,2021-08,4,3.1825,18,0
70129,2021-09,5,1.7384,18,1
70129,2021-11,1,0.9696,5,0
70129,2021-12,5,3.5499,22,1
70130,2012-01,993,713.2233,3650,92
70130,2012-02,867,588.8048,3182,103
70130,2012-03,1174,848.0353,4328,107
70130,2012-04,1001,725.3526,3747,90
70130,2012-05,1047,754.5801,3891,104
70130,2012-06,835,596.3081,3142,86
70130,2012-07,883,626.5793,3297,91
70130,2012-08,823,594.2246,3081,77
70130,2012-09,761,553.4804,2860,71
70130,2012-10,964,700.4866,3616,83
70130,2012-11,942,661.5722,3500,95
70130,2012-12,955,690.0823,3612,92
70130,2013-01,1297,929.5166,4819,122
70130,2013-02,1054,753.5137,3967,105
70130,2013-03,1405,986.4489,5253,153
70130,2013-04,1269,939.1454,4775,111
70130,2013-05,1329,904.9037,4886,156
70130,2013-06,1313,926.7896,4990,127
70130,2013-07,1205,833.1145,4503,133
70130,2013-08,1213,867.3399,4670,117
70130,2013-09,1104,784.5781,4206,108
70130,2013-10,1307,917.9285,4932,137
70130,2013-11,1496,1040.4388,5643,160
70130,2013-12,1324,900.2969,4955,150
70130,2014-01,1712,1208.4941,6579,177
70130,2014-02,1353,968.9221,5155,138
70130,2014-03,1952,1317.2253,7298,244
70130,2014-04,1790,1257.3176,6853,199
70130,2014-05,1870,1321.6311,7060,189
70130,2014-06,1654,1123.7582,6310,191
70130,2014-07,1907,1312.1983,7245,224
70130,2014-08,1634,1148.2909,6272,176
70130,2014-09,1594,1148.8172,6250,161
70130,2014-10,1688,1170.3045,6485,190
70130,2014-11,1859,1256.8041,7010,225
70130,2014-12,1981,1360.0611,7580,227
70130,2015-01,2125,1550.9987,8308,197
70130,2015-02,1887,1355.6827,7340,183
70130,2015-03,2645,1806.3769,10150,308
70130,2015-04,2433,1714.8189,9335,246
70130,2015-05,2626,1877.6639,10188,254
70130,2015-06,2435,1783.1360,9600,228
70130,2015-07,2419,1674.7134,9461,255
70130,2015-08,2374,1694.6591,9335,222
70130,2015-09,2047,1436.8161,7947,225
70130,2015-10,2423,1641.4023,9427,293
70130,2015-11,2425,1688.9794,9479,264
70130,2015-12,2420,1652.6111,9305,288
70130,2016-01,2746,1939.2997,10705,301
70130,2016-02,2717,1861.4220,10569,305
70130,2016-03,2998,2094.7196,11540,318
70130,2016-04,2621,1810.7617,10231,284
70130,2016-05,2836,1943.9664,10961,323
70130,2016-06,2570,1856.1677,10232,253
70130,2016-07,2629,1847.4093,10412,276
70130,2016-08,2050,1423.1320,8118,234
70130,2016-09,2199,1552.4156,8760,224
70130,2016-10,2282,1568.9613,8997,252
70130,2016-11,2282,1562.7939,8843,268
70130,2016-12,2275,1566.3371,8890,243
70130,2017-01,2440,1701.7504,9658,256
70130,2017-02,2224,1567.6663,8916,234
70130,2017-03,3181,2143.9774,12382,403
70130,2017-04,2829,1910.7061,11087,346
70130,2017-05,3075,2128.0057,12145,340
70130,2017-06,2735,1949.2277,10999,287
70130,2017-07,2733,1875.0448,10760,305
70130,2017-08,2281,1606.3254,9075,242
70130,2017-09,2220,1536.3604,8727,243
70130,2017-10,2488,1805.2258,10096,238
70130,2017-11,2412,1719.7948,9652,243
70130,2017-12,2603,1749.8210,10008,339
70130,2018-01,2979,2125.4420,11925,299
70130,2018-02,2831,1954.6967,11166,311
70130,2018-03,3780,2549.1972,14633,451
70130,2018-04,3697,2498.7417,14586,448
70130,2018-05,3554,2499.4194,14195,375
70130,2018-06,3396,2383.1573,13710,350
70130,2018-07,3587,2444.7878,14097,391
70130,2018-08,2755,1929.4177,11159,291
70130,2018-09,2600,1812.9436,10427,286
70130,2018-10,3103,2219.6623,12527,310
70130,2018-11,2780,1886.9623,10941,341
70130,2018-12,3081,2084.1356,12077,370
70130,2019-01,3000,2150.2425,12034,298
70130,2019-02,3061,2206.8691,12523,297
70130,2019-03,4024,2749.8962,15889,473
70130,2019-04,3360,2359.5754,13344,350
70130,2019-05,3323,2249.6695,13074,413
70130,2019-06,3072,2166.7006,12442,312
70130,2019-07,2589,1884.1912,10520,247
70130,2019-08,2849,2104.4017,11602,245
70130,2019-09,2650,1850.4582,10578,296
70130,2019-10,2826,1903.6941,11120,351
70130,2019-11,2592,1779.8743,10279,291
70130,2019-12,2709,1830.5843,10571,337
70130,2020-01,2818,1973.3395,11223,306
70130,2020-02,2814,1967.5117,11356,301
70130,2020-03,1741,1184.4866,6911,211
70130,2020-04,254,200.8038,1058,16
70130,2020-05,334,248.1241,1406,26
70130,2020-06,436,317.1142,1807,40
70130,2020-07,597,428.5417,2498,64
70130,2020-08,780,563.9517,3215,79
70130,2020-09,783,561.1343,3260,82
70130,2020-10,901,666.8944,3824,76
70130,2020-11,928,650.4899,3827,104
70130,2020-12,844,619.6452,3501,77
70130,2021-01,922,659.7700,3880,94
70130,2021-02,950,670.2932,3942,102
70130,2021-03,1555,1025.9515,6165,207
70130,2021-04,1523,1070.4780,6043,158
70130,2021-05,1735,1122.0860,6720,244
70130,2021-06,1956,1368.1343,7886,207
70130,2021-07,1849,1218.5729,7275,245
70130,2021-08,1373,935.7574,5545,170
70130,2021-09,455,296.1830,1813,63
70130,2021-10,1158,798.9470,4661,137
70130,2021-11,1341,944.3782,5397,145
70130,2021-12,1536,1013.0164,6075,200
70131,2012-02,2,1.6917,8,0
70131,2012-03,4,2.7135,13,0
70131,2012-04,3,2.6857,12,0
70131,2012-05,4,0.7176,14,2
70131,2012-07,2,1.4782,7,0
70131,2012-08,4,3.0769,18,0
70131,2012-12,1,0.9763,4,0
70131,2013-01,5,2.1536,13,2
70131,2013-03,2,0.1024,5,1
70131,2013-04,1,0.6407,2,0
70131,2013-05,4,3.5338,14,0
70131,2013-07,4,3.0525,14,0
70131,2013-08,1,0.9818,4,0
70131,2013-09,6,3.4657,23,1
70131,2013-10,2,1.9369,8,0
70131,2013-11,3,1.3042,12,1
70131,2013-12,4,3.3759,17,0
70131,2014-01,1,0.9538,5,0
70131,2014-02,7,3.2863,28,2
70131,2014-03,4,1.0287,9,1
70131,2014-04,4,3.4449,18,0
70131,2014-05,4,3.7792,17,0
70131,2014-06,16,8.7425,54,4
70131,2014-07,23,13.9663,88,4
70131,2014-08,9,5.0845,35,2
70131,2014-09,11,3.2402,33,4
70131,2014-10,9,7.3466,35,1
70131,2014-11,9,5.2358,33,2
70131,2014-12,5,4.4808,17,0
70131,2015-01,9,5.8472,33,1
70131,2015-02,19,12.6355,60,3
70131,2015-03,9,6.5863,32,1
70131,2015-04,9,3.3476,31,3
70131,2015-05,13,7.4967,40,3
70131,2015-06,15,4.2789,47,4
70131,2015-07,14,10.2972,53,0
70131,2015-08,7,6.4489,34,0
70131,2015-09,11,7.8394,46,1
70131,2015-10,14,6.3122,53,3
70131,2015-11,17,1.8060,41,8
70131,2015-12,9,5.1103,31,2
70131,2016-01,14,7.0146,47,3
70131,2016-02,12,7.6816,34,2
70131,2016-03,12,6.6082,46,2
70131,2016-04,12,10.5311,55,0
70131,2016-05,15,9.8443,60,2
70131,2016-06,10,8.2170,48,0
70131,2016-07,13,7.8712,49,2
70131,2016-08,12,6.3763,44,2
70131,2016-09,16,14.6133,71,0
70131,2016-10,8,7.5943,35,0
70131,2016-11,14,5.5047,49,5
70131,2016-12,11,10.2615,43,0
70131,2017-01,8,6.7397,31,0
70131,2017-02,9,6.3057,35,0
70131,2017-03,10,5.0319,33,2
70131,2017-04,10,8.5547,44,0
70131,2017-05,9,7.6355,34,0
70131,2017-06,16,12.5308,63,1
70131,2017-07,15,4.8643,45,4
70131,2017-08,14,8.7780,49,1
70131,2017-09,5,2.8440,19,1
70131,2017-10,11,3.3113,33,3
70131,2017-11,10,3.8246,37,3
70131,2017-12,8,3.1779,29,2
70131,2018-01,8,4.1636,26,2
70131,2018-02,9,7.0818,38,1
70131,2018-03,14,7.3984,46,3
70131,2018-04,11,6.0488,34,3
70131,2018-05,6,1.7040,14,2
70131,2018-06,13,8.4479,55,2
70131,2018-07,8,4.3849,27,2
70131,2018-08,10,6.0795,43,2
70131,2018-09,8,5.9574,34,1
70131,2018-10,10,6.2621,38,2
70131,2018-11,10,7.4688,38,1
70131,2018-12,9,2.2685,27,3
70131,2019-01,13,8.6457,49,2
70131,2019-02,13,8.2064,53,2
70131,2019-03,29,14.8755,106,6
70131,2019-04,20,7.2017,70,6
70131,2019-05,21,12.0803,78,4
70131,2019-06,18,11.1063,74,3
70131,2019-07,11,5.8752,39,3
70131,2019-08,24,16.9317,81,3
70131,2019-09,17,1.2131,37,8
70131,2019-10,13,1.0437,35,7
70131,2019-11,8,4.2137,27,2
70131,2019-12,15,7.4618,56,3
70131,2020-01,14,1.4925,45,7
70131,2020-02,8,5.2313,34,1
70131,2020-03,5,-0.0668,15,3
70131,2020-04,3,-0.7619,7,2
70131,2020-05,1,0.8268,5,0
70131,2020-06,9,3.3890,33,3
70131,2020-07,4,0.6822,8,1
70131,2020-08,8,3.6405,29,2
70131,2020-09,7,1.2193,18,3
70131,2020-10,10,3.8040,27,2
70131,2020-11,4,2.2865,16,1
70131,2020-12,3,2.1324,11,0
70131,2021-01,14,5.2804,49,4
70131,2021-02,3,1.9244,15,0
70131,2021-03,7,3.7256,26,1
70131,2021-04,8,2.8800,27,3
70131,2021-05,8,3.7860,29,1
70131,2021-06,9,5.0438,30,1
70131,2021-07,5,-0.1140,14,3
70131,2021-08,5,1.3683,12,2
70131,2021-09,2,0.0174,6,1
70131,2021-10,4,1.6667,10,1
70131,2021-11,10,3.2485,27,4
70131,2021-12,7,0.9673,18,3
70132,2014-01,1,0.2481,5,0
70132,2014-02,1,0.9702,4,0
70132,2014-09,1,-0.4811,2,1
70132,2015-09,1,0.5980,5,0
70132,2016-08,2,1.6218,8,0
70132,2016-10,2,1.7008,9,0
70132,2017-01,1,0.9098,4,0
70132,2017-04,1,0.9763,4,0
70132,2017-05,1,0.8016,5,0
70132,2017-06,2,1.5623,8,0
70132,2017-08,2,0.8481,10,0
70132,2018-03,1,0.9647,4,0
70132,2018-05,1,-0.9659,1,1
70132,2018-07,1,0.9485,5,0
70132,2019-04,1,0.5927,5,0
70132,2019-07,1,-0.8805,1,1
70132,2019-08,1,0.4404,4,0
70132,2019-09,1,0.5418,3,0
70132,2021-11,1,-0.1761,1,1
70139,2012-01,2,1.5841,8,0
70139,2012-03,1,-0.3096,3,1
70139,2012-04,2,-0.4128,5,1
70139,2012-05,2,0.5196,6,1
70139,2012-06,1,0.9512,4,0
70139,2012-07,1,0.1174,1,0
70139,2012-09,3,2.3998,15,0
70139,2012-10,1,0.9442,5,0
70139,2012-11,3,2.0357,10,0
70139,2012-12,3,2.6534,13,0
70139,2013-01,3,1.2477,12,1
70139,2013-02,2,-0.6733,6,1
70139,2013-03,2,1.7894,6,0
70139,2013-04,2,1.9483,9,0
70139,2013-07,1,-0.0644,3,1
70139,2013-09,5,1.9661,16,2
70139,2013-11,1,0.9636,5,0
70139,2013-12,4,0.0806,10,2
70139,2014-01,4,-0.3750,8,3
70139,2014-02,2,0.3732,6,1
70139,2014-03,1,0.9699,5,0
70139,2014-04,2,1.9018,8,0
70139,2014-06,2,-0.1057,5,1
70139,2014-07,4,2.9625,14,0
70139,2014-08,2,1.8569,10,0
70139,2014-09,1,0.9633,5,0
70139,2014-10,3,1.7439,15,0
70139,2014-11,4,1.9044,16,1
70139,2014-12,1,0.9666,5,0
70139,2015-01,8,3.0320,24,2
70139,2015-02,2,1.3288,8,0
70139,2015-04,1,0.9691,5,0
70139,2015-05,2,1.7499,10,0
70139,2015-06,4,3.7211,18,0
70139,2015-07,2,-0.2242,5,1
70139,2015-08,4,3.3662,16,0
70139,2015-09,3,2.7100,9,0
70139,2015-10,5,2.3466,20,1
70139,2015-11,3,0.9237,9,1
70139,2016-01,1,0.9857,5,0
70139,2016-03,4,2.8427,20,0
70139,2016-04,3,2.6047,15,0
70139,2016-05,1,0.6187,2,0
70139,2016-06,4,3.1810,15,0
70139,2016-07,2,1.9540,10,0
70139,2016-08,3,2.0765,15,0
70139,2016-09,1,0.9412,5,0
70139,2016-10,2,1.7860,9,0
70139,2016-11,3,2.8560,15,0
70139,2016-12,4,3.6246,16,0
70139,2017-01,3,2.5442,14,0
70139,2017-03,2,0.7939,2,1
70139,2017-04,4,3.3870,18,0
70139,2017-05,6,3.8536,25,1
70139,2017-06,1,0.9479,5,0
70139,2017-07,2,0.1525,5,1
70139,2017-08,3,1.2525,11,0
70139,2017-09,1,0.9946,5,0
70139,2017-10,3,2.6352,12,0
70139,2017-11,2,1.8025,8,0
70139,2017-12,1,0.2716,4,0
70139,2018-01,1,0.9287,1,0
70139,2018-02,1,0.4404,4,0
70139,2018-03,3,1.7365,15,0
70139,2018-04,1,-0.4788,1,1
70139,2018-06,4,2.0277,15,1
70139,2018-07,1,0.9704,5,0
70139,2018-09,5,1.8425,21,1
70139,2018-10,1,0.6546,5,0
70139,2018-11,1,0.9578,5,0
70139,2018-12,7,3.0703,27,2
70139,2019-01,8,7.0383,40,0
70139,2019-02,7,5.4669,31,0
70139,2019-03,3,-0.7287,8,2
70139,2019-04,1,0.9161,5,0
70139,2019-06,1,-0.4436,2,1
70139,2019-07,1,-0.5023,1,1
70139,2019-08,1,0.8176,2,0
70139,2019-09,2,1.2823,9,0
70139,2019-10,4,1.4986,16,1
70139,2019-11,2,1.8054,10,0
70139,2019-12,1,0.9543,4,0
70139,2020-01,6,3.1449,21,1
70139,2020-02,1,0.8750,5,0
70139,2020-03,2,1.4258,10,0
70139,2020-05,7,1.1008,22,3
70139,2020-06,2,1.4489,6,0
70139,2020-07,2,1.8558,10,0
70139,2020-08,1,0.9642,5,0
70139,2020-09,1,0.3544,1,0
70139,2020-10,1,-0.7810,1,1
70139,2021-02,1,-0.7088,1,1
70139,2021-03,2,1.6837,10,0
70139,2021-06,2,1.7303,10,0
70139,2021-07,2,1.8036,8,0
70139,2021-09,1,-0.4939,5,1
70139,2021-11,2,1.7376,10,0
70139,2021-12,1,0.2511,3,0
70140,2012-01,11,8.7441,40,1
70140,2012-02,12,8.6825,43,1
70140,2012-03,14,9.5975,50,2
70140,2012-04,8,4.2012,27,1
70140,2012-05,11,7.3743,43,2
70140,2012-06,9,7.1162,38,0
70140,2012-07,8,-1.0996,15,5
70140,2012-08,13,7.3207,50,2
70140,2012-09,8,7.2177,24,0
70140,2012-10,13,8.8999,42,1
70140,2012-11,8,5.9450,29,1
70140,2012-12,11,7.6195,36,1
70140,2013-01,12,7.8259,41,1
70140,2013-02,9,6.9318,34,0
70140,2013-03,15,10.8723,48,1
70140,2013-04,6,4.9059,24,0
70140,2013-05,24,13.0252,76,4
70140,2013-06,15,12.2578,64,1
70140,2013-07,21,10.8738,68,4
70140,2013-08,11,9.1706,43,0
70140,2013-09,17,11.5237,52,2
70140,2013-10,13,7.7865,45,2
70140,2013-11,13,9.8072,43,1
70140,2013-12,18,9.7945,58,4
70140,2014-01,17,14.8445,65,1
70140,2014-02,16,10.2245,54,3
70140,2014-03,26,21.3412,106,0
70140,2014-04,22,16.8262,84,2
70140,2014-05,18,10.6751,53,2
70140,2014-06,25,11.8276,84,6
70140,2014-07,34,25.5582,121,2
70140,2014-08,21,11.2541,60,4
70140,2014-09,23,16.6843,88,1
70140,2014-10,31,13.6600,92,7
70140,2014-11,25,15.6940,78,3
70140,2014-12,26,15.4343,100,4
70140,2015-01,22,9.5211,64,5
70140,2015-02,19,9.9937,65,4
70140,2015-03,38,18.8976,122,6
70140,2015-04,32,16.6768,131,8
70140,2015-05,18,6.8192,60,4
70140,2015-06,27,13.8058,99,6
70140,2015-07,33,18.5059,112,5
70140,2015-08,31,18.7502,115,5
70140,2015-09,23,12.7575,79,3
70140,2015-10,36,20.0232,104,5
70140,2015-11,23,13.9257,79,4
70140,2015-12,29,18.2128,102,5
70140,2016-01,23,13.5724,88,3
70140,2016-02,37,26.5995,136,2
70140,2016-03,38,26.8017,149,4
70140,2016-04,23,11.1380,70,6
70140,2016-05,22,18.6507,85,1
70140,2016-06,31,18.8547,110,4
70140,2016-07,41,24.1905,140,5
70140,2016-08,23,9.0591,78,5
70140,2016-09,26,15.4926,87,3
70140,2016-10,30,18.6924,108,3
70140,2016-11,27,10.7807,78,5
70140,2016-12,38,14.9468,119,10
70140,2017-01,34,23.6362,121,3
70140,2017-02,24,10.3983,78,6
70140,2017-03,27,16.9382,101,4
70140,2017-04,26,14.1816,87,4
70140,2017-05,32,21.9009,117,3
70140,2017-06,46,23.0922,153,10
70140,2017-07,40,20.7383,137,7
70140,2017-08,19,11.2885,68,2
70140,2017-09,33,23.1925,113,1
70140,2017-10,39,11.0140,126,15
70140,2017-11,32,17.2442,119,6
70140,2017-12,42,17.5190,131,11
70140,2018-01,31,19.5005,120,5
70140,2018-02,34,23.3896,115,2
70140,2018-03,42,26.7155,142,4
70140,2018-04,59,33.8035,215,9
70140,2018-05,52,31.1663,191,8
70140,2018-06,52,30.3835,185,11
70140,2018-07,65,44.0024,232,8
70140,2018-08,48,24.2938,167,9
70140,2018-09,41,26.3356,157,5
70140,2018-10,40,24.3282,142,8
70140,2018-11,45,30.4626,173,5
70140,2018-12,49,32.9497,194,6
70140,2019-01,37,23.9673,137,4
70140,2019-02,50,34.5837,185,6
70140,2019-03,51,35.0168,215,5
70140,2019-04,55,40.7496,228,5
70140,2019-05,37,20.3238,130,6
70140,2019-06,38,20.9868,149,8
70140,2019-07,55,31.3332,195,8
70140,2019-08,33,22.2867,125,2
70140,2019-09,43,28.9523,172,6
70140,2019-10,44,33.3623,174,3
70140,2019-11,38,16.2461,139,10
70140,2019-12,28,16.1452,109,2
70140,2020-01,39,25.7458,153,5
70140,2020-02,30,17.8448,111,5
70140,2020-03,15,13.6975,69,0
70140,2020-04,3,2.7453,15,0
70140,2020-05,1,0.5859,5,0
70140,2020-07,4,3.3103,17,0
70140,2020-08,4,1.9956,17,1
70140,2020-09,1,0.9101,5,0
70140,2020-10,1,0.6468,5,0
70140,2020-11,3,1.3599,11,1
70140,2020-12,1,0.9652,5,0
70140,2021-01,2,0.0767,5,1
70140,2021-02,4,3.8308,19,0
70140,2021-03,9,2.1186,32,4
70140,2021-04,6,4.1273,21,1
70140,2021-05,7,6.3281,26,0
70140,2021-06,21,14.5228,77,2
70140,2021-07,18,11.5742,70,2
70140,2021-08,18,9.5198,64,4
70140,2021-09,1,0.9558,5,0
70140,2021-10,5,2.1226,18,1
70140,2021-11,14,10.0198,58,2
70140,2021-12,16,11.1176,60,2
70141,2015-02,2,-1.9658,2,2
70141,2016-01,2,1.3626,2,0
70141,2016-04,1,0.9600,5,0
70141,2016-10,1,0.0523,5,0
70141,2016-11,1,0.9755,5,0
70141,2017-02,1,-0.9724,1,1
70141,2017-03,1,0.6387,5,0
70141,2017-04,1,0.9453,5,0
70141,2017-07,1,0.9685,5,0
70141,2017-09,1,0.8955,5,0
70141,2017-11,1,0.9595,5,0
70141,2017-12,1,0.8433,5,0
70141,2018-01,1,0.9806,5,0
70141,2018-03,2,1.9188,10,0
70141,2018-04,1,0.8898,5,0
70141,2019-04,1,0.9470,5,0
70141,2019-12,1,-0.7813,2,1
70148,2012-03,2,-0.0746,5,1
70148,2012-08,1,0.9936,4,0
70148,2012-10,1,0.9313,4,0
70148,2013-09,1,0.9861,5,0
70148,2014-01,1,0.9750,5,0
70148,2014-07,1,0.9648,3,0
70148,2015-04,2,-0.1472,2,1
70148,2015-09,1,-0.9562,1,1
70148,2015-11,2,1.8851,7,0
70148,2015-12,1,-0.9571,1,1
70148,2016-01,1,0.9402,5,0
70148,2016-02,3,-2.0461,3,3
70148,2016-04,2,-1.3058,2,2
70148,2016-05,2,0.1940,5,1
70148,2016-06,1,-0.9512,1,1
70148,2016-07,3,-0.8992,3,2
70148,2016-10,2,1.8073,5,0
70148,2016-11,1,-0.4667,1,1
70148,2016-12,1,-0.9104,1,1
70148,2017-05,2,-1.5211,2,2
70148,2017-06,1,0.4775,1,0
70148,2017-08,2,1.8171,7,0
70148,2017-09,3,0.9139,8,1
70148,2017-11,2,-0.0519,6,1
70148,2018-06,1,-0.4956,1,1
70148,2018-07,1,-0.7898,1,1
70148,2018-08,1,0.9746,4,0
70148,2018-09,1,-0.7898,1,1
70148,2018-11,1,0.3182,1,0
70148,2019-04,1,-0.9337,1,1
70148,2019-07,1,-0.9443,1,1
70148,2019-08,4,2.0741,12,1
70148,2019-10,1,0.8720,4,0
70148,2019-11,1,-0.9777,1,1
70148,2020-02,1,0.5574,4,0
70148,2020-04,1,0.5859,1,0
70148,2020-10,1,-0.8118,1,1
70148,2021-01,1,-0.9483,1,1
70148,2021-04,1,-0.9789,1,1
70148,2021-06,1,-0.8835,1,1
70151,2014-05,1,0.9794,5,0
70151,2014-06,1,0.9891,5,0
70151,2014-11,1,0.8883,5,0
70151,2015-03,1,-0.4730,5,1
70151,2015-05,1,0.9493,5,0
70151,2015-07,1,0.9621,5,0
70151,2015-11,1,0.9929,5,0
70151,2015-12,1,0.7829,5,0
70151,2016-01,1,0.8747,5,0
70151,2016-02,1,0.8316,5,0
70151,2016-10,3,2.7179,15,0
70151,2016-11,1,0.9258,5,0
70151,2016-12,1,0.9287,5,0
70151,2017-05,2,1.9068,10,0
70151,2017-06,1,0.9723,5,0
70151,2017-07,2,1.9232,10,0
70151,2017-10,1,0.5739,5,0
70151,2017-12,1,0.9551,5,0
70151,2018-04,2,1.8446,10,0
70151,2018-05,2,1.3112,10,0
70151,2018-06,1,0.8948,5,0
70151,2018-09,1,0.5849,5,0
70151,2018-10,1,0.7477,5,0
70151,2018-12,1,0.9245,5,0
70151,2019-02,2,1.6468,10,0
70151,2019-03,2,1.6449,10,0
70151,2019-04,2,1.7311,10,0
70151,2019-05,1,0.2321,5,0
70151,2020-01,2,1.9605,10,0
70151,2020-11,1,0.9847,5,0
70151,2021-11,1,0.8516,5,0
70152,2012-02,2,1.6253,7,0
70152,2013-01,1,0.9524,4,0
70152,2017-03,1,0.9590,3,0
70156,2012-03,1,0.5449,3,0
70156,2012-04,1,0.9915,4,0
70156,2012-05,1,0.9451,5,0
70156,2012-07,1,0.9473,5,0
70156,2012-12,2,1.9507,10,0
70156,2013-01,2,1.7016,10,0
70156,2013-03,1,0.9710,4,0
70156,2013-05,2,1.3703,10,0
70156,2013-06,1,0.9894,4,0
70156,2013-07,3,1.7479,14,0
70156,2013-09,1,0.9564,5,0
70156,2013-12,1,0.9931,5,0
70156,2014-02,4,2.0623,20,1
70156,2014-03,2,1.9107,10,0
70156,2014-04,3,2.7725,15,0
70156,2014-07,1,0.8381,4,0
70156,2014-08,1,0.8033,5,0
70156,2014-09,2,1.7016,9,0
70156,2014-10,2,1.8910,9,0
70156,2014-11,2,1.6182,10,0
70156,2015-01,4,3.3148,18,0
70156,2015-02,1,0.9817,5,0
70156,2015-03,1,0.9952,5,0
70156,2015-04,2,1.4081,10,0
70156,2015-06,3,2.8546,14,0
70156,2015-07,2,1.8683,10,0
70156,2015-08,2,1.9417,10,0
70156,2015-09,3,2.7009,14,0
70156,2015-10,1,0.9941,5,0
70156,2015-11,3,2.7125,15,0
70156,2015-12,5,4.8275,24,0
70156,2016-01,5,4.0282,25,0
70156,2016-02,2,1.6794,10,0
70156,2016-03,6,2.6825,25,2
70156,2016-04,5,4.2052,24,0
70156,2016-05,7,6.3070,34,0
70156,2016-06,2,1.7145,9,0
70156,2016-07,6,4.1920,26,1
70156,2016-08,1,0.9690,5,0
70156,2016-09,1,0.9502,5,0
70156,2016-10,3,2.3362,14,0
70156,2016-11,7,3.4641,22,1
70156,2016-12,2,1.7915,9,0
70156,2017-02,4,2.7111,19,0
70156,2017-03,4,3.2637,18,0
70156,2017-04,5,4.4478,19,0
70156,2017-05,5,4.1568,25,0
70156,2017-06,5,4.0985,25,0
70156,2017-07,8,5.8662,35,1
70156,2017-08,1,0.9819,5,0
70156,2017-09,4,3.9032,20,0
70156,2017-10,7,6.5961,34,0
70156,2017-11,6,5.6634,30,0
70156,2017-12,2,1.7659,9,0
70156,2018-01,3,1.4060,13,1
70156,2018-02,2,1.7959,7,0
70156,2018-03,4,1.9373,19,1
70156,2018-04,6,3.8886,28,1
70156,2018-05,2,1.1067,8,0
70156,2018-06,4,3.7055,20,0
70156,2018-07,1,0.8828,5,0
70156,2018-08,4,3.3395,20,0
70156,2018-10,3,2.6617,15,0
70156,2018-11,2,1.9301,10,0
70156,2018-12,1,0.9776,5,0
70156,2019-01,3,2.9592,15,0
70156,2019-02,3,2.7083,15,0
70156,2019-03,1,0.9568,5,0
70156,2019-04,2,1.8260,9,0
70156,2019-05,2,1.7440,9,0
70156,2019-07,1,0.8217,5,0
70156,2019-08,2,1.6551,10,0
70156,2019-09,3,1.8224,12,1
70156,2019-11,1,0.9926,5,0
70156,2019-12,1,0.9589,5,0
70156,2020-01,1,0.9617,5,0
70156,2020-02,3,2.7969,15,0
70156,2020-10,1,0.7313,5,0
70156,2021-02,1,0.9341,5,0
70156,2021-07,1,0.8948,5,0
70156,2021-12,1,0.9570,5,0
70157,2018-04,1,0.9496,5,0
70158,2016-03,1,0.9808,5,0
70158,2017-06,1,0.9865,5,0
70158,2017-11,1,0.9969,5,0
70158,2017-12,1,0.9930,5,0
70158,2018-04,1,-0.2275,5,1
70158,2018-06,1,0.9874,1,0
70158,2018-07,1,0.9275,5,0
70158,2018-09,1,0.8800,5,0
70158,2019-08,1,0.9744,5,0
70163,2012-02,1,0.8733,1,0
70163,2012-05,2,0.1483,4,1
70163,2012-06,1,0.9947,3,0
70163,2013-05,1,0.9829,4,0
70163,2013-08,1,0.8544,5,0
70163,2013-11,1,-0.3769,1,1
70163,2014-11,1,0.9432,4,0
70163,2015-02,1,0.8221,4,0
70163,2015-04,2,0.2038,5,1
70163,2015-07,1,0.7993,4,0
70163,2015-08,1,-0.2942,1,1
70163,2015-10,1,0.8842,4,0
70163,2016-02,1,0.9668,4,0
70163,2016-03,4,3.6823,17,0
70163,2016-04,5,2.7547,18,1
70163,2016-05,7,5.9434,32,0
70163,2016-06,7,4.2626,28,1
70163,2016-07,3,2.2820,13,0
70163,2016-08,3,1.4734,10,1
70163,2016-09,3,2.3307,11,0
70163,2016-10,3,0.8491,10,1
70163,2016-11,2,1.6966,6,0
70163,2016-12,2,1.8469,7,0
70163,2017-01,3,1.2654,10,1
70163,2017-02,3,0.7634,10,1
70163,2017-03,4,2.6186,17,0
70163,2017-05,2,0.3435,7,1
70163,2017-06,2,0.6155,8,1
70163,2017-07,1,-0.7469,1,1
70163,2017-08,3,2.0284,9,0
70163,2017-09,2,-0.3696,5,1
70163,2017-10,1,-0.5221,1,1
70163,2018-09,1,-0.5598,2,1
70163,2019-01,1,0.3197,4,0
70165,2012-01,1,0.2884,1,0
70165,2012-07,3,-0.1660,3,1
70165,2012-08,1,0.9676,1,0
70165,2013-02,2,1.0157,3,0
70165,2013-06,2,-1.8658,2,2
70165,2013-07,1,-0.6840,1,1
70165,2013-12,1,-0.4696,1,1
70165,2014-05,1,0.9919,4,0
70165,2014-11,1,0.5890,1,0
70165,2015-07,2,0.3164,2,1
70165,2015-09,1,-0.4754,1,1
70165,2015-12,1,-0.4404,1,1
70165,2016-02,1,0.7684,5,0
70165,2016-10,1,-0.3091,1,1
70165,2016-11,3,0.8574,3,1
70165,2016-12,1,-0.5921,2,1
70165,2017-01,1,0.0665,1,0
70165,2017-02,1,-0.8042,1,1
70165,2017-03,1,-0.7712,1,1
70165,2017-04,2,0.0645,3,1
70165,2017-05,2,-0.5949,4,1
70165,2017-07,2,-1.2171,2,2
70165,2017-08,4,-2.7111,4,3
70165,2017-09,2,-1.8790,3,2
70165,2017-12,1,0.6157,1,0
70165,2018-01,1,0.0000,1,0
70165,2018-02,1,-0.7752,1,1
70165,2018-03,1,-0.9450,1,1
70165,2018-05,2,-0.4764,2,1
70165,2018-08,1,-0.7091,1,1
70165,2019-02,1,-0.8316,2,1
70165,2019-04,1,-0.9192,1,1
70165,2019-07,1,0.0000,1,0
70165,2019-09,3,-1.3157,3,2
70165,2019-10,1,-0.8705,1,1
70165,2020-01,3,-0.5319,6,2
70165,2020-07,1,-0.5267,1,1
70165,2020-11,1,-0.9032,1,1
70165,2021-06,1,0.9125,4,0
70165,2021-07,1,0.0000,1,0
70165,2021-08,1,-0.2500,1,1
70170,2012-02,1,0.9665,5,0
70170,2012-05,1,0.9887,5,0
70170,2012-06,1,0.3612,4,0
70170,2012-07,1,0.9788,5,0
70170,2012-11,2,1.2018,5,0
70170,2012-12,1,0.0735,1,0
70170,2013-01,3,2.7641,15,0
70170,2013-02,2,0.2821,7,1
70170,2013-03,2,1.5356,9,0
70170,2013-04,1,0.9966,5,0
70170,2013-05,1,0.9214,3,0
70170,2013-06,1,0.9708,5,0
70170,2013-07,3,2.4373,11,0
70170,2013-08,4,3.0360,14,0
70170,2013-09,2,1.8941,10,0
70170,2013-10,3,1.9715,13,0
70170,2013-11,2,0.4092,6,1
70170,2013-12,3,2.3740,11,0
70170,2014-01,2,1.7614,6,0
70170,2014-02,5,4.9340,25,0
70170,2014-03,8,6.8547,35,0
70170,2014-04,4,3.9433,19,0
70170,2014-05,4,3.7999,18,0
70170,2014-06,4,2.3626,16,1
70170,2014-07,4,3.9243,20,0
70170,2014-08,7,5.9277,31,0
70170,2014-09,16,9.7783,62,3
70170,2014-10,19,17.8402,83,0
70170,2014-11,8,6.9402,36,0
70170,2014-12,5,1.8930,23,1
70170,2015-01,21,15.0229,82,1
70170,2015-02,7,0.5126,26,4
70170,2015-03,9,5.0531,37,2
70170,2015-04,11,5.7795,50,3
70170,2015-05,15,11.5336,65,1
70170,2015-06,7,6.5273,30,0
70170,2015-07,14,8.4155,55,2
70170,2015-08,6,5.3811,24,0
70170,2015-09,11,9.6588,55,0
70170,2015-10,7,4.3296,30,1
70170,2015-11,14,12.3485,67,0
70170,2015-12,4,1.7425,14,1
70170,2016-01,9,5.2260,34,2
70170,2016-02,17,9.3448,70,4
70170,2016-03,9,5.4705,45,1
70170,2016-04,12,8.8258,51,1
70170,2016-05,12,9.9586,51,1
70170,2016-06,11,9.7392,54,0
70170,2016-07,23,20.0022,109,0
70170,2016-08,9,6.4918,45,1
70170,2016-09,17,13.0721,76,1
70170,2016-10,18,11.9870,72,2
70170,2016-11,20,14.8918,89,2
70170,2016-12,7,6.1697,30,0
70170,2017-01,17,12.2505,76,2
70170,2017-02,12,9.1589,51,1
70170,2017-03,15,12.6891,70,0
70170,2017-04,15,12.1170,69,0
70170,2017-05,11,9.6011,55,0
70170,2017-06,8,7.3257,39,0
70170,2017-07,14,6.3387,50,4
70170,2017-08,15,13.5709,67,0
70170,2017-09,10,9.2221,50,0
70170,2017-10,14,10.6635,63,0
70170,2017-11,9,6.9457,38,1
70170,2017-12,15,9.9424,69,2
70170,2018-01,12,10.3054,55,1
70170,2018-02,12,11.2943,60,0
70170,2018-03,21,16.4909,94,1
70170,2018-04,20,15.6298,92,0
70170,2018-05,10,8.5457,46,0
70170,2018-06,20,16.9647,95,1
70170,2018-07,16,12.4862,65,2
70170,2018-08,13,8.2584,55,2
70170,2018-09,11,7.8372,46,1
70170,2018-10,15,13.3657,71,0
70170,2018-11,9,5.6558,36,1
70170,2018-12,6,3.6067,25,1
70170,2019-01,16,14.0277,75,0
70170,2019-02,12,8.3906,53,1
70170,2019-03,15,11.7630,67,1
70170,2019-04,14,11.7111,65,1
70170,2019-05,15,12.9761,69,1
70170,2019-06,16,11.5668,64,2
70170,2019-07,14,9.9763,51,1
70170,2019-08,12,10.1155,48,0
70170,2019-09,17,15.4515,82,0
70170,2019-10,18,11.6436,68,2
70170,2019-11,8,7.5296,40,0
70170,2019-12,7,5.2894,31,1
70170,2020-01,17,13.7172,74,1
70170,2020-02,2,1.1208,5,0
70170,2020-03,1,0.6124,5,0
70170,2020-04,1,0.9007,5,0
70170,2020-05,6,5.6167,30,0
70170,2020-06,4,3.5750,19,0
70170,2020-07,1,0.9987,5,0
70170,2020-08,5,2.9045,21,1
70170,2020-09,5,2.5956,21,1
70170,2020-11,3,0.3437,11,1
70170,2021-01,5,1.0015,14,3
70170,2021-02,3,1.2813,7,0
70170,2021-03,6,2.2945,20,2
70170,2021-04,5,4.4833,25,0
70170,2021-05,8,5.7084,36,1
70170,2021-06,9,6.8474,45,1
70170,2021-07,3,2.3240,11,0
70170,2021-08,2,1.9333,10,0
70170,2021-09,3,2.0056,15,0
70170,2021-10,6,3.8414,25,1
70170,2021-11,3,2.4833,15,0
70170,2021-12,4,1.6113,15,1
70172,2015-12,1,0.9867,4,0
70172,2016-01,2,0.9876,10,0
70172,2016-02,1,0.9823,5,0
70172,2018-03,1,0.6597,5,0
70172,2018-06,1,-0.8243,3,1
70172,2018-11,1,0.7178,5,0
70174,2012-01,1,0.5321,3,0
70174,2012-03,1,0.9482,4,0
70174,2012-09,2,0.6743,6,1
70174,2013-01,1,0.9880,5,0
70174,2013-08,1,0.9832,5,0
70174,2013-10,2,1.6509,9,0
70174,2013-12,1,0.9980,5,0
70174,2014-01,1,0.9938,5,0
70174,2014-02,3,2.5759,15,0
70174,2014-03,1,0.6590,5,0
70174,2014-04,1,-0.5266,3,1
70174,2014-05,1,0.9395,4,0
70174,2014-06,1,0.6249,4,0
70174,2014-07,2,1.8723,10,0
70174,2014-08,1,0.8399,5,0
70174,2014-09,1,0.9607,5,0
70174,2014-11,1,0.8976,5,0
70174,2014-12,1,0.9019,5,0
70174,2015-01,1,0.8126,5,0
70174,2015-03,2,1.8527,10,0
70174,2015-04,1,0.9788,5,0
70174,2015-05,1,0.9973,5,0
70174,2015-10,3,2.8900,15,0
70174,2015-11,2,1.4418,9,0
70174,2015-12,1,0.9300,3,0
70174,2016-01,2,1.9710,10,0
70174,2016-02,3,2.9536,14,0
70174,2016-03,2,1.4390,6,0
70174,2016-05,3,2.9609,12,0
70174,2016-06,1,0.9593,5,0
70174,2016-07,4,3.7864,20,0
70174,2016-08,1,0.9187,5,0
70174,2016-09,2,1.8438,10,0
70174,2016-10,7,4.5489,32,1
70174,2016-11,5,4.8242,25,0
70174,2016-12,2,1.7236,10,0
70174,2017-01,5,4.4709,25,0
70174,2017-02,5,4.4974,25,0
70174,2017-03,5,4.5506,24,0
70174,2017-04,6,5.3799,27,0
70174,2017-05,5,3.3739,19,1
70174,2017-06,6,5.2454,27,0
70174,2017-07,4,3.9241,18,0
70174,2017-08,2,1.8394,10,0
70174,2017-09,3,2.8577,15,0
70174,2017-10,6,5.4983,28,0
70174,2017-11,1,0.9199,5,0
70174,2017-12,3,1.1236,10,1
70174,2018-01,6,4.4628,28,0
70174,2018-02,3,2.4539,14,0
70174,2018-03,7,3.7266,30,2
70174,2018-04,9,8.5717,40,0
70174,2018-05,2,1.9253,10,0
70174,2018-06,4,3.6813,20,0
70174,2018-07,4,3.4550,19,0
70174,2018-08,2,1.8684,7,0
70174,2018-09,4,3.6548,20,0
70174,2018-10,3,2.8614,15,0
70174,2018-11,4,3.5928,19,0
70174,2018-12,4,2.9467,20,0
70174,2019-01,3,2.8522,14,0
70174,2019-02,3,1.7290,11,1
70174,2019-03,5,4.7134,23,0
70174,2019-04,5,4.6362,24,0
70174,2019-05,3,2.8512,15,0
70174,2019-06,2,1.8595,10,0
70174,2019-07,1,0.9880,5,0
70174,2019-08,1,0.9706,5,0
70174,2019-09,7,6.5404,35,0
70174,2019-10,4,3.2249,20,0
70174,2019-11,1,0.9668,5,0
70174,2019-12,4,2.8114,19,0
70174,2020-08,1,0.9748,5,0
70174,2020-10,1,-0.5952,1,1
70174,2020-12,1,0.8221,5,0
70174,2021-02,1,0.9896,5,0
70174,2021-03,1,0.9806,5,0
70174,2021-05,3,2.8157,15,0
70174,2021-10,2,1.8996,10,0
70175,2014-01,1,0.9834,5,0
70175,2014-06,1,0.4754,5,0
70175,2015-03,1,-0.7783,1,1
70175,2018-07,1,0.5367,5,0
70175,2019-10,1,-0.5682,2,1
70175,2021-03,1,0.9772,5,0
70177,2016-12,1,0.4213,5,0
70177,2017-11,2,1.9416,9,0
70177,2018-01,2,1.3432,10,0
70177,2018-03,2,1.9632,10,0
70177,2018-04,2,1.7919,10,0
70177,2018-07,1,0.7264,5,0
70177,2018-09,1,0.0000,5,0
70177,2018-10,3,2.3335,15,0
70177,2018-12,1,0.5709,5,0
70177,2019-01,1,0.6705,5,0
70177,2019-02,2,0.1038,10,1
70177,2019-03,2,1.7619,10,0
70177,2019-04,1,0.6629,5,0
70177,2019-05,2,1.6607,10,0
70177,2019-06,3,1.9407,11,0
70177,2019-07,5,1.6819,17,1
70177,2019-08,2,1.8783,9,0
70177,2019-11,4,1.8726,20,1
70177,2020-01,1,0.9646,5,0
70177,2020-02,1,0.8522,5,0
70177,2020-05,1,0.9231,4,0
70177,2020-06,2,1.5967,10,0
70177,2020-07,1,0.9646,5,0
70177,2020-08,1,0.0258,1,0
70177,2020-11,2,1.8007,10,0
70177,2020-12,3,0.2191,7,1
70177,2021-01,2,1.6230,10,0
70177,2021-02,3,-1.0391,7,2
70177,2021-03,3,0.8705,11,1
70177,2021-04,2,0.9412,10,0
70177,2021-05,1,0.8658,4,0
70177,2021-06,2,-0.0355,6,1
70177,2021-07,7,4.8393,35,1
70177,2021-08,1,-0.5710,1,1
70177,2021-09,1,0.9947,5,0
70177,2021-10,1,0.9842,5,0
70177,2021-12,1,0.4944,5,0
70179,2012-01,1,0.9716,4,0
70179,2012-03,1,0.7032,3,0
70179,2012-04,1,0.9819,5,0
70179,2012-05,2,1.6711,9,0
70179,2012-08,3,2.8524,14,0
70179,2012-09,6,5.5357,28,0
70179,2012-10,3,0.9792,9,1
70179,2012-11,1,0.9231,4,0
70179,2012-12,2,-0.0733,5,1
70179,2013-01,7,4.5659,29,1
70179,2013-02,2,1.8397,9,0
70179,2013-03,3,2.7801,13,0
70179,2013-04,2,1.9538,10,0
70179,2013-06,2,1.7371,7,0
70179,2013-08,3,0.1854,10,1
70179,2013-09,1,0.9595,5,0
70179,2013-10,5,2.8469,17,1
70179,2013-11,2,1.8002,9,0
70179,2013-12,1,0.9881,5,0
70179,2014-01,2,1.6012,10,0
70179,2014-02,2,1.3200,6,0
70179,2014-03,1,0.9738,5,0
70179,2014-04,1,0.9863,5,0
70179,2014-05,5,4.1027,23,0
70179,2014-06,2,1.8835,10,0
70179,2014-07,3,2.6890,12,0
70179,2014-08,2,1.5188,6,0
70179,2014-09,4,3.0640,20,0
70179,2014-10,1,0.9758,5,0
70179,2014-11,2,1.3555,10,0
70179,2014-12,1,0.9770,5,0
70179,2015-01,2,1.5663,6,0
70179,2015-02,2,1.8647,8,0
70179,2015-03,6,5.3168,29,0
70179,2015-04,5,4.6588,25,0
70179,2015-05,5,4.7244,24,0
70179,2015-06,3,2.8465,15,0
70179,2015-07,3,2.6294,15,0
70179,2015-08,2,1.7662,10,0
70179,2015-09,3,2.6933,14,0
70179,2015-10,3,2.3571,14,0
70179,2015-11,5,2.4708,22,1
70179,2015-12,2,1.8943,10,0
70179,2016-01,5,3.7305,25,0
70179,2016-02,1,0.9767,5,0
70179,2016-03,6,5.4846,30,0
70179,2016-04,3,2.8839,15,0
70179,2016-05,2,0.3629,10,0
70179,2016-06,1,0.9336,5,0
70179,2016-07,3,2.0086,15,0
70179,2016-08,2,1.4026,6,0
70179,2016-11,2,1.3232,9,0
70179,2016-12,2,1.9839,9,0
70179,2017-01,3,2.8441,15,0
70179,2017-04,1,0.9487,5,0
70179,2017-06,2,1.7535,10,0
70179,2017-07,2,1.9634,10,0
70179,2017-08,2,1.9403,10,0
70179,2017-09,2,1.8651,10,0
70179,2017-10,1,0.9751,5,0
70179,2017-11,1,0.9381,1,0
70179,2018-02,2,1.9222,10,0
70179,2018-03,3,2.8304,15,0
70179,2018-04,3,1.7928,8,0
70179,2018-07,2,1.8602,10,0
70179,2018-08,1,0.9373,5,0
70179,2018-10,2,1.9440,10,0
70179,2018-11,1,0.9752,5,0
70179,2018-12,1,0.9901,5,0
70179,2019-02,1,0.9674,5,0
70179,2019-03,2,1.9441,10,0
70179,2019-04,1,0.9679,5,0
70179,2019-05,2,0.5915,6,1
70179,2019-06,1,0.8930,5,0
70179,2019-09,1,0.9871,5,0
70179,2019-11,1,0.7430,5,0
70179,2019-12,2,0.6473,8,0
70179,2020-02,2,1.8139,10,0
70179,2020-03,1,0.9749,5,0
70179,2020-07,1,0.9730,5,0
70179,2020-08,1,0.9558,5,0
70179,2020-10,1,0.9516,5,0
70179,2021-04,1,-0.8335,5,1
70179,2021-05,2,1.8464,10,0
70179,2021-06,1,0.9560,5,0
70179,2021-11,1,0.9013,5,0
70185,2012-04,1,0.9949,3,0
70185,2013-06,1,0.9735,4,0
70185,2014-04,1,0.9944,5,0
70185,2015-04,2,-0.0530,6,1
70185,2016-05,1,0.8268,5,0
70185,2016-08,1,0.9966,4,0
70185,2018-04,1,0.9875,5,0
70185,2019-04,1,0.9968,5,0
70187,2012-04,1,0.9655,5,0
70187,2012-10,1,0.9844,5,0
70187,2013-07,1,0.7425,5,0
70187,2014-02,1,0.9850,5,0
70187,2015-02,1,0.9431,5,0
70187,2015-06,1,0.9562,5,0
70187,2015-09,1,0.8970,5,0
70187,2015-10,1,0.9089,5,0
70187,2016-01,1,0.8158,5,0
70187,2016-05,2,-1.9231,2,2
70187,2016-09,1,0.9218,5,0
70187,2017-05,2,1.7260,10,0
70187,2018-07,1,0.6047,5,0
70187,2018-11,1,0.4461,5,0
70187,2019-06,1,-0.0542,2,1
70187,2021-07,1,0.9837,5,0
70195,2012-01,29,21.3599,107,3
70195,2012-02,24,12.6916,83,6
70195,2012-03,17,9.2783,57,3
70195,2012-04,29,22.7810,116,2
70195,2012-05,28,17.9394,113,4
70195,2012-06,15,9.0972,62,2
70195,2012-07,20,12.2612,75,2
70195,2012-08,21,15.1657,82,2
70195,2012-09,13,8.3804,51,2
70195,2012-10,12,3.9593,42,4
70195,2012-11,19,14.2625,70,2
70195,2012-12,17,11.1475,62,2
70195,2013-01,23,19.4351,93,0
70195,2013-02,20,12.1285,82,3
70195,2013-03,32,22.0050,129,3
70195,2013-04,20,12.7089,81,2
70195,2013-05,25,16.9160,99,3
70195,2013-06,33,26.3068,133,2
70195,2013-07,24,15.4439,101,3
70195,2013-08,19,16.4928,71,0
70195,2013-09,18,13.5535,74,1
70195,2013-10,26,19.2422,101,2
70195,2013-11,31,19.7041,120,4
70195,2013-12,18,12.3780,70,2
70195,2014-01,39,27.7189,159,4
70195,2014-02,31,13.0666,115,7
70195,2014-03,32,12.7211,101,8
70195,2014-04,29,22.8290,131,0
70195,2014-05,34,24.8834,135,3
70195,2014-06,23,14.9661,91,3
70195,2014-07,30,17.8428,115,5
70195,2014-08,34,21.3793,122,5
70195,2014-09,20,10.1764,84,4
70195,2014-10,28,17.4115,112,5
70195,2014-11,30,20.4030,116,2
70195,2014-12,23,14.4735,97,3
70195,2015-01,22,15.1568,98,2
70195,2015-02,35,22.1674,142,5
70195,2015-03,26,18.0435,104,2
70195,2015-04,29,21.1774,123,1
70195,2015-05,30,18.1893,119,5
70195,2015-06,23,14.7673,93,4
70195,2015-07,24,14.2407,92,5
70195,2015-08,22,12.7412,85,4
70195,2015-09,28,20.1582,117,2
70195,2015-10,38,19.1716,138,9
70195,2015-11,25,6.2255,81,10
70195,2015-12,17,7.4387,55,3
70195,2016-01,24,17.0966,96,3
70195,2016-02,31,22.4062,124,2
70195,2016-03,28,17.9648,114,4
70195,2016-04,30,23.9202,130,2
70195,2016-05,33,19.2503,129,6
70195,2016-06,27,19.7881,111,3
70195,2016-07,25,11.2517,94,7
70195,2016-08,25,12.8323,98,5
70195,2016-09,19,12.3352,72,2
70195,2016-10,15,8.6755,61,3
70195,2016-11,21,12.9510,90,3
70195,2016-12,19,12.5229,75,4
70195,2017-01,33,12.3459,125,10
70195,2017-02,27,14.2151,93,5
70195,2017-03,37,16.6557,142,9
70195,2017-04,24,13.9109,102,5
70195,2017-05,26,16.3332,113,4
70195,2017-06,20,11.5875,78,3
70195,2017-07,19,12.0133,72,2
70195,2017-08,25,15.8646,98,4
70195,2017-09,20,15.0180,92,1
70195,2017-10,15,13.1444,63,0
70195,2017-11,20,9.2526,77,5
70195,2017-12,26,16.6483,110,4
70195,2018-01,25,14.0456,94,4
70195,2018-02,25,15.1065,100,4
70195,2018-03,35,19.6049,143,6
70195,2018-04,35,17.1199,143,9
70195,2018-05,33,25.0877,131,1
70195,2018-06,23,13.3556,90,4
70195,2018-07,18,13.1783,76,2
70195,2018-08,14,4.4203,55,4
70195,2018-09,25,18.3603,111,2
70195,2018-10,21,8.8928,78,5
70195,2018-11,24,18.9788,90,1
70195,2018-12,18,10.9800,67,2
70195,2019-01,29,18.7252,113,3
70195,2019-02,24,17.2434,94,2
70195,2019-03,25,14.0280,96,4
70195,2019-04,21,15.5775,89,1
70195,2019-05,23,13.5192,90,3
70195,2019-06,18,9.6476,77,3
70195,2019-07,14,7.2959,57,2
70195,2019-08,14,5.0192,44,4
70195,2019-09,9,5.6849,37,1
70195,2019-10,23,12.8139,90,4
70195,2019-11,18,6.1950,67,6
70195,2019-12,22,13.6687,88,3
70195,2020-01,20,12.3073,77,3
70195,2020-02,23,12.1556,91,5
70195,2020-03,15,10.8799,64,1
70195,2020-04,5,2.4062,14,1
70195,2020-05,3,2.8444,15,0
70195,2020-06,5,3.3164,24,1
70195,2020-07,4,3.6594,19,0
70195,2020-08,6,5.5700,29,0
70195,2020-09,3,-0.1153,10,2
70195,2020-10,3,2.2688,14,0
70195,2020-11,8,5.0617,36,1
70195,2020-12,6,3.1450,23,1
70195,2021-01,5,2.8258,20,1
70195,2021-02,8,6.9951,38,0
70195,2021-03,16,10.9373,67,2
70195,2021-04,8,1.8956,31,3
70195,2021-05,12,4.2608,47,3
70195,2021-06,20,8.4563,70,5
70195,2021-07,13,3.2763,39,5
70195,2021-08,12,3.7369,37,4
70195,2021-09,3,-0.7058,7,2
70195,2021-10,4,3.9556,19,0
70195,2021-11,9,4.8721,33,1
70195,2021-12,9,8.1579,40,0
85701,2012-01,207,169.6190,876,10
85701,2012-02,157,119.5009,603,15
85701,2012-03,133,109.0104,518,8
85701,2012-04,104,76.2909,393,10
85701,2012-05,89,75.2016,341,4
85701,2012-06,100,75.8845,389,8
85701,2012-07,94,74.1920,344,6
85701,2012-08,115,87.8577,457,10
85701,2012-09,92,73.3715,364,7
85701,2012-10,107,84.4689,418,8
85701,2012-11,102,78.2583,403,6
85701,2012-12,81,60.9217,316,8
85701,2013-01,130,95.7700,490,13
85701,2013-02,115,79.4870,428,14
85701,2013-03,130,108.6051,495,4
85701,2013-04,133,105.4319,533,8
85701,2013-05,185,140.1582,681,18
85701,2013-06,167,132.9070,620,8
85701,2013-07,143,116.6930,568,6
85701,2013-08,191,153.3245,728,11
85701,2013-09,158,118.3947,591,15
85701,2013-10,205,149.4948,778,22
85701,2013-11,198,166.3424,756,8
85701,2013-12,204,149.4639,812,22
85701,2014-01,241,189.2103,920,16
85701,2014-02,205,157.8923,811,15
85701,2014-03,224,171.8107,890,21
85701,2014-04,259,195.2985,1024,18
85701,2014-05,233,177.9818,889,20
85701,2014-06,205,156.4449,805,15
85701,2014-07,247,189.1143,949,19
85701,2014-08,264,204.0992,1024,21
85701,2014-09,210,150.6922,792,23
85701,2014-10,181,150.3366,737,9
85701,2014-11,206,148.5565,792,21
85701,2014-12,204,146.8793,791,23
85701,2015-01,258,185.1394,960,24
85701,2015-02,267,188.7698,1023,28
85701,2015-03,237,177.1146,923,20
85701,2015-04,231,186.0148,958,16
85701,2015-05,273,209.7645,1105,21
85701,2015-06,266,211.7528,1095,12
85701,2015-07,269,198.2364,1091,21
85701,2015-08,253,201.6307,1007,16
85701,2015-09,272,198.3810,1086,25
85701,2015-10,272,187.4178,1062,32
85701,2015-11,205,153.3547,828,16
85701,2015-12,248,187.4380,1007,21
85701,2016-01,252,180.2978,949,30
85701,2016-02,315,229.9119,1246,29
85701,2016-03,276,196.4328,1051,30
85701,2016-04,306,219.4302,1177,31
85701,2016-05,272,195.4355,1012,27
85701,2016-06,287,191.6079,1108,39
85701,2016-07,301,201.0003,1173,39
85701,2016-08,288,203.3372,1146,29
85701,2016-09,226,165.1687,895,20
85701,2016-10,281,192.2505,1115,35
85701,2016-11,248,184.0440,1007,20
85701,2016-12,246,172.6654,965,29
85701,2017-01,284,207.0550,1103,27
85701,2017-02,318,239.7880,1273,22
85701,2017-03,346,256.4376,1374,33
85701,2017-04,368,263.1636,1444,39
85701,2017-05,360,273.7404,1450,28
85701,2017-06,326,245.2500,1337,27
85701,2017-07,310,249.4089,1297,21
85701,2017-08,279,215.2531,1119,22
85701,2017-09,258,184.7941,1047,27
85701,2017-10,305,222.3171,1226,32
85701,2017-11,310,234.9455,1252,24
85701,2017-12,253,180.5024,1001,27
85701,2018-01,338,260.4399,1375,24
85701,2018-02,296,202.3262,1176,37
85701,2018-03,366,267.7190,1469,30
85701,2018-04,355,254.5860,1396,39
85701,2018-05,321,238.2681,1293,29
85701,2018-06,332,244.0328,1349,31
85701,2018-07,296,188.0034,1141,47
85701,2018-08,286,208.2173,1188,29
85701,2018-09,260,196.2021,1078,25
85701,2018-10,250,162.0920,942,38
85701,2018-11,232,155.2749,896,31
85701,2018-12,276,203.5230,1083,26
85701,2019-01,288,197.3151,1134,37
85701,2019-02,348,249.7380,1395,35
85701,2019-03,371,249.5543,1450,49
85701,2019-04,287,209.8035,1115,26
85701,2019-05,263,188.9245,1063,26
85701,2019-06,285,201.9731,1149,31
85701,2019-07,265,195.5439,1033,24
85701,2019-08,243,176.3345,972,23
85701,2019-09,217,166.3327,872,16
85701,2019-10,253,183.8565,1012,22
85701,2019-11,216,140.4850,847,31
85701,2019-12,253,173.6744,1017,33
85701,2020-01,283,205.5362,1146,28
85701,2020-02,323,223.2189,1248,39
85701,2020-03,182,129.2808,725,20
85701,2020-04,63,46.0100,261,6
85701,2020-05,62,43.0182,269,9
85701,2020-06,73,55.5243,321,7
85701,2020-07,65,46.0425,274,6
85701,2020-08,138,91.0820,586,19
85701,2020-09,101,71.6533,421,11
85701,2020-10,137,100.8759,580,13
85701,2020-11,119,96.0858,518,8
85701,2020-12,91,66.7617,364,7
85701,2021-01,118,84.3761,510,12
85701,2021-02,135,91.5650,532,21
85701,2021-03,204,143.5798,829,20
85701,2021-04,152,91.9085,602,24
85701,2021-05,164,122.3307,679,14
85701,2021-06,163,120.1058,689,16
85701,2021-07,150,108.9840,627,16
85701,2021-08,127,90.4026,545,13
85701,2021-09,161,96.2883,588,26
85701,2021-10,176,116.0846,674,23
85701,2021-11,191,133.9482,770,23
85701,2021-12,186,116.3148,721,29
85702,2012-01,1,0.7871,5,0
85702,2012-03,1,-0.3893,1,1
85702,2012-07,1,0.3798,5,0
85702,2012-12,1,0.9324,5,0
85702,2013-01,1,0.6588,5,0
85702,2013-02,1,0.9000,5,0
85702,2013-06,2,1.8411,9,0
85702,2013-07,1,-0.8284,1,1
85702,2013-08,1,0.9795,5,0
85702,2013-09,1,-0.9648,1,1
85702,2013-11,3,2.9578,15,0
85702,2014-01,1,0.5218,5,0
85702,2014-08,1,0.9421,4,0
85702,2014-09,1,0.9829,5,0
85702,2014-11,7,5.7270,33,0
85702,2015-01,1,0.8011,4,0
85702,2015-03,2,0.0256,4,1
85702,2015-04,4,3.6906,19,0
85702,2015-08,2,0.1247,3,1
85702,2015-09,2,0.1305,5,1
85702,2015-11,3,2.8139,14,0
85702,2015-12,1,-0.7184,1,1
85702,2016-01,2,1.8274,7,0
85702,2016-05,1,0.7208,3,0
85702,2016-06,1,0.9905,4,0
85702,2016-08,1,0.7882,5,0
85702,2016-10,5,0.8087,13,2
85702,2016-11,1,0.9230,5,0
85702,2017-01,1,0.9876,5,0
85702,2017-03,1,0.6229,4,0
85702,2017-05,1,0.8624,4,0
85702,2017-06,1,0.8255,4,0
85702,2017-08,2,0.7990,4,0
85702,2017-11,2,1.7778,8,0
85702,2017-12,1,0.9755,5,0
85702,2018-01,1,0.9392,1,0
85702,2018-02,1,0.9625,5,0
85702,2018-04,2,0.8188,10,0
85702,2018-07,1,0.8720,5,0
85702,2018-08,11,4.7467,29,2
85702,2018-09,1,-0.8271,1,1
85702,2018-10,2,1.9243,6,0
85702,2018-12,3,0.2393,7,1
85702,2019-01,4,0.3959,15,2
85702,2019-02,1,0.9807,5,0
85702,2019-03,1,0.7778,4,0
85702,2019-04,1,0.7964,3,0
85702,2019-05,1,0.5789,2,0
85702,2019-07,1,-0.1759,2,1
85702,2019-08,1,-0.9934,1,1
85702,2019-10,2,0.3861,6,1
85702,2019-11,2,1.0035,6,0
85702,2019-12,1,0.5562,5,0
85702,2020-02,2,0.3800,2,1
85702,2020-04,1,0.1027,5,0
85702,2020-05,1,0.9882,5,0
85702,2020-11,1,0.8999,5,0
85702,2021-02,1,0.9920,5,0
85702,2021-04,1,-0.8225,2,1
85702,2021-05,2,-0.1366,2,1
85702,2021-06,1,-0.8700,1,1
85702,2021-07,1,-0.4019,1,1
85702,2021-08,1,-0.5727,1,1
85702,2021-10,1,0.8644,5,0
85702,2021-12,1,0.7114,5,0
85703,2014-09,1,-0.7563,1,1
85703,2014-11,1,-0.6832,1,1
85703,2016-02,1,0.9687,5,0
85703,2016-07,1,-0.7621,5,1
85703,2017-06,1,0.8268,5,0
85703,2019-03,1,-0.9875,1,1
85703,2020-10,1,0.9510,5,0
85704,2012-01,141,111.9714,558,11
85704,2012-02,119,92.9531,466,7
85704,2012-03,121,93.7360,471,8
85704,2012-04,115,83.7444,439,13
85704,2012-05,130,104.0900,493,8
85704,2012-06,82,61.7260,331,6
85704,2012-07,123,88.1284,454,14
85704,2012-08,113,83.9811,451,11
85704,2012-09,82,58.6862,296,9
85704,2012-10,116,77.6406,438,15
85704,2012-11,109,72.9465,401,15
85704,2012-12,97,66.2568,359,11
85704,2013-01,144,113.6448,551,11
85704,2013-02,122,91.4736,459,12
85704,2013-03,127,83.8606,464,19
85704,2013-04,127,96.9704,510,11
85704,2013-05,106,77.9473,413,10
85704,2013-06,139,93.6154,509,18
85704,2013-07,113,77.9744,416,13
85704,2013-08,151,97.6829,515,21
85704,2013-09,167,118.4332,657,14
85704,2013-10,147,103.0951,536,17
85704,2013-11,156,115.8718,579,12
85704,2013-12,160,124.4818,601,11
85704,2014-01,188,122.6668,685,25
85704,2014-02,173,121.9429,668,17
85704,2014-03,174,115.5375,644,25
85704,2014-04,188,131.1717,731,21
85704,2014-05,186,130.9503,730,20
85704,2014-06,174,116.3752,633,22
85704,2014-07,198,113.7499,713,40
85704,2014-08,190,124.1087,739,25
85704,2014-09,182,117.1950,665,22
85704,2014-10,156,104.2911,611,20
85704,2014-11,175,110.7651,635,29
85704,2014-12,171,99.7010,629,29
85704,2015-01,186,118.7682,698,30
85704,2015-02,186,121.9373,690,22
85704,2015-03,184,119.9157,681,21
85704,2015-04,197,118.1352,722,32
85704,2015-05,192,110.2538,677,34
85704,2015-06,205,138.1578,764,23
85704,2015-07,196,132.9316,749,23
85704,2015-08,220,136.8959,830,35
85704,2015-09,180,126.3590,716,20
85704,2015-10,186,123.7428,725,24
85704,2015-11,187,126.6671,720,25
85704,2015-12,200,125.5703,742,29
85704,2016-01,199,138.4224,780,22
85704,2016-02,216,140.5497,828,31
85704,2016-03,274,166.2742,1035,46
85704,2016-04,264,161.9675,975,41
85704,2016-05,275,184.8076,1101,34
85704,2016-06,255,166.4771,974,34
85704,2016-07,284,186.7375,1063,36
85704,2016-08,256,165.6485,982,37
85704,2016-09,223,151.1457,851,28
85704,2016-10,277,169.5758,1043,44
85704,2016-11,172,106.0840,650,25
85704,2016-12,199,127.1285,783,31
85704,2017-01,252,167.1945,967,33
85704,2017-02,248,169.6888,938,31
85704,2017-03,283,166.1821,1078,51
85704,2017-04,281,167.8842,1002,47
85704,2017-05,337,199.8244,1237,58
85704,2017-06,313,201.3264,1165,44
85704,2017-07,324,181.8988,1163,60
85704,2017-08,293,178.0799,1131,46
85704,2017-09,309,183.5602,1153,53
85704,2017-10,305,190.0231,1164,47
85704,2017-11,308,216.4627,1231,35
85704,2017-12,321,211.2963,1264,43
85704,2018-01,364,255.0762,1457,42
85704,2018-02,344,198.4877,1296,62
85704,2018-03,384,241.7253,1445,57
85704,2018-04,345,199.1324,1268,60
85704,2018-05,306,188.1645,1158,48
85704,2018-06,330,202.4544,1275,50
85704,2018-07,361,228.9435,1420,54
85704,2018-08,365,241.5189,1394,49
85704,2018-09,320,208.9339,1247,43
85704,2018-10,326,195.1697,1244,54
85704,2018-11,311,193.7375,1174,47
85704,2018-12,304,174.3321,1130,54
85704,2019-01,376,218.0717,1334,64
85704,2019-02,305,190.1393,1149,44
85704,2019-03,378,224.1209,1432,61
85704,2019-04,346,201.4360,1293,58
85704,2019-05,316,161.5167,1116,66
85704,2019-06,387,243.3633,1462,59
85704,2019-07,338,212.0994,1236,49
85704,2019-08,414,262.8144,1583,63
85704,2019-09,358,205.5709,1330,64
85704,2019-10,331,194.5257,1218,58
85704,2019-11,260,140.3381,936,50
85704,2019-12,268,166.6424,995,39
85704,2020-01,324,211.3124,1227,44
85704,2020-02,301,197.0151,1177,42
85704,2020-03,247,150.4308,957,40
85704,2020-04,146,83.3242,554,27
85704,2020-05,222,109.6869,828,54
85704,2020-06,194,98.0969,728,43
85704,2020-07,255,111.5543,897,66
85704,2020-08,231,132.6497,900,40
85704,2020-09,246,137.3018,883,49
85704,2020-10,233,139.9173,893,42
85704,2020-11,206,117.2023,778,38
85704,2020-12,243,123.7366,894,55
85704,2021-01,277,158.2780,1037,53
85704,2021-02,253,152.8397,964,37
85704,2021-03,314,172.3834,1183,59
85704,2021-04,305,147.1200,1049,72
85704,2021-05,284,131.8790,1019,71
85704,2021-06,277,163.0728,1032,43
85704,2021-07,288,166.4198,1071,53
85704,2021-08,302,157.6450,1080,66
85704,2021-09,236,118.8632,836,53
85704,2021-10,275,162.7581,1020,45
85704,2021-11,277,171.0153,1068,43
85704,2021-12,287,135.3243,1004,73
85705,2012-01,190,137.0219,706,20
85705,2012-02,199,146.4713,729,14
85705,2012-03,190,126.1654,696,22
85705,2012-04,172,110.8022,588,21
85705,2012-05,127,91.8110,475,13
85705,2012-06,164,114.1869,634,17
85705,2012-07,169,115.0701,623,20
85705,2012-08,142,88.3998,539,23
85705,2012-09,166,113.3519,635,18
85705,2012-10,118,71.7006,426,18
85705,2012-11,116,78.6604,424,15
85705,2012-12,164,115.6821,631,15
85705,2013-01,172,117.2328,657,20
85705,2013-02,162,111.4267,603,20
85705,2013-03,203,141.0915,740,24
85705,2013-04,158,113.6805,587,14
85705,2013-05,183,113.2112,657,28
85705,2013-06,208,116.0169,755,39
85705,2013-07,207,124.6401,765,33
85705,2013-08,239,166.5911,878,22
85705,2013-09,193,123.2068,691,24
85705,2013-10,205,142.5823,771,24
85705,2013-11,192,130.8051,720,21
85705,2013-12,246,146.3590,884,38
85705,2014-01,234,149.1295,871,34
85705,2014-02,217,138.5040,841,34
85705,2014-03,288,180.0897,1058,45
85705,2014-04,272,190.6039,1033,29
85705,2014-05,266,158.9379,976,44
85705,2014-06,267,164.4025,973,39
85705,2014-07,268,150.9998,976,48
85705,2014-08,319,194.7927,1190,49
85705,2014-09,278,175.0749,1039,40
85705,2014-10,287,171.8848,1060,47
85705,2014-11,228,150.0018,866,30
85705,2014-12,279,172.9841,1057,42
85705,2015-01,332,201.3133,1230,49
85705,2015-02,289,185.0097,1093,36
85705,2015-03,293,178.7481,1083,46
85705,2015-04,363,225.9191,1400,53
85705,2015-05,336,198.0559,1252,57
85705,2015-06,361,227.7556,1332,52
85705,2015-07,326,186.5044,1165,57
85705,2015-08,344,211.0324,1282,57
85705,2015-09,286,160.3349,1035,58
85705,2015-10,288,166.7434,1067,50
85705,2015-11,273,173.5804,1027,44
85705,2015-12,309,204.5409,1208,43
85705,2016-01,376,254.8954,1457,48
85705,2016-02,362,218.0551,1310,60
85705,2016-03,343,226.9406,1302,45
85705,2016-04,355,212.6185,1315,57
85705,2016-05,367,231.4312,1373,54
85705,2016-06,359,232.7069,1370,48
85705,2016-07,329,189.6484,1231,52
85705,2016-08,395,202.7298,1428,82
85705,2016-09,303,183.3983,1116,46
85705,2016-10,331,176.4194,1171,66
85705,2016-11,306,188.5276,1121,43
85705,2016-12,319,183.2373,1190,57
85705,2017-01,334,215.3718,1295,42
85705,2017-02,345,207.7268,1278,57
85705,2017-03,423,274.7688,1626,58
85705,2017-04,407,259.5749,1537,53
85705,2017-05,410,239.9637,1541,76
85705,2017-06,411,253.2035,1527,67
85705,2017-07,464,267.5581,1712,83
85705,2017-08,411,239.1100,1527,68
85705,2017-09,359,207.2853,1322,61
85705,2017-10,446,275.2030,1691,67
85705,2017-11,442,287.9637,1677,57
85705,2017-12,379,231.7059,1389,56
85705,2018-01,457,275.5207,1702,75
85705,2018-02,416,251.8936,1496,67
85705,2018-03,518,301.2732,1853,88
85705,2018-04,480,283.1789,1730,82
85705,2018-05,477,283.2884,1749,75
85705,2018-06,407,207.8422,1419,88
85705,2018-07,414,239.1622,1538,76
85705,2018-08,438,234.5903,1582,86
85705,2018-09,347,192.7462,1238,69
85705,2018-10,387,218.1110,1361,72
85705,2018-11,318,200.2126,1197,50
85705,2018-12,425,226.6083,1521,86
85705,2019-01,414,239.9416,1537,73
85705,2019-02,402,214.2052,1434,80
85705,2019-03,498,253.3261,1822,102
85705,2019-04,447,257.5741,1613,78
85705,2019-05,462,257.0107,1702,89
85705,2019-06,467,244.0401,1661,96
85705,2019-07,440,211.4472,1543,98
85705,2019-08,459,254.3629,1666,85
85705,2019-09,398,229.0374,1472,69
85705,2019-10,412,244.5274,1582,67
85705,2019-11,364,208.4254,1340,65
85705,2019-12,391,235.6744,1422,65
85705,2020-01,446,259.1774,1658,82
85705,2020-02,452,254.2867,1586,83
85705,2020-03,300,175.6671,1121,52
85705,2020-04,178,104.0623,694,27
85705,2020-05,251,123.7101,910,53
85705,2020-06,283,149.3747,1052,57
85705,2020-07,310,149.4042,1111,73
85705,2020-08,300,143.3464,1053,70
85705,2020-09,290,144.7858,1030,65
85705,2020-10,296,139.6412,1035,66
85705,2020-11,265,148.9539,963,50
85705,2020-12,289,166.8556,1097,53
85705,2021-01,348,213.3560,1344,53
85705,2021-02,312,169.8253,1135,63
85705,2021-03,396,206.9146,1436,85
85705,2021-04,350,166.0778,1164,83
85705,2021-05,371,179.2214,1317,83
85705,2021-06,339,163.5342,1178,74
85705,2021-07,364,197.9359,1357,69
85705,2021-08,361,157.0680,1215,91
85705,2021-09,302,138.0629,1030,73
85705,2021-10,307,175.0578,1180,53
85705,2021-11,344,178.6657,1229,70
85705,2021-12,257,136.6698,898,52
85706,2012-01,22,14.7212,76,3
85706,2012-02,24,20.9099,97,0
85706,2012-03,40,27.1572,152,5
85706,2012-04,23,14.6269,81,3
85706,2012-05,26,19.0916,97,2
85706,2012-06,37,23.4019,146,6
85706,2012-07,21,7.7176,69,6
85706,2012-08,24,14.6720,82,4
85706,2012-09,21,13.4655,81,2
85706,2012-10,23,11.3336,82,5
85706,2012-11,21,14.4328,78,2
85706,2012-12,16,11.8792,58,0
85706,2013-01,26,22.8495,100,0
85706,2013-02,25,13.6625,73,4
85706,2013-03,32,19.0176,122,5
85706,2013-04,29,19.1944,102,3
85706,2013-05,38,22.4861,130,6
85706,2013-06,35,24.8718,135,4
85706,2013-07,39,28.4811,146,3
85706,2013-08,33,16.4983,104,6
85706,2013-09,35,26.7072,136,2
85706,2013-10,43,29.8802,150,4
85706,2013-11,35,20.7468,132,6
85706,2013-12,30,18.0163,99,5
85706,2014-01,44,23.0005,149,9
85706,2014-02,42,26.8061,152,6
85706,2014-03,44,28.7289,171,6
85706,2014-04,39,28.6351,156,3
85706,2014-05,46,20.9810,171,11
85706,2014-06,56,41.8813,219,4
85706,2014-07,49,26.7612,189,7
85706,2014-08,44,32.6446,165,5
85706,2014-09,39,26.2085,163,3
85706,2014-10,45,30.4046,174,5
85706,2014-11,35,25.6765,145,2
85706,2014-12,52,33.5686,185,7
85706,2015-01,44,27.0949,163,7
85706,2015-02,49,25.7330,177,9
85706,2015-03,78,41.1031,256,15
85706,2015-04,69,38.2532,256,12
85706,2015-05,65,41.0398,241,8
85706,2015-06,87,43.2526,293,18
85706,2015-07,71,46.1316,277,8
85706,2015-08,70,39.7720,237,11
85706,2015-09,64,38.5787,248,10
85706,2015-10,63,33.4938,228,12
85706,2015-11,67,24.1603,220,18
85706,2015-12,55,19.6417,173,16
85706,2016-01,65,36.5136,226,12
85706,2016-02,80,46.9507,275,12
85706,2016-03,72,41.9198,270,12
85706,2016-04,68,39.5526,246,11
85706,2016-05,95,48.8512,340,18
85706,2016-06,80,43.1154,282,14
85706,2016-07,71,32.9435,237,15
85706,2016-08,58,31.9687,210,7
85706,2016-09,63,34.3367,228,12
85706,2016-10,58,34.7378,208,10
85706,2016-11,64,38.0910,236,12
85706,2016-12,65,40.9062,245,9
85706,2017-01,81,38.2243,271,19
85706,2017-02,74,43.7513,284,13
85706,2017-03,87,46.5260,309,14
85706,2017-04,80,45.4437,296,14
85706,2017-05,90,45.7736,314,18
85706,2017-06,90,55.8225,345,13
85706,2017-07,86,45.8599,311,17
85706,2017-08,87,39.3572,290,23
85706,2017-09,85,52.7293,304,14
85706,2017-10,79,54.3137,303,9
85706,2017-11,84,45.0207,299,18
85706,2017-12,77,46.1912,297,12
85706,2018-01,99,45.8818,338,21
85706,2018-02,92,52.5901,317,18
85706,2018-03,115,65.3878,391,21
85706,2018-04,89,49.2482,291,15
85706,2018-05,107,61.7076,386,19
85706,2018-06,124,65.1652,449,25
85706,2018-07,98,43.6360,314,26
85706,2018-08,80,50.4733,299,9
85706,2018-09,69,39.0890,239,11
85706,2018-10,77,36.7697,261,16
85706,2018-11,68,36.3688,248,13
85706,2018-12,97,44.7793,343,22
85706,2019-01,118,70.0443,447,17
85706,2019-02,102,57.5860,379,21
85706,2019-03,107,64.4846,409,17
85706,2019-04,85,45.1189,297,17
85706,2019-05,117,60.0532,404,22
85706,2019-06,93,46.1155,306,20
85706,2019-07,96,50.6901,330,17
85706,2019-08,94,56.7117,350,13
85706,2019-09,96,37.1943,328,28
85706,2019-10,82,50.3954,310,13
85706,2019-11,94,56.6697,355,14
85706,2019-12,91,51.8640,318,16
85706,2020-01,73,37.0699,259,15
85706,2020-02,101,57.2861,375,18
85706,2020-03,65,35.1235,246,14
85706,2020-04,47,23.8000,174,9
85706,2020-05,61,19.9003,185,18
85706,2020-06,87,44.5582,312,20
85706,2020-07,85,42.1020,325,16
85706,2020-08,71,28.8983,233,19
85706,2020-09,70,35.4321,252,11
85706,2020-10,68,34.5046,254,14
85706,2020-11,66,43.0460,262,7
85706,2020-12,66,26.4758,234,17
85706,2021-01,54,21.9727,193,15
85706,2021-02,63,39.0559,240,9
85706,2021-03,77,27.1581,259,22
85706,2021-04,81,30.1159,257,21
85706,2021-05,76,28.0579,240,22
85706,2021-06,74,31.6308,246,18
85706,2021-07,68,39.6959,242,11
85706,2021-08,64,27.5003,205,14
85706,2021-09,75,29.0520,235,22
85706,2021-10,61,22.0175,205,18
85706,2021-11,63,28.9853,231,15
85706,2021-12,87,33.1135,282,25
85707,2012-01,16,10.8396,59,2
85707,2012-02,14,7.0929,52,4
85707,2012-03,17,11.4090,51,2
85707,2012-04,14,8.2726,56,3
85707,2012-05,4,3.5470,17,0
85707,2012-06,12,9.9108,44,1
85707,2012-07,11,7.2770,31,2
85707,2012-08,15,13.5398,58,0
85707,2012-09,8,5.9963,30,0
85707,2012-10,7,6.7257,29,0
85707,2012-11,12,7.1782,43,2
85707,2012-12,4,3.6568,19,0
85707,2013-01,11,8.3872,39,0
85707,2013-02,15,10.2034,47,2
85707,2013-03,20,11.4634,67,4
85707,2013-04,10,6.8669,33,0
85707,2013-05,10,5.7059,30,2
85707,2013-06,5,4.8380,20,0
85707,2013-07,10,3.4760,32,3
85707,2013-08,15,9.6020,59,2
85707,2013-09,10,7.4359,32,1
85707,2013-10,17,8.7053,57,3
85707,2013-11,10,5.1120,28,2
85707,2013-12,8,7.1182,29,0
85707,2014-01,15,10.8930,60,1
85707,2014-02,14,10.1828,48,1
85707,2014-03,17,10.0369,62,4
85707,2014-04,13,6.5640,44,3
85707,2014-05,10,6.9329,37,1
85707,2014-06,9,2.1024,26,3
85707,2014-07,7,4.7370,27,1
85707,2014-08,7,3.5797,22,1
85707,2014-09,12,11.3075,54,0
85707,2014-10,4,3.5246,17,0
85707,2014-11,11,6.2341,42,2
85707,2014-12,9,2.2434,26,3
85707,2015-01,10,2.9276,37,3
85707,2015-02,12,10.5194,40,0
85707,2015-03,12,7.3819,42,2
85707,2015-04,7,3.1537,19,2
85707,2015-05,7,3.6445,26,2
85707,2015-06,11,4.9385,37,2
85707,2015-07,8,7.1148,35,0
85707,2015-08,12,9.7843,44,0
85707,2015-09,5,1.6790,21,2
85707,2015-10,9,5.3822,34,1
85707,2015-11,3,2.8576,12,0
85707,2015-12,5,2.9026,18,1
85707,2016-01,10,8.4323,47,0
85707,2016-02,12,6.6464,42,2
85707,2016-03,6,3.9773,25,1
85707,2016-04,2,0.2553,10,1
85707,2016-05,8,2.0320,26,3
85707,2016-06,5,2.5554,20,1
85707,2016-07,4,2.0012,20,0
85707,2016-08,3,1.2103,11,1
85707,2016-09,3,2.8551,12,0
85707,2016-10,3,2.5536,15,0
85707,2016-11,5,4.6733,24,0
85707,2016-12,2,1.8235,10,0
85707,2017-01,6,0.8605,20,3
85707,2017-02,3,2.4472,15,0
85707,2017-03,5,4.5894,19,0
85707,2017-04,2,1.8008,5,0
85707,2017-05,9,6.8155,35,1
85707,2017-06,5,3.4087,20,1
85707,2017-07,7,6.1074,32,0
85707,2017-08,3,2.8716,10,0
85707,2017-09,3,2.6861,13,0
85707,2017-10,3,2.9225,15,0
85707,2017-11,7,4.7683,28,1
85707,2017-12,6,5.4270,27,0
85707,2018-01,4,3.8719,18,0
85707,2018-02,7,5.4743,31,0
85707,2018-03,6,1.2158,20,3
85707,2018-04,6,5.2731,26,0
85707,2018-05,8,7.1672,34,0
85707,2018-06,7,-0.0071,22,4
85707,2018-07,4,2.5627,18,0
85707,2018-08,4,1.9734,16,1
85707,2018-09,7,6.1704,30,0
85707,2018-10,3,1.8156,10,0
85707,2018-11,6,2.7557,23,2
85707,2018-12,5,3.3517,22,1
85707,2019-01,5,3.6114,21,1
85707,2019-02,4,2.3303,13,0
85707,2019-03,6,5.0517,26,0
85707,2019-04,9,2.6100,30,3
85707,2019-05,5,4.6959,22,0
85707,2019-06,6,4.9039,28,0
85707,2019-07,2,1.9028,10,0
85707,2019-08,4,1.0599,14,2
85707,2019-09,13,10.6815,59,0
85707,2019-10,3,2.8695,15,0
85707,2019-11,6,2.4480,16,2
85707,2019-12,6,5.6705,27,0
85707,2020-01,9,6.7856,38,0
85707,2020-02,6,1.1724,16,3
85707,2020-03,6,5.2408,24,0
85707,2020-04,3,0.9248,11,1
85707,2020-05,5,3.4684,21,1
85707,2020-06,6,3.5158,22,1
85707,2020-07,3,-1.0471,7,2
85707,2020-08,1,0.9896,4,0
85707,2020-10,4,1.0246,12,2
85707,2020-11,1,-0.9732,2,1
85707,2020-12,3,2.8644,15,0
85707,2021-01,8,7.1733,35,0
85707,2021-02,1,-0.7003,1,1
85707,2021-03,3,0.4404,11,1
85707,2021-04,5,1.9945,16,2
85707,2021-05,5,3.6646,13,1
85707,2021-06,8,1.6367,27,3
85707,2021-07,5,3.0628,20,1
85707,2021-08,2,1.6975,9,0
85707,2021-09,6,3.6907,24,1
85707,2021-10,7,3.4966,22,1
85707,2021-11,12,5.1989,42,3
85707,2021-12,5,2.8137,20,1
85708,2014-01,1,0.4588,5,0
85708,2015-03,1,0.9176,5,0
85708,2017-09,1,0.9208,5,0
85708,2020-11,1,-0.9667,1,1
85708,2021-04,1,0.8720,5,0
85709,2012-03,1,-0.2635,4,1
85709,2012-04,1,0.9925,4,0
85709,2012-11,2,-0.6675,5,1
85709,2012-12,1,0.8960,3,0
85709,2013-01,2,1.4766,7,0
85709,2013-02,1,0.9646,4,0
85709,2013-09,1,0.8934,4,0
85709,2014-02,2,0.7523,2,1
85709,2014-05,1,0.9118,5,0
85709,2014-09,2,1.7377,9,0
85709,2014-10,1,0.8643,5,0
85709,2015-02,1,-0.7896,3,1
85709,2016-02,1,-0.9593,1,1
85709,2016-04,1,0.9663,4,0
85709,2017-10,1,-0.2960,1,1
85709,2018-10,1,0.7455,4,0
85709,2019-01,1,-0.9467,1,1
85709,2019-06,1,-0.7665,1,1
85709,2020-06,1,-0.5984,1,1
85709,2020-08,1,0.4033,1,0
85709,2021-01,1,-0.8913,1,1
85710,2012-01,112,71.3010,407,16
85710,2012-02,98,65.0958,338,12
85710,2012-03,92,58.6881,334,13
85710,2012-04,78,50.4669,274,12
85710,2012-05,84,52.2641,296,15
85710,2012-06,70,46.9595,255,8
85710,2012-07,80,49.6029,280,12
85710,2012-08,63,40.2319,212,8
85710,2012-09,74,45.2302,239,11
85710,2012-10,60,39.4856,212,8
85710,2012-11,69,35.8767,221,15
85710,2012-12,52,31.9248,180,9
85710,2013-01,98,53.9608,336,16
85710,2013-02,60,35.3553,217,10
85710,2013-03,83,42.1060,279,18
85710,2013-04,89,57.1864,318,13
85710,2013-05,100,55.9905,355,20
85710,2013-06,73,38.5905,242,15
85710,2013-07,89,49.8154,303,16
85710,2013-08,94,51.0076,345,18
85710,2013-09,106,70.7571,357,12
85710,2013-10,125,84.4769,447,16
85710,2013-11,109,54.1934,363,25
85710,2013-12,127,68.9526,425,25
85710,2014-01,94,51.0278,333,18
85710,2014-02,115,71.1885,414,17
85710,2014-03,167,100.6293,618,23
85710,2014-04,153,94.8375,547,23
85710,2014-05,153,97.0662,550,21
85710,2014-06,130,87.5808,472,15
85710,2014-07,202,123.4374,744,32
85710,2014-08,161,96.2501,610,24
85710,2014-09,159,94.1754,563,28
85710,2014-10,135,72.9635,466,25
85710,2014-11,125,60.5749,437,30
85710,2014-12,128,67.2883,424,26
85710,2015-01,137,75.6082,483,22
85710,2015-02,200,95.9441,646,48
85710,2015-03,168,106.0298,581,23
85710,2015-04,183,108.2884,656,33
85710,2015-05,179,97.3962,621,35
85710,2015-06,174,86.2095,555,37
85710,2015-07,198,125.3814,739,28
85710,2015-08,226,132.3551,819,36
85710,2015-09,192,92.4035,654,42
85710,2015-10,183,123.5281,706,23
85710,2015-11,166,99.8308,621,25
85710,2015-12,154,81.2325,550,34
85710,2016-01,204,126.5881,743,31
85710,2016-02,205,127.8995,740,32
85710,2016-03,232,137.1540,840,38
85710,2016-04,265,162.6088,984,41
85710,2016-05,249,147.7431,927,43
85710,2016-06,258,151.6308,971,39
85710,2016-07,254,155.3123,950,38
85710,2016-08,225,124.3621,813,40
85710,2016-09,228,115.9129,796,47
85710,2016-10,193,109.6210,686,33
85710,2016-11,185,124.0094,735,23
85710,2016-12,193,120.8807,691,27
85710,2017-01,221,140.5433,852,31
85710,2017-02,210,115.1889,762,40
85710,2017-03,259,127.4869,899,57
85710,2017-04,232,135.9791,842,39
85710,2017-05,238,149.3030,900,35
85710,2017-06,269,152.7711,982,52
85710,2017-07,303,175.8903,1114,48
85710,2017-08,246,157.4645,955,33
85710,2017-09,222,119.9289,787,43
85710,2017-10,263,163.8193,997,41
85710,2017-11,230,133.1742,825,37
85710,2017-12,210,121.0190,743,35
85710,2018-01,298,183.0319,1121,48
85710,2018-02,240,134.5199,866,41
85710,2018-03,267,170.1029,998,41
85710,2018-04,260,160.0422,968,39
85710,2018-05,272,153.8737,982,50
85710,2018-06,285,155.1300,1010,56
85710,2018-07,320,180.7350,1187,57
85710,2018-08,298,172.1561,1116,58
85710,2018-09,220,126.7062,791,40
85710,2018-10,227,128.8004,822,43
85710,2018-11,206,119.9802,755,35
85710,2018-12,281,160.9955,1060,50
85710,2019-01,293,173.1022,1151,49
85710,2019-02,249,147.5509,925,46
85710,2019-03,265,142.9451,967,50
85710,2019-04,250,126.4424,895,52
85710,2019-05,316,187.9864,1178,52
85710,2019-06,293,165.4626,1094,48
85710,2019-07,280,156.9019,1051,54
85710,2019-08,332,193.1517,1229,60
85710,2019-09,276,156.3752,1010,53
85710,2019-10,270,146.0630,970,52
85710,2019-11,224,111.5462,780,47
85710,2019-12,231,132.6269,870,42
85710,2020-01,237,145.9693,908,37
85710,2020-02,241,131.6731,901,49
85710,2020-03,222,115.6419,798,46
85710,2020-04,140,68.5789,471,31
85710,2020-05,192,95.0982,688,44
85710,2020-06,239,86.6469,775,70
85710,2020-07,214,92.2298,747,52
85710,2020-08,213,112.4559,748,46
85710,2020-09,182,88.2016,664,41
85710,2020-10,207,95.6553,717,51
85710,2020-11,183,71.6446,634,54
85710,2020-12,179,89.4508,615,35
85710,2021-01,203,93.6744,665,47
85710,2021-02,184,84.2682,642,44
85710,2021-03,245,114.7138,817,61
85710,2021-04,217,97.4938,727,53
85710,2021-05,204,95.0418,681,48
85710,2021-06,188,85.3918,612,47
85710,2021-07,198,78.4251,662,54
85710,2021-08,196,63.4116,619,62
85710,2021-09,160,64.0620,499,42
85710,2021-10,189,89.9154,649,45
85710,2021-11,149,60.1264,484,42
85710,2021-12,173,59.6890,526,53
85711,2012-01,152,112.8185,551,11
85711,2012-02,148,102.0874,516,17
85711,2012-03,153,103.2582,550,17
85711,2012-04,149,105.5928,515,15
85711,2012-05,136,81.7091,470,24
85711,2012-06,125,88.3838,463,13
85711,2012-07,140,99.8521,489,14
85711,2012-08,105,68.8278,377,13
85711,2012-09,139,93.6420,490,19
85711,2012-10,113,70.1126,406,20
85711,2012-11,106,65.0509,367,18
85711,2012-12,142,86.6236,507,21
85711,2013-01,149,107.6349,553,15
85711,2013-02,125,84.6388,434,15
85711,2013-03,166,92.5121,552,30
85711,2013-04,155,109.2052,581,15
85711,2013-05,175,111.4918,599,24
85711,2013-06,150,98.5856,541,19
85711,2013-07,138,94.7692,497,15
85711,2013-08,213,122.0702,732,39
85711,2013-09,178,114.6849,620,24
85711,2013-10,165,100.9186,602,27
85711,2013-11,157,102.6840,585,21
85711,2013-12,182,128.3235,662,20
85711,2014-01,171,113.4902,630,19
85711,2014-02,184,105.2926,634,34
85711,2014-03,230,170.9164,887,18
85711,2014-04,212,138.4853,779,28
85711,2014-05,224,150.7602,806,27
85711,2014-06,216,138.4174,791,33
85711,2014-07,234,141.7690,816,37
85711,2014-08,261,158.2596,910,42
85711,2014-09,238,158.9827,828,27
85711,2014-10,255,157.8797,916,40
85711,2014-11,182,102.6537,627,31
85711,2014-12,206,127.8936,754,29
85711,2015-01,251,149.6568,911,39
85711,2015-02,274,157.2487,970,50
85711,2015-03,262,137.2092,894,56
85711,2015-04,267,165.6855,973,43
85711,2015-05,305,187.0044,1125,47
85711,2015-06,289,189.1924,1070,39
85711,2015-07,260,149.0133,915,48
85711,2015-08,328,209.3896,1176,48
85711,2015-09,274,168.6289,1019,39
85711,2015-10,274,161.3262,972,47
85711,2015-11,267,164.4852,1007,40
85711,2015-12,232,126.0158,801,49
85711,2016-01,315,177.8160,1129,61
85711,2016-02,321,184.5538,1148,59
85711,2016-03,318,198.8593,1187,49
85711,2016-04,321,195.5046,1177,49
85711,2016-05,328,163.4687,1124,76
85711,2016-06,328,188.5018,1177,56
85711,2016-07,317,176.5986,1132,61
85711,2016-08,299,166.8845,1078,55
85711,2016-09,252,145.8240,913,42
85711,2016-10,282,163.6161,1009,49
85711,2016-11,228,134.0295,849,42
85711,2016-12,255,138.0749,886,47
85711,2017-01,268,154.0835,1019,48
85711,2017-02,275,173.5245,987,39
85711,2017-03,330,198.9465,1203,53
85711,2017-04,314,177.3938,1137,60
85711,2017-05,294,171.0298,1066,51
85711,2017-06,326,168.8825,1153,71
85711,2017-07,307,178.7326,1064,53
85711,2017-08,359,212.4558,1329,55
85711,2017-09,277,148.2742,1002,55
85711,2017-10,321,159.3028,1094,74
85711,2017-11,283,157.1194,1020,50
85711,2017-12,303,181.3700,1109,50
85711,2018-01,395,233.6914,1417,66
85711,2018-02,387,238.0119,1389,54
85711,2018-03,454,294.5432,1633,58
85711,2018-04,368,207.5702,1296,68
85711,2018-05,368,210.4227,1330,70
85711,2018-06,348,194.7006,1252,68
85711,2018-07,343,195.3090,1226,62
85711,2018-08,333,180.1678,1157,65
85711,2018-09,307,161.3694,1100,65
85711,2018-10,357,179.9435,1244,80
85711,2018-11,310,191.9303,1136,44
85711,2018-12,392,203.6467,1391,82
85711,2019-01,337,197.8556,1206,55
85711,2019-02,387,190.8162,1322,87
85711,2019-03,416,228.7633,1485,79
85711,2019-04,399,230.1891,1412,64
85711,2019-05,387,237.4950,1443,65
85711,2019-06,385,220.2493,1384,66
85711,2019-07,381,205.4158,1339,73
85711,2019-08,419,213.1686,1391,87
85711,2019-09,309,174.5946,1139,58
85711,2019-10,322,182.9503,1154,64
85711,2019-11,299,159.5911,1031,59
85711,2019-12,300,172.6983,1057,55
85711,2020-01,316,163.8609,1105,65
85711,2020-02,400,236.1026,1478,72
85711,2020-03,269,161.1516,1016,44
85711,2020-04,143,68.3860,498,34
85711,2020-05,236,127.4975,846,47
85711,2020-06,239,111.7167,835,58
85711,2020-07,246,146.2845,877,42
85711,2020-08,271,144.7379,973,55
85711,2020-09,237,123.0413,858,49
85711,2020-10,243,125.4090,829,49
85711,2020-11,230,131.4561,835,40
85711,2020-12,232,123.0728,852,45
85711,2021-01,257,162.3363,976,40
85711,2021-02,245,135.2231,900,48
85711,2021-03,324,166.2020,1135,68
85711,2021-04,287,124.9903,1005,72
85711,2021-05,309,152.7361,1077,69
85711,2021-06,276,133.6965,956,62
85711,2021-07,275,128.8223,942,65
85711,2021-08,277,133.5653,967,59
85711,2021-09,213,97.2599,712,52
85711,2021-10,277,121.9494,937,68
85711,2021-11,242,94.8292,804,67
85711,2021-12,253,133.9543,915,53
85712,2012-01,134,93.3935,503,17
85712,2012-02,144,93.4503,524,22
85712,2012-03,157,106.0465,599,19
85712,2012-04,111,78.4181,417,10
85712,2012-05,133,91.3076,497,16
85712,2012-06,119,76.5704,449,18
85712,2012-07,120,74.4979,433,19
85712,2012-08,122,75.8679,437,17
85712,2012-09,104,71.4307,399,13
85712,2012-10,109,67.0391,377,18
85712,2012-11,120,73.5678,417,20
85712,2012-12,106,70.6189,374,10
85712,2013-01,133,84.3173,484,21
85712,2013-02,125,76.8964,427,21
85712,2013-03,149,95.0901,532,22
85712,2013-04,129,92.3602,486,12
85712,2013-05,163,104.7755,584,24
85712,2013-06,136,89.5316,509,17
85712,2013-07,132,89.0946,494,15
85712,2013-08,165,111.1488,613,22
85712,2013-09,127,75.8552,474,22
85712,2013-10,149,91.4112,531,26
85712,2013-11,155,91.5975,555,25
85712,2013-12,164,109.1452,614,20
85712,2014-01,178,133.0640,696,17
85712,2014-02,166,115.6664,615,21
85712,2014-03,206,127.6391,761,31
85712,2014-04,169,115.3892,642,20
85712,2014-05,210,123.3047,778,39
85712,2014-06,188,126.9513,688,20
85712,2014-07,239,148.0817,853,40
85712,2014-08,234,144.3416,854,37
85712,2014-09,202,120.7248,730,35
85712,2014-10,220,146.7265,820,30
85712,2014-11,208,145.8894,798,23
85712,2014-12,223,140.8541,807,34
85712,2015-01,243,133.9397,879,47
85712,2015-02,216,118.1183,769,41
85712,2015-03,242,144.3563,885,44
85712,2015-04,248,151.0514,937,41
85712,2015-05,254,166.2906,973,34
85712,2015-06,242,160.7722,893,35
85712,2015-07,260,164.9318,1007,36
85712,2015-08,296,183.8194,1111,41
85712,2015-09,212,139.3522,813,28
85712,2015-10,219,121.6665,811,44
85712,2015-11,226,121.7588,813,42
85712,2015-12,216,118.9222,783,40
85712,2016-01,246,135.6906,928,48
85712,2016-02,260,162.1268,966,38
85712,2016-03,294,188.5905,1110,50
85712,2016-04,285,175.1569,1071,47
85712,2016-05,289,172.9356,1078,44
85712,2016-06,308,177.1806,1134,55
85712,2016-07,283,181.6974,1129,37
85712,2016-08,270,173.2856,1085,43
85712,2016-09,254,159.6315,975,36
85712,2016-10,239,128.7968,875,47
85712,2016-11,216,135.5599,861,29
85712,2016-12,206,133.2275,784,28
85712,2017-01,273,178.5831,1042,31
85712,2017-02,288,173.5188,1112,50
85712,2017-03,288,168.3501,1076,49
85712,2017-04,307,195.1362,1187,39
85712,2017-05,332,209.4717,1269,43
85712,2017-06,326,189.9253,1230,55
85712,2017-07,317,213.7883,1254,35
85712,2017-08,314,192.1110,1214,47
85712,2017-09,273,155.3769,1037,54
85712,2017-10,294,164.7282,1095,58
85712,2017-11,316,201.3957,1238,45
85712,2017-12,274,162.9735,1010,47
85712,2018-01,340,212.8752,1289,51
85712,2018-02,328,193.0947,1260,55
85712,2018-03,355,223.4022,1379,49
85712,2018-04,356,235.2081,1426,49
85712,2018-05,337,209.7996,1290,50
85712,2018-06,361,237.5844,1420,44
85712,2018-07,383,240.1334,1462,57
85712,2018-08,372,239.6612,1423,50
85712,2018-09,330,211.2295,1228,44
85712,2018-10,313,195.8409,1210,46
85712,2018-11,328,216.4773,1286,46
85712,2018-12,320,207.7741,1261,48
85712,2019-01,384,231.1892,1467,63
85712,2019-02,320,177.7996,1188,57
85712,2019-03,360,206.6343,1328,64
85712,2019-04,355,197.5145,1271,63
85712,2019-05,384,211.5447,1384,71
85712,2019-06,363,206.7914,1356,66
85712,2019-07,342,193.3766,1283,65
85712,2019-08,353,230.5397,1368,47
85712,2019-09,289,161.3274,1068,54
85712,2019-10,326,189.5440,1236,54
85712,2019-11,272,168.0834,1017,42
85712,2019-12,292,187.7684,1124,41
85712,2020-01,354,214.4370,1313,59
85712,2020-02,306,183.4772,1104,51
85712,2020-03,263,165.4454,1048,41
85712,2020-04,127,62.4595,449,31
85712,2020-05,175,102.1105,663,29
85712,2020-06,195,91.5680,674,44
85712,2020-07,217,110.6831,819,46
85712,2020-08,234,120.8257,864,51
85712,2020-09,222,124.3236,829,42
85712,2020-10,222,132.1358,836,37
85712,2020-11,250,144.6482,924,44
85712,2020-12,277,167.2802,1095,43
85712,2021-01,319,204.7234,1271,42
85712,2021-02,291,162.7092,1105,54
85712,2021-03,324,187.1333,1208,58
85712,2021-04,327,175.5708,1179,63
85712,2021-05,279,140.8893,968,60
85712,2021-06,256,141.5748,938,46
85712,2021-07,246,129.8809,883,46
85712,2021-08,284,146.1681,1008,60
85712,2021-09,262,121.3207,928,66
85712,2021-10,294,164.6789,1091,56
85712,2021-11,264,137.8567,952,56
85712,2021-12,231,126.6845,833,41
85713,2012-01,29,23.0577,121,1
85713,2012-02,42,30.8800,169,4
85713,2012-03,37,23.9378,130,6
85713,2012-04,25,13.3588,93,4
85713,2012-05,20,12.1179,70,3
85713,2012-06,31,16.5911,108,7
85713,2012-07,29,13.0927,88,7
85713,2012-08,24,2.8843,79,10
85713,2012-09,21,15.0992,72,1
85713,2012-10,21,11.7296,72,4
85713,2012-11,34,21.7219,128,5
85713,2012-12,26,15.5775,91,4
85713,2013-01,34,25.7399,127,3
85713,2013-02,34,16.8040,114,7
85713,2013-03,31,19.5607,117,4
85713,2013-04,30,18.0004,107,5
85713,2013-05,38,19.0879,129,8
85713,2013-06,30,18.5324,118,5
85713,2013-07,47,26.5840,150,9
85713,2013-08,50,33.4706,188,5
85713,2013-09,41,24.9769,155,6
85713,2013-10,36,22.2465,134,5
85713,2013-11,42,24.7265,151,7
85713,2013-12,50,29.4174,170,8
85713,2014-01,55,26.7692,191,10
85713,2014-02,54,28.5015,194,10
85713,2014-03,59,38.2655,216,7
85713,2014-04,39,25.1657,137,5
85713,2014-05,52,26.5048,165,10
85713,2014-06,62,36.0171,222,10
85713,2014-07,62,35.8116,221,11
85713,2014-08,60,37.5216,241,10
85713,2014-09,50,28.7571,181,9
85713,2014-10,39,23.6906,129,5
85713,2014-11,60,25.1409,218,15
85713,2014-12,67,31.4128,231,15
85713,2015-01,57,34.7420,200,8
85713,2015-02,61,25.9176,206,15
85713,2015-03,66,34.9106,220,15
85713,2015-04,69,41.1244,243,11
85713,2015-05,69,42.6480,257,11
85713,2015-06,75,42.0758,271,14
85713,2015-07,63,40.4767,235,8
85713,2015-08,68,31.3973,239,17
85713,2015-09,66,43.8850,260,7
85713,2015-10,76,33.4795,269,21
85713,2015-11,64,35.0515,233,13
85713,2015-12,69,38.6560,249,10
85713,2016-01,64,34.3631,231,14
85713,2016-02,98,47.4092,341,21
85713,2016-03,86,37.9775,302,20
85713,2016-04,78,34.7317,266,19
85713,2016-05,90,51.3153,322,17
85713,2016-06,95,52.0526,324,17
85713,2016-07,100,59.5886,356,15
85713,2016-08,80,36.3145,274,19
85713,2016-09,85,46.8388,298,17
85713,2016-10,72,39.3321,261,15
85713,2016-11,69,36.4433,238,13
85713,2016-12,58,40.9728,232,5
85713,2017-01,100,56.8313,351,18
85713,2017-02,106,50.9076,378,23
85713,2017-03,128,71.7883,466,20
85713,2017-04,135,73.2641,470,28
85713,2017-05,120,63.4218,404,24
85713,2017-06,144,95.2184,533,17
85713,2017-07,120,63.4596,423,23
85713,2017-08,97,45.3397,329,23
85713,2017-09,93,50.8045,334,18
85713,2017-10,95,52.3064,324,14
85713,2017-11,83,32.7583,275,21
85713,2017-12,87,37.6765,296,19
85713,2018-01,101,53.8823,390,22
85713,2018-02,124,61.3623,436,27
85713,2018-03,144,80.2201,539,28
85713,2018-04,153,90.9884,578,24
85713,2018-05,127,71.0639,457,22
85713,2018-06,122,68.1182,424,22
85713,2018-07,167,102.2734,633,27
85713,2018-08,108,63.0694,394,19
85713,2018-09,130,74.3955,478,24
85713,2018-10,130,86.7367,505,16
85713,2018-11,111,58.9354,391,22
85713,2018-12,123,72.2994,459,22
85713,2019-01,138,72.8357,515,28
85713,2019-02,150,76.7900,534,31
85713,2019-03,161,92.4143,595,30
85713,2019-04,122,53.4071,403,30
85713,2019-05,141,77.4548,530,28
85713,2019-06,153,74.9926,502,32
85713,2019-07,148,74.7392,530,31
85713,2019-08,138,62.9134,499,32
85713,2019-09,117,53.3938,421,28
85713,2019-10,113,64.1016,412,22
85713,2019-11,118,64.6179,426,22
85713,2019-12,101,60.2265,360,16
85713,2020-01,122,70.4264,429,19
85713,2020-02,159,91.5280,596,27
85713,2020-03,118,68.9122,438,18
85713,2020-04,65,23.8759,214,18
85713,2020-05,80,36.1634,296,20
85713,2020-06,99,49.2101,358,21
85713,2020-07,104,59.7455,384,14
85713,2020-08,118,53.0296,394,30
85713,2020-09,98,35.6799,337,30
85713,2020-10,101,51.6041,371,21
85713,2020-11,92,38.1136,310,23
85713,2020-12,86,33.5925,286,24
85713,2021-01,95,48.4038,338,20
85713,2021-02,89,40.4615,320,21
85713,2021-03,102,57.7006,372,16
85713,2021-04,102,51.0787,367,20
85713,2021-05,81,33.9074,280,21
85713,2021-06,106,51.6148,382,25
85713,2021-07,114,42.7984,381,28
85713,2021-08,101,32.9576,327,30
85713,2021-09,86,38.0293,301,21
85713,2021-10,95,46.6798,353,23
85713,2021-11,97,50.1475,350,19
85713,2021-12,92,56.4967,350,16
85714,2012-01,17,10.6437,64,2
85714,2012-02,10,6.0328,33,1
85714,2012-03,28,20.9201,103,2
85714,2012-04,13,9.3540,47,2
85714,2012-05,12,9.0049,45,1
85714,2012-06,11,5.0101,41,2
85714,2012-07,18,9.4414,68,2
85714,2012-08,13,7.9053,52,1
85714,2012-09,18,10.0321,60,1
85714,2012-10,12,9.6270,47,1
85714,2012-11,11,2.7423,38,4
85714,2012-12,9,5.0826,31,1
85714,2013-01,12,7.0918,44,2
85714,2013-02,18,7.0645,55,5
85714,2013-03,28,15.7707,100,5
85714,2013-04,20,8.4264,50,5
85714,2013-05,14,5.3837,39,4
85714,2013-06,15,11.3806,45,1
85714,2013-07,18,10.9752,63,3
85714,2013-08,24,13.7384,81,5
85714,2013-09,20,9.9578,59,4
85714,2013-10,26,13.3978,87,6
85714,2013-11,14,10.3036,57,1
85714,2013-12,25,14.1797,71,5
85714,2014-01,39,12.6168,130,12
85714,2014-02,26,5.3869,76,11
85714,2014-03,37,27.8896,128,2
85714,2014-04,39,23.3079,148,8
85714,2014-05,30,20.0303,109,3
85714,2014-06,28,20.1851,100,2
85714,2014-07,27,17.7197,92,4
85714,2014-08,23,3.7899,67,10
85714,2014-09,30,12.9355,105,9
85714,2014-10,19,5.6730,54,6
85714,2014-11,29,8.6870,84,10
85714,2014-12,23,10.4382,80,6
85714,2015-01,37,23.1226,136,8
85714,2015-02,28,9.0559,83,9
85714,2015-03,24,9.9581,75,8
85714,2015-04,32,18.9726,104,5
85714,2015-05,26,11.9693,80,5
85714,2015-06,36,4.0474,96,13
85714,2015-07,30,6.6987,88,13
85714,2015-08,50,25.5272,175,10
85714,2015-09,21,8.8086,66,4
85714,2015-10,39,13.7086,124,11
85714,2015-11,34,11.7312,94,10
85714,2015-12,26,8.4706,84,8
85714,2016-01,35,17.3943,111,7
85714,2016-02,45,20.3253,133,11
85714,2016-03,45,16.4886,142,15
85714,2016-04,37,20.8420,124,7
85714,2016-05,38,21.6430,134,6
85714,2016-06,33,18.8353,109,6
85714,2016-07,47,29.4604,174,5
85714,2016-08,31,11.9077,95,8
85714,2016-09,37,13.9738,116,13
85714,2016-10,35,10.6601,106,8
85714,2016-11,30,13.0463,105,8
85714,2016-12,32,10.8249,112,10
85714,2017-01,56,35.4876,214,8
85714,2017-02,56,27.7521,202,13
85714,2017-03,49,19.4977,150,12
85714,2017-04,49,8.9896,145,19
85714,2017-05,53,16.4165,173,17
85714,2017-06,51,12.2084,162,19
85714,2017-07,55,18.8440,156,18
85714,2017-08,51,24.0170,182,13
85714,2017-09,50,21.8980,153,11
85714,2017-10,45,14.5940,140,15
85714,2017-11,43,22.1167,158,8
85714,2017-12,45,26.6091,166,8
85714,2018-01,93,58.9264,375,16
85714,2018-02,87,58.2427,326,10
85714,2018-03,83,49.3424,306,11
85714,2018-04,93,50.5644,320,17
85714,2018-05,81,43.2855,295,17
85714,2018-06,83,41.2905,283,16
85714,2018-07,75,34.1065,249,16
85714,2018-08,71,42.7552,249,11
85714,2018-09,53,26.2168,186,13
85714,2018-10,58,32.4824,204,11
85714,2018-11,61,33.3682,223,15
85714,2018-12,65,27.1511,229,18
85714,2019-01,82,46.2776,325,16
85714,2019-02,82,46.9532,311,15
85714,2019-03,106,57.2216,380,21
85714,2019-04,89,37.1826,296,23
85714,2019-05,96,54.9337,348,14
85714,2019-06,92,58.2078,330,14
85714,2019-07,88,46.8981,317,17
85714,2019-08,87,45.1398,304,17
85714,2019-09,54,18.8359,169,17
85714,2019-10,72,34.3511,245,17
85714,2019-11,75,30.3083,237,19
85714,2019-12,71,39.9539,253,12
85714,2020-01,83,54.8413,333,11
85714,2020-02,91,42.4164,297,24
85714,2020-03,69,33.1267,234,14
85714,2020-04,50,23.6658,153,10
85714,2020-05,48,16.9686,150,15
85714,2020-06,72,30.9213,215,19
85714,2020-07,72,36.4501,224,9
85714,2020-08,67,26.1053,220,19
85714,2020-09,71,21.0347,211,25
85714,2020-10,71,32.3215,241,16
85714,2020-11,64,30.3020,213,17
85714,2020-12,49,24.8726,166,12
85714,2021-01,55,35.0867,211,7
85714,2021-02,62,37.2388,223,9
85714,2021-03,67,26.1569,218,19
85714,2021-04,82,31.0002,246,24
85714,2021-05,85,27.4700,266,29
85714,2021-06,85,18.1680,219,33
85714,2021-07,91,28.1158,294,28
85714,2021-08,71,30.4567,231,17
85714,2021-09,47,17.7954,151,14
85714,2021-10,57,11.4783,166,22
85714,2021-11,57,20.1888,175,15
85714,2021-12,50,14.7683,166,16
85715,2012-01,57,46.2377,229,3
85715,2012-02,84,57.6187,300,11
85715,2012-03,72,54.5695,274,6
85715,2012-04,49,35.9950,185,4
85715,2012-05,54,38.6973,193,6
85715,2012-06,59,46.0442,225,4
85715,2012-07,58,40.6463,211,7
85715,2012-08,33,24.4202,124,2
85715,2012-09,48,31.0515,177,7
85715,2012-10,29,24.2730,116,2
85715,2012-11,43,27.7265,152,6
85715,2012-12,31,18.4169,117,6
85715,2013-01,57,40.1519,215,7
85715,2013-02,54,35.1502,196,6
85715,2013-03,55,33.6367,204,8
85715,2013-04,89,65.5974,339,8
85715,2013-05,47,31.4105,175,6
85715,2013-06,59,30.7614,208,13
85715,2013-07,69,38.3527,226,12
85715,2013-08,67,48.8046,243,8
85715,2013-09,73,47.8263,255,9
85715,2013-10,59,40.4762,217,7
85715,2013-11,79,52.4052,300,8
85715,2013-12,68,46.5983,257,8
85715,2014-01,85,58.1759,329,9
85715,2014-02,78,60.4881,297,4
85715,2014-03,90,58.3023,346,15
85715,2014-04,78,46.4128,285,13
85715,2014-05,97,74.7159,391,7
85715,2014-06,75,58.3731,301,6
85715,2014-07,71,43.3300,261,12
85715,2014-08,87,56.0851,322,11
85715,2014-09,59,35.6904,206,11
85715,2014-10,86,52.9390,315,14
85715,2014-11,90,57.0744,331,10
85715,2014-12,88,50.5938,308,16
85715,2015-01,124,87.2280,440,12
85715,2015-02,123,67.8452,430,25
85715,2015-03,111,72.0542,409,17
85715,2015-04,121,74.4784,457,18
85715,2015-05,98,65.1293,372,12
85715,2015-06,122,74.5101,432,19
85715,2015-07,106,64.0406,372,19
85715,2015-08,100,66.5437,360,13
85715,2015-09,100,59.5086,379,19
85715,2015-10,89,57.5016,335,12
85715,2015-11,85,49.3308,308,16
85715,2015-12,91,56.5472,317,12
85715,2016-01,96,61.2539,347,13
85715,2016-02,111,66.7589,389,19
85715,2016-03,97,60.0999,352,14
85715,2016-04,102,56.2942,373,21
85715,2016-05,151,100.3547,578,21
85715,2016-06,94,50.9104,339,19
85715,2016-07,117,61.8459,429,24
85715,2016-08,159,107.7269,610,17
85715,2016-09,125,80.2618,460,20
85715,2016-10,100,69.7215,379,11
85715,2016-11,91,59.7531,338,13
85715,2016-12,93,52.1575,346,19
85715,2017-01,107,73.8912,415,14
85715,2017-02,117,76.3891,450,16
85715,2017-03,109,74.9675,410,14
85715,2017-04,119,85.2390,487,13
85715,2017-05,140,61.1375,498,34
85715,2017-06,141,98.0245,555,17
85715,2017-07,125,70.4926,465,21
85715,2017-08,121,93.8595,488,8
85715,2017-09,103,66.3163,388,16
85715,2017-10,126,67.9659,457,24
85715,2017-11,113,67.6692,439,19
85715,2017-12,113,79.3422,432,13
85715,2018-01,114,83.4110,452,10
85715,2018-02,140,85.8430,541,21
85715,2018-03,136,85.0310,516,19
85715,2018-04,147,94.4929,563,22
85715,2018-05,157,91.2189,599,26
85715,2018-06,165,109.9704,632,24
85715,2018-07,155,92.7776,596,26
85715,2018-08,155,95.3412,594,25
85715,2018-09,124,80.4192,480,17
85715,2018-10,152,92.5623,538,24
85715,2018-11,110,66.3437,429,18
85715,2018-12,112,65.7773,430,18
85715,2019-01,139,88.6567,501,19
85715,2019-02,144,87.7019,560,22
85715,2019-03,157,90.7454,595,30
85715,2019-04,129,76.9972,481,22
85715,2019-05,129,87.2658,511,17
85715,2019-06,155,98.1034,599,23
85715,2019-07,140,98.8195,552,15
85715,2019-08,142,86.5004,559,21
85715,2019-09,135,78.3300,470,22
85715,2019-10,125,66.0249,451,28
85715,2019-11,99,58.9079,381,17
85715,2019-12,119,72.2687,455,23
85715,2020-01,98,60.6408,364,15
85715,2020-02,122,66.3765,446,24
85715,2020-03,81,40.6695,293,20
85715,2020-04,59,28.3298,215,14
85715,2020-05,92,48.0036,341,21
85715,2020-06,87,51.8106,329,12
85715,2020-07,86,49.2458,329,15
85715,2020-08,91,57.3090,366,15
85715,2020-09,79,54.8349,316,7
85715,2020-10,102,51.1114,369,22
85715,2020-11,72,37.8359,270,13
85715,2020-12,80,42.9724,300,16
85715,2021-01,86,47.3575,322,17
85715,2021-02,88,47.1934,317,19
85715,2021-03,113,64.6854,428,22
85715,2021-04,119,66.5046,432,22
85715,2021-05,100,54.6596,352,17
85715,2021-06,124,85.4486,469,13
85715,2021-07,120,56.9666,421,28
85715,2021-08,97,44.5190,346,25
85715,2021-09,96,59.7608,363,15
85715,2021-10,87,65.4164,358,5
85715,2021-11,94,55.6497,334,16
85715,2021-12,91,49.7440,305,16
85716,2012-01,136,102.4123,519,9
85716,2012-02,163,126.2746,628,13
85716,2012-03,159,121.4883,625,14
85716,2012-04,126,101.2924,482,7
85716,2012-05,105,70.1116,380,12
85716,2012-06,152,118.3555,567,10
85716,2012-07,136,92.6503,489,14
85716,2012-08,122,91.7926,492,10
85716,2012-09,131,83.6683,492,18
85716,2012-10,113,82.9844,408,10
85716,2012-11,121,83.4714,443,14
85716,2012-12,110,70.8946,396,18
85716,2013-01,139,104.5746,524,13
85716,2013-02,138,101.0194,538,14
85716,2013-03,139,90.8413,530,18
85716,2013-04,124,83.5955,475,14
85716,2013-05,147,102.2777,570,15
85716,2013-06,157,121.6807,611,11
85716,2013-07,162,122.5491,629,13
85716,2013-08,165,123.2855,648,15
85716,2013-09,156,101.0220,591,21
85716,2013-10,173,119.0254,640,22
85716,2013-11,162,118.9571,626,13
85716,2013-12,142,95.2877,553,16
85716,2014-01,195,121.4100,727,31
85716,2014-02,187,127.5477,696,22
85716,2014-03,234,167.0198,915,28
85716,2014-04,177,120.9436,681,20
85716,2014-05,192,129.7972,757,25
85716,2014-06,183,119.5769,697,26
85716,2014-07,204,127.9857,751,33
85716,2014-08,210,145.8049,789,22
85716,2014-09,196,119.5369,714,33
85716,2014-10,172,120.5934,689,17
85716,2014-11,167,105.5085,629,25
85716,2014-12,198,132.0563,783,24
85716,2015-01,236,149.4547,880,38
85716,2015-02,288,178.4449,1025,43
85716,2015-03,252,164.4994,955,34
85716,2015-04,253,167.3028,933,34
85716,2015-05,312,185.0129,1117,53
85716,2015-06,250,155.3246,942,38
85716,2015-07,236,152.3262,914,31
85716,2015-08,251,140.1472,911,44
85716,2015-09,227,145.3088,899,31
85716,2015-10,241,163.5841,928,30
85716,2015-11,232,158.0718,892,28
85716,2015-12,221,140.2738,843,36
85716,2016-01,261,169.6852,1013,35
85716,2016-02,250,169.8675,975,30
85716,2016-03,236,153.4179,901,31
85716,2016-04,331,189.0822,1215,60
85716,2016-05,259,176.3120,966,30
85716,2016-06,282,181.9365,1109,35
85716,2016-07,281,187.5533,1142,33
85716,2016-08,258,167.2537,1020,36
85716,2016-09,227,141.7113,828,28
85716,2016-10,219,149.6514,864,26
85716,2016-11,202,125.5172,778,33
85716,2016-12,227,164.3758,885,22
85716,2017-01,242,156.1128,961,38
85716,2017-02,237,157.0733,907,28
85716,2017-03,251,166.1797,953,35
85716,2017-04,265,160.6683,978,39
85716,2017-05,265,150.0600,980,51
85716,2017-06,277,192.9870,1095,30
85716,2017-07,239,153.8808,903,33
85716,2017-08,258,176.9171,1039,34
85716,2017-09,225,150.9383,853,28
85716,2017-10,325,208.9734,1225,52
85716,2017-11,288,196.0921,1106,36
85716,2017-12,266,165.7418,1015,42
85716,2018-01,327,213.5831,1273,48
85716,2018-02,408,270.7541,1567,54
85716,2018-03,469,325.5406,1809,52
85716,2018-04,390,268.7743,1581,45
85716,2018-05,354,240.3311,1422,39
85716,2018-06,360,253.7698,1439,42
85716,2018-07,352,251.1266,1396,37
85716,2018-08,324,219.6214,1272,41
85716,2018-09,312,217.0859,1225,34
85716,2018-10,320,208.6710,1268,39
85716,2018-11,313,204.9805,1244,44
85716,2018-12,317,195.8016,1253,48
85716,2019-01,336,218.8006,1319,45
85716,2019-02,308,191.4382,1190,44
85716,2019-03,326,210.0873,1293,44
85716,2019-04,315,226.8121,1278,35
85716,2019-05,286,175.8214,1083,42
85716,2019-06,307,189.0275,1160,50
85716,2019-07,305,202.0091,1192,37
85716,2019-08,348,217.0668,1355,49
85716,2019-09,289,197.3235,1138,36
85716,2019-10,247,156.3322,965,37
85716,2019-11,254,166.6721,980,31
85716,2019-12,310,190.2187,1197,49
85716,2020-01,290,195.3546,1141,36
85716,2020-02,297,203.8255,1177,32
85716,2020-03,211,144.9102,875,23
85716,2020-04,89,48.7022,354,17
85716,2020-05,174,115.8513,714,22
85716,2020-06,183,112.6471,712,26
85716,2020-07,199,114.3402,781,38
85716,2020-08,220,147.8234,897,30
85716,2020-09,217,134.3723,844,35
85716,2020-10,223,150.8650,897,29
85716,2020-11,198,129.7083,795,25
85716,2020-12,183,119.6504,759,25
85716,2021-01,232,145.0857,947,36
85716,2021-02,214,136.9343,854,32
85716,2021-03,239,147.5400,946,36
85716,2021-04,240,162.9782,990,29
85716,2021-05,267,178.2254,1049,36
85716,2021-06,254,174.2310,1037,28
85716,2021-07,263,169.2990,1051,34
85716,2021-08,241,157.4974,927,33
85716,2021-09,192,108.5184,728,33
85716,2021-10,227,146.6466,888,32
85716,2021-11,197,129.7444,798,28
85716,2021-12,203,115.9873,781,37
85717,2014-01,1,0.7184,1,0
85717,2015-04,1,-0.6402,1,1
85717,2017-04,1,0.9794,5,0
85717,2017-05,1,0.9148,5,0
85717,2017-07,1,0.9441,5,0
85717,2017-09,2,0.7457,5,1
85717,2017-10,1,0.8977,5,0
85717,2017-11,3,2.4887,15,0
85717,2017-12,1,0.9059,5,0
85717,2018-02,3,0.4859,10,1
85717,2018-03,1,0.8745,5,0
85717,2018-04,1,0.7841,5,0
85717,2018-09,1,0.9096,2,0
85717,2019-03,3,1.3906,11,1
85717,2019-05,2,1.7186,10,0
85717,2019-07,1,0.0199,5,0
85717,2019-09,1,0.9529,5,0
85717,2019-11,1,0.7430,5,0
85717,2019-12,1,0.8803,5,0
85717,2020-01,1,0.5719,5,0
85717,2020-02,1,0.9422,5,0
85717,2020-04,1,0.9256,5,0
85717,2020-05,2,1.8241,10,0
85717,2020-06,1,0.9314,4,0
85717,2020-07,1,-0.9079,1,1
85717,2020-08,3,2.6582,15,0
85717,2020-09,1,0.8402,5,0
85717,2020-10,1,0.0000,1,0
85717,2020-11,1,0.1734,5,0
85717,2021-01,1,-0.9060,1,1
85717,2021-03,1,0.4526,1,0
85717,2021-04,2,1.3011,10,0
85717,2021-05,1,0.5267,5,0
85717,2021-06,3,-0.0261,15,2
85717,2021-07,1,-0.6994,1,1
85717,2021-09,3,-0.0265,7,2
85717,2021-10,1,0.6213,1,0
85717,2021-11,1,0.5849,5,0
85718,2012-01,136,110.0955,499,9
85718,2012-02,105,83.5955,410,8
85718,2012-03,107,88.9005,430,5
85718,2012-04,113,91.5237,433,7
85718,2012-05,97,73.6144,357,8
85718,2012-06,97,74.8677,360,9
85718,2012-07,87,69.6065,340,5
85718,2012-08,115,76.0026,422,16
85718,2012-09,71,50.6349,270,7
85718,2012-10,76,60.7508,268,5
85718,2012-11,67,45.2436,244,8
85718,2012-12,78,60.1058,308,6
85718,2013-01,127,94.0593,469,12
85718,2013-02,107,68.6698,395,15
85718,2013-03,105,83.4481,374,8
85718,2013-04,138,101.6222,499,10
85718,2013-05,143,99.4943,522,18
85718,2013-06,104,80.3133,405,9
85718,2013-07,111,76.2829,421,12
85718,2013-08,129,86.9041,474,17
85718,2013-09,107,66.4129,383,16
85718,2013-10,115,82.2244,414,11
85718,2013-11,121,87.3525,457,15
85718,2013-12,127,99.2507,495,9
85718,2014-01,119,86.1890,454,12
85718,2014-02,148,111.6875,542,13
85718,2014-03,199,149.4045,748,20
85718,2014-04,210,157.8495,787,18
85718,2014-05,178,108.9316,611,30
85718,2014-06,148,120.5463,586,7
85718,2014-07,178,134.7181,658,16
85718,2014-08,170,107.9612,624,28
85718,2014-09,136,95.1802,494,18
85718,2014-10,146,98.7513,546,16
85718,2014-11,128,90.1814,477,14
85718,2014-12,131,88.9676,493,18
85718,2015-01,149,111.2513,566,13
85718,2015-02,172,121.3801,629,19
85718,2015-03,193,142.0234,755,19
85718,2015-04,157,124.0041,628,10
85718,2015-05,183,117.8092,676,29
85718,2015-06,162,114.6452,634,20
85718,2015-07,153,111.4463,589,15
85718,2015-08,167,117.0746,651,19
85718,2015-09,173,120.5594,685,19
85718,2015-10,176,118.8109,667,25
85718,2015-11,149,109.8756,585,17
85718,2015-12,166,108.2827,615,23
85718,2016-01,172,121.2344,677,19
85718,2016-02,193,117.6432,668,30
85718,2016-03,259,171.1988,928,36
85718,2016-04,197,133.6259,747,25
85718,2016-05,181,135.9615,687,19
85718,2016-06,198,142.1766,771,21
85718,2016-07,205,140.0097,814,28
85718,2016-08,189,124.3498,712,25
85718,2016-09,179,111.5792,688,27
85718,2016-10,169,111.8910,644,20
85718,2016-11,136,90.8563,498,19
85718,2016-12,141,78.2314,496,25
85718,2017-01,187,126.4012,713,21
85718,2017-02,200,142.7150,792,23
85718,2017-03,243,157.2915,938,35
85718,2017-04,219,143.3792,829,33
85718,2017-05,213,137.6561,798,34
85718,2017-06,208,137.7221,787,27
85718,2017-07,203,142.9790,781,25
85718,2017-08,185,131.3572,724,20
85718,2017-09,229,160.1575,845,21
85718,2017-10,237,154.7097,892,32
85718,2017-11,268,197.4580,1004,24
85718,2017-12,186,127.9128,704,23
85718,2018-01,260,176.6363,974,32
85718,2018-02,251,153.7489,930,41
85718,2018-03,250,176.3933,951,26
85718,2018-04,263,177.6181,1008,37
85718,2018-05,232,166.0371,908,24
85718,2018-06,252,187.3554,997,24
85718,2018-07,232,165.1262,896,26
85718,2018-08,200,131.4739,783,30
85718,2018-09,203,151.1053,800,16
85718,2018-10,199,146.5660,785,19
85718,2018-11,210,147.3158,817,24
85718,2018-12,218,142.8081,818,30
85718,2019-01,233,147.7965,864,35
85718,2019-02,232,156.8410,869,29
85718,2019-03,263,185.4259,1028,28
85718,2019-04,232,137.2452,837,38
85718,2019-05,197,139.2557,768,20
85718,2019-06,216,139.5928,844,32
85718,2019-07,197,125.8730,739,29
85718,2019-08,225,146.0599,868,30
85718,2019-09,213,139.2037,803,29
85718,2019-10,170,89.7602,597,34
85718,2019-11,138,89.3757,515,21
85718,2019-12,196,139.4937,763,20
85718,2020-01,179,123.2844,687,23
85718,2020-02,194,129.7046,756,28
85718,2020-03,119,72.0566,438,21
85718,2020-04,69,47.6728,278,8
85718,2020-05,113,68.0847,411,20
85718,2020-06,132,86.9005,517,18
85718,2020-07,145,87.2081,537,22
85718,2020-08,156,96.8776,607,27
85718,2020-09,150,83.8760,536,30
85718,2020-10,146,97.9936,576,18
85718,2020-11,131,70.9434,479,27
85718,2020-12,139,80.9934,505,23
85718,2021-01,136,67.3739,497,30
85718,2021-02,166,95.7030,633,29
85718,2021-03,194,116.8216,704,31
85718,2021-04,198,106.9039,716,41
85718,2021-05,211,124.4079,753,37
85718,2021-06,188,100.2104,664,42
85718,2021-07,165,100.6592,618,26
85718,2021-08,153,98.0425,571,22
85718,2021-09,119,65.7923,428,21
85718,2021-10,159,103.4811,590,21
85718,2021-11,154,97.6394,560,26
85718,2021-12,177,101.9625,648,34
85719,2012-01,227,156.1665,828,26
85719,2012-02,205,158.0827,798,15
85719,2012-03,252,167.6901,945,31
85719,2012-04,198,132.8962,738,25
85719,2012-05,192,128.5342,697,28
85719,2012-06,198,139.6855,750,20
85719,2012-07,199,145.7209,767,16
85719,2012-08,220,142.6648,829,26
85719,2012-09,207,134.4405,769,29
85719,2012-10,216,144.4566,793,30
85719,2012-11,195,137.8642,715,22
85719,2012-12,179,121.8624,680,24
85719,2013-01,227,164.8254,887,22
85719,2013-02,229,152.7986,832,29
85719,2013-03,244,159.5584,911,32
85719,2013-04,200,130.8021,725,24
85719,2013-05,225,160.8615,831,23
85719,2013-06,226,169.8424,839,19
85719,2013-07,247,183.4774,944,24
85719,2013-08,270,188.5515,1024,29
85719,2013-09,254,170.9667,956,25
85719,2013-10,247,157.9772,907,36
85719,2013-11,280,186.3017,1058,30
85719,2013-12,206,138.0103,785,26
85719,2014-01,340,248.0623,1343,34
85719,2014-02,254,179.9480,965,29
85719,2014-03,309,221.4250,1180,31
85719,2014-04,357,230.6067,1307,51
85719,2014-05,302,190.7788,1129,43
85719,2014-06,308,204.2707,1144,38
85719,2014-07,348,231.6497,1307,46
85719,2014-08,407,293.4680,1596,43
85719,2014-09,344,225.2622,1310,41
85719,2014-10,354,251.5143,1370,35
85719,2014-11,325,208.7102,1219,46
85719,2014-12,325,200.9138,1218,49
85719,2015-01,379,257.2746,1409,47
85719,2015-02,401,283.3728,1523,45
85719,2015-03,383,261.5884,1465,49
85719,2015-04,396,246.9590,1478,57
85719,2015-05,411,248.9427,1548,66
85719,2015-06,351,243.9859,1386,39
85719,2015-07,358,244.8015,1396,39
85719,2015-08,406,279.9344,1573,46
85719,2015-09,368,236.0937,1366,54
85719,2015-10,365,226.1543,1397,57
85719,2015-11,359,211.7348,1315,60
85719,2015-12,358,213.4595,1329,60
85719,2016-01,390,253.7750,1443,50
85719,2016-02,427,280.5744,1596,53
85719,2016-03,432,283.4573,1653,55
85719,2016-04,403,267.7441,1612,53
85719,2016-05,456,302.0990,1753,58
85719,2016-06,412,259.5628,1610,62
85719,2016-07,440,297.3406,1784,59
85719,2016-08,442,277.4528,1689,64
85719,2016-09,424,269.7537,1637,69
85719,2016-10,422,261.4328,1605,67
85719,2016-11,345,238.6303,1344,41
85719,2016-12,378,218.5716,1382,64
85719,2017-01,446,311.5678,1801,54
85719,2017-02,437,291.9584,1672,54
85719,2017-03,375,251.3054,1461,49
85719,2017-04,478,293.0147,1817,71
85719,2017-05,449,301.1595,1744,58
85719,2017-06,467,320.7947,1841,53
85719,2017-07,441,299.5129,1769,53
85719,2017-08,441,288.8912,1700,60
85719,2017-09,413,252.9570,1569,63
85719,2017-10,455,279.5411,1712,74
85719,2017-11,412,270.7899,1611,56
85719,2017-12,363,229.7947,1401,51
85719,2018-01,477,323.8016,1860,55
85719,2018-02,450,275.5216,1678,74
85719,2018-03,507,321.6737,1941,78
85719,2018-04,523,339.6004,2044,71
85719,2018-05,459,292.4753,1750,66
85719,2018-06,449,295.5486,1769,56
85719,2018-07,500,332.8980,1961,70
85719,2018-08,446,284.8398,1762,65
85719,2018-09,447,270.0946,1656,69
85719,2018-10,490,292.1757,1869,89
85719,2018-11,433,277.3840,1638,63
85719,2018-12,435,281.8390,1707,56
85719,2019-01,537,362.0638,2127,69
85719,2019-02,518,332.3047,2026,68
85719,2019-03,574,378.7177,2238,69
85719,2019-04,503,280.2416,1800,93
85719,2019-05,488,275.4658,1821,92
85719,2019-06,478,270.5683,1773,92
85719,2019-07,420,277.0251,1648,50
85719,2019-08,540,318.0392,2068,96
85719,2019-09,515,329.0668,1993,73
85719,2019-10,539,321.8831,2030,93
85719,2019-11,461,267.0892,1759,90
85719,2019-12,389,217.4651,1427,69
85719,2020-01,457,280.2683,1704,72
85719,2020-02,479,281.5084,1778,81
85719,2020-03,318,176.0252,1220,62
85719,2020-04,166,85.1658,588,36
85719,2020-05,240,141.2386,918,40
85719,2020-06,286,166.8018,1086,49
85719,2020-07,282,156.9350,1069,53
85719,2020-08,312,181.1106,1187,57
85719,2020-09,294,165.6716,1038,51
85719,2020-10,308,178.5489,1177,55
85719,2020-11,287,175.7744,1085,45
85719,2020-12,255,145.7004,990,50
85719,2021-01,369,240.5860,1470,52
85719,2021-02,328,180.4970,1261,60
85719,2021-03,394,238.1297,1527,63
85719,2021-04,429,229.7703,1542,83
85719,2021-05,381,209.6566,1432,70
85719,2021-06,344,207.4970,1276,58
85719,2021-07,301,155.4059,1091,62
85719,2021-08,324,176.7542,1206,64
85719,2021-09,313,148.8526,1084,70
85719,2021-10,324,163.7013,1157,65
85719,2021-11,288,160.0072,1067,56
85719,2021-12,312,161.3325,1104,67
85721,2012-01,4,3.7457,17,0
85721,2012-02,3,2.7809,12,0
85721,2012-03,12,10.9284,54,0
85721,2012-04,1,0.9516,5,0
85721,2012-05,2,1.5290,8,0
85721,2012-06,1,0.7096,2,0
85721,2012-07,2,1.8114,8,0
85721,2012-08,1,0.4782,2,0
85721,2012-09,3,2.4830,13,0
85721,2012-10,2,1.9347,9,0
85721,2012-11,2,1.7310,8,0
85721,2012-12,2,1.7318,9,0
85721,2013-01,2,0.0121,6,1
85721,2013-02,2,1.8447,9,0
85721,2013-03,1,0.9577,5,0
85721,2013-04,5,3.6857,22,1
85721,2013-05,3,2.0486,13,0
85721,2013-06,3,2.5731,14,0
85721,2013-07,1,0.4767,3,0
85721,2013-08,1,0.9878,5,0
85721,2013-09,4,1.1249,13,1
85721,2013-10,1,0.9744,3,0
85721,2013-11,1,0.8564,5,0
85721,2013-12,8,4.6304,30,1
85721,2014-01,3,2.9553,14,0
85721,2014-02,2,0.4169,6,1
85721,2014-03,7,5.4239,29,0
85721,2014-04,4,2.0427,15,1
85721,2014-05,2,0.1097,5,1
85721,2014-06,2,1.9569,8,0
85721,2014-07,4,2.8532,17,0
85721,2014-08,1,0.9878,5,0
85721,2014-10,3,1.6257,15,1
85721,2014-11,7,6.0328,28,0
85721,2014-12,3,2.8508,14,0
85721,2015-01,3,2.8776,14,0
85721,2015-02,3,2.8192,15,0
85721,2015-03,3,2.2720,11,0
85721,2015-04,4,3.7401,17,0
85721,2015-05,6,3.7954,22,1
85721,2015-06,4,3.8369,16,0
85721,2015-07,2,1.6207,7,0
85721,2015-08,2,0.3189,6,1
85721,2015-09,5,2.5724,19,1
85721,2015-10,2,1.7948,9,0
85721,2015-11,4,2.2550,13,1
85721,2015-12,5,1.8200,16,2
85721,2016-01,2,1.5137,5,0
85721,2016-02,2,1.8316,8,0
85721,2016-03,3,1.6375,10,1
85721,2016-04,6,4.1788,24,1
85721,2016-05,4,2.7365,17,0
85721,2016-06,3,1.1121,11,1
85721,2016-07,1,0.9985,4,0
85721,2016-09,4,2.2730,9,1
85721,2016-10,5,1.9163,9,1
85721,2016-11,2,0.6735,7,1
85721,2016-12,5,4.7052,23,0
85721,2017-01,2,0.0169,5,1
85721,2017-02,1,0.8994,5,0
85721,2017-03,5,0.0600,14,2
85721,2017-05,5,4.5745,23,0
85721,2017-06,2,1.7703,10,0
85721,2017-07,2,1.5206,8,0
85721,2017-08,4,3.8361,14,0
85721,2017-09,4,3.1900,18,0
85721,2017-10,7,6.2992,27,0
85721,2017-11,6,4.5810,23,0
85721,2017-12,2,1.4622,10,0
85721,2018-01,2,0.1153,5,1
85721,2018-03,7,4.1448,22,1
85721,2018-04,2,1.5124,6,0
85721,2018-05,5,1.3712,16,2
85721,2018-06,4,3.8008,16,0
85721,2018-07,5,4.7319,24,0
85721,2018-08,3,1.0283,10,1
85721,2018-09,1,0.8363,4,0
85721,2018-10,4,1.4909,12,1
85721,2018-11,4,2.2791,14,1
85721,2018-12,2,-0.4682,3,1
85721,2019-01,4,0.7616,12,2
85721,2019-02,4,3.4364,18,0
85721,2019-03,3,1.2189,11,1
85721,2019-04,2,1.2635,8,0
85721,2019-05,5,2.3196,16,1
85721,2019-06,5,4.7619,24,0
85721,2019-07,1,0.9327,4,0
85721,2019-08,3,2.6132,12,0
85721,2019-09,5,1.9867,21,1
85721,2019-10,5,1.5957,23,2
85721,2019-11,2,1.9293,10,0
85721,2019-12,5,2.9899,21,1
85721,2020-01,4,2.5941,12,1
85721,2020-02,1,-0.1506,1,1
85721,2020-03,2,1.8937,10,0
85721,2020-04,1,0.9481,5,0
85721,2020-05,1,0.9966,5,0
85721,2020-06,2,-0.1264,4,1
85721,2020-07,4,1.5178,12,1
85721,2020-08,3,1.1211,11,1
85721,2020-09,2,0.3608,6,1
85721,2020-10,1,0.9215,5,0
85721,2021-01,1,0.9380,5,0
85721,2021-02,1,0.9411,5,0
85721,2021-03,2,0.9638,7,0
85721,2021-04,5,2.8395,21,1
85721,2021-05,1,-0.3071,5,1
85721,2021-06,1,-0.7577,2,1
85721,2021-07,2,1.5383,6,0
85721,2021-08,2,-0.4013,6,1
85721,2021-09,1,0.9951,5,0
85721,2021-10,2,1.1806,6,0
85721,2021-11,5,1.8369,17,1
85721,2021-12,1,0.9651,5,0
85723,2012-06,1,0.9872,5,0
85723,2015-03,1,0.9900,4,0
85723,2015-11,1,-0.9714,1,1
85723,2016-01,1,-0.9134,1,1
85723,2016-08,1,0.9707,4,0
85723,2017-04,1,-0.5540,1,1
85723,2017-05,1,0.9730,5,0
85723,2017-08,1,-0.3637,4,1
85723,2018-02,1,0.2606,5,0
85723,2018-04,1,-0.3846,1,1
85723,2018-05,2,1.7515,6,0
85723,2018-06,1,0.9606,5,0
85723,2018-09,1,-0.5530,1,1
85723,2018-11,1,0.9617,4,0
85723,2018-12,1,0.8945,4,0
85723,2019-01,1,0.9788,1,0
85723,2019-02,1,0.9747,1,0
85723,2019-03,2,1.6303,6,0
85723,2019-06,2,0.0829,7,1
85723,2019-07,4,0.9012,11,2
85723,2019-08,1,0.9813,5,0
85723,2019-09,1,-0.6276,1,1
85723,2019-10,1,-0.7941,1,1
85723,2020-03,2,1.8898,9,0
85723,2020-05,1,0.9522,5,0
85723,2020-06,1,0.9508,4,0
85723,2020-08,2,-0.3816,2,1
85723,2020-12,1,0.5719,5,0
85723,2021-01,1,0.7712,5,0
85723,2021-02,1,0.8173,5,0
85723,2021-04,1,0.2960,5,0
85723,2021-05,1,-0.0875,5,1
85723,2021-10,1,0.3506,2,0
85724,2012-02,1,0.9770,4,0
85724,2012-06,1,0.8470,4,0
85724,2012-07,1,0.9923,4,0
85724,2012-12,1,0.8750,4,0
85724,2013-01,1,0.9263,4,0
85724,2013-03,1,0.9752,4,0
85724,2013-10,2,1.7654,8,0
85724,2014-09,1,0.6369,4,0
85724,2015-06,1,0.9516,4,0
85724,2015-09,1,0.9480,4,0
85724,2015-11,1,0.9328,5,0
85724,2016-05,1,0.8898,1,0
85724,2017-03,1,0.8258,2,0
85724,2017-11,1,0.8962,5,0
85724,2018-01,1,0.8685,4,0
85724,2018-08,1,0.8122,5,0
85724,2019-05,1,0.9821,5,0
85724,2019-10,1,0.8625,1,0
85724,2019-11,1,0.5970,2,0
85724,2020-04,1,-0.8711,1,1
85724,2021-07,2,0.2048,6,1
85724,2021-10,1,-0.9580,1,1
85726,2012-01,1,0.8189,3,0
85726,2012-04,2,0.1904,5,1
85726,2013-12,1,-0.8486,1,1
85726,2014-02,1,-0.6405,1,1
85726,2014-04,1,0.0000,1,0
85726,2014-07,1,-0.9668,1,1
85726,2015-01,1,0.8784,5,0
85726,2015-02,1,0.4215,1,0
85726,2015-03,1,-0.8176,1,1
85726,2015-04,1,-0.8877,1,1
85726,2015-05,1,-0.0387,1,0
85726,2015-07,1,0.4184,5,0
85726,2015-09,1,0.1975,1,0
85726,2015-10,4,1.6889,10,1
85726,2016-03,1,0.3400,1,0
85726,2016-05,1,0.9042,5,0
85726,2016-06,1,-0.4001,1,1
85726,2016-09,2,-1.7801,2,2
85726,2016-10,1,0.9313,5,0
85726,2017-06,1,-0.9595,1,1
85726,2017-08,2,-0.1529,5,1
85726,2017-11,1,-0.1303,2,1
85726,2018-01,2,-1.6580,2,2
85726,2018-02,1,0.6249,1,0
85726,2018-03,2,0.8506,2,0
85726,2018-06,3,-0.5725,7,2
85726,2018-07,2,-0.0670,6,1
85726,2018-09,2,-0.0377,2,1
85726,2018-11,2,0.7987,2,0
85726,2019-01,1,0.9345,5,0
85726,2019-02,4,-1.7308,4,3
85726,2019-04,2,0.1947,2,0
85726,2019-06,1,0.5267,5,0
85726,2019-07,2,0.3118,4,1
85726,2019-09,1,-0.4767,1,1
85726,2019-11,1,0.6959,1,0
85726,2020-01,2,0.2171,2,1
85726,2020-02,2,-1.2049,2,2
85726,2020-03,1,-0.1260,4,1
85726,2020-06,3,-0.3836,3,2
85726,2020-08,1,-0.6082,1,1
85726,2020-09,3,-0.9141,7,2
85726,2020-12,2,0.0529,6,1
85726,2021-01,4,-1.9289,4,3
85726,2021-03,2,0.6234,6,1
85726,2021-05,1,-0.9321,1,1
85726,2021-06,1,-0.1723,1,1
85726,2021-07,1,0.0365,1,0
85726,2021-08,1,-0.7013,1,1
85726,2021-09,3,0.5838,7,1
85726,2021-11,1,-0.9522,1,1
85726,2021-12,2,-1.1831,2,2
85728,2012-08,1,0.9416,5,0
85728,2013-03,1,0.9900,5,0
85728,2013-07,1,0.9899,5,0
85728,2013-08,1,0.9518,5,0
85728,2013-09,1,0.9367,5,0
85728,2013-10,1,0.9725,5,0
85728,2014-03,1,0.9749,5,0
85728,2014-08,2,1.9386,10,0
85728,2014-11,1,0.9538,4,0
85728,2015-01,1,0.8979,5,0
85728,2015-03,1,0.9770,5,0
85728,2015-06,2,1.8130,10,0
85728,2015-09,1,0.9788,5,0
85728,2015-10,1,0.9549,5,0
85728,2016-01,1,0.9300,5,0
85728,2016-03,2,1.9324,10,0
85728,2016-08,1,0.9149,5,0
85728,2016-09,1,0.8807,5,0
85728,2016-10,1,0.9192,5,0
85728,2016-12,1,0.9381,4,0
85728,2017-02,1,0.8047,2,0
85728,2017-03,1,0.9752,5,0
85728,2017-05,1,0.9563,5,0
85728,2017-07,1,0.7989,5,0
85728,2017-08,1,0.9607,5,0
85728,2017-10,2,1.5209,10,0
85728,2017-11,3,2.5248,14,0
85728,2017-12,1,0.9296,5,0
85728,2018-01,1,0.9271,5,0
85728,2018-03,2,0.2643,6,1
85728,2018-04,2,1.5620,10,0
85728,2018-05,1,0.9227,5,0
85728,2018-08,1,0.4738,5,0
85728,2018-09,1,0.9739,5,0
85728,2018-10,1,-0.5386,1,1
85728,2018-11,3,2.1640,15,0
85728,2018-12,1,0.3400,5,0
85728,2019-01,1,0.8979,5,0
85728,2019-10,1,0.8478,4,0
85728,2019-11,2,1.7612,10,0
85728,2019-12,1,0.2942,5,0
85728,2020-01,2,1.8757,10,0
85728,2020-07,2,1.5404,10,0
85728,2020-10,2,1.8253,10,0
85728,2020-11,2,1.9178,10,0
85728,2020-12,1,0.0000,3,0
85728,2021-02,1,0.5400,4,0
85728,2021-03,1,0.9538,5,0
85728,2021-05,2,1.5390,10,0
85728,2021-06,2,1.8742,10,0
85728,2021-09,2,0.6065,6,1
85728,2021-11,4,3.4207,20,0
85728,2021-12,2,1.3171,10,0
85730,2012-01,13,9.0039,54,2
85730,2012-02,13,9.2108,49,1
85730,2012-03,17,11.9454,62,2
85730,2012-04,11,8.0339,44,1
85730,2012-05,8,7.1314,30,0
85730,2012-06,9,6.3288,25,0
85730,2012-07,16,5.1948,61,5
85730,2012-08,13,8.8416,44,2
85730,2012-09,13,4.7328,35,4
85730,2012-10,3,2.7454,15,0
85730,2012-11,6,0.9762,17,3
85730,2012-12,7,4.1977,24,1
85730,2013-01,7,5.2846,30,0
85730,2013-02,9,7.4239,38,0
85730,2013-03,7,2.8348,23,2
85730,2013-04,13,9.1246,40,1
85730,2013-05,18,15.0257,61,0
85730,2013-06,17,7.9003,54,3
85730,2013-07,20,10.1156,64,4
85730,2013-08,19,10.8878,62,1
85730,2013-09,10,7.0388,38,1
85730,2013-10,16,10.1073,53,1
85730,2013-11,19,8.5376,68,5
85730,2013-12,26,19.6591,101,2
85730,2014-01,18,10.6629,64,3
85730,2014-02,20,13.1281,71,3
85730,2014-03,20,15.2624,80,1
85730,2014-04,28,10.7932,78,8
85730,2014-05,30,16.3506,104,4
85730,2014-06,26,16.9032,96,3
85730,2014-07,33,14.0123,102,7
85730,2014-08,22,9.0905,70,6
85730,2014-09,31,12.3495,99,7
85730,2014-10,18,6.8442,59,4
85730,2014-11,15,7.2376,51,3
85730,2014-12,26,12.0981,84,7
85730,2015-01,24,8.9723,70,6
85730,2015-02,21,11.1294,73,4
85730,2015-03,44,17.3016,142,13
85730,2015-04,32,15.4193,114,8
85730,2015-05,23,15.6529,82,2
85730,2015-06,38,18.2993,121,9
85730,2015-07,32,12.4219,117,9
85730,2015-08,37,18.4186,124,7
85730,2015-09,24,19.5701,97,1
85730,2015-10,31,14.4032,106,6
85730,2015-11,25,17.3606,93,3
85730,2015-12,28,17.7374,111,4
85730,2016-01,29,18.3351,101,4
85730,2016-02,41,24.3862,152,7
85730,2016-03,38,24.0263,140,7
85730,2016-04,40,17.5497,143,11
85730,2016-05,43,24.5936,157,8
85730,2016-06,33,18.6163,123,5
85730,2016-07,30,12.2096,104,8
85730,2016-08,38,19.0565,143,8
85730,2016-09,47,23.8058,154,10
85730,2016-10,33,13.5556,112,9
85730,2016-11,29,16.9492,118,5
85730,2016-12,33,14.0547,95,8
85730,2017-01,55,35.9309,188,6
85730,2017-02,37,19.6809,131,7
85730,2017-03,40,24.4271,152,7
85730,2017-04,62,32.1011,216,13
85730,2017-05,44,16.1693,158,13
85730,2017-06,46,22.9247,157,8
85730,2017-07,49,34.4575,184,5
85730,2017-08,47,28.1405,165,8
85730,2017-09,37,20.5927,133,7
85730,2017-10,38,22.3599,137,6
85730,2017-11,49,29.7774,180,9
85730,2017-12,32,19.0732,131,6
85730,2018-01,52,28.4198,178,9
85730,2018-02,52,33.5934,197,7
85730,2018-03,61,24.5726,202,16
85730,2018-04,56,34.6300,198,6
85730,2018-05,49,26.2321,174,8
85730,2018-06,66,40.1512,242,10
85730,2018-07,55,21.3259,171,15
85730,2018-08,57,38.0319,205,6
85730,2018-09,61,30.9468,221,12
85730,2018-10,62,33.3103,215,11
85730,2018-11,54,28.0207,199,11
85730,2018-12,50,24.5585,186,12
85730,2019-01,54,31.7158,195,11
85730,2019-02,36,18.9389,131,7
85730,2019-03,71,36.1577,237,15
85730,2019-04,59,29.3844,205,14
85730,2019-05,54,25.9510,192,12
85730,2019-06,63,34.3909,218,12
85730,2019-07,68,34.8979,255,15
85730,2019-08,50,32.3208,170,6
85730,2019-09,58,30.7029,197,13
85730,2019-10,50,23.4110,175,11
85730,2019-11,42,19.7259,158,11
85730,2019-12,48,25.1196,177,12
85730,2020-01,55,35.7000,220,9
85730,2020-02,64,32.3187,214,13
85730,2020-03,53,29.1941,194,10
85730,2020-04,40,23.9500,148,6
85730,2020-05,54,29.8432,208,11
85730,2020-06,42,20.3519,152,10
85730,2020-07,43,20.7499,154,10
85730,2020-08,58,30.9374,222,12
85730,2020-09,43,14.3171,132,14
85730,2020-10,49,14.5337,159,17
85730,2020-11,39,20.7709,132,8
85730,2020-12,45,23.9141,173,9
85730,2021-01,37,21.2553,128,6
85730,2021-02,53,21.6670,171,12
85730,2021-03,59,29.5359,211,14
85730,2021-04,33,12.7708,86,10
85730,2021-05,56,29.9450,203,11
85730,2021-06,54,31.0620,204,9
85730,2021-07,50,22.6310,198,13
85730,2021-08,41,22.1690,154,7
85730,2021-09,33,9.6744,94,10
85730,2021-10,56,19.3068,181,18
85730,2021-11,49,25.0385,165,10
85730,2021-12,28,14.4091,97,5
85731,2012-02,1,0.8689,5,0
85731,2013-11,1,0.4939,5,0
85731,2014-04,1,-0.9807,1,1
85731,2014-07,1,0.9375,5,0
85731,2014-09,1,0.8074,5,0
85731,2015-03,1,0.9670,5,0
85731,2015-04,2,0.4129,10,1
85731,2015-05,1,0.9028,5,0
85731,2015-06,1,0.7783,5,0
85731,2015-08,1,0.9589,5,0
85731,2015-10,3,0.8221,9,1
85731,2015-12,2,-0.3037,6,1
85731,2016-02,1,-0.8789,2,1
85731,2016-03,3,0.7626,11,1
85731,2016-04,2,1.8366,10,0
85731,2016-06,4,3.4506,17,0
85731,2016-07,2,-1.3759,3,2
85731,2016-08,2,1.1995,10,0
85731,2016-10,3,1.1308,11,1
85731,2017-01,1,0.8268,5,0
85731,2017-02,2,1.0732,10,0
85731,2017-03,1,0.8868,5,0
85731,2017-05,3,0.8930,15,1
85731,2017-06,1,-0.8475,1,1
85731,2017-07,2,1.4192,9,0
85731,2017-08,2,0.0758,8,1
85731,2017-09,1,0.9623,5,0
85731,2017-10,1,0.4885,2,0
85731,2017-12,1,0.8983,5,0
85731,2018-01,3,2.3907,15,0
85731,2018-03,3,2.8494,15,0
85731,2018-04,1,0.9902,5,0
85731,2018-05,1,0.8807,5,0
85731,2018-06,1,0.9830,5,0
85731,2018-07,1,-0.9005,1,1
85731,2018-09,1,0.2846,1,0
85731,2019-01,1,0.8126,3,0
85731,2019-02,2,1.6863,9,0
85731,2019-05,2,1.5291,10,0
85731,2019-07,1,-0.3832,5,1
85731,2019-09,1,0.9585,4,0
85731,2019-12,1,0.6677,5,0
85731,2020-01,1,-0.6847,1,1
85731,2020-02,1,0.6764,5,0
85731,2020-03,2,1.4211,10,0
85731,2020-08,1,0.0000,5,0
85731,2020-09,2,0.6954,3,0
85731,2020-10,1,0.4201,5,0
85731,2020-11,1,0.5859,5,0
85731,2021-02,1,0.9787,5,0
85731,2021-05,1,0.8020,5,0
85731,2021-07,1,-0.7650,1,1
85731,2021-08,1,-0.5676,1,1
85731,2021-10,1,0.2382,5,0
85732,2012-02,1,0.9287,5,0
85732,2013-07,1,0.9346,5,0
85732,2014-11,1,0.6114,5,0
85732,2015-01,1,0.8424,5,0
85732,2015-02,1,0.9663,5,0
85732,2016-07,2,1.8104,10,0
85732,2016-09,1,0.8997,5,0
85732,2016-10,1,0.9782,5,0
85732,2017-06,1,0.6697,5,0
85732,2017-11,1,0.9632,5,0
85732,2017-12,1,0.8622,5,0
85732,2018-05,1,0.8629,5,0
85732,2018-06,1,0.9783,5,0
85732,2018-08,1,0.9595,5,0
85732,2019-01,2,1.6865,10,0
85732,2019-02,2,1.8957,10,0
85732,2019-05,1,0.9466,5,0
85732,2019-07,1,0.9630,5,0
85732,2019-08,3,2.4534,15,0
85732,2019-10,2,1.7318,10,0
85732,2020-02,1,0.7570,5,0
85732,2020-08,3,1.0032,11,1
85732,2020-09,1,0.2960,5,0
85732,2020-12,3,2.8230,15,0
85732,2021-02,1,0.7776,1,0
85732,2021-03,2,-0.0244,7,1
85732,2021-05,1,0.9551,5,0
85732,2021-09,1,0.2876,1,0
85733,2012-04,1,0.8393,1,0
85733,2012-05,1,0.8681,5,0
85733,2013-09,1,0.9441,5,0
85733,2014-03,1,0.9752,5,0
85733,2015-04,1,0.7650,5,0
85733,2015-10,1,0.9627,4,0
85733,2016-02,1,0.0000,1,0
85733,2016-05,1,-0.5591,5,1
85733,2017-03,1,-0.4215,1,1
85733,2018-02,1,0.9752,5,0
85733,2019-07,1,0.8619,5,0
85733,2021-03,1,0.7650,5,0
85733,2021-05,2,-0.4153,3,2
85733,2021-08,1,-0.9932,1,1
85733,2021-09,2,1.8778,6,0
85733,2021-10,1,0.4242,1,0
85733,2021-12,1,-0.9399,1,1
85735,2012-01,3,2.9099,11,0
85735,2012-02,3,2.9849,11,0
85735,2012-03,1,0.5994,4,0
85735,2012-04,3,2.7908,9,0
85735,2012-05,2,1.9757,10,0
85735,2012-06,3,2.6516,14,0
85735,2012-07,1,0.9460,5,0
85735,2012-08,2,1.9642,9,0
85735,2012-09,2,1.8878,10,0
85735,2012-10,3,2.8078,15,0
85735,2012-11,4,3.3111,15,0
85735,2012-12,1,0.6476,5,0
85735,2013-01,3,1.8013,12,1
85735,2013-02,3,2.9369,8,0
85735,2013-03,3,2.6206,7,0
85735,2013-04,6,3.6911,24,1
85735,2013-05,1,0.6335,3,0
85735,2013-06,4,-0.0368,18,2
85735,2013-07,1,0.9978,5,0
85735,2013-08,4,3.8412,19,0
85735,2013-09,1,0.9652,3,0
85735,2013-10,4,2.5405,9,1
85735,2013-11,4,2.9544,16,0
85735,2013-12,3,2.6132,11,0
85735,2014-01,7,6.6287,32,0
85735,2014-02,3,2.8462,15,0
85735,2014-03,7,4.5497,27,1
85735,2014-04,4,1.4210,14,1
85735,2014-05,6,3.8625,28,1
85735,2014-06,1,0.9383,5,0
85735,2014-07,3,2.8783,14,0
85735,2014-08,2,1.7100,6,0
85735,2014-10,5,1.9806,19,1
85735,2014-11,2,-1.5228,3,2
85735,2014-12,7,5.1205,31,0
85735,2015-01,11,7.7483,40,1
85735,2015-02,5,2.4783,21,1
85735,2015-03,10,6.1126,37,2
85735,2015-04,8,5.5695,35,1
85735,2015-05,6,5.5475,25,0
85735,2015-06,5,2.5301,23,1
85735,2015-07,2,1.2697,10,0
85735,2015-08,5,4.6781,23,0
85735,2015-09,3,2.4979,13,0
85735,2015-10,8,6.7712,28,0
85735,2015-11,9,4.8944,37,2
85735,2015-12,7,4.6503,29,1
85735,2016-01,2,1.8816,10,0
85735,2016-02,8,3.1708,29,2
85735,2016-03,8,6.6307,31,0
85735,2016-04,7,6.1649,29,0
85735,2016-05,7,6.3779,30,0
85735,2016-06,4,3.7351,20,0
85735,2016-07,4,1.7601,19,1
85735,2016-08,4,3.5921,19,0
85735,2016-09,7,5.5970,31,1
85735,2016-10,3,-1.6564,3,2
85735,2016-11,7,3.9491,33,1
85735,2016-12,5,1.7913,14,2
85735,2017-01,8,7.5368,38,0
85735,2017-02,7,5.8538,31,0
85735,2017-03,5,4.6748,21,0
85735,2017-04,11,8.2249,41,1
85735,2017-05,5,2.9868,21,1
85735,2017-06,5,1.4976,17,2
85735,2017-07,8,4.9324,28,1
85735,2017-09,2,0.3397,3,1
85735,2017-10,7,2.7907,18,2
85735,2017-11,3,2.8889,14,0
85735,2017-12,6,4.0249,24,1
85735,2018-01,5,4.5439,16,0
85735,2018-02,9,4.4008,31,2
85735,2018-03,12,3.9273,42,4
85735,2018-04,8,5.7263,31,1
85735,2018-05,3,2.4936,14,0
85735,2018-06,2,1.8740,9,0
85735,2018-07,6,4.8660,26,0
85735,2018-08,11,10.0704,46,0
85735,2018-09,3,2.7033,15,0
85735,2018-10,7,3.8755,22,0
85735,2018-11,9,6.8861,44,1
85735,2018-12,4,3.6514,16,0
85735,2019-01,3,2.3860,15,0
85735,2019-02,6,3.9330,28,1
85735,2019-03,17,12.6199,72,1
85735,2019-04,7,4.7840,26,1
85735,2019-05,8,6.3037,32,0
85735,2019-06,4,3.7819,18,0
85735,2019-07,2,1.8359,10,0
85735,2019-08,10,9.1160,45,0
85735,2019-09,5,4.8500,25,0
85735,2019-10,8,0.2042,18,5
85735,2019-11,6,5.8170,26,0
85735,2019-12,8,6.6659,35,0
85735,2020-01,6,4.1326,22,1
85735,2020-02,8,5.8356,36,1
85735,2020-03,11,6.1205,46,3
85735,2020-04,2,1.8874,9,0
85735,2020-05,4,3.8332,20,0
85735,2020-06,4,3.5746,20,0
85735,2020-07,5,1.5453,17,2
85735,2020-08,4,2.7687,16,0
85735,2020-09,3,2.3105,13,0
85735,2020-10,4,2.8465,16,0
85735,2020-11,5,4.4438,22,0
85735,2020-12,5,2.7629,19,1
85735,2021-01,4,1.8071,16,1
85735,2021-02,3,2.9215,15,0
85735,2021-03,2,1.8122,10,0
85735,2021-04,7,3.1289,23,2
85735,2021-05,3,2.5000,11,0
85735,2021-06,3,2.6021,15,0
85735,2021-07,2,1.8045,7,0
85735,2021-08,3,2.8367,15,0
85735,2021-09,4,3.7609,18,0
85735,2021-10,6,3.2589,26,1
85735,2021-11,4,3.8205,18,0
85735,2021-12,3,-0.5985,7,2
85737,2012-01,30,20.3654,103,4
85737,2012-02,26,22.0432,95,1
85737,2012-03,28,21.4883,93,2
85737,2012-04,23,17.6206,84,2
85737,2012-05,16,13.0864,60,1
85737,2012-06,19,8.4560,68,4
85737,2012-07,18,14.5083,77,1
85737,2012-08,18,6.4352,54,5
85737,2012-09,23,13.1236,80,4
85737,2012-10,18,8.8847,58,3
85737,2012-11,21,9.6769,66,6
85737,2012-12,14,9.2698,38,2
85737,2013-01,33,16.9874,97,7
85737,2013-02,17,9.9910,55,3
85737,2013-03,23,12.1889,81,5
85737,2013-04,22,11.6105,60,5
85737,2013-05,41,23.2629,141,8
85737,2013-06,39,29.0130,146,3
85737,2013-07,33,19.8177,112,5
85737,2013-08,48,37.7621,176,4
85737,2013-09,29,22.5898,118,2
85737,2013-10,29,20.1363,119,4
85737,2013-11,29,16.8684,95,3
85737,2013-12,40,28.4563,151,4
85737,2014-01,49,26.4263,185,11
85737,2014-02,43,31.5420,174,5
85737,2014-03,55,38.4610,210,6
85737,2014-04,33,18.6163,114,7
85737,2014-05,40,17.7967,135,11
85737,2014-06,53,40.2629,194,4
85737,2014-07,52,34.1715,204,9
85737,2014-08,37,24.6486,135,5
85737,2014-09,65,38.2071,212,9
85737,2014-10,40,21.3389,140,8
85737,2014-11,44,31.5633,157,4
85737,2014-12,52,23.4589,170,14
85737,2015-01,58,36.0205,189,9
85737,2015-02,64,37.0050,221,11
85737,2015-03,89,56.1032,338,16
85737,2015-04,77,49.2693,296,13
85737,2015-05,63,35.5087,224,12
85737,2015-06,69,47.5168,279,8
85737,2015-07,79,48.3125,294,12
85737,2015-08,68,38.7433,238,12
85737,2015-09,81,55.2399,323,10
85737,2015-10,48,29.6957,165,8
85737,2015-11,56,29.9559,201,11
85737,2015-12,50,26.3821,171,11
85737,2016-01,75,40.5444,268,14
85737,2016-02,63,41.2275,233,10
85737,2016-03,79,50.9632,286,13
85737,2016-04,76,46.1551,280,14
85737,2016-05,77,39.9704,269,19
85737,2016-06,61,34.7486,214,11
85737,2016-07,74,46.2482,281,9
85737,2016-08,86,49.0416,311,17
85737,2016-09,73,49.7729,279,9
85737,2016-10,70,37.5826,256,16
85737,2016-11,101,59.1098,364,16
85737,2016-12,63,30.1782,215,12
85737,2017-01,87,59.6671,336,8
85737,2017-02,85,52.7106,318,13
85737,2017-03,90,51.3005,312,16
85737,2017-04,97,52.8865,332,19
85737,2017-05,92,47.7503,322,18
85737,2017-06,103,51.0802,359,24
85737,2017-07,110,60.3036,387,24
85737,2017-08,86,47.9654,310,15
85737,2017-09,77,59.2294,308,6
85737,2017-10,102,61.3886,378,17
85737,2017-11,81,40.3094,267,20
85737,2017-12,74,48.2187,279,10
85737,2018-01,102,62.4712,377,16
85737,2018-02,131,93.3287,506,12
85737,2018-03,133,74.5094,451,26
85737,2018-04,94,52.0329,324,19
85737,2018-05,118,69.0415,430,20
85737,2018-06,93,57.9841,336,14
85737,2018-07,112,63.1549,414,19
85737,2018-08,113,45.1121,376,32
85737,2018-09,86,52.9714,320,12
85737,2018-10,87,44.5988,309,18
85737,2018-11,86,44.9267,310,17
85737,2018-12,110,52.9496,363,23
85737,2019-01,111,66.9698,420,20
85737,2019-02,127,75.8028,467,18
85737,2019-03,137,68.2157,451,31
85737,2019-04,113,75.6706,412,14
85737,2019-05,139,75.7525,487,25
85737,2019-06,129,71.7054,453,25
85737,2019-07,115,65.1998,423,21
85737,2019-08,105,61.2914,388,19
85737,2019-09,164,108.5727,639,20
85737,2019-10,125,76.2384,472,23
85737,2019-11,82,48.5772,297,13
85737,2019-12,83,47.4107,311,15
85737,2020-01,113,61.6176,410,22
85737,2020-02,100,58.6918,357,15
85737,2020-03,71,39.6232,245,14
85737,2020-04,31,7.9548,91,11
85737,2020-05,96,32.7599,319,32
85737,2020-06,101,51.4526,344,22
85737,2020-07,79,44.4611,277,11
85737,2020-08,91,44.0250,326,22
85737,2020-09,90,48.2640,328,19
85737,2020-10,86,36.2532,271,23
85737,2020-11,61,36.8454,225,8
85737,2020-12,59,33.4976,218,11
85737,2021-01,72,24.1792,229,23
85737,2021-02,104,62.8154,408,17
85737,2021-03,126,70.7828,468,25
85737,2021-04,106,55.2588,386,24
85737,2021-05,108,53.2804,380,25
85737,2021-06,105,67.4072,396,17
85737,2021-07,89,54.1778,324,15
85737,2021-08,116,62.2852,392,20
85737,2021-09,83,50.6789,308,11
85737,2021-10,81,37.6766,279,21
85737,2021-11,92,52.9553,316,14
85737,2021-12,80,45.1852,264,13
85739,2012-01,7,4.8329,25,1
85739,2012-02,6,5.0535,25,0
85739,2012-03,8,6.7811,34,0
85739,2012-04,11,6.0488,40,2
85739,2012-05,8,7.6808,37,0
85739,2012-06,9,7.7004,39,0
85739,2012-07,3,2.8766,15,0
85739,2012-08,9,7.0846,38,1
85739,2012-09,2,1.9518,6,0
85739,2012-10,5,3.7452,21,0
85739,2012-11,7,4.1610,21,1
85739,2012-12,5,2.7104,16,1
85739,2013-01,7,3.9752,18,1
85739,2013-02,10,5.5277,32,2
85739,2013-03,9,7.7994,38,0
85739,2013-04,11,6.9728,42,1
85739,2013-05,8,7.0063,31,0
85739,2013-06,13,12.3137,55,0
85739,2013-07,6,2.8722,24,1
85739,2013-08,12,7.5397,38,2
85739,2013-09,9,6.8325,34,1
85739,2013-10,11,7.5776,42,1
85739,2013-11,12,8.1084,49,2
85739,2013-12,7,3.3291,22,2
85739,2014-01,13,6.6077,38,3
85739,2014-02,16,9.4557,58,3
85739,2014-03,14,9.6210,53,2
85739,2014-04,13,8.3551,46,1
85739,2014-05,19,12.7986,74,3
85739,2014-06,12,9.6301,52,0
85739,2014-07,11,7.2262,38,2
85739,2014-08,8,7.0729,36,0
85739,2014-09,19,11.1997,65,3
85739,2014-10,24,10.8264,78,7
85739,2014-11,15,12.4677,58,0
85739,2014-12,16,12.9039,63,1
85739,2015-01,19,15.6141,78,0
85739,2015-02,15,12.3663,64,1
85739,2015-03,11,7.0298,37,2
85739,2015-04,14,9.3421,49,2
85739,2015-05,14,10.5140,56,1
85739,2015-06,22,15.5525,83,3
85739,2015-07,13,7.8238,45,2
85739,2015-08,21,12.2072,79,3
85739,2015-09,18,6.0558,51,5
85739,2015-10,19,15.0160,78,1
85739,2015-11,22,14.2657,89,3
85739,2015-12,21,17.9433,86,0
85739,2016-01,16,11.0071,65,3
85739,2016-02,14,6.8225,52,3
85739,2016-03,50,31.7478,183,6
85739,2016-04,18,12.6234,73,2
85739,2016-05,19,11.0268,72,4
85739,2016-06,23,17.1596,96,3
85739,2016-07,19,11.0515,68,3
85739,2016-08,14,10.9508,53,0
85739,2016-09,16,12.1389,61,2
85739,2016-10,15,10.5708,55,2
85739,2016-11,15,7.7023,54,3
85739,2016-12,22,12.1057,77,5
85739,2017-01,18,6.9326,60,5
85739,2017-02,11,6.1038,35,2
85739,2017-03,22,11.9285,58,4
85739,2017-04,21,8.9390,73,5
85739,2017-05,20,13.4665,81,3
85739,2017-06,18,12.2264,70,2
85739,2017-07,23,12.6092,77,5
85739,2017-08,24,9.6586,87,7
85739,2017-09,27,17.0347,103,4
85739,2017-10,25,14.1738,96,5
85739,2017-11,23,15.0387,90,3
85739,2017-12,24,15.5710,89,4
85739,2018-01,33,20.9143,127,5
85739,2018-02,18,15.3922,77,1
85739,2018-03,42,24.1072,159,5
85739,2018-04,26,18.6391,102,3
85739,2018-05,38,24.6994,156,5
85739,2018-06,34,23.4440,136,5
85739,2018-07,28,13.0088,103,6
85739,2018-08,26,8.9405,81,8
85739,2018-09,39,24.2308,144,6
85739,2018-10,35,23.7188,147,5
85739,2018-11,25,14.0111,90,6
85739,2018-12,33,20.8966,137,5
85739,2019-01,29,23.5442,121,2
85739,2019-02,32,25.3582,126,2
85739,2019-03,37,15.5796,119,10
85739,2019-04,24,17.5185,98,2
85739,2019-05,39,28.2378,144,3
85739,2019-06,35,18.9946,132,8
85739,2019-07,26,11.5357,92,6
85739,2019-08,30,17.8642,120,3
85739,2019-09,23,13.0469,80,5
85739,2019-10,18,7.8160,61,5
85739,2019-11,33,15.1456,111,8
85739,2019-12,29,21.7265,114,2
85739,2020-01,25,11.5243,88,7
85739,2020-02,20,16.6535,75,0
85739,2020-03,32,18.8736,123,6
85739,2020-04,21,15.4054,81,3
85739,2020-05,51,26.8714,176,8
85739,2020-06,30,11.9325,106,7
85739,2020-07,39,11.6346,119,13
85739,2020-08,27,12.6791,87,6
85739,2020-09,29,21.7489,122,3
85739,2020-10,36,21.5304,147,7
85739,2020-11,20,4.6359,64,8
85739,2020-12,11,7.0357,46,2
85739,2021-01,30,16.1104,108,5
85739,2021-02,27,14.0940,106,6
85739,2021-03,31,11.6101,98,8
85739,2021-04,38,19.0355,138,10
85739,2021-05,28,4.3851,77,12
85739,2021-06,29,17.5733,115,5
85739,2021-07,19,10.6059,66,4
85739,2021-08,24,7.3822,65,7
85739,2021-09,22,12.6244,77,3
85739,2021-10,23,15.6191,95,2
85739,2021-11,18,5.3078,53,6
85739,2021-12,32,17.5350,119,7
85740,2014-07,1,0.9149,5,0
85740,2014-12,1,0.6990,5,0
85740,2015-10,2,1.7702,10,0
85740,2016-03,1,0.9569,5,0
85740,2016-04,2,-0.0011,7,1
85740,2016-11,1,0.9245,5,0
85740,2017-06,1,0.5434,5,0
85740,2017-10,1,0.9818,5,0
85740,2018-04,1,0.9631,5,0
85740,2018-06,2,1.9607,10,0
85740,2018-07,1,0.8806,1,0
85740,2018-11,1,0.9827,5,0
85740,2019-02,1,0.9464,5,0
85740,2019-04,1,-0.0500,5,1
85740,2019-05,1,0.9807,5,0
85740,2019-06,1,0.9843,5,0
85740,2019-11,1,0.9295,5,0
85740,2020-10,2,1.8881,10,0
85740,2021-05,2,-0.1055,2,1
85740,2021-11,1,0.6414,2,0
85740,2021-12,1,0.8290,5,0
85741,2012-01,66,46.8091,233,7
85741,2012-02,60,35.9664,205,10
85741,2012-03,48,32.3487,163,7
85741,2012-04,44,31.2149,163,4
85741,2012-05,58,33.8924,219,9
85741,2012-06,45,30.0814,171,5
85741,2012-07,59,23.1637,178,14
85741,2012-08,56,34.6898,196,9
85741,2012-09,54,36.3859,208,7
85741,2012-10,40,21.5979,133,7
85741,2012-11,50,26.0873,142,10
85741,2012-12,57,35.9786,189,10
85741,2013-01,72,46.3539,239,11
85741,2013-02,51,22.8669,162,12
85741,2013-03,63,44.3912,230,7
85741,2013-04,58,38.4741,211,9
85741,2013-05,53,24.9257,188,11
85741,2013-06,94,62.3060,327,12
85741,2013-07,65,39.0273,208,10
85741,2013-08,97,59.3365,360,16
85741,2013-09,90,57.1905,324,14
85741,2013-10,84,49.9588,281,13
85741,2013-11,83,43.3611,284,17
85741,2013-12,94,55.5075,327,16
85741,2014-01,103,59.0661,351,19
85741,2014-02,94,58.6696,331,15
85741,2014-03,98,60.3551,326,14
85741,2014-04,112,63.6455,408,18
85741,2014-05,116,71.1842,400,17
85741,2014-06,130,76.5620,461,23
85741,2014-07,119,65.0100,432,22
85741,2014-08,141,84.1621,506,24
85741,2014-09,110,80.2642,425,9
85741,2014-10,100,62.1108,358,12
85741,2014-11,107,63.5281,369,16
85741,2014-12,95,63.4709,348,12
85741,2015-01,128,75.3966,484,21
85741,2015-02,113,70.1912,406,17
85741,2015-03,142,77.3626,487,28
85741,2015-04,131,66.7946,453,29
85741,2015-05,141,82.5042,480,25
85741,2015-06,129,81.9914,465,17
85741,2015-07,146,80.7514,488,26
85741,2015-08,150,64.4130,495,39
85741,2015-09,145,95.3289,553,17
85741,2015-10,140,77.3947,496,23
85741,2015-11,144,90.7825,551,21
85741,2015-12,131,54.3775,417,37
85741,2016-01,118,56.6082,391,25
85741,2016-02,144,84.1549,500,23
85741,2016-03,180,101.1605,612,31
85741,2016-04,174,103.4798,649,30
85741,2016-05,177,107.8416,680,26
85741,2016-06,162,93.3941,573,25
85741,2016-07,177,97.0690,640,34
85741,2016-08,165,84.3896,602,35
85741,2016-09,141,81.4142,508,22
85741,2016-10,139,63.1899,457,34
85741,2016-11,122,52.7244,403,30
85741,2016-12,123,54.8727,392,33
85741,2017-01,159,79.3673,544,33
85741,2017-02,129,71.5478,447,27
85741,2017-03,168,99.1784,593,24
85741,2017-04,191,84.3228,626,46
85741,2017-05,179,101.5659,625,28
85741,2017-06,173,79.8521,577,41
85741,2017-07,209,100.5098,718,48
85741,2017-08,146,75.4123,527,30
85741,2017-09,153,79.0753,513,32
85741,2017-10,154,82.8614,521,26
85741,2017-11,150,87.5715,561,24
85741,2017-12,196,103.3796,722,40
85741,2018-01,227,134.3878,847,39
85741,2018-02,214,112.6825,791,43
85741,2018-03,236,143.5589,874,39
85741,2018-04,219,128.8860,811,39
85741,2018-05,220,116.9550,776,43
85741,2018-06,215,112.3929,782,48
85741,2018-07,245,135.5869,874,43
85741,2018-08,256,124.8798,872,56
85741,2018-09,209,131.3538,796,33
85741,2018-10,184,98.7927,688,39
85741,2018-11,195,115.1297,730,34
85741,2018-12,226,119.5399,790,45
85741,2019-01,226,130.1952,837,41
85741,2019-02,215,120.5635,791,39
85741,2019-03,229,116.1307,792,43
85741,2019-04,204,109.0991,733,39
85741,2019-05,216,107.8315,756,44
85741,2019-06,245,120.1801,856,54
85741,2019-07,284,121.3453,932,72
85741,2019-08,250,129.0283,846,53
85741,2019-09,228,103.1223,752,56
85741,2019-10,200,94.8682,698,48
85741,2019-11,166,79.7062,567,39
85741,2019-12,161,65.8120,534,45
85741,2020-01,192,93.9279,658,44
85741,2020-02,168,85.1520,609,39
85741,2020-03,146,60.8938,467,38
85741,2020-04,102,39.2708,324,26
85741,2020-05,172,73.6479,571,45
85741,2020-06,177,78.6794,614,46
85741,2020-07,137,53.8729,468,36
85741,2020-08,173,78.2803,583,40
85741,2020-09,165,80.6278,575,37
85741,2020-10,155,50.8408,486,50
85741,2020-11,145,80.6564,541,28
85741,2020-12,143,54.0057,485,42
85741,2021-01,153,81.9232,556,30
85741,2021-02,134,59.1400,459,31
85741,2021-03,196,92.1800,692,45
85741,2021-04,155,69.6553,536,38
85741,2021-05,176,84.6943,593,39
85741,2021-06,177,79.1573,591,44
85741,2021-07,172,74.2819,592,40
85741,2021-08,162,55.5718,513,50
85741,2021-09,159,64.1414,490,35
85741,2021-10,156,76.2787,525,34
85741,2021-11,127,53.1624,421,36
85741,2021-12,153,71.0237,538,35
85742,2012-01,6,5.7970,30,0
85742,2012-02,10,8.7846,44,0
85742,2012-03,5,2.9316,15,1
85742,2012-04,5,4.7205,22,0
85742,2012-05,5,3.0205,17,1
85742,2012-06,6,5.4296,27,0
85742,2012-07,7,4.2827,27,1
85742,2012-08,4,3.3331,18,0
85742,2012-09,9,8.1873,41,0
85742,2012-10,7,6.2455,27,0
85742,2012-11,7,6.4627,35,0
85742,2012-12,6,5.8675,28,0
85742,2013-01,6,5.4344,25,0
85742,2013-02,3,0.5800,9,1
85742,2013-03,7,4.1577,22,1
85742,2013-04,9,4.6490,32,2
85742,2013-05,6,5.7232,28,0
85742,2013-06,10,7.6363,42,1
85742,2013-07,16,11.4588,73,1
85742,2013-08,16,13.7436,64,1
85742,2013-09,7,3.5602,28,2
85742,2013-10,8,1.9632,22,3
85742,2013-11,14,6.4815,46,4
85742,2013-12,12,4.3775,37,3
85742,2014-01,10,7.4768,38,1
85742,2014-02,15,11.4692,64,1
85742,2014-03,13,8.1891,50,2
85742,2014-04,8,4.5760,34,1
85742,2014-05,11,9.5884,52,0
85742,2014-06,10,7.6592,44,1
85742,2014-07,11,7.7594,45,0
85742,2014-08,19,13.0661,61,2
85742,2014-09,13,6.5807,49,3
85742,2014-10,14,9.0269,48,2
85742,2014-11,21,14.3003,80,4
85742,2014-12,15,9.5645,58,2
85742,2015-01,11,8.5965,48,1
85742,2015-02,12,2.9596,41,4
85742,2015-03,19,11.8418,63,4
85742,2015-04,19,12.8998,79,2
85742,2015-05,21,14.2572,89,2
85742,2015-06,19,12.2184,83,3
85742,2015-07,16,12.9777,73,1
85742,2015-08,21,11.1301,77,5
85742,2015-09,21,14.5242,88,2
85742,2015-10,23,12.7985,77,6
85742,2015-11,19,15.6364,81,0
85742,2015-12,13,7.0259,38,2
85742,2016-01,14,4.3160,48,5
85742,2016-02,21,13.0619,76,3
85742,2016-03,13,8.5887,59,2
85742,2016-04,19,13.3685,85,2
85742,2016-05,34,21.4265,139,5
85742,2016-06,17,12.4322,56,1
85742,2016-07,19,12.6745,81,3
85742,2016-08,27,19.4807,115,2
85742,2016-09,19,14.6440,74,2
85742,2016-10,23,19.2930,99,0
85742,2016-11,14,8.4379,56,2
85742,2016-12,16,8.4938,65,3
85742,2017-01,18,7.5173,63,5
85742,2017-02,16,14.6835,74,0
85742,2017-03,34,28.3674,150,1
85742,2017-04,38,29.6117,169,2
85742,2017-05,31,13.2994,117,8
85742,2017-06,33,23.4898,135,4
85742,2017-07,33,20.9114,129,4
85742,2017-08,25,16.3253,100,4
85742,2017-09,34,23.6035,136,4
85742,2017-10,29,12.1225,102,8
85742,2017-11,19,10.3348,71,4
85742,2017-12,32,23.4643,134,3
85742,2018-01,33,20.1886,122,4
85742,2018-02,25,10.9005,90,7
85742,2018-03,33,20.3806,139,5
85742,2018-04,19,8.1729,55,5
85742,2018-05,31,14.4005,105,7
85742,2018-06,32,16.0117,120,8
85742,2018-07,65,43.8740,244,8
85742,2018-08,40,24.0367,156,6
85742,2018-09,26,13.7515,99,5
85742,2018-10,33,24.8477,131,2
85742,2018-11,31,21.9586,137,3
85742,2018-12,45,26.1958,176,8
85742,2019-01,34,24.1520,133,4
85742,2019-02,58,40.5243,236,7
85742,2019-03,54,33.6073,205,8
85742,2019-04,36,23.3001,145,6
85742,2019-05,36,24.8738,146,4
85742,2019-06,36,25.3233,149,4
85742,2019-07,37,16.1314,135,10
85742,2019-08,57,32.1571,212,10
85742,2019-09,34,23.0136,141,4
85742,2019-10,25,17.9708,106,3
85742,2019-11,35,15.9349,123,9
85742,2019-12,25,12.7844,94,5
85742,2020-01,41,26.2329,155,5
85742,2020-02,43,18.8793,155,11
85742,2020-03,35,22.5337,147,6
85742,2020-04,16,12.4479,70,1
85742,2020-05,23,14.4759,95,3
85742,2020-06,29,16.7181,104,6
85742,2020-07,29,10.9487,100,10
85742,2020-08,37,16.7227,140,9
85742,2020-09,35,20.2368,134,6
85742,2020-10,29,16.9923,104,6
85742,2020-11,36,23.5438,152,6
85742,2020-12,33,19.8812,138,4
85742,2021-01,30,18.1733,107,4
85742,2021-02,24,17.3194,96,1
85742,2021-03,23,15.0045,100,2
85742,2021-04,32,14.3524,110,6
85742,2021-05,33,14.8647,123,7
85742,2021-06,36,20.9806,137,7
85742,2021-07,31,19.6900,124,4
85742,2021-08,32,14.9441,112,8
85742,2021-09,41,24.3457,151,6
85742,2021-10,34,16.2265,130,6
85742,2021-11,21,9.4519,81,4
85742,2021-12,37,14.0764,118,11
85743,2012-01,35,26.4111,127,3
85743,2012-02,29,20.7108,111,3
85743,2012-03,25,19.1585,94,2
85743,2012-04,37,21.6758,132,6
85743,2012-05,33,22.7679,131,4
85743,2012-06,30,18.7515,118,5
85743,2012-07,24,15.0190,87,4
85743,2012-08,27,14.3038,92,5
85743,2012-09,21,12.9758,76,3
85743,2012-10,20,15.8580,85,1
85743,2012-11,20,14.9809,81,2
85743,2012-12,21,9.9735,64,5
85743,2013-01,38,21.0157,125,8
85743,2013-02,19,13.3557,77,2
85743,2013-03,30,17.7802,114,6
85743,2013-04,30,19.1521,103,5
85743,2013-05,27,20.3578,97,3
85743,2013-06,28,11.6619,92,7
85743,2013-07,32,19.4017,104,6
85743,2013-08,38,16.2310,127,9
85743,2013-09,34,16.7510,124,9
85743,2013-10,32,15.9735,111,8
85743,2013-11,51,29.8412,173,10
85743,2013-12,33,15.7564,105,8
85743,2014-01,45,24.5103,167,9
85743,2014-02,37,20.4905,123,7
85743,2014-03,41,15.9940,131,11
85743,2014-04,39,26.1815,141,5
85743,2014-05,49,30.7825,181,8
85743,2014-06,48,22.9851,160,10
85743,2014-07,52,29.3697,179,10
85743,2014-08,55,27.2101,186,13
85743,2014-09,42,16.1921,139,12
85743,2014-10,42,23.4975,163,7
85743,2014-11,45,26.3695,161,9
85743,2014-12,69,33.8768,245,14
85743,2015-01,53,29.7944,194,10
85743,2015-02,65,35.6307,218,12
85743,2015-03,79,48.8644,276,14
85743,2015-04,62,40.0909,237,11
85743,2015-05,54,24.6686,194,12
85743,2015-06,75,50.9631,262,9
85743,2015-07,59,21.2253,192,20
85743,2015-08,83,50.5434,317,12
85743,2015-09,68,43.8584,263,9
85743,2015-10,62,29.7683,192,13
85743,2015-11,47,29.4952,170,6
85743,2015-12,73,37.4095,269,15
85743,2016-01,77,43.7505,269,15
85743,2016-02,66,33.9078,218,15
85743,2016-03,77,39.9994,265,17
85743,2016-04,79,47.0832,290,11
85743,2016-05,78,35.1671,263,19
85743,2016-06,84,48.7244,317,14
85743,2016-07,89,48.5310,304,18
85743,2016-08,76,34.7313,260,20
85743,2016-09,62,28.4562,212,15
85743,2016-10,73,34.5357,239,20
85743,2016-11,61,30.3547,210,13
85743,2016-12,58,35.7572,211,9
85743,2017-01,92,50.2562,346,16
85743,2017-02,96,54.8972,340,19
85743,2017-03,87,56.4183,309,10
85743,2017-04,97,70.0344,373,10
85743,2017-05,71,39.3065,251,15
85743,2017-06,93,45.7256,333,19
85743,2017-07,95,52.4087,330,20
85743,2017-08,83,54.6408,313,10
85743,2017-09,94,51.0489,321,18
85743,2017-10,113,54.2759,385,27
85743,2017-11,92,55.0776,337,16
85743,2017-12,73,38.9949,253,14
85743,2018-01,131,75.1090,487,22
85743,2018-02,109,64.9398,404,19
85743,2018-03,106,58.5299,348,19
85743,2018-04,105,47.7925,359,26
85743,2018-05,123,57.4400,421,28
85743,2018-06,122,75.4369,464,18
85743,2018-07,121,75.9991,448,16
85743,2018-08,96,40.9570,315,26
85743,2018-09,94,54.8028,345,17
85743,2018-10,90,41.4775,299,21
85743,2018-11,77,42.0091,293,17
85743,2018-12,98,61.7344,370,13
85743,2019-01,118,64.8400,423,20
85743,2019-02,122,61.8457,435,26
85743,2019-03,132,52.6911,435,35
85743,2019-04,94,51.8208,329,16
85743,2019-05,93,49.5004,351,20
85743,2019-06,103,49.3179,354,22
85743,2019-07,90,38.4641,291,21
85743,2019-08,107,40.9388,336,30
85743,2019-09,77,33.5637,253,19
85743,2019-10,96,52.8622,344,19
85743,2019-11,67,33.7003,239,16
85743,2019-12,83,55.3655,318,9
85743,2020-01,88,40.1331,292,23
85743,2020-02,78,38.0596,260,17
85743,2020-03,63,36.9253,235,11
85743,2020-04,70,44.4193,257,11
85743,2020-05,83,44.2991,278,17
85743,2020-06,74,33.8761,243,18
85743,2020-07,80,43.7998,301,16
85743,2020-08,67,41.6851,268,12
85743,2020-09,73,34.3069,239,19
85743,2020-10,78,41.4578,288,16
85743,2020-11,66,33.4511,219,12
85743,2020-12,56,28.3245,185,11
85743,2021-01,66,33.8326,233,15
85743,2021-02,49,24.9146,172,9
85743,2021-03,83,45.1095,308,15
85743,2021-04,87,34.1926,268,25
85743,2021-05,76,32.3627,232,19
85743,2021-06,77,41.6386,242,15
85743,2021-07,73,33.2320,243,18
85743,2021-08,82,24.2264,248,27
85743,2021-09,53,12.6161,152,20
85743,2021-10,73,31.8301,255,20
85743,2021-11,85,40.6599,297,20
85743,2021-12,85,31.2623,280,26
85745,2012-01,31,23.1321,113,2
85745,2012-02,46,34.3972,186,4
85745,2012-03,44,32.5737,170,4
85745,2012-04,38,31.6412,138,2
85745,2012-05,38,29.0192,142,2
85745,2012-06,52,36.4718,203,5
85745,2012-07,29,16.3996,106,5
85745,2012-08,39,29.3783,144,3
85745,2012-09,39,24.4697,137,6
85745,2012-10,40,26.6936,142,5
85745,2012-11,47,29.8577,180,9
85745,2012-12,28,22.3002,105,2
85745,2013-01,40,29.3943,151,4
85745,2013-02,43,30.5409,169,2
85745,2013-03,37,24.0734,129,5
85745,2013-04,46,32.3007,154,5
85745,2013-05,56,33.0296,195,10
85745,2013-06,41,27.2685,153,4
85745,2013-07,36,22.2724,129,5
85745,2013-08,54,35.9135,199,7
85745,2013-09,47,35.8007,172,2
85745,2013-10,40,26.6754,150,4
85745,2013-11,48,34.6195,188,5
85745,2013-12,44,30.9343,158,5
85745,2014-01,78,57.9549,300,7
85745,2014-02,62,44.1806,234,6
85745,2014-03,80,33.5785,272,23
85745,2014-04,77,56.0621,279,9
85745,2014-05,73,48.1048,290,9
85745,2014-06,75,51.2233,282,10
85745,2014-07,85,48.9943,297,18
85745,2014-08,105,73.6504,391,12
85745,2014-09,80,47.5159,301,14
85745,2014-10,68,47.3222,257,7
85745,2014-11,68,42.7429,250,10
85745,2014-12,85,61.8451,320,5
85745,2015-01,76,54.6470,297,8
85745,2015-02,107,66.3178,406,16
85745,2015-03,100,63.7782,387,13
85745,2015-04,92,63.8000,364,10
85745,2015-05,100,65.3609,365,15
85745,2015-06,102,62.6645,371,15
85745,2015-07,122,81.9530,462,13
85745,2015-08,132,97.1927,545,12
85745,2015-09,88,53.9467,321,14
85745,2015-10,105,75.1373,417,11
85745,2015-11,88,61.7917,355,10
85745,2015-12,83,56.3918,325,12
85745,2016-01,100,65.3732,369,13
85745,2016-02,138,93.8675,534,15
85745,2016-03,94,54.9147,338,16
85745,2016-04,113,62.7128,407,23
85745,2016-05,91,58.8784,344,12
85745,2016-06,88,48.0753,326,16
85745,2016-07,95,58.1076,348,14
85745,2016-08,104,49.9762,353,24
85745,2016-09,87,52.1952,330,16
85745,2016-10,98,48.5772,345,24
85745,2016-11,83,48.8604,322,14
85745,2016-12,96,58.1991,353,13
85745,2017-01,107,67.3313,390,14
85745,2017-02,98,61.7722,368,16
85745,2017-03,106,61.3752,381,19
85745,2017-04,120,74.5695,431,18
85745,2017-05,105,62.6540,405,20
85745,2017-06,145,98.4919,570,17
85745,2017-07,115,65.5232,400,23
85745,2017-08,108,59.5977,378,20
85745,2017-09,125,74.9512,476,18
85745,2017-10,126,73.0938,450,22
85745,2017-11,119,69.1239,429,23
85745,2017-12,125,75.3028,452,20
85745,2018-01,137,82.7134,520,22
85745,2018-02,161,91.3429,588,30
85745,2018-03,140,82.7212,508,20
85745,2018-04,149,90.4302,558,26
85745,2018-05,133,92.1844,509,12
85745,2018-06,133,86.6643,501,16
85745,2018-07,145,92.1819,549,21
85745,2018-08,168,93.5549,650,33
85745,2018-09,124,86.6314,492,16
85745,2018-10,145,85.4669,540,25
85745,2018-11,163,93.3701,612,30
85745,2018-12,126,72.8114,446,22
85745,2019-01,146,86.9446,564,25
85745,2019-02,161,91.7900,594,30
85745,2019-03,234,151.4520,871,33
85745,2019-04,164,93.9350,623,32
85745,2019-05,127,78.1461,483,18
85745,2019-06,144,91.0141,565,20
85745,2019-07,129,70.5575,475,25
85745,2019-08,181,95.9009,656,37
85745,2019-09,158,93.1904,609,24
85745,2019-10,111,61.8689,396,19
85745,2019-11,112,62.1852,401,20
85745,2019-12,143,86.4855,547,21
85745,2020-01,160,104.1282,629,23
85745,2020-02,173,111.3743,680,26
85745,2020-03,105,66.3496,398,14
85745,2020-04,84,40.2418,312,20
85745,2020-05,95,57.5423,361,15
85745,2020-06,99,55.9894,383,19
85745,2020-07,126,65.6150,470,26
85745,2020-08,124,59.7893,417,26
85745,2020-09,109,62.3063,404,18
85745,2020-10,131,63.7745,453,30
85745,2020-11,84,45.3627,320,17
85745,2020-12,111,59.8382,402,21
85745,2021-01,118,73.3226,471,19
85745,2021-02,132,96.8971,529,14
85745,2021-03,149,60.1221,493,41
85745,2021-04,165,86.9557,601,28
85745,2021-05,141,71.7481,495,31
85745,2021-06,114,58.4629,414,23
85745,2021-07,144,61.4138,487,35
85745,2021-08,130,73.0358,483,27
85745,2021-09,120,58.9344,451,26
85745,2021-10,105,52.5460,346,22
85745,2021-11,108,56.1296,365,20
85745,2021-12,101,46.7309,344,22
85746,2012-01,8,2.9114,28,2
85746,2012-02,7,4.2899,23,1
85746,2012-03,13,10.3932,49,0
85746,2012-04,6,3.8699,23,1
85746,2012-05,8,4.6571,25,1
85746,2012-06,6,3.6737,19,1
85746,2012-07,1,-0.7955,1,1
85746,2012-08,7,3.8794,19,1
85746,2012-09,6,3.5699,28,1
85746,2012-10,5,3.2320,17,1
85746,2012-11,4,3.7249,11,0
85746,2012-12,5,4.1691,17,0
85746,2013-01,8,3.9573,25,1
85746,2013-02,4,1.7104,16,1
85746,2013-03,11,3.1951,36,3
85746,2013-04,3,1.7058,11,1
85746,2013-05,5,0.3728,16,2
85746,2013-06,13,4.8584,41,3
85746,2013-07,6,-0.9029,13,4
85746,2013-08,8,1.9253,19,3
85746,2013-09,12,5.1032,39,3
85746,2013-10,4,3.3346,15,0
85746,2013-11,9,3.1836,29,3
85746,2013-12,18,9.9821,57,3
85746,2014-01,19,7.9427,59,4
85746,2014-02,15,6.0341,41,4
85746,2014-03,27,16.7123,89,4
85746,2014-04,13,6.0536,48,3
85746,2014-05,21,8.6655,72,5
85746,2014-06,13,2.5083,32,5
85746,2014-07,15,8.1277,55,3
85746,2014-08,7,2.8086,25,2
85746,2014-09,12,2.5382,38,5
85746,2014-10,14,8.2847,42,2
85746,2014-11,8,5.1584,25,1
85746,2014-12,33,17.8875,109,6
85746,2015-01,18,9.6834,58,3
85746,2015-02,15,8.1737,54,3
85746,2015-03,23,12.8755,64,4
85746,2015-04,20,6.4922,58,8
85746,2015-05,23,7.4241,60,6
85746,2015-06,18,9.6545,50,3
85746,2015-07,26,10.6045,86,7
85746,2015-08,28,15.6786,100,5
85746,2015-09,16,3.7400,42,5
85746,2015-10,17,8.0785,48,4
85746,2015-11,13,7.8227,44,3
85746,2015-12,11,5.1465,37,2
85746,2016-01,19,9.3012,65,4
85746,2016-02,34,7.7374,105,13
85746,2016-03,16,7.3873,46,4
85746,2016-04,22,4.8723,64,10
85746,2016-05,23,10.6063,78,7
85746,2016-06,33,8.2543,99,11
85746,2016-07,31,13.1243,95,8
85746,2016-08,27,9.1605,71,8
85746,2016-09,28,6.8296,77,10
85746,2016-10,15,5.4190,43,4
85746,2016-11,19,10.8881,61,4
85746,2016-12,20,5.0810,63,6
85746,2017-01,29,8.0688,93,10
85746,2017-02,20,7.0724,57,6
85746,2017-03,23,14.6153,72,3
85746,2017-04,20,5.7916,58,8
85746,2017-05,18,9.9798,67,5
85746,2017-06,34,13.8543,121,8
85746,2017-07,35,19.6455,132,7
85746,2017-08,24,9.7429,72,6
85746,2017-09,27,10.3454,90,8
85746,2017-10,29,13.2816,86,8
85746,2017-11,25,3.7099,69,10
85746,2017-12,16,4.1653,43,5
85746,2018-01,26,8.4632,76,9
85746,2018-02,24,14.3485,72,3
85746,2018-03,32,12.1436,92,7
85746,2018-04,33,13.7644,115,9
85746,2018-05,48,13.1188,148,15
85746,2018-06,32,13.6926,98,9
85746,2018-07,31,9.0201,94,11
85746,2018-08,39,4.1438,108,17
85746,2018-09,37,8.4234,102,15
85746,2018-10,30,12.7614,86,9
85746,2018-11,26,7.0779,73,8
85746,2018-12,30,5.5923,84,12
85746,2019-01,36,11.3570,107,12
85746,2019-02,36,7.4802,113,13
85746,2019-03,52,12.1644,127,20
85746,2019-04,38,14.8749,115,11
85746,2019-05,48,16.3043,148,18
85746,2019-06,27,10.2129,83,7
85746,2019-07,31,11.1764,93,9
85746,2019-08,44,17.3806,124,13
85746,2019-09,38,16.6138,129,9
85746,2019-10,40,13.1348,129,12
85746,2019-11,41,12.6427,122,14
85746,2019-12,37,9.4227,106,14
85746,2020-01,32,12.5986,110,9
85746,2020-02,29,7.4587,81,11
85746,2020-03,23,5.5985,72,8
85746,2020-04,17,4.8988,51,6
85746,2020-05,24,6.0667,82,7
85746,2020-06,24,0.7920,53,12
85746,2020-07,23,0.9878,55,12
85746,2020-08,30,12.6360,89,8
85746,2020-09,28,-0.2271,63,13
85746,2020-10,32,3.6755,66,14
85746,2020-11,23,10.8013,76,4
85746,2020-12,25,7.9429,76,10
85746,2021-01,32,10.4693,94,9
85746,2021-02,37,16.9712,124,8
85746,2021-03,44,17.9817,141,11
85746,2021-04,27,2.8263,70,13
85746,2021-05,33,11.7116,107,10
85746,2021-06,29,11.0823,93,6
85746,2021-07,32,12.9950,104,9
85746,2021-08,27,3.6958,79,11
85746,2021-09,25,5.6616,62,9
85746,2021-10,32,0.2738,77,15
85746,2021-11,25,7.9268,77,8
85746,2021-12,38,10.1792,112,16
85747,2012-01,23,18.4993,96,1
85747,2012-02,10,7.7752,46,1
85747,2012-03,10,5.1528,39,2
85747,2012-04,11,5.9116,38,2
85747,2012-05,4,2.8193,17,1
85747,2012-06,11,9.9065,53,0
85747,2012-07,28,20.3845,101,3
85747,2012-08,22,17.5479,81,2
85747,2012-09,15,10.3226,52,3
85747,2012-10,19,15.1359,68,1
85747,2012-11,16,9.8949,54,2
85747,2012-12,12,7.6881,44,2
85747,2013-01,26,19.1796,102,3
85747,2013-02,16,7.3446,57,5
85747,2013-03,25,19.6988,90,2
85747,2013-04,21,17.9645,85,0
85747,2013-05,27,17.4077,89,4
85747,2013-06,30,21.7022,128,4
85747,2013-07,30,21.8475,118,3
85747,2013-08,32,22.7701,121,3
85747,2013-09,25,14.0145,90,4
85747,2013-10,36,25.2429,134,5
85747,2013-11,20,12.2121,71,3
85747,2013-12,25,14.8128,100,4
85747,2014-01,32,19.1906,118,5
85747,2014-02,25,12.5769,67,5
85747,2014-03,33,17.4333,122,5
85747,2014-04,29,15.2463,100,6
85747,2014-05,26,14.0732,100,5
85747,2014-06,25,17.6875,85,3
85747,2014-07,39,19.5094,142,9
85747,2014-08,38,25.1207,130,4
85747,2014-09,37,27.4206,125,3
85747,2014-10,32,15.2878,118,7
85747,2014-11,38,16.1409,139,10
85747,2014-12,43,26.3362,147,6
85747,2015-01,37,25.8773,144,4
85747,2015-02,37,23.8535,121,3
85747,2015-03,48,32.5989,184,6
85747,2015-04,40,29.2731,157,4
85747,2015-05,47,31.2391,181,6
85747,2015-06,51,41.0275,199,3
85747,2015-07,57,38.1763,206,8
85747,2015-08,44,26.8548,154,8
85747,2015-09,50,24.8725,164,12
85747,2015-10,47,31.0777,163,6
85747,2015-11,40,26.8017,150,4
85747,2015-12,33,18.1621,120,7
85747,2016-01,58,31.2433,211,11
85747,2016-02,58,28.2218,192,14
85747,2016-03,66,39.8026,245,12
85747,2016-04,91,47.9289,297,16
85747,2016-05,94,39.7660,321,26
85747,2016-06,66,52.6105,260,4
85747,2016-07,72,49.1792,271,9
85747,2016-08,42,29.4142,148,4
85747,2016-09,52,26.2615,168,10
85747,2016-10,57,36.5312,230,8
85747,2016-11,54,26.7621,181,13
85747,2016-12,31,12.7449,104,8
85747,2017-01,57,27.5733,196,14
85747,2017-02,51,25.9285,177,13
85747,2017-03,69,33.5303,251,15
85747,2017-04,63,35.4078,209,10
85747,2017-05,49,27.0983,163,8
85747,2017-06,71,34.1448,249,16
85747,2017-07,48,26.9281,180,9
85747,2017-08,54,24.9515,214,14
85747,2017-09,65,33.2019,218,13
85747,2017-10,69,35.4355,232,14
85747,2017-11,59,28.2788,196,14
85747,2017-12,56,32.2129,206,10
85747,2018-01,77,52.4195,286,9
85747,2018-02,74,44.1680,257,12
85747,2018-03,95,55.4549,351,16
85747,2018-04,78,34.9542,257,17
85747,2018-05,61,29.2255,208,13
85747,2018-06,65,37.5737,233,11
85747,2018-07,91,43.7334,280,20
85747,2018-08,88,50.2268,315,14
85747,2018-09,85,51.3103,303,11
85747,2018-10,104,62.9483,396,17
85747,2018-11,70,51.3969,283,6
85747,2018-12,85,47.6905,301,16
85747,2019-01,94,51.9670,324,18
85747,2019-02,95,41.9042,324,22
85747,2019-03,106,58.8444,375,20
85747,2019-04,85,45.5835,287,15
85747,2019-05,113,61.6993,399,22
85747,2019-06,131,74.8899,458,23
85747,2019-07,97,42.9327,332,23
85747,2019-08,71,47.2017,272,7
85747,2019-09,87,52.9977,332,14
85747,2019-10,75,41.0286,270,15
85747,2019-11,66,31.3966,220,15
85747,2019-12,74,44.3104,258,13
85747,2020-01,88,40.8281,299,21
85747,2020-02,77,33.2360,273,20
85747,2020-03,75,36.5944,259,17
85747,2020-04,43,19.9974,138,11
85747,2020-05,51,24.5243,154,12
85747,2020-06,54,22.9153,189,14
85747,2020-07,55,31.4810,209,11
85747,2020-08,60,31.0755,200,12
85747,2020-09,69,34.7061,254,15
85747,2020-10,79,37.1610,273,17
85747,2020-11,41,21.3965,146,8
85747,2020-12,49,18.3081,149,15
85747,2021-01,72,32.8732,249,17
85747,2021-02,41,20.2292,138,12
85747,2021-03,61,34.0019,205,10
85747,2021-04,66,17.4751,184,24
85747,2021-05,66,27.5174,210,16
85747,2021-06,50,22.3630,168,13
85747,2021-07,55,30.0824,214,11
85747,2021-08,73,24.9340,228,22
85747,2021-09,62,18.0177,180,22
85747,2021-10,59,24.2297,189,18
85747,2021-11,64,22.0999,187,19
85747,2021-12,63,24.4242,213,18
85748,2012-01,21,16.4140,78,2
85748,2012-02,22,14.2028,82,2
85748,2012-03,19,12.2356,67,2
85748,2012-04,7,4.6164,28,1
85748,2012-05,8,3.9446,30,2
85748,2012-06,11,7.6038,39,1
85748,2012-07,14,6.6187,41,3
85748,2012-08,8,3.9416,32,2
85748,2012-09,6,3.0565,14,0
85748,2012-10,14,5.9607,44,4
85748,2012-11,9,1.0890,25,4
85748,2012-12,7,1.9102,28,3
85748,2013-01,13,6.3223,48,3
85748,2013-02,5,1.7505,14,1
85748,2013-03,10,1.9828,27,3
85748,2013-04,13,4.9443,38,4
85748,2013-05,10,1.6831,27,4
85748,2013-06,11,7.6360,36,1
85748,2013-07,7,3.4453,25,2
85748,2013-08,12,6.6518,38,2
85748,2013-09,11,4.5638,32,3
85748,2013-10,24,14.0102,82,4
85748,2013-11,19,9.7702,65,3
85748,2013-12,10,7.7916,37,1
85748,2014-01,18,1.2499,38,8
85748,2014-02,21,14.7491,71,2
85748,2014-03,29,18.9109,109,4
85748,2014-04,26,15.2575,93,5
85748,2014-05,25,13.7327,90,5
85748,2014-06,20,14.1918,73,2
85748,2014-07,31,15.7032,118,6
85748,2014-08,36,31.2239,148,1
85748,2014-09,19,14.0540,75,2
85748,2014-10,25,19.4113,104,2
85748,2014-11,24,18.2148,105,2
85748,2014-12,39,24.1870,138,5
85748,2015-01,28,17.1003,102,5
85748,2015-02,22,17.9806,92,1
85748,2015-03,41,23.6100,154,6
85748,2015-04,32,21.3084,116,4
85748,2015-05,27,20.1263,100,2
85748,2015-06,32,22.7958,142,4
85748,2015-07,31,16.3146,125,6
85748,2015-08,36,26.0360,147,3
85748,2015-09,35,21.3351,119,4
85748,2015-10,35,22.9009,143,5
85748,2015-11,37,24.0613,151,4
85748,2015-12,24,15.4639,92,2
85748,2016-01,20,12.5372,81,4
85748,2016-02,35,18.4657,122,8
85748,2016-03,42,28.0117,154,4
85748,2016-04,52,34.6608,206,7
85748,2016-05,32,14.5497,110,8
85748,2016-06,39,24.6275,125,6
85748,2016-07,33,13.4741,111,9
85748,2016-08,33,24.7035,133,3
85748,2016-09,36,21.5237,135,6
85748,2016-10,40,23.6236,154,6
85748,2016-11,27,16.1948,108,4
85748,2016-12,45,25.2701,168,9
85748,2017-01,28,16.4966,101,3
85748,2017-02,32,17.4205,105,5
85748,2017-03,39,20.3795,133,7
85748,2017-04,44,26.5753,149,8
85748,2017-05,36,25.8988,136,4
85748,2017-06,36,22.0118,123,5
85748,2017-07,34,16.2222,129,8
85748,2017-08,20,11.6681,74,3
85748,2017-09,35,19.5415,135,7
85748,2017-10,53,31.8917,191,9
85748,2017-11,39,23.9400,140,7
85748,2017-12,27,12.3925,84,6
85748,2018-01,42,24.5844,163,9
85748,2018-02,52,35.3925,194,6
85748,2018-03,62,39.4900,232,7
85748,2018-04,45,23.7100,157,7
85748,2018-05,49,32.3430,206,4
85748,2018-06,44,25.6331,161,9
85748,2018-07,47,32.7088,187,5
85748,2018-08,43,25.2251,167,8
85748,2018-09,44,19.6911,148,9
85748,2018-10,33,17.5102,112,7
85748,2018-11,56,42.4073,215,3
85748,2018-12,64,28.3227,219,17
85748,2019-01,51,35.6065,205,5
85748,2019-02,44,24.9054,156,9
85748,2019-03,46,13.0442,147,18
85748,2019-04,51,28.3933,192,9
85748,2019-05,50,27.0039,185,8
85748,2019-06,46,27.5692,160,9
85748,2019-07,51,32.1969,207,8
85748,2019-08,46,27.8873,173,9
85748,2019-09,39,19.2891,141,7
85748,2019-10,28,13.7227,97,6
85748,2019-11,34,11.8276,113,11
85748,2019-12,48,26.5859,178,10
85748,2020-01,35,24.6055,136,4
85748,2020-02,43,30.4475,158,6
85748,2020-03,34,18.5275,126,6
85748,2020-04,18,6.9070,62,5
85748,2020-05,32,21.3960,125,5
85748,2020-06,32,14.4369,105,7
85748,2020-07,37,16.7685,125,8
85748,2020-08,29,10.9700,106,7
85748,2020-09,38,19.8653,127,7
85748,2020-10,23,12.9655,82,4
85748,2020-11,24,8.6506,81,7
85748,2020-12,29,15.6841,112,6
85748,2021-01,20,8.9981,76,5
85748,2021-02,26,7.3646,80,8
85748,2021-03,33,17.6774,118,7
85748,2021-04,29,9.8184,94,7
85748,2021-05,29,10.6404,92,10
85748,2021-06,25,7.2910,81,8
85748,2021-07,39,20.4228,146,9
85748,2021-08,28,14.3582,88,5
85748,2021-09,26,9.1491,83,9
85748,2021-10,19,4.7740,67,6
85748,2021-11,27,9.5499,77,8
85748,2021-12,41,28.1991,153,5
85749,2012-01,11,7.6526,41,2
85749,2012-02,14,9.2250,52,2
85749,2012-03,11,8.3607,46,1
85749,2012-04,10,8.0758,41,0
85749,2012-05,7,5.8081,28,0
85749,2012-06,7,3.2473,23,2
85749,2012-07,6,5.1875,24,0
85749,2012-08,8,7.3931,35,0
85749,2012-09,6,2.4326,19,2
85749,2012-10,6,3.0010,22,1
85749,2012-11,7,5.7942,24,0
85749,2012-12,10,6.4381,37,2
85749,2013-01,15,10.8635,60,2
85749,2013-02,16,13.6463,67,0
85749,2013-03,16,10.8274,63,2
85749,2013-04,9,2.9703,33,3
85749,2013-05,6,1.9267,11,2
85749,2013-06,9,6.8041,34,1
85749,2013-07,14,8.6879,43,2
85749,2013-08,11,8.1918,44,1
85749,2013-09,12,9.0374,48,2
85749,2013-10,17,7.5765,65,5
85749,2013-11,13,8.8547,44,1
85749,2013-12,14,9.1771,53,2
85749,2014-01,26,15.1218,99,6
85749,2014-02,12,7.9344,44,2
85749,2014-03,25,20.1178,97,1
85749,2014-04,17,11.0964,67,2
85749,2014-05,13,4.0958,39,4
85749,2014-06,10,5.0503,36,2
85749,2014-07,23,13.0268,84,3
85749,2014-08,20,10.7912,67,3
85749,2014-09,22,14.2832,92,3
85749,2014-10,13,5.0205,41,4
85749,2014-11,12,5.5020,43,3
85749,2014-12,19,10.0759,68,4
85749,2015-01,24,16.4734,92,2
85749,2015-02,42,20.0182,122,11
85749,2015-03,27,19.3814,99,3
85749,2015-04,27,15.8403,107,5
85749,2015-05,20,13.4774,78,3
85749,2015-06,26,20.7253,105,1
85749,2015-07,26,13.2919,88,5
85749,2015-08,28,21.0514,109,3
85749,2015-09,28,23.1918,121,0
85749,2015-10,26,17.5140,110,4
85749,2015-11,23,14.7577,87,4
85749,2015-12,19,14.3224,80,2
85749,2016-01,20,16.6832,82,0
85749,2016-02,24,16.7855,94,3
85749,2016-03,29,18.1655,113,4
85749,2016-04,24,19.0704,100,2
85749,2016-05,32,20.6557,126,5
85749,2016-06,35,20.8451,126,7
85749,2016-07,20,13.5964,84,2
85749,2016-08,24,15.8509,87,2
85749,2016-09,20,14.1930,80,2
85749,2016-10,42,35.4781,187,1
85749,2016-11,34,24.2547,138,4
85749,2016-12,33,19.8707,115,7
85749,2017-01,37,29.0005,152,2
85749,2017-02,27,20.7082,111,3
85749,2017-03,29,22.7601,120,0
85749,2017-04,31,18.9185,116,4
85749,2017-05,41,26.9730,146,7
85749,2017-06,35,24.9353,140,3
85749,2017-07,44,28.9156,152,6
85749,2017-08,35,17.0220,125,10
85749,2017-09,38,24.9748,159,5
85749,2017-10,32,18.5718,120,7
85749,2017-11,27,18.1118,109,2
85749,2017-12,24,9.5499,86,7
85749,2018-01,20,9.1860,72,5
85749,2018-02,25,14.1877,103,5
85749,2018-03,34,17.9627,118,7
85749,2018-04,38,22.4841,149,7
85749,2018-05,43,28.1571,176,7
85749,2018-06,34,28.0400,150,2
85749,2018-07,36,24.1045,137,5
85749,2018-08,34,19.0355,124,6
85749,2018-09,38,21.6366,124,7
85749,2018-10,25,15.4068,95,3
85749,2018-11,31,25.0339,123,1
85749,2018-12,34,17.1276,125,7
85749,2019-01,35,18.8004,124,7
85749,2019-02,23,16.4877,93,1
85749,2019-03,29,19.3012,114,4
85749,2019-04,32,22.8027,126,3
85749,2019-05,33,16.3897,108,8
85749,2019-06,31,17.9579,125,6
85749,2019-07,26,11.0340,97,6
85749,2019-08,41,24.0106,157,7
85749,2019-09,26,18.0071,95,2
85749,2019-10,35,27.7740,139,3
85749,2019-11,19,9.3690,67,3
85749,2019-12,21,16.4689,76,1
85749,2020-01,22,12.1586,83,4
85749,2020-02,18,8.2294,59,3
85749,2020-03,25,19.3245,105,2
85749,2020-04,20,16.5817,94,1
85749,2020-05,19,13.6492,79,1
85749,2020-06,18,8.2235,54,5
85749,2020-07,16,9.9004,64,2
85749,2020-08,24,16.7454,101,3
85749,2020-09,13,8.9546,55,1
85749,2020-10,25,14.8513,96,4
85749,2020-11,29,19.9130,100,2
85749,2020-12,23,15.1235,94,3
85749,2021-01,16,10.6164,65,2
85749,2021-02,18,9.2254,77,4
85749,2021-03,26,20.5263,107,1
85749,2021-04,35,17.5436,128,8
85749,2021-05,41,32.4120,162,2
85749,2021-06,44,34.5233,177,2
85749,2021-07,52,36.7546,216,6
85749,2021-08,43,24.1748,160,9
85749,2021-09,35,23.5987,134,5
85749,2021-10,33,13.5873,106,9
85749,2021-11,30,17.6239,98,5
85749,2021-12,27,18.2209,98,2
85750,2012-01,38,24.8853,134,7
85750,2012-02,34,24.3142,129,3
85750,2012-03,35,26.6627,134,3
85750,2012-04,28,23.6836,109,1
85750,2012-05,17,13.9932,69,1
85750,2012-06,40,29.8060,151,4
85750,2012-07,34,21.8613,128,6
85750,2012-08,23,15.4442,78,3
85750,2012-09,22,13.0363,82,5
85750,2012-10,22,10.0174,76,5
85750,2012-11,23,16.2460,88,2
85750,2012-12,15,8.7940,52,3
85750,2013-01,33,18.5573,112,6
85750,2013-02,36,28.0918,143,2
85750,2013-03,27,19.4759,102,4
85750,2013-04,47,27.5569,163,8
85750,2013-05,28,16.5330,98,3
85750,2013-06,25,19.7359,99,2
85750,2013-07,39,30.5397,145,3
85750,2013-08,40,32.7648,171,2
85750,2013-09,31,22.5887,127,3
85750,2013-10,47,36.7471,189,4
85750,2013-11,34,24.1733,129,4
85750,2013-12,40,30.5589,161,3
85750,2014-01,46,31.7047,167,6
85750,2014-02,41,32.6605,166,3
85750,2014-03,46,26.2305,156,9
85750,2014-04,45,30.7354,159,5
85750,2014-05,33,21.5896,137,4
85750,2014-06,47,38.2809,210,3
85750,2014-07,39,28.1620,154,4
85750,2014-08,59,43.9186,218,5
85750,2014-09,50,33.2432,182,8
85750,2014-10,29,20.5163,107,3
85750,2014-11,39,21.2760,143,8
85750,2014-12,34,22.6757,126,3
85750,2015-01,51,35.4059,201,4
85750,2015-02,38,21.6537,127,5
85750,2015-03,50,35.8268,192,5
85750,2015-04,57,39.2359,203,6
85750,2015-05,46,28.2076,165,8
85750,2015-06,70,56.0725,290,3
85750,2015-07,65,46.6451,248,7
85750,2015-08,51,41.6304,204,1
85750,2015-09,69,50.6920,273,6
85750,2015-10,46,31.5995,181,5
85750,2015-11,53,37.8485,216,6
85750,2015-12,47,32.7493,192,6
85750,2016-01,57,39.1934,232,8
85750,2016-02,76,51.5314,268,10
85750,2016-03,69,58.5660,287,4
85750,2016-04,47,35.1178,184,5
85750,2016-05,54,35.7237,213,7
85750,2016-06,40,27.1091,152,6
85750,2016-07,50,36.7269,203,4
85750,2016-08,57,40.6663,232,6
85750,2016-09,53,34.6560,211,8
85750,2016-10,44,27.7054,175,8
85750,2016-11,52,37.9167,208,6
85750,2016-12,55,41.4616,219,5
85750,2017-01,62,36.5288,226,11
85750,2017-02,44,29.9389,171,5
85750,2017-03,60,38.8881,218,8
85750,2017-04,82,57.0561,311,10
85750,2017-05,64,37.8446,237,11
85750,2017-06,52,34.0244,176,7
85750,2017-07,64,36.7385,253,12
85750,2017-08,76,56.3759,297,6
85750,2017-09,55,40.9292,216,2
85750,2017-10,65,44.5432,258,6
85750,2017-11,64,50.1320,265,4
85750,2017-12,51,33.8233,198,8
85750,2018-01,70,50.3967,294,7
85750,2018-02,81,53.2839,317,11
85750,2018-03,89,58.4612,355,13
85750,2018-04,88,67.1910,359,8
85750,2018-05,82,57.7922,325,9
85750,2018-06,63,45.2330,251,8
85750,2018-07,66,45.7890,265,9
85750,2018-08,76,62.7318,341,3
85750,2018-09,48,37.7775,206,4
85750,2018-10,63,47.2454,254,6
85750,2018-11,75,59.3439,315,5
85750,2018-12,53,33.7431,208,8
85750,2019-01,61,42.3791,258,8
85750,2019-02,58,39.9561,224,6
85750,2019-03,93,56.0217,349,15
85750,2019-04,60,41.1447,229,7
85750,2019-05,71,51.2417,283,7
85750,2019-06,66,48.5704,259,7
85750,2019-07,71,40.5883,253,13
85750,2019-08,65,48.8296,281,5
85750,2019-09,57,47.1700,238,2
85750,2019-10,65,43.8902,259,9
85750,2019-11,64,38.7347,243,11
85750,2019-12,46,31.3121,179,4
85750,2020-01,60,33.7560,234,11
85750,2020-02,52,36.6901,214,6
85750,2020-03,51,32.8613,207,8
85750,2020-04,22,16.8867,100,2
85750,2020-05,38,16.8608,133,10
85750,2020-06,30,21.0073,120,3
85750,2020-07,55,40.6435,220,4
85750,2020-08,40,19.9915,139,7
85750,2020-09,27,17.9089,104,4
85750,2020-10,41,23.2622,156,8
85750,2020-11,36,21.1562,134,7
85750,2020-12,42,19.8550,154,10
85750,2021-01,43,30.9491,181,4
85750,2021-02,61,48.7218,260,4
85750,2021-03,51,33.5576,202,8
85750,2021-04,60,35.9236,217,8
85750,2021-05,55,26.8812,206,13
85750,2021-06,51,35.0534,204,7
85750,2021-07,36,24.2055,138,5
85750,2021-08,58,37.5242,219,9
85750,2021-09,43,21.0356,147,9
85750,2021-10,49,31.4233,184,7
85750,2021-11,49,24.8823,181,10
85750,2021-12,46,30.8992,180,6
85751,2013-04,1,0.2263,5,0
85751,2013-10,1,0.2716,5,0
85751,2014-10,1,0.9295,5,0
85751,2015-04,1,-0.9093,2,1
85751,2015-07,1,0.8399,5,0
85751,2015-10,1,0.9938,5,0
85751,2016-05,1,0.9470,5,0
85751,2016-06,1,-0.9585,1,1
85751,2016-09,1,0.8777,5,0
85751,2016-10,1,0.6989,5,0
85751,2016-11,1,0.9409,5,0
85751,2017-04,1,0.9101,5,0
85751,2017-06,3,2.7093,15,0
85751,2017-07,2,0.7663,6,0
85751,2017-08,1,0.3841,1,0
85751,2017-09,1,0.7268,5,0
85751,2017-10,2,1.3713,6,0
85751,2018-01,1,0.9784,5,0
85751,2018-05,1,0.2003,5,0
85751,2018-07,2,1.8693,10,0
85751,2018-11,1,0.9136,5,0
85751,2018-12,3,2.7112,15,0
85751,2019-04,1,0.5402,5,0
85751,2019-06,3,0.4790,15,1
85751,2019-07,2,0.1420,6,1
85751,2019-08,1,0.6362,1,0
85751,2019-10,1,0.8806,5,0
85751,2019-12,1,-0.7752,2,1
85751,2020-02,1,0.7264,5,0
85751,2020-06,1,0.9494,5,0
85751,2020-07,1,0.4577,5,0
85751,2020-12,1,0.9312,5,0
85751,2021-02,3,2.5691,14,0
85751,2021-03,2,1.7638,10,0
85751,2021-04,1,0.9673,5,0
85751,2021-06,1,0.7096,5,0
85751,2021-07,1,0.6798,5,0
85751,2021-09,1,0.9696,5,0
85751,2021-11,2,1.8702,10,0
85752,2013-07,1,0.9392,5,0
85752,2014-07,1,0.9060,5,0
85752,2015-06,1,0.9216,5,0
85752,2016-01,1,0.9418,5,0
85752,2016-04,1,0.8858,5,0
85752,2016-07,1,0.9278,5,0
85752,2016-10,1,0.9826,5,0
85752,2017-02,1,0.8487,5,0
85752,2017-03,1,0.8934,5,0
85752,2017-05,1,0.6249,5,0
85752,2017-06,1,0.7280,5,0
85752,2017-07,2,1.6543,10,0
85752,2017-09,1,0.6187,5,0
85752,2017-12,3,2.3851,15,0
85752,2018-01,1,0.9906,5,0
85752,2018-02,1,0.7574,5,0
85752,2018-03,1,0.8993,5,0
85752,2018-04,1,0.8997,5,0
85752,2018-05,1,0.9699,5,0
85752,2018-06,4,3.2556,16,0
85752,2018-07,1,0.8615,4,0
85752,2018-09,3,1.9480,15,0
85752,2018-10,2,0.4567,10,1
85752,2018-11,1,0.9475,5,0
85752,2018-12,2,1.9194,10,0
85752,2019-02,1,-0.3105,1,1
85752,2019-03,1,0.9821,5,0
85752,2019-04,4,3.5686,20,0
85752,2019-05,2,1.7986,10,0
85752,2019-06,2,1.6020,10,0
85752,2019-07,4,2.2806,20,1
85752,2019-08,2,1.5952,10,0
85752,2019-09,1,0.8029,5,0
85752,2019-10,1,0.8481,5,0
85752,2019-11,2,1.7619,10,0
85752,2020-01,1,0.9255,5,0
85752,2020-04,1,0.7184,5,0
85752,2020-07,2,1.2336,10,0
85752,2020-08,1,0.9626,5,0
85752,2020-10,2,1.8127,10,0
85752,2021-02,1,0.9538,5,0
85752,2021-06,2,1.9083,10,0
85752,2021-07,3,2.6394,13,0
85752,2021-08,2,1.8161,10,0
85752,2021-09,1,0.9716,5,0
85752,2021-10,1,0.9846,5,0
85754,2014-06,1,0.4103,1,0
85754,2014-10,1,-0.7964,1,1
85754,2015-01,1,-0.4404,1,1
85754,2015-05,1,-0.9253,1,1
85754,2015-07,1,-0.0672,2,1
85754,2015-09,1,-0.7243,1,1
85754,2015-11,1,-0.9921,1,1
85754,2016-06,2,-0.0621,2,1
85754,2016-07,1,0.8823,1,0
85754,2016-09,1,-0.8913,1,1
85754,2017-10,1,-0.8606,1,1
85754,2018-02,1,-0.1571,1,1
85754,2018-05,1,-0.9914,1,1
85754,2019-01,1,-0.6794,1,1
85754,2019-09,1,-0.8670,1,1
85754,2019-10,1,-0.8976,1,1
85754,2020-08,2,0.4553,2,0
85754,2021-05,1,-0.8046,1,1
85754,2021-10,1,0.9295,1,0
85755,2012-01,9,6.8322,37,1
85755,2012-02,3,0.0805,3,2
85755,2012-03,2,1.4126,9,0
85755,2012-04,4,3.2489,12,0
85755,2012-05,4,1.5018,13,2
85755,2012-06,6,0.9469,18,3
85755,2012-07,2,1.5543,9,0
85755,2012-08,9,1.8601,23,4
85755,2012-09,7,4.5647,26,1
85755,2012-10,11,5.6196,35,3
85755,2012-11,3,2.4973,8,0
85755,2012-12,9,1.6638,27,4
85755,2013-01,5,4.4669,22,0
85755,2013-02,7,5.1436,26,1
85755,2013-03,3,1.6386,13,0
85755,2013-04,11,6.8131,37,2
85755,2013-05,8,4.7014,32,2
85755,2013-06,9,4.3100,27,2
85755,2013-07,11,5.9224,34,2
85755,2013-08,9,0.6062,24,4
85755,2013-09,6,3.2665,21,2
85755,2013-10,3,2.6658,10,0
85755,2013-11,12,5.8585,37,2
85755,2013-12,10,8.8988,39,0
85755,2014-01,12,8.4934,42,2
85755,2014-02,6,4.3113,20,0
85755,2014-03,9,7.7776,39,0
85755,2014-04,5,2.6223,17,1
85755,2014-05,11,10.2252,47,0
85755,2014-06,5,2.0025,15,1
85755,2014-07,16,8.5023,54,3
85755,2014-08,9,7.3216,36,0
85755,2014-09,17,12.7773,60,1
85755,2014-10,14,4.0066,41,5
85755,2014-11,14,4.2680,38,4
85755,2014-12,11,6.3567,36,2
85755,2015-01,10,7.5340,42,1
85755,2015-02,11,1.9955,30,4
85755,2015-03,15,9.4544,55,2
85755,2015-04,7,4.6496,27,1
85755,2015-05,8,3.2705,27,3
85755,2015-06,13,7.0120,47,2
85755,2015-07,13,11.5431,61,0
85755,2015-08,16,7.5073,66,4
85755,2015-09,15,13.7944,65,0
85755,2015-10,15,11.4602,73,1
85755,2015-11,16,10.7045,65,2
85755,2015-12,10,7.1494,38,0
85755,2016-01,17,8.2657,52,3
85755,2016-02,15,13.7947,66,0
85755,2016-03,24,11.7196,101,6
85755,2016-04,17,10.5686,72,2
85755,2016-05,10,5.2322,38,2
85755,2016-06,14,8.4206,53,3
85755,2016-07,16,11.5502,67,1
85755,2016-08,14,8.2064,55,3
85755,2016-09,15,12.1032,62,1
85755,2016-10,16,9.2086,63,2
85755,2016-11,9,7.2471,41,0
85755,2016-12,10,8.4012,43,0
85755,2017-01,14,4.9260,48,5
85755,2017-02,11,8.0112,51,2
85755,2017-03,12,7.4519,42,2
85755,2017-04,18,10.3004,64,4
85755,2017-05,16,10.7513,60,2
85755,2017-06,16,13.7820,58,0
85755,2017-07,19,13.3567,82,3
85755,2017-08,20,11.2061,65,4
85755,2017-09,26,12.6694,92,6
85755,2017-10,26,16.6023,102,5
85755,2017-11,24,10.0481,79,5
85755,2017-12,21,9.0973,59,5
85755,2018-01,22,11.9185,87,5
85755,2018-02,28,12.2247,101,6
85755,2018-03,24,15.7865,72,3
85755,2018-04,19,13.3596,77,1
85755,2018-05,25,16.0649,101,3
85755,2018-06,18,8.7434,68,3
85755,2018-07,27,12.8839,97,6
85755,2018-08,37,27.0832,154,3
85755,2018-09,19,17.4158,86,0
85755,2018-10,18,13.8960,81,2
85755,2018-11,25,11.0456,91,7
85755,2018-12,26,17.9388,113,4
85755,2019-01,21,15.1297,79,2
85755,2019-02,32,22.4779,128,3
85755,2019-03,26,14.5183,94,5
85755,2019-04,20,17.1137,89,1
85755,2019-05,25,10.3693,89,7
85755,2019-06,27,18.1224,112,4
85755,2019-07,19,14.3302,74,1
85755,2019-08,18,11.1990,62,3
85755,2019-09,21,14.7693,80,2
85755,2019-10,27,18.5510,105,2
85755,2019-11,21,8.6145,79,5
85755,2019-12,17,10.6352,61,3
85755,2020-01,18,10.7889,66,3
85755,2020-02,18,11.9758,65,2
85755,2020-03,10,8.5196,44,0
85755,2020-04,8,1.8435,23,3
85755,2020-05,15,11.8357,64,1
85755,2020-06,24,13.4548,93,5
85755,2020-07,16,4.5334,47,6
85755,2020-08,18,10.1377,74,4
85755,2020-09,14,8.9245,57,1
85755,2020-10,15,10.9554,58,1
85755,2020-11,13,4.7991,36,4
85755,2020-12,16,8.7497,52,3
85755,2021-01,16,11.7508,66,1
85755,2021-02,13,6.4933,44,3
85755,2021-03,14,7.4146,56,3
85755,2021-04,24,11.5491,92,6
85755,2021-05,17,11.3553,66,3
85755,2021-06,17,8.0701,67,5
85755,2021-07,16,8.8732,65,3
85755,2021-08,19,10.2237,75,3
85755,2021-09,15,8.7072,60,3
85755,2021-10,24,11.0063,88,5
85755,2021-11,32,15.7235,111,8
85755,2021-12,28,16.6758,105,4
85756,2012-01,8,5.7557,28,1
85756,2012-02,7,5.3007,27,1
85756,2012-03,12,8.9476,41,1
85756,2012-04,5,0.8840,20,2
85756,2012-05,6,3.6835,19,1
85756,2012-06,7,2.1007,26,2
85756,2012-07,10,5.0287,34,2
85756,2012-08,6,3.7410,21,1
85756,2012-09,10,6.9634,33,1
85756,2012-10,5,2.4438,20,1
85756,2012-11,12,6.2518,41,2
85756,2012-12,14,7.0403,46,3
85756,2013-01,9,5.4902,30,2
85756,2013-02,14,7.1196,44,3
85756,2013-03,8,6.8953,33,0
85756,2013-04,9,7.7327,35,0
85756,2013-05,13,9.9727,52,0
85756,2013-06,14,4.9812,35,5
85756,2013-07,6,1.7009,18,2
85756,2013-08,11,7.4549,44,1
85756,2013-09,16,3.2574,46,6
85756,2013-10,13,8.8357,44,1
85756,2013-11,16,7.9810,57,4
85756,2013-12,19,8.1272,55,5
85756,2014-01,13,4.9483,45,4
85756,2014-02,22,10.5918,70,5
85756,2014-03,27,19.7419,109,3
85756,2014-04,23,11.5478,80,6
85756,2014-05,22,16.1794,78,2
85756,2014-06,24,10.7587,91,6
85756,2014-07,17,9.0532,72,3
85756,2014-08,28,18.5128,89,4
85756,2014-09,29,16.1207,107,6
85756,2014-10,22,9.9708,79,6
85756,2014-11,22,11.0015,77,6
85756,2014-12,28,14.6986,92,6
85756,2015-01,27,10.1950,73,7
85756,2015-02,29,10.2475,70,8
85756,2015-03,29,6.9886,84,12
85756,2015-04,38,15.9103,118,13
85756,2015-05,31,12.6665,99,9
85756,2015-06,25,8.6680,72,7
85756,2015-07,28,14.0763,87,4
85756,2015-08,33,13.0015,104,8
85756,2015-09,25,9.9024,70,6
85756,2015-10,23,11.9899,79,4
85756,2015-11,26,16.0690,87,2
85756,2015-12,27,9.6971,85,9
85756,2016-01,44,22.1974,130,8
85756,2016-02,32,10.5411,96,11
85756,2016-03,30,9.0564,88,9
85756,2016-04,43,27.0992,158,5
85756,2016-05,33,15.2309,113,6
85756,2016-06,47,20.6208,154,12
85756,2016-07,36,6.1015,107,14
85756,2016-08,37,23.7709,130,4
85756,2016-09,30,17.9448,101,6
85756,2016-10,20,12.2686,66,3
85756,2016-11,22,10.3838,83,6
85756,2016-12,21,8.2258,72,5
85756,2017-01,26,16.5141,99,3
85756,2017-02,26,8.6259,77,8
85756,2017-03,32,18.8533,105,5
85756,2017-04,33,16.5786,111,7
85756,2017-05,24,11.1571,80,6
85756,2017-06,30,14.9707,87,7
85756,2017-07,24,11.1461,79,6
85756,2017-08,23,11.9685,69,6
85756,2017-09,29,10.2258,90,7
85756,2017-10,24,6.6577,78,9
85756,2017-11,31,15.6826,104,8
85756,2017-12,27,12.7900,92,6
85756,2018-01,28,6.6077,78,9
85756,2018-02,27,15.6357,90,4
85756,2018-03,41,20.0261,141,9
85756,2018-04,33,22.7286,111,4
85756,2018-05,28,10.5740,90,8
85756,2018-06,31,15.4657,108,7
85756,2018-07,33,10.1620,98,10
85756,2018-08,35,6.2822,88,14
85756,2018-09,31,3.5796,81,14
85756,2018-10,38,18.4173,120,9
85756,2018-11,34,13.1678,112,10
85756,2018-12,47,18.6337,130,13
85756,2019-01,55,31.5363,197,10
85756,2019-02,53,26.5662,172,11
85756,2019-03,58,27.4772,192,13
85756,2019-04,42,25.6523,148,5
85756,2019-05,38,13.8491,118,12
85756,2019-06,37,11.6156,111,13
85756,2019-07,41,16.0661,133,12
85756,2019-08,38,19.4374,123,8
85756,2019-09,32,8.3496,94,11
85756,2019-10,46,24.3443,154,8
85756,2019-11,33,8.6563,105,10
85756,2019-12,30,18.3920,99,4
85756,2020-01,35,10.9948,112,11
85756,2020-02,41,19.6910,124,9
85756,2020-03,20,10.7751,76,4
85756,2020-04,13,2.8060,36,5
85756,2020-05,11,4.3492,37,3
85756,2020-06,18,1.6436,37,8
85756,2020-07,26,6.9645,82,10
85756,2020-08,22,3.0205,47,9
85756,2020-09,21,3.4012,63,9
85756,2020-10,22,5.4006,56,7
85756,2020-11,21,5.1960,69,8
85756,2020-12,14,6.3379,51,3
85756,2021-01,21,9.2524,67,5
85756,2021-02,27,5.6319,75,9
85756,2021-03,39,11.2705,124,13
85756,2021-04,23,8.1517,67,8
85756,2021-05,28,5.4812,83,12
85756,2021-06,36,3.3646,104,17
85756,2021-07,28,9.8167,72,9
85756,2021-08,29,4.1112,64,12
85756,2021-09,27,7.2410,85,10
85756,2021-10,26,7.3212,75,8
85756,2021-11,37,13.4928,122,12
85756,2021-12,32,6.4457,92,12
85757,2012-01,5,4.7698,20,0
85757,2012-02,12,11.0633,50,0
85757,2012-03,11,7.4905,45,2
85757,2012-04,3,2.6541,11,0
85757,2012-05,3,2.3577,10,0
85757,2012-06,2,1.9571,8,0
85757,2012-07,4,0.0630,11,2
85757,2012-08,8,5.1001,29,1
85757,2012-09,6,3.7267,17,1
85757,2012-10,3,2.5675,12,0
85757,2012-11,3,2.7770,11,0
85757,2012-12,1,0.9965,4,0
85757,2013-01,9,6.1596,37,1
85757,2013-02,13,8.9423,54,2
85757,2013-03,2,1.9074,10,0
85757,2013-04,9,5.4632,33,1
85757,2013-05,3,2.9445,14,0
85757,2013-06,7,4.3282,22,0
85757,2013-07,9,7.4671,30,0
85757,2013-08,12,10.9702,40,0
85757,2013-09,7,6.5807,27,0
85757,2013-10,6,5.7873,21,0
85757,2013-11,9,7.1267,31,1
85757,2013-12,8,5.1371,30,1
85757,2014-01,4,0.3940,11,2
85757,2014-02,5,4.2770,16,0
85757,2014-03,8,4.0074,30,2
85757,2014-04,9,5.9029,34,2
85757,2014-05,7,6.1522,19,0
85757,2014-06,13,4.1827,33,4
85757,2014-07,14,8.7088,45,2
85757,2014-08,9,6.7782,29,0
85757,2014-09,12,9.5342,44,1
85757,2014-10,3,2.7609,7,0
85757,2014-11,6,2.1564,17,2
85757,2014-12,13,7.8545,33,2
85757,2015-01,13,9.6017,53,1
85757,2015-02,14,6.2125,39,3
85757,2015-03,3,1.5774,7,1
85757,2015-04,10,2.6632,29,4
85757,2015-05,8,6.1160,31,1
85757,2015-06,7,6.2830,30,0
85757,2015-07,5,3.3292,22,1
85757,2015-08,9,6.0592,32,1
85757,2015-09,9,8.1528,33,0
85757,2015-10,11,3.7842,30,4
85757,2015-11,11,7.6158,39,1
85757,2015-12,7,2.4798,26,2
85757,2016-01,7,6.4373,29,0
85757,2016-02,1,0.8481,5,0
85757,2016-03,7,2.1939,16,1
85757,2016-04,6,4.1030,15,1
85757,2016-05,7,3.6047,20,1
85757,2016-06,13,8.5214,43,2
85757,2016-07,7,2.1738,20,2
85757,2016-08,4,2.9533,10,0
85757,2016-09,6,4.8048,22,0
85757,2016-10,7,0.0210,16,4
85757,2016-11,8,5.7205,29,1
85757,2016-12,10,6.8041,35,1
85757,2017-01,9,4.1770,27,1
85757,2017-02,5,1.4716,13,2
85757,2017-03,6,3.0285,22,2
85757,2017-04,6,5.1712,21,0
85757,2017-05,10,4.4130,30,2
85757,2017-06,8,4.5124,29,2
85757,2017-07,13,6.5927,41,3
85757,2017-08,11,3.2329,29,4
85757,2017-09,15,5.8759,47,4
85757,2017-10,6,5.7006,28,0
85757,2017-11,13,7.1330,36,2
85757,2017-12,10,5.3915,36,3
85757,2018-01,9,4.8631,29,2
85757,2018-02,5,3.6658,23,0
85757,2018-03,12,8.7864,50,1
85757,2018-04,6,2.7724,23,2
85757,2018-05,11,8.8744,36,0
85757,2018-06,7,6.3627,29,0
85757,2018-07,10,6.3301,34,1
85757,2018-08,13,5.9239,44,3
85757,2018-09,9,6.1276,31,1
85757,2018-10,5,1.1532,21,2
85757,2018-11,8,4.8065,25,1
85757,2018-12,14,8.4785,39,3
85757,2019-01,10,7.5163,26,0
85757,2019-02,15,12.5771,64,1
85757,2019-03,12,7.1777,36,2
85757,2019-04,10,4.3174,30,2
85757,2019-05,11,4.2270,26,4
85757,2019-06,7,4.1677,23,1
85757,2019-07,12,7.5320,33,2
85757,2019-08,25,4.5109,64,9
85757,2019-09,8,6.8841,28,0
85757,2019-10,5,3.2807,20,0
85757,2019-11,13,6.9992,41,2
85757,2019-12,16,10.1083,53,2
85757,2020-01,12,6.1872,40,3
85757,2020-02,12,7.4765,33,2
85757,2020-03,10,5.3575,29,2
85757,2020-04,3,1.0923,11,1
85757,2020-05,3,-2.2765,3,3
85757,2020-06,8,3.8963,18,2
85757,2020-07,4,0.1488,13,2
85757,2020-08,11,7.4439,38,1
85757,2020-09,5,2.0789,10,1
85757,2020-10,9,1.3144,26,3
85757,2020-11,6,3.1735,19,2
85757,2021-01,8,2.6019,19,2
85757,2021-02,7,5.9625,22,0
85757,2021-03,12,0.0249,26,7
85757,2021-04,6,2.8915,18,1
85757,2021-05,5,0.0839,13,2
85757,2021-06,12,0.7765,30,6
85757,2021-07,9,2.9371,26,3
85757,2021-08,10,1.9717,26,4
85757,2021-09,14,6.5626,38,3
85757,2021-10,8,2.3990,29,3
85757,2021-11,7,2.6303,21,2
85757,2021-12,4,3.2444,16,0
