zip5,quarter,n_reviews,mean_compound,mean_stars,pct_negative
19100,2012Q1,4,0.8869,4.250,0.0
19100,2012Q2,10,0.9142,4.900,0.0
19100,2012Q3,8,0.9252,4.750,0.0
19100,2013Q1,4,0.9317,5.000,0.0
19100,2013Q2,4,0.8450,5.000,0.0
19100,2013Q3,13,0.8567,4.538,0.0
19100,2013Q4,2,0.8921,5.000,0.0
19100,2014Q1,2,0.6904,4.500,0.0
19100,2014Q2,4,0.9436,4.500,0.0
19100,2014Q3,3,0.7909,5.000,0.0
19100,2014Q4,3,0.8016,5.000,0.0
19100,2015Q1,3,0.0713,2.667,66.7
19100,2015Q2,3,0.1639,4.000,33.3
19100,2015Q3,3,0.9805,5.000,0.0
19100,2015Q4,2,0.9546,5.000,0.0
19100,2016Q1,3,0.6234,5.000,33.3
19100,2016Q2,6,0.9307,4.500,0.0
19100,2016Q3,5,0.8809,5.000,0.0
19100,2016Q4,3,0.9479,5.000,0.0
19100,2017Q1,4,0.8173,5.000,0.0
19100,2017Q2,2,0.7458,5.000,0.0
19100,2017Q3,7,0.8960,5.000,0.0
19100,2017Q4,7,0.9386,5.000,0.0
19100,2018Q1,2,0.8435,5.000,0.0
19100,2018Q2,4,0.7083,3.750,0.0
19100,2018Q3,4,0.8793,4.750,0.0
19100,2018Q4,4,0.7760,5.000,0.0
19100,2019Q2,1,0.8658,5.000,0.0
19100,2019Q4,6,0.7915,4.333,0.0
19100,2020Q1,2,0.1320,3.000,50.0
19100,2020Q2,1,0.8655,5.000,0.0
19100,2021Q3,1,0.9126,5.000,0.0
19101,2012Q2,1,0.9740,1.000,0.0
19101,2012Q4,1,0.9719,4.000,0.0
19101,2013Q1,1,-0.2732,3.000,100.0
19101,2013Q2,1,0.8475,4.000,0.0
19101,2014Q1,3,0.7676,4.333,0.0
19101,2014Q2,3,0.6491,3.667,0.0
19101,2014Q3,3,0.7126,4.000,0.0
19101,2014Q4,4,0.6644,1.750,25.0
19101,2015Q1,7,-0.0761,1.857,57.1
19101,2015Q2,11,0.0587,2.364,54.5
19101,2015Q3,6,0.3661,2.333,33.3
19101,2015Q4,6,0.4350,3.667,33.3
19101,2016Q1,4,0.1043,2.750,50.0
19101,2016Q2,1,0.9659,5.000,0.0
19101,2016Q3,2,0.0418,3.000,50.0
19101,2016Q4,2,0.6965,5.000,0.0
19101,2017Q1,2,0.9581,5.000,0.0
19101,2017Q2,5,0.8999,5.000,0.0
19101,2017Q3,2,0.9777,5.000,0.0
19101,2017Q4,8,0.7460,4.250,12.5
19101,2018Q1,2,0.9711,5.000,0.0
19101,2018Q2,5,0.9244,4.200,0.0
19101,2018Q3,12,0.8822,4.667,0.0
19101,2018Q4,10,0.9687,5.000,0.0
19101,2019Q1,10,0.7556,4.600,10.0
19101,2019Q2,11,0.6941,3.727,18.2
19101,2019Q3,11,0.6085,4.636,18.2
19101,2019Q4,4,0.7137,5.000,0.0
19101,2020Q1,4,0.7117,5.000,0.0
19101,2020Q2,4,0.7549,4.750,0.0
19101,2020Q3,3,0.2921,5.000,33.3
19101,2020Q4,3,0.2557,5.000,33.3
19101,2021Q1,6,0.7038,4.333,16.7
19101,2021Q2,6,0.4798,4.000,16.7
19101,2021Q3,7,0.6571,3.571,14.3
19101,2021Q4,7,0.9144,5.000,0.0
19102,2012Q1,967,0.7096,3.558,10.3
19102,2012Q2,801,0.7209,3.593,9.7
19102,2012Q3,845,0.6666,3.566,12.7
19102,2012Q4,816,0.6977,3.542,10.9
19102,2013Q1,1039,0.7063,3.635,10.7
19102,2013Q2,896,0.7190,3.677,10.0
19102,2013Q3,988,0.7184,3.661,9.3
19102,2013Q4,1066,0.6942,3.658,10.7
19102,2014Q1,1203,0.6862,3.652,12.1
19102,2014Q2,1054,0.7291,3.793,9.9
19102,2014Q3,1090,0.6868,3.694,11.7
19102,2014Q4,1083,0.6770,3.671,12.4
19102,2015Q1,1151,0.6982,3.660,11.4
19102,2015Q2,1125,0.6462,3.630,13.7
19102,2015Q3,1271,0.7071,3.766,10.5
19102,2015Q4,1125,0.6523,3.664,13.2
19102,2016Q1,1303,0.6434,3.635,14.2
19102,2016Q2,1036,0.6724,3.764,12.3
19102,2016Q3,1231,0.6897,3.803,11.5
19102,2016Q4,1210,0.6861,3.745,12.3
19102,2017Q1,1477,0.6916,3.825,11.7
19102,2017Q2,1405,0.6708,3.832,12.8
19102,2017Q3,1332,0.6948,3.882,11.3
19102,2017Q4,1336,0.6601,3.749,13.9
19102,2018Q1,1437,0.6671,3.740,13.4
19102,2018Q2,1259,0.6632,3.827,13.4
19102,2018Q3,1117,0.6874,3.844,13.0
19102,2018Q4,1221,0.6694,3.757,13.3
19102,2019Q1,1383,0.6528,3.761,14.1
19102,2019Q2,1375,0.6586,3.796,13.5
19102,2019Q3,1220,0.6630,3.856,13.1
19102,2019Q4,1198,0.6590,3.746,13.8
19102,2020Q1,992,0.6501,3.743,14.4
19102,2020Q2,199,0.6049,3.884,16.1
19102,2020Q3,378,0.6855,3.987,10.6
19102,2020Q4,425,0.6858,3.953,11.5
19102,2021Q1,439,0.6857,4.123,13.0
19102,2021Q2,529,0.5734,3.631,18.5
19102,2021Q3,701,0.6204,3.755,15.8
19102,2021Q4,641,0.6198,3.739,16.2
19103,2012Q1,2029,0.7154,3.727,10.3
19103,2012Q2,2150,0.7341,3.721,9.0
19103,2012Q3,2328,0.7268,3.741,9.5
19103,2012Q4,2001,0.7099,3.725,10.4
19103,2013Q1,2589,0.7461,3.747,8.2
19103,2013Q2,2579,0.7356,3.760,9.1
19103,2013Q3,2694,0.7295,3.793,9.1
19103,2013Q4,2432,0.7259,3.808,9.7
19103,2014Q1,2753,0.7175,3.808,10.2
19103,2014Q2,2945,0.7299,3.820,9.3
19103,2014Q3,3299,0.7171,3.773,10.0
19103,2014Q4,2743,0.7083,3.825,10.9
19103,2015Q1,3266,0.7207,3.870,10.3
19103,2015Q2,3098,0.7107,3.885,10.5
19103,2015Q3,3427,0.6951,3.830,11.1
19103,2015Q4,2899,0.6879,3.816,11.9
19103,2016Q1,3281,0.7117,3.870,10.2
19103,2016Q2,3071,0.6915,3.886,11.3
19103,2016Q3,3364,0.6891,3.857,11.4
19103,2016Q4,2855,0.6872,3.888,11.7
19103,2017Q1,3341,0.7201,3.949,9.9
19103,2017Q2,3481,0.6904,3.907,11.5
19103,2017Q3,3518,0.7076,3.927,10.2
19103,2017Q4,3102,0.6875,3.850,11.8
19103,2018Q1,3195,0.7003,3.873,11.0
19103,2018Q2,3599,0.6678,3.848,13.3
19103,2018Q3,3549,0.6822,3.880,12.2
19103,2018Q4,3101,0.6916,3.875,11.3
19103,2019Q1,3066,0.6874,3.897,11.9
19103,2019Q2,3107,0.6658,3.851,13.5
19103,2019Q3,3337,0.6747,3.884,12.4
19103,2019Q4,2922,0.6955,3.860,11.1
19103,2020Q1,2370,0.6984,3.950,11.8
19103,2020Q2,545,0.5707,3.758,18.9
19103,2020Q3,1305,0.6410,3.934,14.6
19103,2020Q4,1226,0.7362,4.188,9.5
19103,2021Q1,1237,0.6915,4.032,11.2
19103,2021Q2,1422,0.6632,3.983,13.9
19103,2021Q3,1849,0.6567,3.915,13.8
19103,2021Q4,1641,0.6885,3.926,12.3
19104,2012Q1,895,0.6925,3.581,11.4
19104,2012Q2,964,0.6616,3.571,12.8
19104,2012Q3,1057,0.6810,3.579,11.6
19104,2012Q4,972,0.6442,3.461,14.2
19104,2013Q1,1016,0.6583,3.559,12.2
19104,2013Q2,1067,0.6330,3.516,14.4
19104,2013Q3,1116,0.6794,3.623,11.6
19104,2013Q4,1050,0.6834,3.600,11.4
19104,2014Q1,1202,0.6768,3.648,12.5
19104,2014Q2,1248,0.6923,3.568,10.7
19104,2014Q3,1205,0.6659,3.585,12.4
19104,2014Q4,1195,0.6586,3.592,12.7
19104,2015Q1,1423,0.6538,3.501,13.0
19104,2015Q2,1405,0.6631,3.583,12.6
19104,2015Q3,1391,0.6442,3.652,13.3
19104,2015Q4,1212,0.6003,3.577,17.1
19104,2016Q1,1448,0.6259,3.604,14.6
19104,2016Q2,1367,0.6072,3.581,14.5
19104,2016Q3,1331,0.6022,3.501,15.8
19104,2016Q4,1042,0.5704,3.485,17.9
19104,2017Q1,1285,0.5796,3.569,17.7
19104,2017Q2,1373,0.5688,3.535,17.6
19104,2017Q3,1348,0.5931,3.642,16.9
19104,2017Q4,1109,0.5730,3.484,17.3
19104,2018Q1,1143,0.5727,3.521,18.5
19104,2018Q2,1336,0.5950,3.627,16.6
19104,2018Q3,1434,0.6038,3.721,15.4
19104,2018Q4,1233,0.6274,3.646,14.5
19104,2019Q1,1222,0.6017,3.607,15.6
19104,2019Q2,1429,0.6143,3.568,15.0
19104,2019Q3,1292,0.5813,3.551,16.4
19104,2019Q4,994,0.5469,3.463,19.3
19104,2020Q1,788,0.5843,3.555,16.8
19104,2020Q2,341,0.6229,3.842,14.7
19104,2020Q3,542,0.4694,3.526,23.6
19104,2020Q4,510,0.5921,3.780,17.5
19104,2021Q1,433,0.6052,3.774,15.5
19104,2021Q2,611,0.6391,3.687,14.2
19104,2021Q3,727,0.5143,3.541,21.6
19104,2021Q4,532,0.5042,3.408,21.6
19106,2012Q1,1421,0.7606,3.790,8.4
19106,2012Q2,1193,0.7395,3.738,9.0
19106,2012Q3,1404,0.7549,3.813,8.3
19106,2012Q4,1249,0.7366,3.793,9.4
19106,2013Q1,1528,0.7655,3.829,7.7
19106,2013Q2,1513,0.7512,3.828,8.8
19106,2013Q3,1693,0.7299,3.796,9.3
19106,2013Q4,1426,0.7572,3.885,8.3
19106,2014Q1,1715,0.7664,3.872,8.1
19106,2014Q2,1687,0.7450,3.861,8.8
19106,2014Q3,2148,0.7476,3.888,8.4
19106,2014Q4,1676,0.7682,3.947,7.5
19106,2015Q1,1910,0.7387,3.903,9.3
19106,2015Q2,2116,0.7184,3.857,10.0
19106,2015Q3,2311,0.7299,3.929,9.0
19106,2015Q4,1701,0.6981,3.883,11.2
19106,2016Q1,1984,0.7290,3.989,9.2
19106,2016Q2,1986,0.7041,3.969,11.1
19106,2016Q3,2356,0.6831,3.885,12.1
19106,2016Q4,1715,0.7300,3.942,9.6
19106,2017Q1,1814,0.7079,3.958,11.1
19106,2017Q2,2265,0.6909,3.860,11.4
19106,2017Q3,2428,0.6763,3.886,12.3
19106,2017Q4,1845,0.7114,3.974,11.7
19106,2018Q1,1881,0.7115,3.953,10.9
19106,2018Q2,2256,0.7115,3.949,10.9
19106,2018Q3,2383,0.7023,3.972,11.2
19106,2018Q4,1836,0.7252,3.992,10.2
19106,2019Q1,1921,0.7473,4.081,9.0
19106,2019Q2,2072,0.7138,4.006,10.9
19106,2019Q3,2155,0.7117,3.985,10.1
19106,2019Q4,1647,0.7028,3.962,10.9
19106,2020Q1,1262,0.7294,3.982,9.8
19106,2020Q2,284,0.6035,3.835,17.6
19106,2020Q3,784,0.7130,4.028,9.4
19106,2020Q4,723,0.7180,4.113,10.2
19106,2021Q1,642,0.7354,4.107,9.3
19106,2021Q2,1036,0.6884,4.033,12.5
19106,2021Q3,1208,0.6812,4.030,12.3
19106,2021Q4,922,0.6809,3.998,12.3
19107,2012Q1,2599,0.7493,3.736,8.5
19107,2012Q2,2294,0.7499,3.750,8.1
19107,2012Q3,2634,0.7342,3.815,8.9
19107,2012Q4,2347,0.7277,3.738,8.9
19107,2013Q1,2761,0.7328,3.769,8.7
19107,2013Q2,2947,0.7415,3.822,8.2
19107,2013Q3,3195,0.7154,3.823,9.8
19107,2013Q4,3057,0.7235,3.821,9.5
19107,2014Q1,3435,0.7407,3.878,8.6
19107,2014Q2,3542,0.7264,3.846,9.4
19107,2014Q3,3852,0.7231,3.870,9.2
19107,2014Q4,3528,0.7450,3.917,8.3
19107,2015Q1,4307,0.7325,3.900,8.8
19107,2015Q2,4103,0.7096,3.895,10.0
19107,2015Q3,4182,0.7018,3.879,10.4
19107,2015Q4,3992,0.6890,3.881,11.1
19107,2016Q1,4683,0.7135,3.901,10.1
19107,2016Q2,4280,0.7026,3.926,10.3
19107,2016Q3,4560,0.6882,3.877,10.6
19107,2016Q4,3779,0.6990,3.895,10.6
19107,2017Q1,4646,0.7012,3.904,10.5
19107,2017Q2,4698,0.7000,3.930,10.7
19107,2017Q3,4645,0.7069,3.955,10.5
19107,2017Q4,4377,0.6943,3.922,11.1
19107,2018Q1,4665,0.6959,3.947,11.2
19107,2018Q2,4754,0.7002,3.987,10.6
19107,2018Q3,4637,0.6677,3.916,12.3
19107,2018Q4,4496,0.6996,3.941,10.7
19107,2019Q1,4685,0.7048,3.978,10.7
19107,2019Q2,4669,0.6692,3.922,12.2
19107,2019Q3,4839,0.6715,3.909,12.3
19107,2019Q4,4545,0.6844,3.894,11.8
19107,2020Q1,3554,0.6795,3.904,12.5
19107,2020Q2,776,0.6217,3.946,14.0
19107,2020Q3,1633,0.6570,4.002,13.3
19107,2020Q4,1592,0.6745,4.018,12.3
19107,2021Q1,1560,0.6736,4.052,12.6
19107,2021Q2,2218,0.6698,3.986,12.4
19107,2021Q3,2583,0.6425,3.895,13.7
19107,2021Q4,2440,0.6354,3.826,14.4
19108,2012Q2,2,0.9222,4.500,0.0
19108,2012Q3,2,0.9698,5.000,0.0
19108,2012Q4,3,0.3723,3.333,33.3
19108,2013Q1,1,0.5563,5.000,0.0
19108,2013Q2,4,0.9677,4.500,0.0
19108,2013Q3,1,0.6588,4.000,0.0
19108,2013Q4,5,0.1856,3.200,40.0
19108,2014Q1,2,-0.0055,3.000,50.0
19108,2014Q2,3,0.2988,3.000,33.3
19108,2014Q3,4,0.4557,3.500,25.0
19108,2014Q4,5,0.6139,4.400,20.0
19108,2015Q1,3,0.7415,4.000,0.0
19108,2015Q2,4,0.3521,2.500,25.0
19108,2015Q3,5,0.8881,3.800,0.0
19108,2015Q4,5,0.6718,3.600,0.0
19108,2016Q1,1,-0.7627,2.000,100.0
19108,2016Q2,3,0.8438,4.000,0.0
19108,2016Q3,1,0.9714,5.000,0.0
19108,2016Q4,3,0.9626,4.667,0.0
19108,2017Q1,5,0.9704,3.200,0.0
19108,2017Q2,3,0.8619,3.667,0.0
19108,2017Q3,3,0.3300,3.000,33.3
19108,2017Q4,2,0.4538,2.500,0.0
19108,2018Q1,3,-0.1595,2.667,66.7
19108,2018Q2,2,0.9170,4.500,0.0
19108,2018Q3,1,0.9931,5.000,0.0
19108,2018Q4,3,0.4661,3.000,33.3
19108,2019Q2,4,0.3628,2.500,25.0
19108,2019Q3,3,0.9577,4.333,0.0
19108,2019Q4,2,0.7576,3.000,0.0
19108,2020Q1,3,-0.8683,1.333,100.0
19108,2020Q3,1,0.7133,4.000,0.0
19108,2020Q4,1,0.8519,5.000,0.0
19108,2021Q3,1,0.1414,1.000,0.0
19108,2021Q4,2,0.9539,3.000,0.0
19109,2012Q2,2,-0.6017,2.000,100.0
19109,2013Q1,1,-0.9649,1.000,100.0
19109,2013Q2,1,0.9659,3.000,0.0
19109,2013Q4,3,0.2906,3.333,33.3
19109,2014Q1,2,0.0226,3.000,50.0
19109,2014Q2,3,0.9048,5.000,0.0
19109,2014Q3,3,-0.2113,2.333,66.7
19109,2014Q4,1,0.9497,5.000,0.0
19109,2015Q1,2,0.9530,5.000,0.0
19109,2015Q2,2,0.8197,4.500,0.0
19109,2015Q3,7,0.3491,3.714,28.6
19109,2015Q4,12,0.2106,3.333,41.7
19109,2016Q1,2,0.8909,5.000,0.0
19109,2016Q2,4,0.4138,4.000,25.0
19109,2016Q3,6,0.8747,5.000,0.0
19109,2016Q4,4,0.8758,5.000,0.0
19109,2017Q1,5,0.9228,4.600,0.0
19109,2017Q2,3,0.0229,2.667,33.3
19109,2017Q3,3,0.7544,4.667,0.0
19109,2017Q4,3,0.6384,3.667,0.0
19109,2018Q1,3,0.9771,5.000,0.0
19109,2018Q2,3,0.8843,5.000,0.0
19109,2018Q3,1,0.9501,5.000,0.0
19109,2019Q1,1,0.9499,5.000,0.0
19109,2019Q2,3,0.8541,5.000,0.0
19109,2019Q3,3,0.8821,5.000,0.0
19109,2020Q1,3,0.8706,4.000,0.0
19109,2020Q3,1,-0.9642,3.000,100.0
19109,2020Q4,1,0.9750,5.000,0.0
19109,2021Q4,3,0.3169,3.333,33.3
19110,2012Q1,2,0.9833,4.000,0.0
19110,2012Q2,3,0.7792,4.333,0.0
19110,2012Q3,2,0.6916,3.500,0.0
19110,2012Q4,1,-0.2023,2.000,100.0
19110,2013Q1,2,0.9498,4.500,0.0
19110,2013Q2,1,-0.2898,2.000,100.0
19110,2013Q4,1,0.9674,5.000,0.0
19110,2014Q1,1,0.9344,5.000,0.0
19110,2014Q2,1,0.9618,5.000,0.0
19110,2014Q3,2,0.8340,2.000,0.0
19110,2015Q1,3,0.3833,3.000,33.3
19110,2015Q2,3,0.7066,3.667,0.0
19110,2015Q3,5,0.3238,3.400,40.0
19110,2015Q4,2,0.2379,3.000,50.0
19110,2016Q1,6,0.3400,2.833,33.3
19110,2016Q2,4,0.6035,4.250,0.0
19110,2016Q3,1,0.9273,5.000,0.0
19110,2016Q4,2,0.9221,3.000,0.0
19110,2017Q1,2,0.9778,4.500,0.0
19110,2017Q2,5,0.8503,5.000,0.0
19110,2017Q3,9,0.7935,4.889,0.0
19110,2017Q4,3,0.5768,3.000,0.0
19110,2018Q1,3,0.8987,4.667,0.0
19110,2018Q2,5,0.3515,3.600,20.0
19110,2018Q3,2,0.6616,5.000,0.0
19110,2018Q4,5,0.5451,3.800,20.0
19110,2019Q1,4,0.9573,5.000,0.0
19110,2019Q2,2,0.8711,5.000,0.0
19110,2019Q3,2,0.8563,3.500,0.0
19110,2019Q4,4,0.4762,3.750,25.0
19110,2020Q1,2,0.8761,5.000,0.0
19110,2021Q1,2,-0.0369,3.500,50.0
19110,2021Q3,1,0.4404,5.000,0.0
19110,2021Q4,2,-0.7470,1.000,100.0
19111,2012Q1,47,0.3706,3.340,27.7
19111,2012Q2,46,0.5967,3.978,17.4
19111,2012Q3,50,0.7272,3.740,8.0
19111,2012Q4,30,0.6369,3.600,10.0
19111,2013Q1,58,0.6734,3.672,12.1
19111,2013Q2,44,0.5151,3.591,18.2
19111,2013Q3,45,0.5349,3.689,20.0
19111,2013Q4,68,0.5262,3.544,20.6
19111,2014Q1,67,0.5440,3.642,17.9
19111,2014Q2,68,0.4293,3.426,27.9
19111,2014Q3,73,0.5737,3.644,16.4
19111,2014Q4,86,0.3841,3.151,30.2
19111,2015Q1,106,0.5587,3.632,15.1
19111,2015Q2,110,0.6557,3.800,10.9
19111,2015Q3,105,0.6709,3.895,11.4
19111,2015Q4,130,0.5511,3.577,20.0
19111,2016Q1,132,0.4988,3.553,22.7
19111,2016Q2,118,0.5983,3.703,16.9
19111,2016Q3,150,0.4683,3.507,24.0
19111,2016Q4,110,0.5313,3.673,20.0
19111,2017Q1,140,0.4351,3.336,25.0
19111,2017Q2,123,0.4567,3.407,24.4
19111,2017Q3,137,0.4757,3.555,21.2
19111,2017Q4,110,0.5718,3.800,18.2
19111,2018Q1,147,0.4572,3.510,25.2
19111,2018Q2,155,0.4622,3.361,23.2
19111,2018Q3,147,0.4479,3.156,23.8
19111,2018Q4,112,0.5039,3.625,22.3
19111,2019Q1,141,0.4834,3.461,21.3
19111,2019Q2,140,0.3986,3.493,27.9
19111,2019Q3,122,0.4345,3.369,24.6
19111,2019Q4,110,0.4374,3.309,23.6
19111,2020Q1,101,0.5008,3.406,19.8
19111,2020Q2,82,0.3743,3.378,28.0
19111,2020Q3,105,0.3412,3.181,32.4
19111,2020Q4,77,0.4879,3.494,23.4
19111,2021Q1,65,0.3791,3.415,29.2
19111,2021Q2,90,0.3235,3.111,31.1
19111,2021Q3,91,0.2781,2.802,33.0
19111,2021Q4,56,0.4976,3.696,23.2
19112,2012Q1,4,0.9114,3.750,0.0
19112,2012Q2,5,0.8072,3.800,0.0
19112,2012Q3,6,0.4707,4.167,33.3
19112,2012Q4,1,0.7286,1.000,0.0
19112,2013Q1,4,0.7335,3.250,0.0
19112,2013Q2,8,0.9016,4.125,0.0
19112,2013Q3,7,0.8855,4.857,0.0
19112,2013Q4,10,0.8698,4.600,0.0
19112,2014Q1,10,0.3966,3.700,30.0
19112,2014Q2,11,0.6700,3.818,9.1
19112,2014Q3,16,0.6214,3.312,18.8
19112,2014Q4,43,0.8365,4.000,4.7
19112,2015Q1,38,0.7857,4.237,5.3
19112,2015Q2,42,0.6980,3.571,14.3
19112,2015Q3,44,0.7097,3.773,11.4
19112,2015Q4,21,0.7088,3.619,4.8
19112,2016Q1,26,0.7945,4.346,7.7
19112,2016Q2,22,0.5153,3.000,18.2
19112,2016Q3,26,0.6005,4.154,19.2
19112,2016Q4,26,0.4120,3.462,30.8
19112,2017Q1,33,0.6555,3.758,9.1
19112,2017Q2,29,0.6337,3.379,13.8
19112,2017Q3,32,0.6574,3.469,12.5
19112,2017Q4,24,0.7280,3.625,4.2
19112,2018Q1,19,0.6429,3.684,10.5
19112,2018Q2,30,0.4119,3.367,33.3
19112,2018Q3,28,0.4042,3.464,25.0
19112,2018Q4,23,0.4978,3.217,21.7
19112,2019Q1,18,0.1004,2.389,44.4
19112,2019Q2,18,0.3639,3.444,27.8
19112,2019Q3,23,0.4740,3.043,17.4
19112,2019Q4,12,0.5241,3.667,25.0
19112,2020Q1,9,0.4744,3.111,22.2
19112,2020Q2,5,0.8549,3.400,0.0
19112,2020Q3,8,0.4136,3.375,25.0
19112,2020Q4,5,-0.0171,2.800,60.0
19112,2021Q1,6,0.2846,3.333,33.3
19112,2021Q2,9,0.0601,3.222,44.4
19112,2021Q3,11,0.7567,3.455,0.0
19112,2021Q4,5,0.6037,4.000,20.0
19113,2012Q1,2,0.2578,2.500,50.0
19113,2012Q2,9,0.2378,3.222,33.3
19113,2012Q3,4,-0.3508,2.250,75.0
19113,2012Q4,2,0.8450,4.000,0.0
19113,2013Q1,5,0.7920,3.600,0.0
19113,2013Q2,11,0.5525,2.818,18.2
19113,2013Q3,7,0.4723,2.857,28.6
19113,2013Q4,8,0.8185,3.625,0.0
19113,2014Q1,4,0.5602,1.750,25.0
19113,2014Q2,10,0.7408,2.700,10.0
19113,2014Q3,9,0.5363,3.222,11.1
19113,2014Q4,5,0.6246,3.600,0.0
19113,2015Q1,7,0.7984,3.857,0.0
19113,2015Q2,11,0.3291,3.091,36.4
19113,2015Q3,12,0.2384,2.167,33.3
19113,2015Q4,10,0.1286,2.100,40.0
19113,2016Q1,11,0.4789,3.182,18.2
19113,2016Q2,26,0.3804,2.654,23.1
19113,2016Q3,20,0.2658,2.850,40.0
19113,2016Q4,18,0.3458,2.722,33.3
19113,2017Q1,13,0.2845,2.923,38.5
19113,2017Q2,18,0.1941,2.222,38.9
19113,2017Q3,26,0.2085,2.654,38.5
19113,2017Q4,15,0.4226,2.667,20.0
19113,2018Q1,16,0.3817,2.562,25.0
19113,2018Q2,39,0.1209,2.462,43.6
19113,2018Q3,43,-0.0848,1.884,58.1
19113,2018Q4,35,-0.0199,2.200,54.3
19113,2019Q1,23,-0.1012,1.913,56.5
19113,2019Q2,16,0.3608,2.812,31.2
19113,2019Q3,18,0.1161,2.389,55.6
19113,2019Q4,20,0.4540,3.650,20.0
19113,2020Q1,6,0.7499,4.167,0.0
19113,2020Q2,1,-0.7844,1.000,100.0
19113,2020Q3,2,0.8929,3.000,0.0
19113,2020Q4,2,0.9175,5.000,0.0
19113,2021Q1,2,-0.0016,3.000,50.0
19113,2021Q2,8,0.4266,2.500,25.0
19113,2021Q3,6,0.1620,2.833,50.0
19113,2021Q4,9,0.5340,3.889,11.1
19114,2012Q1,80,0.5332,3.225,20.0
19114,2012Q2,62,0.5016,3.290,22.6
19114,2012Q3,65,0.5906,3.246,15.4
19114,2012Q4,84,0.4056,2.869,25.0
19114,2013Q1,78,0.4347,3.077,23.1
19114,2013Q2,102,0.4816,3.206,21.6
19114,2013Q3,97,0.4288,3.268,27.8
19114,2013Q4,88,0.5004,3.352,18.2
19114,2014Q1,110,0.6886,3.673,12.7
19114,2014Q2,119,0.4869,3.193,22.7
19114,2014Q3,137,0.4936,3.263,21.9
19114,2014Q4,143,0.5582,3.392,18.2
19114,2015Q1,155,0.5190,3.323,20.6
19114,2015Q2,163,0.5966,3.448,15.3
19114,2015Q3,180,0.5074,3.378,21.7
19114,2015Q4,156,0.4894,3.083,22.4
19114,2016Q1,174,0.5532,3.506,19.0
19114,2016Q2,201,0.5651,3.418,19.9
19114,2016Q3,221,0.4847,3.439,22.6
19114,2016Q4,209,0.5669,3.536,17.2
19114,2017Q1,209,0.5017,3.469,19.6
19114,2017Q2,233,0.5499,3.545,17.2
19114,2017Q3,245,0.5175,3.359,20.8
19114,2017Q4,199,0.4841,3.317,19.1
19114,2018Q1,212,0.4794,3.392,22.6
19114,2018Q2,226,0.5167,3.447,21.7
19114,2018Q3,240,0.4970,3.292,21.7
19114,2018Q4,232,0.5054,3.582,21.1
19114,2019Q1,260,0.4483,3.235,24.2
19114,2019Q2,304,0.4825,3.385,23.0
19114,2019Q3,314,0.5148,3.424,20.7
19114,2019Q4,231,0.5583,3.593,20.3
19114,2020Q1,261,0.5540,3.498,18.4
19114,2020Q2,118,0.2784,2.958,33.9
19114,2020Q3,181,0.3391,2.912,30.9
19114,2020Q4,160,0.3461,3.275,30.6
19114,2021Q1,131,0.3072,3.046,32.1
19114,2021Q2,157,0.4412,3.344,26.1
19114,2021Q3,181,0.4726,3.381,24.3
19114,2021Q4,136,0.4677,3.265,24.3
19115,2012Q1,58,0.6114,3.621,17.2
19115,2012Q2,48,0.4687,2.979,16.7
19115,2012Q3,58,0.5557,3.345,19.0
19115,2012Q4,60,0.6304,3.400,15.0
19115,2013Q1,63,0.5692,3.413,19.0
19115,2013Q2,86,0.6297,3.500,16.3
19115,2013Q3,91,0.6283,3.495,11.0
19115,2013Q4,101,0.4697,3.545,18.8
19115,2014Q1,96,0.5603,3.594,14.6
19115,2014Q2,116,0.5427,3.483,18.1
19115,2014Q3,161,0.5062,3.329,23.6
19115,2014Q4,140,0.5174,3.271,20.7
19115,2015Q1,186,0.5424,3.430,18.8
19115,2015Q2,173,0.5707,3.526,14.5
19115,2015Q3,163,0.4604,3.558,23.9
19115,2015Q4,157,0.5355,3.707,19.7
19115,2016Q1,192,0.4693,3.438,25.0
19115,2016Q2,164,0.4443,3.341,25.6
19115,2016Q3,185,0.4856,3.562,27.0
19115,2016Q4,144,0.4786,3.375,20.8
19115,2017Q1,220,0.5609,3.555,16.8
19115,2017Q2,191,0.5577,3.565,16.8
19115,2017Q3,208,0.4969,3.442,21.2
19115,2017Q4,186,0.4585,3.495,26.9
19115,2018Q1,188,0.5404,3.574,19.1
19115,2018Q2,199,0.4464,3.372,27.1
19115,2018Q3,207,0.4163,3.329,25.6
19115,2018Q4,158,0.3443,3.399,31.0
19115,2019Q1,185,0.4081,3.276,29.2
19115,2019Q2,187,0.3463,3.278,30.5
19115,2019Q3,176,0.4495,3.386,24.4
19115,2019Q4,129,0.5506,3.597,19.4
19115,2020Q1,140,0.4357,3.350,27.9
19115,2020Q2,83,0.1962,2.892,38.6
19115,2020Q3,114,0.3382,3.351,31.6
19115,2020Q4,100,0.3728,3.510,30.0
19115,2021Q1,98,0.5541,3.582,16.3
19115,2021Q2,115,0.4073,3.304,26.1
19115,2021Q3,122,0.4470,3.139,26.2
19115,2021Q4,89,0.4122,3.247,25.8
19116,2012Q1,62,0.7471,3.726,6.5
19116,2012Q2,58,0.5949,3.466,19.0
19116,2012Q3,54,0.6676,3.500,9.3
19116,2012Q4,55,0.6494,3.636,9.1
19116,2013Q1,69,0.5166,3.464,18.8
19116,2013Q2,92,0.5748,3.348,18.5
19116,2013Q3,68,0.5276,3.456,22.1
19116,2013Q4,99,0.5766,3.455,18.2
19116,2014Q1,107,0.5580,3.551,20.6
19116,2014Q2,114,0.6848,3.526,10.5
19116,2014Q3,141,0.5958,3.440,15.6
19116,2014Q4,130,0.4980,3.285,21.5
19116,2015Q1,126,0.5880,3.492,15.9
19116,2015Q2,134,0.7053,3.649,6.0
19116,2015Q3,166,0.6257,3.801,13.3
19116,2015Q4,155,0.5138,3.561,20.6
19116,2016Q1,180,0.6068,3.522,16.1
19116,2016Q2,184,0.4570,3.326,25.0
19116,2016Q3,202,0.5910,3.787,15.8
19116,2016Q4,164,0.5543,3.720,17.1
19116,2017Q1,183,0.6004,3.519,15.8
19116,2017Q2,176,0.5821,3.562,17.0
19116,2017Q3,182,0.5178,3.560,20.3
19116,2017Q4,160,0.6315,3.737,13.8
19116,2018Q1,157,0.4754,3.427,24.8
19116,2018Q2,186,0.5946,3.704,17.7
19116,2018Q3,180,0.5795,3.767,16.7
19116,2018Q4,181,0.4446,3.464,24.9
19116,2019Q1,188,0.5844,3.819,17.6
19116,2019Q2,186,0.5152,3.473,19.4
19116,2019Q3,176,0.5842,3.659,15.9
19116,2019Q4,119,0.4680,3.403,23.5
19116,2020Q1,125,0.5709,3.752,16.8
19116,2020Q2,66,0.4587,3.424,27.3
19116,2020Q3,119,0.4975,3.588,20.2
19116,2020Q4,108,0.4942,3.741,22.2
19116,2021Q1,83,0.5157,4.024,16.9
19116,2021Q2,91,0.4875,3.615,19.8
19116,2021Q3,80,0.3383,3.250,30.0
19116,2021Q4,81,0.4497,3.531,24.7
19117,2016Q1,1,0.5859,5.000,0.0
19117,2017Q1,3,0.8883,5.000,0.0
19117,2018Q1,1,0.9432,5.000,0.0
19117,2019Q1,1,0.8115,5.000,0.0
19117,2019Q2,1,0.6743,5.000,0.0
19117,2019Q3,1,0.8808,5.000,0.0
19117,2019Q4,2,0.9466,5.000,0.0
19117,2020Q2,1,0.9312,5.000,0.0
19117,2020Q3,1,0.8979,5.000,0.0
19117,2020Q4,1,0.9319,5.000,0.0
19117,2021Q2,1,0.7960,5.000,0.0
19117,2021Q3,1,0.9491,5.000,0.0
19117,2021Q4,1,-0.7935,1.000,100.0
19118,2012Q1,174,0.7712,3.810,8.0
19118,2012Q2,129,0.7312,3.736,9.3
19118,2012Q3,172,0.6895,3.488,12.2
19118,2012Q4,141,0.7183,3.546,9.2
19118,2013Q1,139,0.6761,3.640,11.5
19118,2013Q2,174,0.6834,3.586,11.5
19118,2013Q3,159,0.6371,3.478,13.8
19118,2013Q4,147,0.6756,3.803,12.9
19118,2014Q1,159,0.6621,3.780,13.8
19118,2014Q2,172,0.7090,3.715,11.0
19118,2014Q3,188,0.6571,3.787,14.4
19118,2014Q4,170,0.7299,3.771,9.4
19118,2015Q1,248,0.7027,3.718,9.7
19118,2015Q2,198,0.6460,3.601,14.6
19118,2015Q3,238,0.7237,3.756,10.5
19118,2015Q4,196,0.6757,3.750,10.7
19118,2016Q1,181,0.6362,3.652,11.6
19118,2016Q2,218,0.5115,3.261,22.5
19118,2016Q3,232,0.5926,3.435,14.7
19118,2016Q4,228,0.6276,3.557,14.0
19118,2017Q1,246,0.6124,3.752,16.7
19118,2017Q2,295,0.6879,3.932,11.2
19118,2017Q3,254,0.6722,3.957,13.0
19118,2017Q4,199,0.6734,3.799,13.1
19118,2018Q1,225,0.6429,3.844,15.6
19118,2018Q2,212,0.5467,3.495,18.4
19118,2018Q3,265,0.6699,3.838,13.2
19118,2018Q4,267,0.5729,3.738,18.0
19118,2019Q1,243,0.6155,3.765,14.4
19118,2019Q2,198,0.5537,3.444,20.2
19118,2019Q3,220,0.4509,3.427,25.0
19118,2019Q4,186,0.6077,3.828,15.1
19118,2020Q1,150,0.6223,3.640,14.7
19118,2020Q2,65,0.6614,4.108,13.8
19118,2020Q3,111,0.5754,3.595,15.3
19118,2020Q4,116,0.5292,3.707,20.7
19118,2021Q1,98,0.6394,3.745,12.2
19118,2021Q2,96,0.5808,3.760,17.7
19118,2021Q3,125,0.6044,3.288,13.6
19118,2021Q4,116,0.4357,3.388,27.6
19119,2012Q1,101,0.7261,4.050,10.9
19119,2012Q2,67,0.6813,3.522,13.4
19119,2012Q3,73,0.7430,3.616,8.2
19119,2012Q4,88,0.6608,3.716,14.8
19119,2013Q1,151,0.7202,3.563,10.6
19119,2013Q2,112,0.6974,3.634,11.6
19119,2013Q3,117,0.6859,3.744,14.5
19119,2013Q4,110,0.7505,3.736,7.3
19119,2014Q1,149,0.6304,3.611,13.4
19119,2014Q2,119,0.6755,3.748,13.4
19119,2014Q3,163,0.7541,3.877,7.4
19119,2014Q4,137,0.6031,3.569,17.5
19119,2015Q1,179,0.7353,3.866,9.5
19119,2015Q2,174,0.7509,3.925,8.0
19119,2015Q3,188,0.5971,3.569,17.6
19119,2015Q4,170,0.6725,3.835,11.2
19119,2016Q1,173,0.6543,3.815,11.6
19119,2016Q2,215,0.5774,3.591,17.7
19119,2016Q3,225,0.6736,3.884,11.1
19119,2016Q4,204,0.6977,4.020,12.3
19119,2017Q1,168,0.6901,4.036,12.5
19119,2017Q2,175,0.6304,3.783,14.3
19119,2017Q3,164,0.6019,3.835,16.5
19119,2017Q4,149,0.6710,3.926,12.1
19119,2018Q1,159,0.6673,3.987,13.8
19119,2018Q2,165,0.6643,3.836,14.5
19119,2018Q3,138,0.7096,3.862,8.7
19119,2018Q4,134,0.6617,3.761,12.7
19119,2019Q1,120,0.5426,3.717,21.7
19119,2019Q2,130,0.6511,3.708,13.1
19119,2019Q3,172,0.6933,3.785,11.0
19119,2019Q4,132,0.6798,3.955,11.4
19119,2020Q1,121,0.6693,4.083,12.4
19119,2020Q2,74,0.7187,4.270,9.5
19119,2020Q3,101,0.6235,3.861,15.8
19119,2020Q4,122,0.6355,3.943,15.6
19119,2021Q1,94,0.8120,4.404,4.3
19119,2021Q2,98,0.7080,4.296,10.2
19119,2021Q3,99,0.5831,4.051,16.2
19119,2021Q4,75,0.6442,4.173,17.3
19120,2012Q1,38,0.5528,3.395,15.8
19120,2012Q2,32,0.6558,3.719,12.5
19120,2012Q3,30,0.5346,3.533,20.0
19120,2012Q4,28,0.7674,3.500,3.6
19120,2013Q1,49,0.8089,4.286,6.1
19120,2013Q2,47,0.6046,4.000,14.9
19120,2013Q3,42,0.4986,3.381,19.0
19120,2013Q4,35,0.6741,4.000,11.4
19120,2014Q1,65,0.7101,3.954,10.8
19120,2014Q2,90,0.7289,4.111,8.9
19120,2014Q3,82,0.6924,3.963,9.8
19120,2014Q4,77,0.6176,3.584,14.3
19120,2015Q1,114,0.6307,3.702,14.9
19120,2015Q2,101,0.5720,3.564,15.8
19120,2015Q3,122,0.6480,3.754,11.5
19120,2015Q4,118,0.5277,3.653,18.6
19120,2016Q1,118,0.5434,3.602,17.8
19120,2016Q2,106,0.4642,3.509,21.7
19120,2016Q3,126,0.5821,3.587,18.3
19120,2016Q4,132,0.4685,3.295,23.5
19120,2017Q1,103,0.4743,3.398,25.2
19120,2017Q2,109,0.4835,3.615,21.1
19120,2017Q3,120,0.5110,3.492,18.3
19120,2017Q4,109,0.3663,3.220,29.4
19120,2018Q1,120,0.5690,3.467,18.3
19120,2018Q2,88,0.4146,3.307,28.4
19120,2018Q3,106,0.4767,3.340,23.6
19120,2018Q4,83,0.3105,3.108,32.5
19120,2019Q1,94,0.4727,3.362,22.3
19120,2019Q2,91,0.4219,3.231,25.3
19120,2019Q3,98,0.4280,3.520,27.6
19120,2019Q4,61,0.4512,3.393,26.2
19120,2020Q1,65,0.5778,3.554,16.9
19120,2020Q2,31,0.5094,3.129,16.1
19120,2020Q3,80,0.3538,3.450,33.8
19120,2020Q4,89,0.5197,3.742,18.0
19120,2021Q1,87,0.5169,3.701,18.4
19120,2021Q2,63,0.4797,3.556,20.6
19120,2021Q3,76,0.2438,3.026,35.5
19120,2021Q4,67,0.4572,3.507,25.4
19121,2012Q1,34,0.2697,3.000,35.3
19121,2012Q2,33,0.5172,3.303,24.2
19121,2012Q3,22,0.3750,2.818,27.3
19121,2012Q4,36,0.2971,2.667,33.3
19121,2013Q1,45,0.5336,3.222,15.6
19121,2013Q2,43,0.4125,3.233,27.9
19121,2013Q3,54,0.3053,3.019,31.5
19121,2013Q4,52,0.4477,3.231,23.1
19121,2014Q1,54,0.5969,3.519,16.7
19121,2014Q2,52,0.4932,3.154,21.2
19121,2014Q3,51,0.4329,3.235,25.5
19121,2014Q4,52,0.3469,3.288,30.8
19121,2015Q1,68,0.5294,3.309,20.6
19121,2015Q2,76,0.4583,3.395,22.4
19121,2015Q3,77,0.5867,3.844,18.2
19121,2015Q4,70,0.5845,3.671,18.6
19121,2016Q1,97,0.4387,3.381,24.7
19121,2016Q2,85,0.4026,3.518,28.2
19121,2016Q3,84,0.4082,3.238,28.6
19121,2016Q4,99,0.4499,3.293,24.2
19121,2017Q1,132,0.4707,3.015,26.5
19121,2017Q2,139,0.5069,3.432,20.9
19121,2017Q3,88,0.4703,3.318,25.0
19121,2017Q4,97,0.5995,3.732,14.4
19121,2018Q1,99,0.4333,3.364,24.2
19121,2018Q2,74,0.4511,3.419,24.3
19121,2018Q3,80,0.5991,3.675,16.2
19121,2018Q4,135,0.4692,3.348,22.2
19121,2019Q1,119,0.5461,3.613,21.0
19121,2019Q2,151,0.5744,3.397,18.5
19121,2019Q3,127,0.4174,3.165,26.8
19121,2019Q4,93,0.4726,3.409,25.8
19121,2020Q1,80,0.5665,3.400,15.0
19121,2020Q2,54,0.6313,3.907,14.8
19121,2020Q3,50,0.3785,3.460,30.0
19121,2020Q4,42,0.2725,3.238,35.7
19121,2021Q1,34,0.3489,3.324,35.3
19121,2021Q2,41,0.5193,3.561,24.4
19121,2021Q3,35,0.2566,2.943,31.4
19121,2021Q4,38,0.4960,3.789,21.1
19122,2012Q1,71,0.7550,3.817,9.9
19122,2012Q2,66,0.6901,3.788,12.1
19122,2012Q3,80,0.6976,3.913,10.0
19122,2012Q4,66,0.6737,4.076,12.1
19122,2013Q1,101,0.7218,4.000,7.9
19122,2013Q2,122,0.6796,4.000,13.1
19122,2013Q3,113,0.7802,4.230,7.1
19122,2013Q4,102,0.7460,4.078,5.9
19122,2014Q1,112,0.6653,3.982,14.3
19122,2014Q2,116,0.7403,4.026,6.9
19122,2014Q3,133,0.6671,3.872,11.3
19122,2014Q4,128,0.6661,3.992,12.5
19122,2015Q1,175,0.6740,3.949,13.1
19122,2015Q2,198,0.6890,3.985,11.1
19122,2015Q3,192,0.7420,4.005,8.9
19122,2015Q4,243,0.6560,3.963,14.0
19122,2016Q1,267,0.6747,3.929,11.6
19122,2016Q2,293,0.7436,4.102,8.5
19122,2016Q3,271,0.7170,4.044,10.0
19122,2016Q4,238,0.7427,4.130,8.4
19122,2017Q1,308,0.7300,4.130,10.1
19122,2017Q2,303,0.7520,4.165,7.3
19122,2017Q3,283,0.7550,4.141,9.5
19122,2017Q4,277,0.6872,4.061,13.0
19122,2018Q1,304,0.7485,4.194,9.5
19122,2018Q2,331,0.6892,4.045,12.4
19122,2018Q3,290,0.7295,4.200,10.0
19122,2018Q4,306,0.6529,3.987,13.7
19122,2019Q1,369,0.7378,4.049,9.5
19122,2019Q2,429,0.7121,4.021,9.8
19122,2019Q3,441,0.6653,3.927,12.5
19122,2019Q4,380,0.7044,3.918,11.1
19122,2020Q1,329,0.7122,4.112,9.7
19122,2020Q2,120,0.6418,3.975,13.3
19122,2020Q3,200,0.5950,3.805,15.5
19122,2020Q4,178,0.7225,4.191,8.4
19122,2021Q1,166,0.6456,4.030,13.9
19122,2021Q2,206,0.7646,4.160,7.8
19122,2021Q3,270,0.5888,3.722,18.9
19122,2021Q4,255,0.7319,4.008,9.0
19123,2012Q1,837,0.7564,3.786,8.6
19123,2012Q2,861,0.7240,3.647,10.7
19123,2012Q3,787,0.7463,3.759,8.6
19123,2012Q4,754,0.7064,3.667,11.4
19123,2013Q1,1047,0.7321,3.730,9.4
19123,2013Q2,1002,0.7261,3.726,10.2
19123,2013Q3,989,0.7362,3.717,9.8
19123,2013Q4,853,0.7145,3.747,10.8
19123,2014Q1,1063,0.7264,3.909,9.4
19123,2014Q2,973,0.7380,3.879,9.4
19123,2014Q3,1085,0.7053,3.777,11.0
19123,2014Q4,926,0.7038,3.867,11.6
19123,2015Q1,1051,0.7027,3.853,10.8
19123,2015Q2,1093,0.7270,3.851,10.1
19123,2015Q3,1137,0.6981,3.872,11.3
19123,2015Q4,1015,0.7235,3.951,10.4
19123,2016Q1,1052,0.7024,3.976,10.8
19123,2016Q2,1173,0.6877,3.880,12.3
19123,2016Q3,1114,0.6869,3.943,12.0
19123,2016Q4,859,0.6839,3.920,11.6
19123,2017Q1,972,0.6998,4.036,11.6
19123,2017Q2,1198,0.6790,3.861,12.2
19123,2017Q3,1096,0.7104,3.928,11.3
19123,2017Q4,1004,0.7051,3.936,10.8
19123,2018Q1,1175,0.6684,3.936,13.0
19123,2018Q2,1288,0.7243,4.028,9.9
19123,2018Q3,1247,0.6834,3.947,11.9
19123,2018Q4,971,0.6897,3.986,12.2
19123,2019Q1,1036,0.6689,3.954,13.5
19123,2019Q2,1155,0.6978,4.003,11.3
19123,2019Q3,1080,0.6864,3.993,11.6
19123,2019Q4,858,0.7244,4.048,9.7
19123,2020Q1,774,0.7265,4.067,10.5
19123,2020Q2,307,0.6803,4.088,11.4
19123,2020Q3,723,0.6833,3.932,12.2
19123,2020Q4,599,0.6948,4.020,11.7
19123,2021Q1,623,0.6941,3.986,11.7
19123,2021Q2,717,0.6462,3.781,13.4
19123,2021Q3,778,0.6286,3.769,14.8
19123,2021Q4,638,0.6372,3.788,15.2
19124,2012Q1,17,0.5056,3.412,23.5
19124,2012Q2,26,0.5492,3.500,15.4
19124,2012Q3,38,0.3698,3.184,26.3
19124,2012Q4,39,0.5360,3.667,23.1
19124,2013Q1,56,0.5150,3.446,16.1
19124,2013Q2,43,0.4504,3.395,27.9
19124,2013Q3,55,0.5941,3.727,14.5
19124,2013Q4,46,0.6157,3.978,13.0
19124,2014Q1,54,0.5937,3.444,18.5
19124,2014Q2,57,0.4237,3.333,22.8
19124,2014Q3,69,0.4550,3.638,20.3
19124,2014Q4,67,0.4842,3.463,23.9
19124,2015Q1,87,0.4203,3.264,26.4
19124,2015Q2,93,0.3990,3.161,30.1
19124,2015Q3,87,0.4265,3.379,26.4
19124,2015Q4,65,0.3554,2.769,26.2
19124,2016Q1,110,0.4196,3.464,24.5
19124,2016Q2,103,0.4587,3.447,26.2
19124,2016Q3,95,0.4222,3.400,27.4
19124,2016Q4,81,0.4143,3.432,23.5
19124,2017Q1,82,0.4485,3.244,25.6
19124,2017Q2,100,0.4890,3.570,20.0
19124,2017Q3,97,0.4185,3.423,26.8
19124,2017Q4,79,0.3018,3.063,31.6
19124,2018Q1,101,0.3925,3.257,27.7
19124,2018Q2,102,0.3597,3.137,28.4
19124,2018Q3,118,0.3337,3.297,30.5
19124,2018Q4,94,0.2900,2.957,35.1
19124,2019Q1,103,0.2811,2.854,32.0
19124,2019Q2,110,0.2146,2.864,40.0
19124,2019Q3,104,0.1889,2.865,39.4
19124,2019Q4,89,0.2734,2.809,34.8
19124,2020Q1,76,0.2400,2.868,36.8
19124,2020Q2,61,0.3122,3.262,31.1
19124,2020Q3,103,0.3433,3.136,30.1
19124,2020Q4,60,0.4165,3.433,28.3
19124,2021Q1,62,0.3202,3.161,30.6
19124,2021Q2,63,0.2133,3.016,34.9
19124,2021Q3,77,0.1927,2.779,40.3
19124,2021Q4,66,0.3420,3.288,31.8
19125,2012Q1,378,0.7054,3.966,11.1
19125,2012Q2,368,0.7334,3.902,9.2
19125,2012Q3,412,0.7572,4.097,7.5
19125,2012Q4,433,0.7685,4.021,7.9
19125,2013Q1,537,0.8068,4.030,5.0
19125,2013Q2,533,0.7955,3.942,5.8
19125,2013Q3,626,0.7706,4.038,6.5
19125,2013Q4,555,0.7646,4.061,7.7
19125,2014Q1,616,0.7565,4.089,7.6
19125,2014Q2,619,0.7731,4.144,6.9
19125,2014Q3,592,0.7361,4.015,9.8
19125,2014Q4,663,0.7371,4.089,9.2
19125,2015Q1,666,0.7223,4.093,10.2
19125,2015Q2,746,0.7269,4.051,9.7
19125,2015Q3,677,0.7127,4.095,11.1
19125,2015Q4,651,0.7468,4.121,7.7
19125,2016Q1,817,0.7310,4.154,9.2
19125,2016Q2,733,0.7131,4.065,10.2
19125,2016Q3,821,0.7140,4.019,10.0
19125,2016Q4,631,0.7469,4.189,8.9
19125,2017Q1,723,0.7045,4.051,11.6
19125,2017Q2,764,0.7006,4.021,10.9
19125,2017Q3,820,0.7245,4.055,10.0
19125,2017Q4,822,0.7246,4.022,9.9
19125,2018Q1,821,0.6937,3.956,11.7
19125,2018Q2,833,0.7010,3.935,10.4
19125,2018Q3,988,0.7416,4.120,8.7
19125,2018Q4,914,0.6842,4.040,11.9
19125,2019Q1,1039,0.6957,3.984,12.2
19125,2019Q2,942,0.7025,4.035,10.4
19125,2019Q3,973,0.6820,4.003,11.4
19125,2019Q4,789,0.7246,4.053,10.3
19125,2020Q1,717,0.7022,4.033,11.0
19125,2020Q2,267,0.6610,4.172,13.1
19125,2020Q3,426,0.6675,4.063,12.4
19125,2020Q4,411,0.6771,4.161,11.9
19125,2021Q1,378,0.6877,4.037,12.4
19125,2021Q2,444,0.6136,3.946,16.0
19125,2021Q3,448,0.6256,3.888,15.4
19125,2021Q4,451,0.6676,3.887,11.5
19126,2012Q1,43,0.7796,4.186,4.7
19126,2012Q2,23,0.7827,3.783,4.3
19126,2012Q3,33,0.6637,3.697,9.1
19126,2012Q4,23,0.5157,3.435,26.1
19126,2013Q1,39,0.6673,3.641,15.4
19126,2013Q2,26,0.8494,4.000,3.8
19126,2013Q3,29,0.4476,3.276,27.6
19126,2013Q4,36,0.6453,3.944,13.9
19126,2014Q1,44,0.7043,3.682,6.8
19126,2014Q2,39,0.7217,3.821,12.8
19126,2014Q3,33,0.6295,3.818,12.1
19126,2014Q4,29,0.6988,4.034,13.8
19126,2015Q1,62,0.5685,3.790,17.7
19126,2015Q2,49,0.6658,4.020,12.2
19126,2015Q3,64,0.7116,4.125,7.8
19126,2015Q4,40,0.5805,3.550,17.5
19126,2016Q1,35,0.7196,4.000,8.6
19126,2016Q2,28,0.5392,3.893,17.9
19126,2016Q3,41,0.4905,3.659,26.8
19126,2016Q4,41,0.6629,3.732,9.8
19126,2017Q1,45,0.7329,3.867,8.9
19126,2017Q2,39,0.6830,3.667,10.3
19126,2017Q3,42,0.5223,3.595,19.0
19126,2017Q4,44,0.7085,4.000,11.4
19126,2018Q1,43,0.5565,3.395,18.6
19126,2018Q2,62,0.6283,4.161,14.5
19126,2018Q3,49,0.6170,3.918,14.3
19126,2018Q4,41,0.6344,3.902,17.1
19126,2019Q1,57,0.7078,4.246,12.3
19126,2019Q2,32,0.6445,3.750,12.5
19126,2019Q3,47,0.7554,4.000,4.3
19126,2019Q4,32,0.6152,3.656,9.4
19126,2020Q1,35,0.6303,3.943,14.3
19126,2020Q2,20,0.5470,4.000,20.0
19126,2020Q3,30,0.4845,3.533,16.7
19126,2020Q4,29,0.5853,3.828,10.3
19126,2021Q1,30,0.7931,4.433,3.3
19126,2021Q2,20,0.5906,3.950,15.0
19126,2021Q3,22,0.5246,4.091,13.6
19126,2021Q4,19,0.8077,4.421,5.3
19127,2012Q1,338,0.7467,3.769,7.4
19127,2012Q2,304,0.7248,3.671,9.5
19127,2012Q3,309,0.7119,3.722,10.4
19127,2012Q4,245,0.6482,3.694,13.9
19127,2013Q1,363,0.7336,3.683,8.5
19127,2013Q2,436,0.7194,3.782,9.9
19127,2013Q3,366,0.8042,4.016,6.8
19127,2013Q4,401,0.6987,3.950,12.0
19127,2014Q1,469,0.7391,3.945,9.4
19127,2014Q2,511,0.6920,3.804,11.5
19127,2014Q3,486,0.7468,3.912,9.1
19127,2014Q4,432,0.6961,3.734,10.6
19127,2015Q1,453,0.6875,3.786,12.6
19127,2015Q2,582,0.6684,3.716,13.4
19127,2015Q3,558,0.7348,3.962,9.5
19127,2015Q4,471,0.6812,3.794,11.3
19127,2016Q1,545,0.7272,3.938,9.5
19127,2016Q2,557,0.6836,3.828,12.6
19127,2016Q3,463,0.6849,3.775,12.1
19127,2016Q4,364,0.6250,3.695,16.2
19127,2017Q1,446,0.6252,3.758,14.8
19127,2017Q2,595,0.6594,3.701,13.3
19127,2017Q3,601,0.6822,3.764,12.3
19127,2017Q4,467,0.6940,3.803,11.8
19127,2018Q1,458,0.6851,3.814,13.3
19127,2018Q2,606,0.6833,3.868,12.9
19127,2018Q3,538,0.7118,3.933,10.8
19127,2018Q4,414,0.6700,3.831,13.8
19127,2019Q1,482,0.6685,3.944,13.7
19127,2019Q2,552,0.6486,3.841,14.3
19127,2019Q3,492,0.6801,4.065,13.0
19127,2019Q4,382,0.6557,3.846,13.9
19127,2020Q1,313,0.6919,3.879,12.5
19127,2020Q2,188,0.7213,4.234,8.0
19127,2020Q3,317,0.6502,4.000,13.6
19127,2020Q4,316,0.6835,4.092,11.7
19127,2021Q1,269,0.7427,4.100,8.9
19127,2021Q2,275,0.6233,3.702,15.3
19127,2021Q3,288,0.5856,3.691,17.0
19127,2021Q4,229,0.6101,3.690,17.0
19128,2012Q1,172,0.6846,3.738,9.9
19128,2012Q2,233,0.6924,3.944,12.0
19128,2012Q3,211,0.5714,3.607,16.1
19128,2012Q4,159,0.6106,3.616,14.5
19128,2013Q1,267,0.6021,3.607,15.4
19128,2013Q2,270,0.7033,3.704,10.0
19128,2013Q3,246,0.5657,3.496,17.1
19128,2013Q4,286,0.6155,3.699,15.4
19128,2014Q1,336,0.6664,3.652,11.6
19128,2014Q2,384,0.6718,3.789,12.0
19128,2014Q3,383,0.6696,3.869,11.0
19128,2014Q4,341,0.6350,3.739,12.9
19128,2015Q1,384,0.6050,3.628,14.1
19128,2015Q2,364,0.6274,3.750,14.0
19128,2015Q3,466,0.6239,3.783,13.7
19128,2015Q4,387,0.5793,3.791,16.3
19128,2016Q1,465,0.6318,3.789,14.0
19128,2016Q2,469,0.6242,3.908,15.4
19128,2016Q3,476,0.5759,3.645,17.0
19128,2016Q4,411,0.6119,3.912,15.3
19128,2017Q1,500,0.5987,3.788,16.2
19128,2017Q2,486,0.5302,3.658,21.0
19128,2017Q3,528,0.5966,3.873,15.9
19128,2017Q4,483,0.5867,3.855,16.1
19128,2018Q1,434,0.5899,3.931,16.1
19128,2018Q2,542,0.6569,3.967,12.4
19128,2018Q3,557,0.5354,3.720,19.9
19128,2018Q4,423,0.5140,3.882,20.3
19128,2019Q1,455,0.6149,3.890,13.0
19128,2019Q2,517,0.5935,3.805,16.6
19128,2019Q3,605,0.5571,3.772,17.9
19128,2019Q4,465,0.5924,3.819,15.7
19128,2020Q1,330,0.5853,3.827,16.1
19128,2020Q2,215,0.5039,3.744,21.9
19128,2020Q3,440,0.5747,3.918,16.4
19128,2020Q4,345,0.5552,3.933,17.7
19128,2021Q1,302,0.5670,3.864,17.5
19128,2021Q2,365,0.5252,3.641,20.3
19128,2021Q3,368,0.4540,3.380,23.6
19128,2021Q4,254,0.5135,3.543,19.3
19129,2012Q1,111,0.7437,3.901,9.0
19129,2012Q2,114,0.7840,4.079,7.0
19129,2012Q3,116,0.7406,3.810,9.5
19129,2012Q4,72,0.6269,3.500,13.9
19129,2013Q1,147,0.7348,3.782,8.8
19129,2013Q2,118,0.6472,3.407,13.6
19129,2013Q3,139,0.8108,3.950,4.3
19129,2013Q4,126,0.7117,3.746,10.3
19129,2014Q1,137,0.6345,3.839,15.3
19129,2014Q2,142,0.6801,3.768,12.7
19129,2014Q3,135,0.7397,3.881,10.4
19129,2014Q4,111,0.7047,3.838,9.9
19129,2015Q1,143,0.7000,4.035,9.8
19129,2015Q2,144,0.6995,3.868,11.8
19129,2015Q3,183,0.6878,3.902,12.6
19129,2015Q4,122,0.7356,4.025,8.2
19129,2016Q1,206,0.6564,3.874,14.1
19129,2016Q2,162,0.6235,3.667,16.0
19129,2016Q3,178,0.6450,3.702,14.6
19129,2016Q4,151,0.6794,4.172,13.2
19129,2017Q1,144,0.7717,4.160,8.3
19129,2017Q2,164,0.6907,3.909,11.0
19129,2017Q3,179,0.6845,3.743,12.8
19129,2017Q4,125,0.6710,3.896,12.0
19129,2018Q1,217,0.6601,3.922,12.0
19129,2018Q2,195,0.6331,3.774,15.9
19129,2018Q3,182,0.6737,3.912,12.1
19129,2018Q4,185,0.6992,4.081,10.8
19129,2019Q1,176,0.7133,4.119,11.4
19129,2019Q2,143,0.7119,4.049,10.5
19129,2019Q3,176,0.7140,3.989,10.2
19129,2019Q4,129,0.6874,3.977,13.2
19129,2020Q1,119,0.6495,3.958,12.6
19129,2020Q2,80,0.7352,4.300,8.8
19129,2020Q3,181,0.7456,4.315,8.3
19129,2020Q4,112,0.6528,4.098,14.3
19129,2021Q1,89,0.7062,4.337,10.1
19129,2021Q2,103,0.6448,3.835,13.6
19129,2021Q3,106,0.7256,4.028,6.6
19129,2021Q4,79,0.5473,3.658,17.7
19130,2012Q1,638,0.7707,3.746,7.1
19130,2012Q2,632,0.7466,3.647,8.2
19130,2012Q3,632,0.7331,3.766,10.0
19130,2012Q4,514,0.7486,3.730,8.6
19130,2013Q1,605,0.7499,3.841,8.4
19130,2013Q2,610,0.7191,3.785,10.3
19130,2013Q3,830,0.7357,3.860,9.9
19130,2013Q4,827,0.7105,3.787,11.0
19130,2014Q1,846,0.7381,3.908,9.8
19130,2014Q2,777,0.6809,3.767,11.7
19130,2014Q3,896,0.6810,3.763,12.4
19130,2014Q4,797,0.6802,3.779,12.2
19130,2015Q1,845,0.7186,3.884,9.6
19130,2015Q2,991,0.7170,3.946,10.4
19130,2015Q3,936,0.6748,3.814,12.8
19130,2015Q4,846,0.6753,3.942,12.1
19130,2016Q1,1022,0.7301,3.965,9.2
19130,2016Q2,943,0.6842,3.963,11.6
19130,2016Q3,922,0.7073,3.979,9.9
19130,2016Q4,904,0.6660,3.917,13.2
19130,2017Q1,986,0.7096,4.008,9.8
19130,2017Q2,1043,0.6810,3.916,11.9
19130,2017Q3,1028,0.7010,3.986,11.0
19130,2017Q4,1021,0.6740,4.002,12.8
19130,2018Q1,907,0.6910,3.943,11.7
19130,2018Q2,1022,0.6770,3.927,12.1
19130,2018Q3,1006,0.6451,3.921,14.2
19130,2018Q4,890,0.6638,3.930,13.5
19130,2019Q1,923,0.6834,3.928,12.1
19130,2019Q2,948,0.6622,3.905,12.7
19130,2019Q3,985,0.6887,4.004,11.8
19130,2019Q4,899,0.6467,3.983,14.8
19130,2020Q1,724,0.6534,3.869,12.8
19130,2020Q2,292,0.6862,4.113,11.3
19130,2020Q3,441,0.6728,4.177,10.9
19130,2020Q4,433,0.7075,4.109,10.2
19130,2021Q1,408,0.6849,4.115,12.0
19130,2021Q2,509,0.6776,4.073,13.2
19130,2021Q3,621,0.6396,3.921,14.5
19130,2021Q4,520,0.6125,3.812,14.8
19131,2012Q1,72,0.4206,2.944,29.2
19131,2012Q2,83,0.3499,2.988,27.7
19131,2012Q3,81,0.5187,3.111,18.5
19131,2012Q4,59,0.4802,3.153,22.0
19131,2013Q1,75,0.5022,3.080,22.7
19131,2013Q2,99,0.4150,2.990,26.3
19131,2013Q3,118,0.5108,3.212,23.7
19131,2013Q4,79,0.5080,3.013,16.5
19131,2014Q1,104,0.4959,2.885,23.1
19131,2014Q2,142,0.4694,2.986,22.5
19131,2014Q3,129,0.4040,3.101,27.1
19131,2014Q4,97,0.3437,2.773,29.9
19131,2015Q1,109,0.3825,2.752,29.4
19131,2015Q2,140,0.3728,3.100,27.1
19131,2015Q3,154,0.3937,3.006,27.3
19131,2015Q4,173,0.4364,3.179,26.0
19131,2016Q1,177,0.4357,3.147,23.7
19131,2016Q2,192,0.3479,3.099,31.2
19131,2016Q3,183,0.3550,3.016,27.9
19131,2016Q4,134,0.4339,3.134,25.4
19131,2017Q1,154,0.4553,3.156,24.0
19131,2017Q2,182,0.3387,2.978,29.7
19131,2017Q3,185,0.3601,3.076,31.4
19131,2017Q4,161,0.4786,3.267,21.1
19131,2018Q1,191,0.3049,2.890,33.0
19131,2018Q2,199,0.3540,3.000,29.1
19131,2018Q3,230,0.4251,3.174,25.7
19131,2018Q4,190,0.4380,3.305,24.2
19131,2019Q1,187,0.4615,3.326,26.2
19131,2019Q2,186,0.4365,3.290,24.2
19131,2019Q3,256,0.5051,3.344,20.7
19131,2019Q4,189,0.3043,3.111,33.9
19131,2020Q1,175,0.3891,3.246,26.9
19131,2020Q2,91,0.2586,2.879,34.1
19131,2020Q3,145,0.2622,2.855,34.5
19131,2020Q4,104,0.4557,3.183,24.0
19131,2021Q1,111,0.2509,2.946,36.0
19131,2021Q2,127,0.2476,2.811,37.0
19131,2021Q3,142,0.3299,3.183,32.4
19131,2021Q4,99,0.3001,2.949,32.3
19132,2012Q1,10,0.8421,4.300,0.0
19132,2012Q2,7,0.8416,4.429,0.0
19132,2012Q3,11,0.7848,4.545,9.1
19132,2012Q4,8,0.7868,4.625,12.5
19132,2013Q1,11,0.5689,4.091,18.2
19132,2013Q2,13,0.6292,3.923,15.4
19132,2013Q3,16,0.8316,4.125,0.0
19132,2013Q4,14,0.7521,4.643,7.1
19132,2014Q1,13,0.4076,3.154,30.8
19132,2014Q2,14,0.7019,3.929,14.3
19132,2014Q3,21,0.3143,3.095,33.3
19132,2014Q4,20,0.8355,4.250,5.0
19132,2015Q1,17,0.0104,3.000,47.1
19132,2015Q2,19,0.6215,3.579,10.5
19132,2015Q3,23,0.4440,3.652,21.7
19132,2015Q4,22,0.1313,3.045,40.9
19132,2016Q1,24,0.4054,3.417,25.0
19132,2016Q2,27,0.4681,3.296,25.9
19132,2016Q3,38,0.2963,3.132,31.6
19132,2016Q4,29,0.5337,3.586,17.2
19132,2017Q1,27,0.4714,3.593,18.5
19132,2017Q2,36,0.4027,3.361,30.6
19132,2017Q3,51,0.5137,3.373,21.6
19132,2017Q4,37,0.4183,3.459,21.6
19132,2018Q1,38,0.2620,2.658,28.9
19132,2018Q2,32,0.3094,3.562,34.4
19132,2018Q3,62,0.3810,3.113,29.0
19132,2018Q4,38,0.3649,3.237,31.6
19132,2019Q1,47,0.2514,3.298,36.2
19132,2019Q2,62,0.5314,3.468,17.7
19132,2019Q3,40,0.5998,3.575,15.0
19132,2019Q4,38,0.4262,3.211,23.7
19132,2020Q1,43,0.3382,2.860,30.2
19132,2020Q2,33,0.2357,2.697,39.4
19132,2020Q3,57,0.4147,3.561,24.6
19132,2020Q4,22,0.1562,2.318,45.5
19132,2021Q1,30,0.4224,3.400,26.7
19132,2021Q2,47,0.4821,3.638,27.7
19132,2021Q3,28,0.2449,3.071,35.7
19132,2021Q4,36,0.4398,3.611,30.6
19133,2012Q1,4,0.4889,3.500,25.0
19133,2012Q2,3,0.9840,5.000,0.0
19133,2012Q3,2,0.9734,4.000,0.0
19133,2012Q4,3,0.2336,3.333,33.3
19133,2013Q1,6,0.5786,4.500,16.7
19133,2013Q2,12,0.8929,4.333,0.0
19133,2013Q3,10,0.6358,3.500,10.0
19133,2013Q4,11,0.5961,4.182,18.2
19133,2014Q1,11,0.5710,3.545,18.2
19133,2014Q2,13,0.8682,3.923,0.0
19133,2014Q3,11,0.3797,3.273,27.3
19133,2014Q4,11,0.5286,3.636,18.2
19133,2015Q1,12,0.4758,3.167,16.7
19133,2015Q2,17,0.5582,3.588,17.6
19133,2015Q3,9,0.0602,3.000,55.6
19133,2015Q4,14,0.4895,3.714,14.3
19133,2016Q1,14,0.6750,3.286,14.3
19133,2016Q2,22,0.3481,3.091,27.3
19133,2016Q3,27,0.5931,3.815,14.8
19133,2016Q4,16,0.6109,3.562,12.5
19133,2017Q1,19,0.5995,4.368,15.8
19133,2017Q2,22,0.5355,3.318,18.2
19133,2017Q3,8,0.5936,3.375,12.5
19133,2017Q4,15,0.4327,3.467,33.3
19133,2018Q1,15,0.5260,3.600,20.0
19133,2018Q2,21,0.5630,4.095,19.0
19133,2018Q3,26,0.1754,2.654,38.5
19133,2018Q4,30,0.5978,3.767,16.7
19133,2019Q1,26,0.2806,3.000,38.5
19133,2019Q2,25,0.4106,3.200,24.0
19133,2019Q3,25,0.5565,3.680,20.0
19133,2019Q4,17,0.2995,3.118,35.3
19133,2020Q1,16,0.3539,3.750,25.0
19133,2020Q2,13,0.1991,3.462,38.5
19133,2020Q3,17,0.3917,3.471,29.4
19133,2020Q4,19,0.5292,3.895,26.3
19133,2021Q1,19,0.4537,3.368,21.1
19133,2021Q2,24,0.3013,3.000,37.5
19133,2021Q3,15,0.3191,3.133,33.3
19133,2021Q4,16,0.6303,3.562,12.5
19134,2012Q1,79,0.5377,3.823,19.0
19134,2012Q2,72,0.7388,3.889,6.9
19134,2012Q3,60,0.5499,3.767,18.3
19134,2012Q4,55,0.6657,3.855,14.5
19134,2013Q1,81,0.5510,3.716,21.0
19134,2013Q2,77,0.6050,3.727,14.3
19134,2013Q3,80,0.6065,3.812,16.2
19134,2013Q4,90,0.5812,3.678,16.7
19134,2014Q1,118,0.4772,3.492,22.0
19134,2014Q2,94,0.5490,3.638,17.0
19134,2014Q3,104,0.6869,3.865,12.5
19134,2014Q4,102,0.4690,3.676,23.5
19134,2015Q1,118,0.5844,3.788,16.9
19134,2015Q2,110,0.5726,3.627,16.4
19134,2015Q3,141,0.6410,3.730,13.5
19134,2015Q4,140,0.4533,3.593,24.3
19134,2016Q1,171,0.6063,4.099,17.0
19134,2016Q2,171,0.5402,3.813,19.9
19134,2016Q3,184,0.5463,3.707,19.6
19134,2016Q4,169,0.6149,3.947,14.2
19134,2017Q1,192,0.6044,3.802,16.7
19134,2017Q2,186,0.5192,3.645,22.0
19134,2017Q3,173,0.5485,3.803,20.2
19134,2017Q4,149,0.6463,3.946,14.1
19134,2018Q1,180,0.4588,3.622,24.4
19134,2018Q2,194,0.5876,3.732,16.5
19134,2018Q3,218,0.6071,3.872,16.1
19134,2018Q4,173,0.6731,4.075,12.1
19134,2019Q1,187,0.6453,4.032,14.4
19134,2019Q2,226,0.6452,3.942,14.2
19134,2019Q3,171,0.5688,3.842,18.1
19134,2019Q4,141,0.6860,4.312,9.9
19134,2020Q1,136,0.5923,3.824,17.6
19134,2020Q2,117,0.5583,3.821,17.9
19134,2020Q3,128,0.5486,3.789,19.5
19134,2020Q4,128,0.6462,3.945,11.7
19134,2021Q1,133,0.4848,3.617,21.1
19134,2021Q2,114,0.5228,3.693,18.4
19134,2021Q3,92,0.4665,3.522,23.9
19134,2021Q4,129,0.6680,4.031,13.2
19135,2012Q1,56,0.3782,3.268,25.0
19135,2012Q2,38,0.4766,3.474,21.1
19135,2012Q3,50,0.3267,2.920,28.0
19135,2012Q4,54,0.4591,3.204,24.1
19135,2013Q1,79,0.5889,3.671,15.2
19135,2013Q2,51,0.3174,3.196,31.4
19135,2013Q3,59,0.3945,3.339,30.5
19135,2013Q4,59,0.5048,3.458,18.6
19135,2014Q1,83,0.5546,3.651,16.9
19135,2014Q2,82,0.6373,3.683,13.4
19135,2014Q3,109,0.6186,3.560,13.8
19135,2014Q4,109,0.4535,3.303,22.0
19135,2015Q1,82,0.3512,3.280,28.0
19135,2015Q2,134,0.5807,3.672,15.7
19135,2015Q3,132,0.4038,3.242,25.0
19135,2015Q4,128,0.3501,3.141,30.5
19135,2016Q1,143,0.4762,3.420,21.0
19135,2016Q2,145,0.5249,3.676,20.0
19135,2016Q3,126,0.4033,3.437,27.8
19135,2016Q4,90,0.4902,3.733,23.3
19135,2017Q1,104,0.4503,3.481,22.1
19135,2017Q2,124,0.5794,3.669,17.7
19135,2017Q3,141,0.5262,3.567,19.1
19135,2017Q4,126,0.5094,3.683,21.4
19135,2018Q1,140,0.4643,3.386,23.6
19135,2018Q2,161,0.4876,3.528,22.4
19135,2018Q3,131,0.4369,3.366,26.0
19135,2018Q4,119,0.3987,3.361,27.7
19135,2019Q1,112,0.5104,3.527,20.5
19135,2019Q2,164,0.4456,3.482,24.4
19135,2019Q3,152,0.5074,3.658,19.7
19135,2019Q4,122,0.4837,3.549,20.5
19135,2020Q1,99,0.4554,3.768,24.2
19135,2020Q2,78,0.4340,3.346,24.4
19135,2020Q3,95,0.4053,3.653,28.4
19135,2020Q4,86,0.5421,3.977,16.3
19135,2021Q1,91,0.6742,4.143,12.1
19135,2021Q2,102,0.4486,3.373,23.5
19135,2021Q3,93,0.4145,3.462,25.8
19135,2021Q4,69,0.3756,3.536,26.1
19136,2012Q1,56,0.6130,3.339,16.1
19136,2012Q2,47,0.5388,3.851,17.0
19136,2012Q3,49,0.5255,3.816,22.4
19136,2012Q4,73,0.4874,3.411,20.5
19136,2013Q1,59,0.4485,3.034,25.4
19136,2013Q2,69,0.5137,3.493,21.7
19136,2013Q3,58,0.4232,3.293,27.6
19136,2013Q4,93,0.5995,3.581,16.1
19136,2014Q1,89,0.6648,3.652,9.0
19136,2014Q2,96,0.4778,3.542,22.9
19136,2014Q3,126,0.5550,3.556,19.0
19136,2014Q4,106,0.5082,3.292,22.6
19136,2015Q1,106,0.5436,3.481,17.9
19136,2015Q2,149,0.5135,3.557,20.1
19136,2015Q3,123,0.4693,3.455,22.8
19136,2015Q4,103,0.3902,3.544,27.2
19136,2016Q1,148,0.5202,3.507,20.3
19136,2016Q2,135,0.5596,3.615,17.8
19136,2016Q3,131,0.5569,3.664,17.6
19136,2016Q4,104,0.5009,3.519,22.1
19136,2017Q1,129,0.6659,3.884,12.4
19136,2017Q2,124,0.5901,3.605,18.5
19136,2017Q3,139,0.3959,3.338,26.6
19136,2017Q4,101,0.4673,3.386,22.8
19136,2018Q1,128,0.5460,3.609,18.0
19136,2018Q2,117,0.5583,3.795,17.9
19136,2018Q3,137,0.5759,3.847,15.3
19136,2018Q4,126,0.4379,3.500,24.6
19136,2019Q1,113,0.5398,3.814,20.4
19136,2019Q2,135,0.5409,3.563,17.0
19136,2019Q3,98,0.4534,3.551,25.5
19136,2019Q4,126,0.5474,3.556,18.3
19136,2020Q1,100,0.5324,3.600,19.0
19136,2020Q2,82,0.4473,3.500,24.4
19136,2020Q3,133,0.4320,3.376,24.8
19136,2020Q4,76,0.5198,3.539,21.1
19136,2021Q1,97,0.4618,3.443,18.6
19136,2021Q2,96,0.4175,3.552,29.2
19136,2021Q3,88,0.3911,3.420,28.4
19136,2021Q4,79,0.4413,3.443,26.6
19137,2012Q1,9,0.3037,2.111,33.3
19137,2012Q2,9,0.6547,4.000,22.2
19137,2012Q3,15,0.2017,2.333,33.3
19137,2012Q4,12,0.2629,2.583,33.3
19137,2013Q1,8,0.8191,3.500,0.0
19137,2013Q2,17,0.2484,3.000,35.3
19137,2013Q3,26,0.3530,2.692,26.9
19137,2013Q4,11,0.1493,3.091,36.4
19137,2014Q1,19,0.0346,2.263,52.6
19137,2014Q2,25,0.2787,3.000,28.0
19137,2014Q3,19,0.1438,2.789,36.8
19137,2014Q4,22,0.4790,2.864,22.7
19137,2015Q1,20,0.5953,3.700,15.0
19137,2015Q2,29,0.3581,3.345,34.5
19137,2015Q3,46,0.4275,3.674,28.3
19137,2015Q4,24,0.2119,2.583,37.5
19137,2016Q1,30,0.6341,3.867,13.3
19137,2016Q2,31,0.4335,3.387,22.6
19137,2016Q3,35,0.2176,2.429,31.4
19137,2016Q4,24,0.2189,3.042,37.5
19137,2017Q1,34,0.2622,2.971,35.3
19137,2017Q2,25,0.0913,2.760,40.0
19137,2017Q3,34,0.3545,3.412,29.4
19137,2017Q4,25,0.1904,2.960,36.0
19137,2018Q1,35,0.3560,3.029,28.6
19137,2018Q2,46,0.3913,3.478,28.3
19137,2018Q3,53,0.3366,2.887,30.2
19137,2018Q4,35,0.1235,2.600,45.7
19137,2019Q1,33,0.3574,2.212,27.3
19137,2019Q2,35,0.5205,3.314,17.1
19137,2019Q3,27,0.1119,2.704,44.4
19137,2019Q4,26,0.2408,2.654,42.3
19137,2020Q1,35,0.2425,3.114,37.1
19137,2020Q2,24,0.3784,2.833,29.2
19137,2020Q3,34,0.6131,4.000,11.8
19137,2020Q4,26,0.3313,2.885,30.8
19137,2021Q1,38,0.4102,3.237,23.7
19137,2021Q2,32,0.4254,3.719,31.2
19137,2021Q3,25,0.4241,3.640,28.0
19137,2021Q4,20,0.0205,2.600,50.0
19138,2012Q1,17,0.9081,3.824,0.0
19138,2012Q2,15,0.8903,4.400,0.0
19138,2012Q3,18,0.6872,4.056,5.6
19138,2012Q4,18,0.8248,4.278,5.6
19138,2013Q1,21,0.6904,3.905,9.5
19138,2013Q2,25,0.6342,3.520,12.0
19138,2013Q3,28,0.5683,3.429,21.4
19138,2013Q4,21,0.5482,3.571,19.0
19138,2014Q1,32,0.6988,3.750,12.5
19138,2014Q2,27,0.6649,3.778,11.1
19138,2014Q3,34,0.6712,3.441,11.8
19138,2014Q4,37,0.4986,3.703,18.9
19138,2015Q1,47,0.7008,3.702,4.3
19138,2015Q2,43,0.5550,3.628,20.9
19138,2015Q3,61,0.4751,3.820,23.0
19138,2015Q4,69,0.5552,3.551,17.4
19138,2016Q1,60,0.6035,3.617,15.0
19138,2016Q2,56,0.4043,2.929,21.4
19138,2016Q3,57,0.4897,3.070,19.3
19138,2016Q4,50,0.5177,3.220,18.0
19138,2017Q1,59,0.4690,3.441,23.7
19138,2017Q2,44,0.5493,3.386,18.2
19138,2017Q3,41,0.3707,3.000,26.8
19138,2017Q4,53,0.5004,3.509,24.5
19138,2018Q1,48,0.4509,3.438,25.0
19138,2018Q2,46,0.3248,3.000,30.4
19138,2018Q3,74,0.5609,3.486,21.6
19138,2018Q4,53,0.4868,3.472,22.6
19138,2019Q1,36,0.2654,2.639,36.1
19138,2019Q2,40,0.3448,3.150,35.0
19138,2019Q3,36,0.4490,2.694,22.2
19138,2019Q4,31,0.3867,3.065,25.8
19138,2020Q1,25,0.5089,3.280,20.0
19138,2020Q2,33,0.4001,3.000,30.3
19138,2020Q3,63,0.3633,2.968,27.0
19138,2020Q4,29,0.2458,3.241,34.5
19138,2021Q1,18,0.1165,2.722,38.9
19138,2021Q2,26,0.0956,2.577,50.0
19138,2021Q3,24,0.0670,2.708,45.8
19138,2021Q4,17,0.4403,2.765,23.5
19139,2012Q1,39,0.5942,3.615,12.8
19139,2012Q2,41,0.5695,4.146,19.5
19139,2012Q3,44,0.5621,3.545,18.2
19139,2012Q4,32,0.7738,4.000,6.2
19139,2013Q1,35,0.4534,3.457,22.9
19139,2013Q2,43,0.7779,3.977,2.3
19139,2013Q3,73,0.6674,3.986,12.3
19139,2013Q4,32,0.5583,3.250,15.6
19139,2014Q1,54,0.6327,3.870,13.0
19139,2014Q2,62,0.6744,3.968,12.9
19139,2014Q3,70,0.6327,3.643,14.3
19139,2014Q4,74,0.5981,3.757,13.5
19139,2015Q1,66,0.6294,3.848,13.6
19139,2015Q2,64,0.5090,3.734,21.9
19139,2015Q3,82,0.4403,3.500,22.0
19139,2015Q4,71,0.4040,3.634,28.2
19139,2016Q1,99,0.6915,4.010,13.1
19139,2016Q2,94,0.6222,3.606,14.9
19139,2016Q3,113,0.5838,3.743,18.6
19139,2016Q4,71,0.5334,3.676,15.5
19139,2017Q1,79,0.3630,3.291,31.6
19139,2017Q2,69,0.5791,3.710,18.8
19139,2017Q3,77,0.6551,4.013,13.0
19139,2017Q4,86,0.5509,3.849,16.3
19139,2018Q1,95,0.5041,3.558,20.0
19139,2018Q2,89,0.6554,3.854,13.5
19139,2018Q3,102,0.4805,3.725,22.5
19139,2018Q4,74,0.6064,3.757,14.9
19139,2019Q1,106,0.6496,3.962,13.2
19139,2019Q2,93,0.6014,3.882,16.1
19139,2019Q3,97,0.5678,3.845,18.6
19139,2019Q4,79,0.5351,3.823,19.0
19139,2020Q1,80,0.5845,3.638,20.0
19139,2020Q2,66,0.5295,3.848,16.7
19139,2020Q3,73,0.5055,3.562,21.9
19139,2020Q4,58,0.4362,3.224,22.4
19139,2021Q1,52,0.4626,3.327,23.1
19139,2021Q2,68,0.4014,3.456,25.0
19139,2021Q3,68,0.3887,3.235,26.5
19139,2021Q4,50,0.4656,3.660,26.0
19140,2012Q1,29,0.5778,4.000,17.2
19140,2012Q2,32,0.4147,3.281,25.0
19140,2012Q3,38,0.5116,3.368,21.1
19140,2012Q4,18,0.3602,3.222,33.3
19140,2013Q1,43,0.5925,3.209,16.3
19140,2013Q2,33,0.6229,3.758,12.1
19140,2013Q3,46,0.5527,3.630,21.7
19140,2013Q4,44,0.5371,3.432,25.0
19140,2014Q1,49,0.3997,3.510,24.5
19140,2014Q2,54,0.4690,3.222,24.1
19140,2014Q3,54,0.4558,3.519,20.4
19140,2014Q4,49,0.6548,3.551,10.2
19140,2015Q1,72,0.4715,3.500,23.6
19140,2015Q2,61,0.5500,3.459,18.0
19140,2015Q3,86,0.4739,3.535,24.4
19140,2015Q4,70,0.6385,3.786,12.9
19140,2016Q1,104,0.4699,3.452,21.2
19140,2016Q2,72,0.3697,3.056,30.6
19140,2016Q3,84,0.4501,3.262,23.8
19140,2016Q4,83,0.6157,3.554,12.0
19140,2017Q1,70,0.5634,3.614,17.1
19140,2017Q2,85,0.5948,3.647,12.9
19140,2017Q3,95,0.5760,3.674,12.6
19140,2017Q4,89,0.5079,3.820,20.2
19140,2018Q1,107,0.4423,3.636,24.3
19140,2018Q2,108,0.5416,3.731,19.4
19140,2018Q3,113,0.5427,3.708,19.5
19140,2018Q4,94,0.5459,3.511,18.1
19140,2019Q1,110,0.3736,3.382,27.3
19140,2019Q2,110,0.5292,3.809,17.3
19140,2019Q3,101,0.4812,3.465,23.8
19140,2019Q4,78,0.5228,3.628,19.2
19140,2020Q1,90,0.4416,3.267,25.6
19140,2020Q2,58,0.1786,2.966,41.4
19140,2020Q3,93,0.3012,3.204,32.3
19140,2020Q4,67,0.5058,3.672,20.9
19140,2021Q1,69,0.2284,3.275,34.8
19140,2021Q2,51,0.4515,3.157,23.5
19140,2021Q3,70,0.1668,2.900,38.6
19140,2021Q4,57,0.3308,2.947,31.6
19141,2012Q2,6,0.2610,2.833,33.3
19141,2012Q3,10,0.5107,3.600,10.0
19141,2012Q4,5,0.6771,3.600,0.0
19141,2013Q1,9,0.4129,3.444,22.2
19141,2013Q2,11,0.1289,2.909,36.4
19141,2013Q3,9,-0.1556,2.556,66.7
19141,2013Q4,4,-0.6804,1.250,100.0
19141,2014Q1,8,0.5119,3.250,25.0
19141,2014Q2,9,0.6756,4.111,11.1
19141,2014Q3,17,0.5073,3.529,17.6
19141,2014Q4,19,0.7223,3.947,10.5
19141,2015Q1,26,0.3111,2.846,34.6
19141,2015Q2,27,0.4503,3.333,22.2
19141,2015Q3,41,0.4935,3.463,19.5
19141,2015Q4,27,0.2208,2.444,40.7
19141,2016Q1,16,0.5654,4.062,12.5
19141,2016Q2,28,0.4901,3.250,17.9
19141,2016Q3,26,0.1742,2.577,38.5
19141,2016Q4,31,0.2513,3.000,35.5
19141,2017Q1,34,0.1667,2.588,38.2
19141,2017Q2,28,0.1907,3.000,35.7
19141,2017Q3,30,0.3127,2.500,36.7
19141,2017Q4,17,0.4686,3.647,23.5
19141,2018Q1,18,0.3292,3.222,27.8
19141,2018Q2,30,0.3155,2.967,33.3
19141,2018Q3,29,0.1942,2.655,37.9
19141,2018Q4,38,0.3337,3.158,31.6
19141,2019Q1,25,0.3995,3.040,24.0
19141,2019Q2,46,0.2332,3.217,39.1
19141,2019Q3,46,0.1709,3.261,39.1
19141,2019Q4,30,0.5207,3.733,16.7
19141,2020Q1,27,0.4151,3.407,25.9
19141,2020Q2,32,0.2251,3.125,34.4
19141,2020Q3,30,0.4411,2.933,20.0
19141,2020Q4,20,0.4468,2.900,20.0
19141,2021Q1,20,0.4853,3.650,30.0
19141,2021Q2,35,0.4423,3.343,17.1
19141,2021Q3,17,0.2467,2.588,35.3
19141,2021Q4,24,0.0089,2.458,50.0
19142,2012Q1,10,0.7746,3.700,0.0
19142,2012Q2,11,0.4970,3.000,27.3
19142,2012Q3,11,0.5020,3.091,27.3
19142,2012Q4,9,0.5934,3.111,11.1
19142,2013Q1,9,0.4295,3.111,33.3
19142,2013Q2,7,0.1456,2.571,42.9
19142,2013Q3,10,0.5280,3.700,20.0
19142,2013Q4,14,0.4257,2.571,21.4
19142,2014Q1,15,0.0308,2.600,46.7
19142,2014Q2,12,0.6156,3.333,16.7
19142,2014Q3,8,0.6059,3.375,12.5
19142,2014Q4,15,0.4968,3.467,20.0
19142,2015Q1,16,0.2619,3.250,31.2
19142,2015Q2,21,0.5211,3.429,23.8
19142,2015Q3,30,0.5269,3.267,16.7
19142,2015Q4,20,0.5040,3.550,15.0
19142,2016Q1,31,0.3702,3.129,35.5
19142,2016Q2,29,0.4828,3.310,20.7
19142,2016Q3,22,0.2171,2.818,36.4
19142,2016Q4,28,0.3856,3.429,25.0
19142,2017Q1,30,0.5063,3.567,16.7
19142,2017Q2,26,0.4258,3.769,19.2
19142,2017Q3,23,0.5297,3.304,17.4
19142,2017Q4,36,0.3937,3.306,30.6
19142,2018Q1,38,0.4149,3.184,23.7
19142,2018Q2,38,0.6768,3.632,13.2
19142,2018Q3,36,0.5540,3.694,19.4
19142,2018Q4,59,0.5597,3.695,18.6
19142,2019Q1,41,0.5002,3.585,22.0
19142,2019Q2,40,0.5104,3.775,22.5
19142,2019Q3,45,0.4674,3.467,20.0
19142,2019Q4,36,0.5149,3.389,22.2
19142,2020Q1,42,0.4301,3.381,31.0
19142,2020Q2,33,0.2433,3.273,39.4
19142,2020Q3,27,0.5375,3.296,14.8
19142,2020Q4,17,0.6005,3.824,11.8
19142,2021Q1,24,0.4893,3.458,25.0
19142,2021Q2,24,0.3238,3.042,33.3
19142,2021Q3,22,0.4365,3.136,22.7
19142,2021Q4,27,0.4419,3.222,29.6
19143,2012Q1,169,0.7659,3.988,8.3
19143,2012Q2,142,0.6763,3.711,12.0
19143,2012Q3,176,0.7708,4.017,5.7
19143,2012Q4,123,0.6066,3.610,17.1
19143,2013Q1,176,0.7215,3.920,10.8
19143,2013Q2,188,0.7441,3.872,9.6
19143,2013Q3,246,0.6914,3.833,11.0
19143,2013Q4,141,0.7261,4.085,9.2
19143,2014Q1,178,0.7893,4.039,6.7
19143,2014Q2,229,0.6995,3.895,9.6
19143,2014Q3,255,0.7450,4.039,9.4
19143,2014Q4,211,0.7022,4.009,9.5
19143,2015Q1,272,0.7334,4.070,9.6
19143,2015Q2,226,0.7198,3.942,9.7
19143,2015Q3,261,0.6299,3.797,14.6
19143,2015Q4,212,0.6861,3.802,11.3
19143,2016Q1,201,0.7367,4.109,7.0
19143,2016Q2,267,0.6595,3.723,12.7
19143,2016Q3,274,0.6835,3.927,11.7
19143,2016Q4,212,0.6643,3.929,12.7
19143,2017Q1,205,0.7337,4.107,8.8
19143,2017Q2,299,0.6926,4.057,11.4
19143,2017Q3,284,0.6500,3.940,15.1
19143,2017Q4,218,0.6361,3.881,16.1
19143,2018Q1,222,0.7273,4.081,10.4
19143,2018Q2,265,0.6769,3.962,11.3
19143,2018Q3,271,0.6214,3.720,14.8
19143,2018Q4,182,0.6849,3.841,11.5
19143,2019Q1,215,0.6187,3.651,16.7
19143,2019Q2,247,0.6341,3.692,15.4
19143,2019Q3,306,0.5568,3.529,18.3
19143,2019Q4,191,0.5618,3.770,19.4
19143,2020Q1,187,0.6271,3.882,15.5
19143,2020Q2,114,0.5042,3.596,20.2
19143,2020Q3,181,0.6854,4.050,12.2
19143,2020Q4,159,0.7376,4.145,8.2
19143,2021Q1,158,0.6698,4.196,13.9
19143,2021Q2,134,0.6123,3.836,15.7
19143,2021Q3,173,0.4901,3.584,23.7
19143,2021Q4,119,0.5594,3.773,19.3
19144,2012Q1,26,0.6131,3.154,15.4
19144,2012Q2,23,0.6145,4.000,17.4
19144,2012Q3,26,0.4697,3.308,23.1
19144,2012Q4,24,0.6184,4.000,16.7
19144,2013Q1,31,0.6390,3.484,16.1
19144,2013Q2,42,0.7546,3.786,7.1
19144,2013Q3,41,0.5500,3.488,19.5
19144,2013Q4,85,0.7405,4.012,9.4
19144,2014Q1,81,0.6460,3.753,14.8
19144,2014Q2,79,0.4203,3.532,26.6
19144,2014Q3,87,0.5148,3.310,19.5
19144,2014Q4,84,0.5921,3.476,19.0
19144,2015Q1,76,0.2548,2.868,34.2
19144,2015Q2,79,0.4202,3.013,25.3
19144,2015Q3,89,0.5310,3.382,20.2
19144,2015Q4,81,0.4980,3.469,21.0
19144,2016Q1,95,0.4582,3.326,25.3
19144,2016Q2,94,0.4913,3.426,22.3
19144,2016Q3,114,0.4840,3.105,23.7
19144,2016Q4,103,0.3673,3.136,27.2
19144,2017Q1,84,0.3707,2.929,29.8
19144,2017Q2,99,0.4319,3.273,27.3
19144,2017Q3,110,0.5533,3.491,18.2
19144,2017Q4,97,0.4096,3.186,26.8
19144,2018Q1,151,0.4490,3.483,23.8
19144,2018Q2,176,0.5294,3.511,21.6
19144,2018Q3,139,0.4690,3.237,24.5
19144,2018Q4,134,0.4868,3.470,22.4
19144,2019Q1,110,0.4556,3.482,24.5
19144,2019Q2,129,0.3791,3.302,29.5
19144,2019Q3,120,0.5409,3.442,19.2
19144,2019Q4,105,0.4847,3.762,21.9
19144,2020Q1,108,0.5532,3.454,16.7
19144,2020Q2,84,0.3238,3.071,29.8
19144,2020Q3,81,0.5177,3.556,21.0
19144,2020Q4,95,0.4270,3.263,28.4
19144,2021Q1,85,0.4473,3.647,23.5
19144,2021Q2,79,0.3769,3.329,31.6
19144,2021Q3,64,0.4194,3.391,25.0
19144,2021Q4,54,0.5380,3.852,20.4
19145,2012Q1,218,0.7009,3.835,10.1
19145,2012Q2,184,0.6660,3.886,12.5
19145,2012Q3,227,0.6561,3.775,11.9
19145,2012Q4,184,0.6864,3.935,12.0
19145,2013Q1,226,0.6990,4.040,9.7
19145,2013Q2,252,0.7187,4.032,9.5
19145,2013Q3,242,0.6268,3.897,13.2
19145,2013Q4,229,0.6557,3.721,11.4
19145,2014Q1,409,0.6798,3.836,12.2
19145,2014Q2,316,0.6788,3.918,11.7
19145,2014Q3,365,0.6272,3.879,15.3
19145,2014Q4,311,0.6326,3.781,13.8
19145,2015Q1,373,0.6153,3.820,14.2
19145,2015Q2,339,0.5982,3.690,14.7
19145,2015Q3,370,0.5556,3.697,18.9
19145,2015Q4,334,0.5969,3.868,16.5
19145,2016Q1,363,0.6262,3.895,14.3
19145,2016Q2,327,0.5986,3.881,16.5
19145,2016Q3,377,0.5748,3.690,17.8
19145,2016Q4,323,0.5852,3.749,18.0
19145,2017Q1,398,0.5792,3.721,18.3
19145,2017Q2,370,0.6150,3.903,15.9
19145,2017Q3,425,0.5803,3.760,17.6
19145,2017Q4,365,0.6106,3.797,16.7
19145,2018Q1,383,0.5819,3.783,17.5
19145,2018Q2,398,0.5563,3.786,19.1
19145,2018Q3,399,0.5167,3.672,20.3
19145,2018Q4,397,0.5445,3.630,20.2
19145,2019Q1,360,0.5514,3.750,19.2
19145,2019Q2,381,0.5316,3.596,21.0
19145,2019Q3,431,0.6018,3.833,16.2
19145,2019Q4,411,0.5667,3.749,17.8
19145,2020Q1,319,0.6490,3.850,12.5
19145,2020Q2,167,0.4446,3.581,25.7
19145,2020Q3,260,0.4972,3.581,23.8
19145,2020Q4,237,0.5777,3.768,16.9
19145,2021Q1,185,0.6206,3.962,16.2
19145,2021Q2,252,0.5877,3.778,17.1
19145,2021Q3,205,0.4386,3.493,23.9
19145,2021Q4,208,0.5259,3.649,20.2
19146,2012Q1,601,0.7663,3.847,9.0
19146,2012Q2,527,0.7796,3.740,7.0
19146,2012Q3,538,0.7264,3.615,9.1
19146,2012Q4,549,0.6835,3.552,12.8
19146,2013Q1,610,0.7389,3.770,9.3
19146,2013Q2,735,0.7369,3.819,8.8
19146,2013Q3,736,0.7733,3.887,7.5
19146,2013Q4,668,0.7326,3.814,10.3
19146,2014Q1,744,0.7483,3.780,8.7
19146,2014Q2,750,0.7075,3.804,10.9
19146,2014Q3,735,0.6720,3.818,13.2
19146,2014Q4,699,0.7059,3.867,11.4
19146,2015Q1,769,0.7224,3.854,10.3
19146,2015Q2,795,0.6971,3.918,10.9
19146,2015Q3,847,0.7216,3.999,9.8
19146,2015Q4,801,0.7211,4.011,9.9
19146,2016Q1,796,0.7237,3.990,9.7
19146,2016Q2,728,0.6819,3.931,11.5
19146,2016Q3,727,0.6832,3.889,11.8
19146,2016Q4,685,0.7189,4.055,10.2
19146,2017Q1,751,0.7146,4.061,10.0
19146,2017Q2,835,0.7140,4.046,9.3
19146,2017Q3,741,0.7259,4.007,10.5
19146,2017Q4,728,0.7078,3.946,11.1
19146,2018Q1,732,0.7263,4.086,10.4
19146,2018Q2,820,0.7039,4.104,10.5
19146,2018Q3,778,0.6770,3.937,13.2
19146,2018Q4,732,0.7309,4.097,9.0
19146,2019Q1,712,0.7435,4.145,9.6
19146,2019Q2,691,0.6951,4.065,10.7
19146,2019Q3,807,0.6975,4.083,11.2
19146,2019Q4,611,0.6921,3.956,12.4
19146,2020Q1,623,0.7056,4.087,10.9
19146,2020Q2,271,0.6307,3.856,15.1
19146,2020Q3,479,0.6816,3.979,12.5
19146,2020Q4,417,0.7205,4.290,10.3
19146,2021Q1,373,0.6754,4.166,13.1
19146,2021Q2,400,0.6957,4.117,11.8
19146,2021Q3,437,0.6145,3.865,16.7
19146,2021Q4,334,0.6851,4.048,12.3
19147,2012Q1,2343,0.7407,3.840,8.5
19147,2012Q2,2084,0.7252,3.805,9.3
19147,2012Q3,2261,0.7072,3.782,10.3
19147,2012Q4,1993,0.7271,3.852,9.4
19147,2013Q1,2421,0.7262,3.843,9.9
19147,2013Q2,2367,0.7157,3.788,9.3
19147,2013Q3,2479,0.6927,3.768,10.8
19147,2013Q4,2296,0.6725,3.753,12.1
19147,2014Q1,2683,0.7093,3.912,10.2
19147,2014Q2,2561,0.6909,3.816,11.0
19147,2014Q3,2691,0.6857,3.794,11.6
19147,2014Q4,2283,0.6839,3.826,10.9
19147,2015Q1,2711,0.6971,3.827,10.5
19147,2015Q2,2687,0.6740,3.823,11.9
19147,2015Q3,2756,0.6901,3.897,11.0
19147,2015Q4,2346,0.6747,3.907,12.1
19147,2016Q1,2809,0.6985,3.941,10.6
19147,2016Q2,2628,0.6591,3.889,12.7
19147,2016Q3,2748,0.6625,3.904,12.5
19147,2016Q4,2313,0.6877,3.921,11.3
19147,2017Q1,2445,0.7048,3.965,10.6
19147,2017Q2,2618,0.6754,3.948,12.0
19147,2017Q3,2621,0.6861,3.949,11.4
19147,2017Q4,2323,0.6902,3.946,11.2
19147,2018Q1,2297,0.6971,4.026,11.0
19147,2018Q2,2559,0.6897,4.018,11.6
19147,2018Q3,2556,0.6711,3.959,12.5
19147,2018Q4,2359,0.6779,4.001,12.1
19147,2019Q1,2398,0.7035,4.066,10.6
19147,2019Q2,2609,0.6860,4.041,10.9
19147,2019Q3,2632,0.6849,3.992,11.0
19147,2019Q4,2212,0.7003,4.038,11.2
19147,2020Q1,1914,0.6842,4.053,11.9
19147,2020Q2,744,0.6529,4.071,13.2
19147,2020Q3,1291,0.6694,4.044,12.3
19147,2020Q4,1232,0.7207,4.134,9.4
19147,2021Q1,1125,0.6872,4.164,11.6
19147,2021Q2,1435,0.6664,4.035,12.2
19147,2021Q3,1446,0.6658,3.964,12.2
19147,2021Q4,1256,0.6762,3.991,11.6
19148,2012Q1,439,0.6563,3.759,13.2
19148,2012Q2,537,0.7128,3.765,9.1
19148,2012Q3,520,0.7021,3.756,9.4
19148,2012Q4,444,0.6922,3.694,10.4
19148,2013Q1,550,0.6718,3.680,12.4
19148,2013Q2,650,0.6903,3.758,9.8
19148,2013Q3,600,0.6598,3.757,12.3
19148,2013Q4,595,0.6612,3.739,12.6
19148,2014Q1,689,0.6566,3.779,12.9
19148,2014Q2,691,0.6763,3.852,12.2
19148,2014Q3,767,0.6566,3.811,13.7
19148,2014Q4,708,0.5988,3.706,16.5
19148,2015Q1,962,0.6491,3.771,13.3
19148,2015Q2,915,0.6903,3.823,11.9
19148,2015Q3,881,0.6634,3.900,13.1
19148,2015Q4,862,0.6594,3.940,12.4
19148,2016Q1,918,0.6262,3.741,14.5
19148,2016Q2,945,0.6249,3.819,14.3
19148,2016Q3,1003,0.6327,3.855,14.4
19148,2016Q4,843,0.6631,3.893,12.2
19148,2017Q1,864,0.6652,3.892,11.9
19148,2017Q2,914,0.6319,3.887,14.2
19148,2017Q3,1081,0.6455,3.870,13.6
19148,2017Q4,882,0.6314,3.773,14.4
19148,2018Q1,916,0.6244,3.862,15.4
19148,2018Q2,1038,0.6326,3.843,14.9
19148,2018Q3,1072,0.6346,3.900,14.7
19148,2018Q4,868,0.6280,3.871,14.1
19148,2019Q1,889,0.6493,3.899,13.8
19148,2019Q2,1029,0.6450,3.897,14.4
19148,2019Q3,957,0.6439,3.889,13.4
19148,2019Q4,802,0.6793,3.989,12.3
19148,2020Q1,631,0.6789,3.967,12.8
19148,2020Q2,319,0.4393,3.621,25.7
19148,2020Q3,577,0.5835,3.730,17.2
19148,2020Q4,485,0.6179,3.862,16.5
19148,2021Q1,467,0.6512,3.972,14.1
19148,2021Q2,556,0.5875,3.718,17.3
19148,2021Q3,614,0.6056,3.744,15.8
19148,2021Q4,498,0.6356,3.787,14.7
19149,2012Q1,84,0.6384,3.619,13.1
19149,2012Q2,71,0.5497,3.535,19.7
19149,2012Q3,58,0.5562,3.621,19.0
19149,2012Q4,49,0.5585,3.633,16.3
19149,2013Q1,94,0.6066,3.553,11.7
19149,2013Q2,118,0.5750,3.508,16.1
19149,2013Q3,114,0.5544,3.351,15.8
19149,2013Q4,120,0.5369,3.250,18.3
19149,2014Q1,122,0.6419,3.713,12.3
19149,2014Q2,132,0.6710,3.667,11.4
19149,2014Q3,150,0.5587,3.593,18.0
19149,2014Q4,122,0.5239,3.402,21.3
19149,2015Q1,223,0.5159,3.359,19.7
19149,2015Q2,249,0.6143,3.695,15.3
19149,2015Q3,206,0.5149,3.461,21.4
19149,2015Q4,181,0.5618,3.718,16.6
19149,2016Q1,210,0.5788,3.590,16.2
19149,2016Q2,193,0.4924,3.435,20.2
19149,2016Q3,216,0.5672,3.616,17.1
19149,2016Q4,177,0.5026,3.480,22.0
19149,2017Q1,215,0.4577,3.405,23.7
19149,2017Q2,293,0.5545,3.577,18.1
19149,2017Q3,245,0.3972,3.192,27.8
19149,2017Q4,200,0.4409,3.525,24.0
19149,2018Q1,237,0.4868,3.620,21.9
19149,2018Q2,249,0.4451,3.361,24.9
19149,2018Q3,233,0.4255,3.249,25.8
19149,2018Q4,215,0.4926,3.414,21.4
19149,2019Q1,245,0.4888,3.469,22.4
19149,2019Q2,286,0.5055,3.497,21.3
19149,2019Q3,285,0.4953,3.474,21.8
19149,2019Q4,276,0.4550,3.464,23.9
19149,2020Q1,210,0.4824,3.467,23.3
19149,2020Q2,106,0.4598,3.594,19.8
19149,2020Q3,138,0.4221,3.239,24.6
19149,2020Q4,120,0.4124,3.200,24.2
19149,2021Q1,142,0.3343,3.261,28.9
19149,2021Q2,167,0.5106,3.563,19.8
19149,2021Q3,157,0.3570,3.204,29.9
19149,2021Q4,126,0.3623,3.103,28.6
19150,2012Q1,9,0.7952,3.222,0.0
19150,2012Q2,6,0.5381,3.667,16.7
19150,2012Q3,12,0.1341,3.750,50.0
19150,2012Q4,8,0.6012,3.500,12.5
19150,2013Q1,12,0.6425,3.833,8.3
19150,2013Q2,9,0.1695,2.111,33.3
19150,2013Q3,13,0.2941,3.231,30.8
19150,2013Q4,15,0.3099,3.533,33.3
19150,2014Q1,26,0.3841,3.077,26.9
19150,2014Q2,15,0.7837,3.933,6.7
19150,2014Q3,32,0.5622,3.625,18.8
19150,2014Q4,35,0.2942,3.000,31.4
19150,2015Q1,38,0.2577,3.105,34.2
19150,2015Q2,63,0.2635,3.048,34.9
19150,2015Q3,66,0.3623,3.303,28.8
19150,2015Q4,46,0.2266,2.913,41.3
19150,2016Q1,50,0.2703,3.080,36.0
19150,2016Q2,63,0.4484,3.254,25.4
19150,2016Q3,59,0.4544,3.492,25.4
19150,2016Q4,47,0.3700,3.234,31.9
19150,2017Q1,53,0.3766,3.528,30.2
19150,2017Q2,66,0.2814,3.045,30.3
19150,2017Q3,55,0.2644,2.964,34.5
19150,2017Q4,41,0.2502,2.805,29.3
19150,2018Q1,65,0.0411,2.754,49.2
19150,2018Q2,59,0.0412,2.525,49.2
19150,2018Q3,47,0.1176,2.574,40.4
19150,2018Q4,63,0.1401,2.841,39.7
19150,2019Q1,54,0.3147,2.593,27.8
19150,2019Q2,73,0.3125,3.164,30.1
19150,2019Q3,53,0.1891,2.792,39.6
19150,2019Q4,43,0.3270,3.093,25.6
19150,2020Q1,42,0.2640,2.833,35.7
19150,2020Q2,42,0.1675,2.762,42.9
19150,2020Q3,62,0.3236,2.855,29.0
19150,2020Q4,41,0.2831,2.976,31.7
19150,2021Q1,40,0.3471,2.800,30.0
19150,2021Q2,53,0.4169,3.057,22.6
19150,2021Q3,53,0.1956,2.906,37.7
19150,2021Q4,29,0.1598,2.621,44.8
19151,2012Q1,28,0.6242,3.929,14.3
19151,2012Q2,29,0.5547,3.724,17.2
19151,2012Q3,23,0.5778,3.609,17.4
19151,2012Q4,21,0.3237,2.333,33.3
19151,2013Q1,35,0.4786,3.314,20.0
19151,2013Q2,31,0.5040,3.419,25.8
19151,2013Q3,31,0.5932,3.484,12.9
19151,2013Q4,29,0.6215,3.862,10.3
19151,2014Q1,38,0.5890,3.789,15.8
19151,2014Q2,42,0.4176,3.262,26.2
19151,2014Q3,35,0.4868,3.543,20.0
19151,2014Q4,25,0.5555,3.640,16.0
19151,2015Q1,36,0.5944,3.444,16.7
19151,2015Q2,36,0.6417,3.361,11.1
19151,2015Q3,52,0.5063,3.192,19.2
19151,2015Q4,66,0.4327,3.515,25.8
19151,2016Q1,65,0.6541,3.785,13.8
19151,2016Q2,55,0.5201,3.291,20.0
19151,2016Q3,101,0.5779,3.495,16.8
19151,2016Q4,60,0.4429,2.933,25.0
19151,2017Q1,78,0.4451,3.628,25.6
19151,2017Q2,91,0.3935,3.088,29.7
19151,2017Q3,85,0.3415,3.012,29.4
19151,2017Q4,68,0.3103,3.162,32.4
19151,2018Q1,75,0.4209,3.253,28.0
19151,2018Q2,79,0.2869,3.203,32.9
19151,2018Q3,70,0.2706,2.757,31.4
19151,2018Q4,47,0.2245,3.043,42.6
19151,2019Q1,55,0.5227,3.364,18.2
19151,2019Q2,61,0.3036,2.738,31.1
19151,2019Q3,57,0.1550,2.807,40.4
19151,2019Q4,58,0.3913,3.069,29.3
19151,2020Q1,56,0.4877,3.089,23.2
19151,2020Q2,42,0.0076,2.310,52.4
19151,2020Q3,43,0.2790,3.233,37.2
19151,2020Q4,47,0.4220,3.234,27.7
19151,2021Q1,35,0.3897,3.314,22.9
19151,2021Q2,33,0.0488,2.182,54.5
19151,2021Q3,42,0.0528,2.167,47.6
19151,2021Q4,33,0.1915,2.879,36.4
19152,2012Q1,45,0.5327,3.778,17.8
19152,2012Q2,50,0.6454,3.440,8.0
19152,2012Q3,44,0.4867,3.114,22.7
19152,2012Q4,48,0.7301,3.812,8.3
19152,2013Q1,42,0.4133,3.071,26.2
19152,2013Q2,56,0.4569,3.286,23.2
19152,2013Q3,64,0.5120,3.531,18.8
19152,2013Q4,66,0.4529,3.348,22.7
19152,2014Q1,81,0.6197,3.605,13.6
19152,2014Q2,50,0.5697,3.820,20.0
19152,2014Q3,91,0.6195,3.451,15.4
19152,2014Q4,122,0.6890,3.795,12.3
19152,2015Q1,150,0.6590,3.833,13.3
19152,2015Q2,170,0.6143,3.576,15.3
19152,2015Q3,167,0.6025,3.713,17.4
19152,2015Q4,140,0.5278,3.550,20.0
19152,2016Q1,160,0.5600,3.538,18.1
19152,2016Q2,161,0.4685,3.547,23.6
19152,2016Q3,128,0.4863,3.320,20.3
19152,2016Q4,112,0.4580,3.250,23.2
19152,2017Q1,133,0.5976,3.579,18.0
19152,2017Q2,127,0.5294,3.543,20.5
19152,2017Q3,128,0.5840,3.633,18.0
19152,2017Q4,118,0.6815,3.992,11.0
19152,2018Q1,145,0.5332,3.600,20.7
19152,2018Q2,196,0.4692,3.541,22.4
19152,2018Q3,140,0.4768,3.464,22.9
19152,2018Q4,142,0.4792,3.394,23.9
19152,2019Q1,147,0.5336,3.537,19.0
19152,2019Q2,144,0.3986,3.146,27.1
19152,2019Q3,127,0.2257,2.811,37.0
19152,2019Q4,101,0.3534,3.228,29.7
19152,2020Q1,106,0.5174,3.623,23.6
19152,2020Q2,81,0.3182,2.951,33.3
19152,2020Q3,93,0.4686,3.624,25.8
19152,2020Q4,68,0.3193,3.441,35.3
19152,2021Q1,90,0.5060,3.700,22.2
19152,2021Q2,90,0.3463,3.278,31.1
19152,2021Q3,83,0.2691,3.000,33.7
19152,2021Q4,90,0.3062,3.133,28.9
19153,2012Q1,164,0.3517,2.848,30.5
19153,2012Q2,197,0.3822,2.766,26.9
19153,2012Q3,214,0.2810,2.776,32.2
19153,2012Q4,215,0.4435,2.940,24.7
19153,2013Q1,223,0.4235,2.987,23.3
19153,2013Q2,307,0.3968,2.723,24.4
19153,2013Q3,322,0.2754,2.516,32.6
19153,2013Q4,283,0.2446,2.756,35.0
19153,2014Q1,323,0.2376,2.687,35.6
19153,2014Q2,444,0.1754,2.428,39.4
19153,2014Q3,468,0.2448,2.556,35.0
19153,2014Q4,359,0.2722,2.738,35.1
19153,2015Q1,434,0.2519,2.751,34.8
19153,2015Q2,537,0.2286,2.635,36.5
19153,2015Q3,703,0.2350,2.660,35.4
19153,2015Q4,508,0.2783,2.752,35.6
19153,2016Q1,426,0.2866,2.678,31.9
19153,2016Q2,557,0.2654,2.756,35.5
19153,2016Q3,607,0.1763,2.496,39.9
19153,2016Q4,395,0.2794,2.696,34.2
19153,2017Q1,345,0.3241,2.710,32.8
19153,2017Q2,510,0.1775,2.524,40.0
19153,2017Q3,502,0.1920,2.500,38.8
19153,2017Q4,456,0.2514,2.607,37.1
19153,2018Q1,444,0.2765,2.705,33.8
19153,2018Q2,572,0.1911,2.549,39.2
19153,2018Q3,655,0.1788,2.560,39.7
19153,2018Q4,489,0.2318,2.732,36.4
19153,2019Q1,425,0.2572,2.711,34.6
19153,2019Q2,579,0.2364,2.651,35.4
19153,2019Q3,529,0.2311,2.586,36.7
19153,2019Q4,464,0.2462,2.707,35.8
19153,2020Q1,286,0.2543,2.776,36.7
19153,2020Q2,62,0.2033,2.048,41.9
19153,2020Q3,154,0.0936,2.299,44.8
19153,2020Q4,119,0.2036,2.748,38.7
19153,2021Q1,127,0.0563,2.299,48.0
19153,2021Q2,229,-0.0565,2.140,53.3
19153,2021Q3,300,0.0145,2.090,49.3
19153,2021Q4,180,0.1368,2.367,40.0
19154,2012Q1,45,0.3665,3.022,26.7
19154,2012Q2,35,0.3826,2.571,28.6
19154,2012Q3,46,0.4925,3.087,19.6
19154,2012Q4,26,0.5049,3.077,19.2
19154,2013Q1,38,0.3385,2.553,31.6
19154,2013Q2,48,0.2603,2.500,35.4
19154,2013Q3,54,0.4815,2.796,24.1
19154,2013Q4,56,0.1412,2.893,42.9
19154,2014Q1,69,0.3780,3.000,27.5
19154,2014Q2,64,0.4454,2.922,25.0
19154,2014Q3,77,0.3421,2.948,32.5
19154,2014Q4,76,0.0884,2.224,46.1
19154,2015Q1,82,0.4106,3.061,26.8
19154,2015Q2,66,0.3100,2.894,30.3
19154,2015Q3,98,0.2716,2.990,34.7
19154,2015Q4,85,0.3531,2.788,28.2
19154,2016Q1,104,0.2565,2.904,34.6
19154,2016Q2,90,0.3131,3.089,28.9
19154,2016Q3,117,0.3653,3.171,26.5
19154,2016Q4,92,0.2844,3.011,32.6
19154,2017Q1,113,0.2928,3.035,34.5
19154,2017Q2,118,0.4367,3.153,28.0
19154,2017Q3,101,0.3563,3.178,27.7
19154,2017Q4,66,0.3304,2.879,31.8
19154,2018Q1,98,0.2623,2.918,36.7
19154,2018Q2,87,0.3769,2.839,26.4
19154,2018Q3,138,0.3032,3.094,32.6
19154,2018Q4,83,0.4360,3.096,25.3
19154,2019Q1,107,0.4011,3.187,28.0
19154,2019Q2,260,0.4871,3.488,24.2
19154,2019Q3,187,0.4829,3.267,24.1
19154,2019Q4,145,0.4909,3.386,22.8
19154,2020Q1,136,0.3256,2.934,33.8
19154,2020Q2,54,0.1321,2.519,42.6
19154,2020Q3,80,0.2933,2.812,36.2
19154,2020Q4,105,0.4470,3.610,21.9
19154,2021Q1,59,0.4230,3.627,25.4
19154,2021Q2,85,0.1377,2.706,42.4
19154,2021Q3,103,0.2888,3.058,34.0
19154,2021Q4,82,0.3118,2.780,31.7
19155,2018Q2,11,0.6939,2.818,0.0
19155,2018Q3,33,0.5234,3.818,21.2
19155,2018Q4,6,0.1052,2.000,50.0
19155,2019Q1,11,0.2517,3.182,36.4
19155,2019Q2,16,0.8205,4.188,6.2
19155,2019Q3,7,0.7744,4.143,0.0
19155,2019Q4,7,0.3861,2.714,28.6
19155,2020Q1,4,0.0229,2.750,50.0
19155,2020Q3,1,0.6597,1.000,0.0
19155,2020Q4,2,-0.1355,1.000,50.0
19155,2021Q3,3,0.2263,2.000,33.3
19155,2021Q4,7,0.5416,3.000,28.6
19160,2012Q3,1,-0.0258,1.000,0.0
19160,2012Q4,5,-0.3936,1.000,60.0
19160,2013Q1,3,0.1866,2.333,33.3
19160,2013Q2,1,0.9815,4.000,0.0
19160,2013Q4,1,0.9376,5.000,0.0
19160,2014Q2,1,0.9667,3.000,0.0
19160,2014Q3,1,-0.3612,1.000,100.0
19160,2015Q1,1,-0.2643,1.000,100.0
19160,2015Q3,2,0.8446,4.000,0.0
19160,2015Q4,1,0.4948,1.000,0.0
19160,2016Q2,4,-0.2920,2.000,75.0
19160,2016Q3,5,0.0547,2.200,40.0
19160,2016Q4,1,0.0000,1.000,0.0
19160,2017Q2,1,-0.6606,1.000,100.0
19160,2017Q4,4,0.9131,4.750,0.0
19160,2018Q3,1,0.8908,5.000,0.0
19160,2019Q1,1,0.9629,4.000,0.0
19176,2012Q1,65,0.7022,3.692,12.3
19176,2012Q2,98,0.6394,3.827,14.3
19176,2012Q3,75,0.7316,3.893,9.3
19176,2012Q4,37,0.7107,3.595,8.1
19176,2013Q1,55,0.6387,3.545,12.7
19176,2013Q2,72,0.6833,3.889,12.5
19176,2013Q3,75,0.6864,3.693,10.7
19176,2013Q4,41,0.6600,3.659,12.2
19176,2014Q1,45,0.6180,3.533,15.6
19176,2014Q2,67,0.7244,3.791,7.5
19176,2014Q3,73,0.7167,3.890,11.0
19176,2014Q4,50,0.6036,3.680,16.0
19176,2015Q1,24,0.8275,3.833,4.2
19176,2015Q2,48,0.7227,3.604,8.3
19176,2015Q3,50,0.6848,3.880,10.0
19176,2015Q4,35,0.7829,3.857,5.7
19176,2016Q1,31,0.7554,4.290,6.5
19176,2016Q2,34,0.8141,4.324,5.9
19176,2016Q3,40,0.7351,3.875,5.0
19176,2016Q4,23,0.5998,3.870,17.4
19176,2017Q1,20,0.8144,3.950,0.0
19176,2017Q2,42,0.7042,4.143,9.5
19176,2017Q3,38,0.7851,4.184,5.3
19176,2017Q4,31,0.7168,4.129,9.7
19176,2018Q1,13,0.8450,4.000,7.7
19176,2018Q2,42,0.7036,4.095,9.5
19176,2018Q3,44,0.7573,3.886,9.1
19176,2018Q4,19,0.7669,3.842,5.3
19176,2019Q1,20,0.7855,3.750,5.0
19176,2019Q2,42,0.6836,3.762,11.9
19176,2019Q3,38,0.6423,3.947,13.2
19176,2019Q4,17,0.4403,3.294,23.5
19176,2020Q1,15,0.9181,4.533,0.0
19176,2020Q2,9,0.8923,4.222,0.0
19176,2020Q3,12,0.4566,3.833,25.0
19176,2020Q4,10,0.5293,3.700,20.0
19176,2021Q1,4,0.9236,4.000,0.0
19176,2021Q2,10,0.5326,2.900,30.0
19176,2021Q3,21,0.8482,4.571,4.8
19176,2021Q4,8,0.4742,3.625,25.0
19192,2014Q3,1,-0.9484,1.000,100.0
19192,2015Q3,1,0.4781,1.000,0.0
19192,2016Q1,1,-0.6901,1.000,100.0
19192,2018Q4,1,-0.9168,1.000,100.0
19192,2019Q1,1,-0.1154,1.000,100.0
19195,2012Q1,19,0.7104,3.737,10.5
19195,2012Q2,19,0.6253,3.579,10.5
19195,2012Q3,22,0.4880,3.136,22.7
19195,2012Q4,22,0.5834,3.727,9.1
19195,2013Q1,20,0.6507,4.000,15.0
19195,2013Q2,22,0.5165,2.955,18.2
19195,2013Q3,23,0.7409,3.478,4.3
19195,2013Q4,27,0.5889,3.185,18.5
19195,2014Q1,17,0.4143,3.118,29.4
19195,2014Q2,19,0.4730,3.474,21.1
19195,2014Q3,22,0.3012,2.864,36.4
19195,2014Q4,16,0.6090,3.625,12.5
19195,2015Q1,14,0.5993,3.357,14.3
19195,2015Q2,24,0.4424,2.917,20.8
19195,2015Q3,17,0.4134,2.824,29.4
19195,2015Q4,12,0.5448,3.833,16.7
19195,2016Q1,7,0.4957,4.000,14.3
19195,2016Q2,15,0.3179,3.067,33.3
19195,2016Q3,22,0.2320,2.864,36.4
19195,2016Q4,8,0.2280,2.750,37.5
19195,2017Q1,8,0.2751,2.500,37.5
19195,2017Q2,18,0.4785,3.444,22.2
19195,2017Q3,13,0.7530,2.769,7.7
19195,2017Q4,4,0.6061,3.250,0.0
19195,2018Q1,7,0.7502,4.143,0.0
19195,2018Q2,24,0.6811,3.458,12.5
19195,2018Q3,10,0.6210,2.700,10.0
19195,2018Q4,4,0.9258,3.750,0.0
19195,2019Q1,3,0.8421,4.000,0.0
19195,2019Q2,10,0.2470,2.600,30.0
19195,2019Q3,17,0.5062,3.059,23.5
19195,2019Q4,5,0.6647,2.600,20.0
19195,2020Q1,1,0.8976,5.000,0.0
19195,2020Q2,2,0.0500,2.500,50.0
19195,2020Q3,17,0.1605,2.118,41.2
19195,2020Q4,3,0.7477,3.000,0.0
19195,2021Q1,1,0.9258,5.000,0.0
19195,2021Q2,3,0.4088,3.000,33.3
19195,2021Q3,10,-0.0220,1.900,50.0
19195,2021Q4,3,0.8832,4.333,0.0
33601,2012Q1,1,0.9866,5.000,0.0
33601,2012Q3,7,0.9428,4.000,0.0
33601,2012Q4,2,0.7424,3.000,0.0
33601,2013Q1,4,0.5218,4.000,25.0
33601,2013Q2,6,0.5238,3.167,16.7
33601,2013Q3,8,0.8781,4.375,0.0
33601,2013Q4,9,0.3996,3.111,22.2
33601,2014Q1,6,0.8338,3.500,0.0
33601,2014Q2,8,0.7254,4.750,12.5
33601,2014Q3,3,0.9649,4.667,0.0
33601,2014Q4,6,0.8737,4.667,0.0
33601,2015Q1,7,0.8328,4.857,0.0
33601,2015Q2,21,0.7668,4.429,4.8
33601,2015Q3,10,0.9562,5.000,0.0
33601,2015Q4,8,0.9030,4.250,0.0
33601,2016Q1,16,0.8293,4.562,6.2
33601,2016Q2,13,0.7619,4.000,7.7
33601,2016Q3,10,0.7954,4.300,0.0
33601,2016Q4,12,0.8247,4.417,0.0
33601,2017Q1,17,0.8519,4.765,5.9
33601,2017Q2,11,0.6129,3.909,18.2
33601,2017Q3,8,0.4065,3.375,37.5
33601,2017Q4,9,0.4566,3.778,22.2
33601,2018Q1,12,0.7784,4.333,8.3
33601,2018Q2,12,0.6855,4.167,16.7
33601,2018Q3,17,0.5703,3.824,17.6
33601,2018Q4,12,0.5444,3.583,16.7
33601,2019Q1,11,0.1703,3.091,45.5
33601,2019Q2,4,0.1634,3.000,50.0
33601,2019Q3,8,0.2302,3.000,37.5
33601,2019Q4,3,-0.1157,2.333,66.7
33601,2020Q1,5,0.2427,3.200,40.0
33601,2020Q2,9,0.7075,4.111,11.1
33601,2020Q3,5,0.4883,4.200,20.0
33601,2020Q4,8,0.5599,4.250,12.5
33601,2021Q1,18,0.3754,3.667,27.8
33601,2021Q2,15,0.4467,3.600,26.7
33601,2021Q3,9,0.3499,3.556,22.2
33601,2021Q4,13,0.2215,3.154,38.5
33602,2012Q1,282,0.7250,3.667,9.9
33602,2012Q2,234,0.6641,3.470,12.0
33602,2012Q3,225,0.7117,3.658,9.3
33602,2012Q4,324,0.7252,3.571,8.6
33602,2013Q1,417,0.7203,3.561,10.3
33602,2013Q2,360,0.7289,3.694,10.0
33602,2013Q3,399,0.7407,3.747,8.0
33602,2013Q4,443,0.7043,3.600,10.4
33602,2014Q1,554,0.6742,3.594,13.7
33602,2014Q2,527,0.6843,3.617,11.6
33602,2014Q3,742,0.7208,3.694,9.8
33602,2014Q4,813,0.7280,3.787,10.1
33602,2015Q1,1175,0.6967,3.706,11.2
33602,2015Q2,1212,0.6981,3.773,10.8
33602,2015Q3,1138,0.7186,3.844,10.2
33602,2015Q4,1068,0.6754,3.713,13.1
33602,2016Q1,1352,0.6765,3.776,12.9
33602,2016Q2,1157,0.6785,3.743,12.5
33602,2016Q3,1106,0.6749,3.766,12.3
33602,2016Q4,883,0.6299,3.684,15.1
33602,2017Q1,1262,0.6174,3.677,15.7
33602,2017Q2,1263,0.6557,3.801,13.7
33602,2017Q3,1167,0.6843,3.811,12.7
33602,2017Q4,1375,0.6860,3.791,11.9
33602,2018Q1,1813,0.7008,3.875,10.5
33602,2018Q2,1859,0.7024,3.897,10.4
33602,2018Q3,1606,0.6822,3.896,12.3
33602,2018Q4,1753,0.6750,3.890,12.8
33602,2019Q1,2195,0.6797,3.821,12.6
33602,2019Q2,1972,0.6772,3.787,12.3
33602,2019Q3,1838,0.6848,3.867,11.8
33602,2019Q4,1563,0.6484,3.781,14.6
33602,2020Q1,1535,0.6677,3.859,12.8
33602,2020Q2,553,0.6412,3.973,15.0
33602,2020Q3,971,0.6659,3.875,12.9
33602,2020Q4,1139,0.6836,3.979,12.5
33602,2021Q1,1532,0.6905,3.898,11.7
33602,2021Q2,1496,0.6223,3.776,15.1
33602,2021Q3,1354,0.6568,3.923,13.5
33602,2021Q4,1381,0.6249,3.768,15.6
33603,2012Q1,48,0.7542,3.708,8.3
33603,2012Q2,45,0.7329,3.778,11.1
33603,2012Q3,50,0.7623,4.080,8.0
33603,2012Q4,68,0.7997,4.088,5.9
33603,2013Q1,95,0.7719,4.000,7.4
33603,2013Q2,82,0.7314,3.805,9.8
33603,2013Q3,85,0.7385,4.165,8.2
33603,2013Q4,80,0.7032,3.837,12.5
33603,2014Q1,110,0.7828,3.891,6.4
33603,2014Q2,111,0.8144,4.225,3.6
33603,2014Q3,109,0.7385,3.881,10.1
33603,2014Q4,107,0.7496,4.112,7.5
33603,2015Q1,186,0.7405,4.108,9.1
33603,2015Q2,184,0.7369,4.082,9.8
33603,2015Q3,324,0.7692,4.083,9.0
33603,2015Q4,326,0.7773,3.985,7.7
33603,2016Q1,397,0.7387,3.985,9.1
33603,2016Q2,344,0.7161,4.067,10.2
33603,2016Q3,349,0.6917,4.089,11.7
33603,2016Q4,251,0.7646,4.012,7.6
33603,2017Q1,343,0.7417,4.114,8.2
33603,2017Q2,338,0.7149,4.121,10.7
33603,2017Q3,353,0.6846,4.048,11.3
33603,2017Q4,280,0.7452,4.136,7.5
33603,2018Q1,376,0.7638,4.109,7.7
33603,2018Q2,338,0.7342,4.222,8.9
33603,2018Q3,372,0.6897,4.116,11.6
33603,2018Q4,298,0.6931,4.268,10.1
33603,2019Q1,316,0.6990,4.165,10.4
33603,2019Q2,358,0.7007,4.145,9.5
33603,2019Q3,352,0.6871,4.210,11.6
33603,2019Q4,281,0.6956,4.071,11.4
33603,2020Q1,282,0.7716,4.387,7.4
33603,2020Q2,167,0.7254,4.108,9.0
33603,2020Q3,260,0.6727,4.138,11.9
33603,2020Q4,222,0.6746,4.171,12.2
33603,2021Q1,234,0.7088,4.231,9.4
33603,2021Q2,236,0.7289,4.288,8.1
33603,2021Q3,249,0.5929,3.855,16.1
33603,2021Q4,194,0.6455,3.938,13.9
33604,2012Q1,136,0.7353,3.985,8.1
33604,2012Q2,120,0.7969,3.908,5.8
33604,2012Q3,123,0.7804,4.000,5.7
33604,2012Q4,133,0.7732,3.977,7.5
33604,2013Q1,200,0.7907,4.035,8.0
33604,2013Q2,178,0.7347,3.983,8.4
33604,2013Q3,204,0.7721,3.975,7.4
33604,2013Q4,191,0.7541,4.021,7.3
33604,2014Q1,267,0.7733,4.086,8.6
33604,2014Q2,260,0.7461,4.065,7.7
33604,2014Q3,308,0.7111,3.977,9.7
33604,2014Q4,342,0.7430,3.985,7.9
33604,2015Q1,484,0.6814,3.740,12.6
33604,2015Q2,383,0.7055,3.924,10.2
33604,2015Q3,450,0.7108,3.807,11.1
33604,2015Q4,331,0.7462,3.934,8.8
33604,2016Q1,450,0.7480,4.044,7.6
33604,2016Q2,389,0.7326,3.969,8.7
33604,2016Q3,411,0.6843,3.949,11.9
33604,2016Q4,346,0.6220,3.902,14.7
33604,2017Q1,394,0.6905,4.063,11.7
33604,2017Q2,539,0.7426,4.152,8.2
33604,2017Q3,649,0.6835,4.026,12.8
33604,2017Q4,491,0.7161,4.018,10.4
33604,2018Q1,646,0.7262,4.008,9.3
33604,2018Q2,626,0.7054,3.970,10.7
33604,2018Q3,673,0.7061,4.031,11.3
33604,2018Q4,475,0.6452,3.880,14.1
33604,2019Q1,538,0.6324,3.944,14.1
33604,2019Q2,745,0.7128,3.991,9.8
33604,2019Q3,595,0.7206,4.116,9.7
33604,2019Q4,460,0.6720,4.113,12.0
33604,2020Q1,536,0.7268,4.164,9.9
33604,2020Q2,301,0.6889,4.037,10.6
33604,2020Q3,463,0.6736,4.125,12.1
33604,2020Q4,456,0.6557,4.090,14.3
33604,2021Q1,505,0.6961,4.036,11.3
33604,2021Q2,473,0.6103,3.875,14.8
33604,2021Q3,471,0.6305,3.966,14.2
33604,2021Q4,361,0.6575,3.983,13.0
33605,2012Q1,243,0.7489,3.753,8.2
33605,2012Q2,219,0.7513,3.781,7.3
33605,2012Q3,240,0.7367,3.688,10.0
33605,2012Q4,277,0.7967,3.874,5.4
33605,2013Q1,438,0.7458,3.605,8.9
33605,2013Q2,329,0.7129,3.653,10.3
33605,2013Q3,335,0.7258,3.758,10.4
33605,2013Q4,273,0.6456,3.656,13.2
33605,2014Q1,406,0.7174,3.712,10.8
33605,2014Q2,470,0.7081,3.732,11.7
33605,2014Q3,534,0.7325,3.775,8.8
33605,2014Q4,527,0.6954,3.850,11.6
33605,2015Q1,675,0.7198,3.870,9.8
33605,2015Q2,678,0.6797,3.836,12.2
33605,2015Q3,734,0.6931,3.813,12.0
33605,2015Q4,576,0.6667,3.918,13.4
33605,2016Q1,866,0.6535,3.737,13.6
33605,2016Q2,724,0.6693,3.885,12.8
33605,2016Q3,672,0.6751,3.875,13.2
33605,2016Q4,583,0.6647,3.911,12.0
33605,2017Q1,771,0.6655,3.822,11.4
33605,2017Q2,793,0.6783,3.861,12.4
33605,2017Q3,731,0.6864,3.843,11.8
33605,2017Q4,704,0.7037,3.905,10.7
33605,2018Q1,813,0.6843,3.888,12.4
33605,2018Q2,817,0.6590,3.918,13.3
33605,2018Q3,815,0.6807,3.891,12.9
33605,2018Q4,705,0.6426,3.857,15.3
33605,2019Q1,853,0.6037,3.744,16.6
33605,2019Q2,722,0.5928,3.753,17.7
33605,2019Q3,707,0.6775,3.931,12.7
33605,2019Q4,694,0.6598,3.890,13.8
33605,2020Q1,680,0.6508,3.899,14.6
33605,2020Q2,306,0.6787,4.075,13.1
33605,2020Q3,525,0.6808,4.090,12.6
33605,2020Q4,603,0.6747,3.968,13.1
33605,2021Q1,730,0.7082,4.075,10.5
33605,2021Q2,719,0.6682,3.853,12.9
33605,2021Q3,609,0.6885,4.013,11.8
33605,2021Q4,589,0.6228,3.862,15.6
33606,2012Q1,319,0.7761,3.734,6.9
33606,2012Q2,299,0.7344,3.749,9.4
33606,2012Q3,286,0.8318,3.860,4.2
33606,2012Q4,417,0.7820,3.892,7.0
33606,2013Q1,568,0.7819,3.857,7.6
33606,2013Q2,483,0.7419,3.810,9.3
33606,2013Q3,535,0.7468,3.733,9.5
33606,2013Q4,484,0.7331,3.729,8.7
33606,2014Q1,743,0.7004,3.779,12.0
33606,2014Q2,674,0.7694,3.847,8.2
33606,2014Q3,900,0.7665,3.903,7.1
33606,2014Q4,927,0.7518,3.910,8.6
33606,2015Q1,1238,0.7400,3.932,9.8
33606,2015Q2,1278,0.7226,3.901,9.7
33606,2015Q3,1472,0.7556,4.010,8.5
33606,2015Q4,1238,0.7403,3.974,9.5
33606,2016Q1,1439,0.7388,4.014,9.4
33606,2016Q2,1392,0.7452,4.006,9.2
33606,2016Q3,1418,0.7578,4.066,8.5
33606,2016Q4,1044,0.7048,3.989,11.0
33606,2017Q1,1314,0.7227,3.959,10.4
33606,2017Q2,1399,0.7477,4.051,9.0
33606,2017Q3,1343,0.7167,4.028,10.3
33606,2017Q4,1243,0.7441,4.098,9.4
33606,2018Q1,1616,0.7461,4.048,9.0
33606,2018Q2,1488,0.7377,4.099,9.9
33606,2018Q3,1468,0.7357,4.054,9.7
33606,2018Q4,1233,0.7224,4.058,9.5
33606,2019Q1,1559,0.7180,4.041,10.2
33606,2019Q2,1503,0.7207,4.080,10.6
33606,2019Q3,1480,0.7283,4.057,10.1
33606,2019Q4,1437,0.7368,4.050,9.6
33606,2020Q1,1290,0.7321,4.068,10.1
33606,2020Q2,605,0.7175,4.102,10.4
33606,2020Q3,948,0.7236,4.147,10.7
33606,2020Q4,938,0.7187,4.095,10.4
33606,2021Q1,1268,0.6979,4.042,11.1
33606,2021Q2,1232,0.6731,3.937,13.6
33606,2021Q3,1158,0.7137,3.954,10.5
33606,2021Q4,1135,0.6498,3.902,15.0
33607,2012Q1,392,0.6323,3.490,14.0
33607,2012Q2,370,0.6291,3.551,14.3
33607,2012Q3,444,0.6887,3.592,11.7
33607,2012Q4,509,0.7018,3.564,10.4
33607,2013Q1,757,0.6263,3.449,15.1
33607,2013Q2,669,0.6478,3.508,13.8
33607,2013Q3,813,0.6720,3.615,12.2
33607,2013Q4,657,0.6713,3.557,13.9
33607,2014Q1,924,0.6607,3.574,13.1
33607,2014Q2,1000,0.6203,3.496,15.6
33607,2014Q3,1057,0.6333,3.566,14.2
33607,2014Q4,1098,0.5802,3.516,17.4
33607,2015Q1,1384,0.6484,3.621,13.6
33607,2015Q2,1537,0.6023,3.534,16.1
33607,2015Q3,1502,0.6016,3.605,17.0
33607,2015Q4,1549,0.6167,3.586,16.1
33607,2016Q1,1953,0.6055,3.641,16.0
33607,2016Q2,1953,0.5850,3.603,17.2
33607,2016Q3,1646,0.6137,3.622,16.3
33607,2016Q4,1339,0.5530,3.520,19.2
33607,2017Q1,1684,0.5563,3.520,18.4
33607,2017Q2,1775,0.5700,3.557,17.6
33607,2017Q3,1634,0.5853,3.567,17.1
33607,2017Q4,1632,0.5745,3.608,18.4
33607,2018Q1,2008,0.5710,3.526,19.2
33607,2018Q2,2088,0.5824,3.544,17.5
33607,2018Q3,1809,0.5824,3.601,17.5
33607,2018Q4,1739,0.5302,3.409,20.5
33607,2019Q1,2064,0.5578,3.472,18.8
33607,2019Q2,2160,0.5342,3.464,20.2
33607,2019Q3,1897,0.5777,3.563,17.9
33607,2019Q4,1601,0.5496,3.495,19.4
33607,2020Q1,1539,0.5511,3.495,19.9
33607,2020Q2,580,0.5232,3.445,20.9
33607,2020Q3,944,0.5307,3.565,21.1
33607,2020Q4,1015,0.5194,3.564,20.7
33607,2021Q1,1335,0.4656,3.383,23.7
33607,2021Q2,1553,0.4385,3.282,25.4
33607,2021Q3,1349,0.4959,3.423,23.4
33607,2021Q4,1374,0.4871,3.405,23.6
33608,2013Q2,1,-0.5988,1.000,100.0
33608,2015Q1,1,0.5423,1.000,0.0
33608,2015Q3,3,-0.7724,1.000,100.0
33608,2015Q4,2,0.0292,1.000,50.0
33608,2016Q4,1,-0.4767,1.000,100.0
33608,2017Q1,1,-0.9034,1.000,100.0
33608,2017Q2,1,-0.7988,1.000,100.0
33608,2017Q3,1,0.8643,1.000,0.0
33608,2017Q4,3,-0.2657,1.000,66.7
33608,2018Q1,1,-0.8807,1.000,100.0
33608,2018Q2,2,-0.9280,1.000,100.0
33608,2018Q3,5,-0.4779,1.000,80.0
33608,2018Q4,4,-0.7049,1.000,100.0
33608,2019Q2,2,-0.1135,1.000,50.0
33608,2019Q3,5,-0.4896,1.000,80.0
33608,2019Q4,2,0.1137,1.000,50.0
33608,2020Q2,1,-0.7601,1.000,100.0
33608,2021Q3,2,-0.1283,1.000,50.0
33609,2012Q1,213,0.7075,3.854,11.7
33609,2012Q2,232,0.6770,3.625,12.9
33609,2012Q3,270,0.7356,3.630,9.6
33609,2012Q4,359,0.7430,3.752,8.6
33609,2013Q1,443,0.7272,3.756,9.9
33609,2013Q2,441,0.7077,3.660,10.2
33609,2013Q3,522,0.6784,3.644,11.1
33609,2013Q4,490,0.6623,3.684,13.5
33609,2014Q1,548,0.6969,3.728,11.3
33609,2014Q2,648,0.6545,3.769,14.2
33609,2014Q3,692,0.6768,3.767,12.3
33609,2014Q4,673,0.6140,3.694,15.8
33609,2015Q1,805,0.6488,3.702,13.7
33609,2015Q2,894,0.6550,3.708,13.9
33609,2015Q3,1022,0.6790,3.756,12.1
33609,2015Q4,915,0.6811,3.859,11.9
33609,2016Q1,1228,0.6620,3.760,13.7
33609,2016Q2,1114,0.6318,3.770,15.7
33609,2016Q3,1033,0.6123,3.713,16.5
33609,2016Q4,810,0.6234,3.711,15.7
33609,2017Q1,919,0.5914,3.741,16.0
33609,2017Q2,1061,0.6380,3.779,14.0
33609,2017Q3,1096,0.6536,3.882,13.7
33609,2017Q4,1003,0.6642,3.815,14.2
33609,2018Q1,1157,0.6327,3.755,15.3
33609,2018Q2,1236,0.6572,3.913,14.4
33609,2018Q3,1489,0.6687,3.894,13.2
33609,2018Q4,1109,0.6208,3.863,15.5
33609,2019Q1,1368,0.6805,3.970,12.1
33609,2019Q2,1278,0.6468,3.849,14.2
33609,2019Q3,1274,0.6411,3.874,14.2
33609,2019Q4,1142,0.6638,3.881,14.1
33609,2020Q1,1043,0.6334,3.869,15.1
33609,2020Q2,539,0.6614,3.976,12.8
33609,2020Q3,885,0.6260,3.965,15.5
33609,2020Q4,861,0.6662,4.031,12.9
33609,2021Q1,1067,0.6383,3.836,14.5
33609,2021Q2,957,0.6076,3.804,16.3
33609,2021Q3,986,0.5586,3.671,18.4
33609,2021Q4,868,0.5604,3.672,19.2
33610,2012Q1,42,0.7073,3.524,11.9
33610,2012Q2,46,0.6151,3.174,15.2
33610,2012Q3,66,0.6051,3.424,18.2
33610,2012Q4,56,0.7586,3.661,5.4
33610,2013Q1,89,0.6504,3.461,14.6
33610,2013Q2,94,0.6871,3.606,10.6
33610,2013Q3,116,0.6083,3.388,15.5
33610,2013Q4,84,0.6474,3.571,13.1
33610,2014Q1,113,0.6491,3.584,15.9
33610,2014Q2,119,0.6207,3.277,15.1
33610,2014Q3,166,0.6539,3.596,13.9
33610,2014Q4,134,0.5763,3.478,18.7
33610,2015Q1,209,0.6119,3.464,16.7
33610,2015Q2,222,0.6010,3.491,15.8
33610,2015Q3,221,0.5222,3.290,19.9
33610,2015Q4,165,0.4143,3.012,26.7
33610,2016Q1,236,0.6552,3.581,14.0
33610,2016Q2,234,0.4972,3.376,21.8
33610,2016Q3,237,0.4799,3.245,23.2
33610,2016Q4,188,0.4907,3.090,20.7
33610,2017Q1,197,0.5550,3.421,18.3
33610,2017Q2,202,0.5511,3.658,17.8
33610,2017Q3,207,0.4013,3.111,25.1
33610,2017Q4,204,0.4513,3.152,23.5
33610,2018Q1,227,0.5502,3.330,20.7
33610,2018Q2,247,0.5347,3.275,19.4
33610,2018Q3,254,0.4721,3.350,21.7
33610,2018Q4,231,0.4684,3.342,24.7
33610,2019Q1,278,0.4813,3.273,23.7
33610,2019Q2,276,0.4694,3.254,23.2
33610,2019Q3,294,0.3831,3.265,26.9
33610,2019Q4,262,0.4130,3.130,27.5
33610,2020Q1,287,0.4777,3.226,24.0
33610,2020Q2,135,0.3543,3.259,31.1
33610,2020Q3,208,0.4682,3.356,22.6
33610,2020Q4,179,0.4899,3.553,24.0
33610,2021Q1,193,0.3897,3.114,28.5
33610,2021Q2,263,0.3908,3.281,27.4
33610,2021Q3,258,0.3640,2.965,30.2
33610,2021Q4,200,0.2769,3.000,36.5
33611,2012Q1,106,0.7565,3.896,7.5
33611,2012Q2,130,0.7529,3.731,8.5
33611,2012Q3,148,0.7755,3.770,6.8
33611,2012Q4,178,0.6784,3.708,11.2
33611,2013Q1,207,0.6889,3.570,12.1
33611,2013Q2,195,0.7087,3.713,10.3
33611,2013Q3,181,0.6557,3.669,13.8
33611,2013Q4,168,0.7038,3.750,11.3
33611,2014Q1,266,0.7234,3.872,9.8
33611,2014Q2,252,0.6957,3.821,11.1
33611,2014Q3,377,0.7009,3.920,10.9
33611,2014Q4,383,0.7115,3.833,11.0
33611,2015Q1,442,0.6916,3.873,11.5
33611,2015Q2,469,0.6795,3.857,12.4
33611,2015Q3,555,0.6879,3.840,10.3
33611,2015Q4,447,0.6809,3.953,11.2
33611,2016Q1,550,0.7222,3.945,9.6
33611,2016Q2,522,0.6393,3.766,13.8
33611,2016Q3,557,0.6351,3.803,13.6
33611,2016Q4,411,0.6480,3.810,13.4
33611,2017Q1,528,0.6216,3.706,14.8
33611,2017Q2,630,0.6610,3.800,12.2
33611,2017Q3,575,0.6441,3.750,14.4
33611,2017Q4,503,0.6353,3.823,14.9
33611,2018Q1,711,0.6202,3.775,16.5
33611,2018Q2,668,0.6030,3.784,16.2
33611,2018Q3,664,0.5992,3.661,16.9
33611,2018Q4,501,0.5966,3.737,16.8
33611,2019Q1,666,0.5977,3.689,17.0
33611,2019Q2,615,0.5623,3.701,19.8
33611,2019Q3,752,0.6079,3.727,15.7
33611,2019Q4,724,0.6594,3.849,12.7
33611,2020Q1,545,0.6358,3.783,14.7
33611,2020Q2,382,0.6026,3.838,18.1
33611,2020Q3,566,0.6937,3.959,12.0
33611,2020Q4,373,0.5892,3.804,17.4
33611,2021Q1,509,0.5491,3.699,19.3
33611,2021Q2,575,0.5562,3.638,20.2
33611,2021Q3,502,0.5713,3.604,18.1
33611,2021Q4,472,0.5827,3.686,17.8
33612,2012Q1,119,0.6730,3.496,10.9
33612,2012Q2,159,0.5638,3.560,17.0
33612,2012Q3,141,0.6253,3.546,15.6
33612,2012Q4,197,0.5459,3.350,17.8
33612,2013Q1,264,0.6706,3.765,12.1
33612,2013Q2,257,0.6441,3.556,12.5
33612,2013Q3,273,0.6548,3.824,13.2
33612,2013Q4,321,0.5860,3.629,17.1
33612,2014Q1,335,0.6640,3.615,11.9
33612,2014Q2,384,0.5847,3.516,17.2
33612,2014Q3,428,0.6014,3.745,16.4
33612,2014Q4,519,0.6028,3.665,16.0
33612,2015Q1,579,0.5767,3.627,18.1
33612,2015Q2,589,0.5571,3.538,19.0
33612,2015Q3,646,0.5547,3.514,19.2
33612,2015Q4,591,0.5848,3.658,17.6
33612,2016Q1,730,0.5812,3.604,16.7
33612,2016Q2,709,0.5222,3.532,20.7
33612,2016Q3,654,0.5303,3.549,20.8
33612,2016Q4,677,0.5367,3.588,19.5
33612,2017Q1,745,0.5563,3.599,19.3
33612,2017Q2,744,0.5815,3.681,16.1
33612,2017Q3,747,0.5917,3.649,16.7
33612,2017Q4,719,0.5490,3.570,19.5
33612,2018Q1,902,0.5896,3.700,18.0
33612,2018Q2,837,0.5759,3.606,17.8
33612,2018Q3,889,0.5396,3.618,19.6
33612,2018Q4,751,0.5221,3.557,20.9
33612,2019Q1,906,0.5930,3.723,17.0
33612,2019Q2,935,0.5185,3.556,21.7
33612,2019Q3,888,0.5363,3.580,20.3
33612,2019Q4,921,0.6121,3.815,15.9
33612,2020Q1,815,0.5686,3.685,18.5
33612,2020Q2,421,0.4634,3.477,23.8
33612,2020Q3,625,0.4692,3.490,24.0
33612,2020Q4,625,0.5258,3.594,21.0
33612,2021Q1,709,0.4557,3.386,24.7
33612,2021Q2,747,0.3959,3.260,28.0
33612,2021Q3,693,0.4063,3.231,28.1
33612,2021Q4,568,0.4003,3.218,26.9
33613,2012Q1,49,0.6128,3.776,18.4
33613,2012Q2,54,0.8016,4.315,1.9
33613,2012Q3,49,0.7585,3.612,6.1
33613,2012Q4,59,0.6315,3.847,15.3
33613,2013Q1,86,0.6957,3.640,11.6
33613,2013Q2,111,0.6789,3.748,12.6
33613,2013Q3,124,0.7156,3.702,12.1
33613,2013Q4,97,0.6405,3.701,15.5
33613,2014Q1,138,0.6558,3.761,13.8
33613,2014Q2,135,0.7545,3.904,8.9
33613,2014Q3,164,0.7644,3.970,7.9
33613,2014Q4,188,0.6464,3.729,14.4
33613,2015Q1,249,0.6879,3.863,9.6
33613,2015Q2,254,0.6974,3.976,11.0
33613,2015Q3,259,0.6807,3.784,12.0
33613,2015Q4,239,0.6806,4.021,11.3
33613,2016Q1,287,0.6775,3.934,11.1
33613,2016Q2,330,0.6885,4.024,11.2
33613,2016Q3,275,0.6846,4.065,10.9
33613,2016Q4,200,0.6316,3.895,15.0
33613,2017Q1,241,0.5431,3.743,20.3
33613,2017Q2,358,0.7415,4.207,8.7
33613,2017Q3,365,0.6928,4.041,10.7
33613,2017Q4,319,0.6692,4.082,12.5
33613,2018Q1,407,0.6962,4.098,10.8
33613,2018Q2,472,0.7017,4.036,10.2
33613,2018Q3,414,0.6643,3.841,12.8
33613,2018Q4,367,0.5918,3.774,17.2
33613,2019Q1,397,0.6066,3.824,16.6
33613,2019Q2,401,0.6285,3.828,14.7
33613,2019Q3,313,0.5775,3.850,18.2
33613,2019Q4,340,0.6339,3.994,16.2
33613,2020Q1,298,0.4746,3.591,24.5
33613,2020Q2,204,0.5638,3.618,18.1
33613,2020Q3,290,0.5450,3.817,18.6
33613,2020Q4,215,0.5458,3.647,20.9
33613,2021Q1,242,0.5476,3.636,19.0
33613,2021Q2,249,0.4734,3.566,24.9
33613,2021Q3,267,0.4047,3.318,28.8
33613,2021Q4,226,0.5275,3.491,20.8
33614,2012Q1,89,0.6362,3.685,14.6
33614,2012Q2,75,0.6818,3.600,12.0
33614,2012Q3,83,0.7356,3.831,8.4
33614,2012Q4,121,0.6601,3.826,10.7
33614,2013Q1,134,0.6593,3.679,12.7
33614,2013Q2,120,0.5633,3.458,17.5
33614,2013Q3,204,0.6707,3.657,12.7
33614,2013Q4,155,0.4877,3.484,24.5
33614,2014Q1,214,0.6549,3.621,14.5
33614,2014Q2,264,0.6359,3.610,13.6
33614,2014Q3,275,0.5781,3.622,16.7
33614,2014Q4,304,0.6717,3.819,12.2
33614,2015Q1,372,0.5944,3.575,16.4
33614,2015Q2,369,0.6285,3.637,15.2
33614,2015Q3,412,0.5711,3.541,16.5
33614,2015Q4,397,0.6048,3.650,16.1
33614,2016Q1,494,0.6049,3.731,15.8
33614,2016Q2,495,0.5716,3.745,17.6
33614,2016Q3,480,0.6269,3.898,14.6
33614,2016Q4,387,0.5958,3.716,17.6
33614,2017Q1,509,0.5314,3.662,20.6
33614,2017Q2,516,0.5706,3.684,16.3
33614,2017Q3,500,0.5191,3.560,21.2
33614,2017Q4,414,0.5209,3.548,21.3
33614,2018Q1,462,0.5430,3.610,20.1
33614,2018Q2,486,0.4993,3.463,21.0
33614,2018Q3,522,0.4511,3.414,24.7
33614,2018Q4,447,0.3941,3.338,28.4
33614,2019Q1,525,0.5180,3.590,21.0
33614,2019Q2,481,0.4591,3.432,25.4
33614,2019Q3,487,0.4384,3.419,24.8
33614,2019Q4,486,0.5199,3.535,20.6
33614,2020Q1,441,0.4538,3.469,24.9
33614,2020Q2,355,0.4648,3.496,23.7
33614,2020Q3,434,0.5008,3.539,21.2
33614,2020Q4,407,0.4580,3.479,24.6
33614,2021Q1,443,0.4590,3.499,23.5
33614,2021Q2,436,0.4343,3.406,24.5
33614,2021Q3,421,0.3713,3.114,29.0
33614,2021Q4,357,0.3873,3.275,28.0
33615,2012Q1,45,0.6672,3.533,11.1
33615,2012Q2,26,0.7563,3.385,7.7
33615,2012Q3,43,0.5282,3.233,18.6
33615,2012Q4,73,0.7210,3.658,11.0
33615,2013Q1,69,0.5372,3.478,18.8
33615,2013Q2,69,0.6413,3.522,15.9
33615,2013Q3,74,0.7176,3.824,9.5
33615,2013Q4,97,0.7102,3.814,10.3
33615,2014Q1,141,0.5595,3.567,18.4
33615,2014Q2,139,0.6380,3.511,15.1
33615,2014Q3,178,0.6151,3.697,16.9
33615,2014Q4,199,0.6312,3.533,14.1
33615,2015Q1,198,0.6854,3.732,11.6
33615,2015Q2,222,0.5846,3.617,19.4
33615,2015Q3,266,0.5467,3.504,20.3
33615,2015Q4,253,0.6138,3.640,14.6
33615,2016Q1,269,0.5233,3.695,20.4
33615,2016Q2,269,0.5667,3.710,17.8
33615,2016Q3,372,0.6567,3.901,14.2
33615,2016Q4,279,0.5788,3.724,17.9
33615,2017Q1,332,0.5988,3.855,16.9
33615,2017Q2,360,0.6470,3.914,13.3
33615,2017Q3,343,0.5939,3.889,17.2
33615,2017Q4,269,0.6705,3.996,12.6
33615,2018Q1,322,0.6693,3.910,11.8
33615,2018Q2,400,0.6528,4.020,13.2
33615,2018Q3,424,0.5769,3.870,19.6
33615,2018Q4,346,0.6289,3.931,15.0
33615,2019Q1,379,0.5663,3.960,19.5
33615,2019Q2,386,0.5641,3.769,19.4
33615,2019Q3,401,0.5611,3.800,19.5
33615,2019Q4,328,0.5052,3.521,23.2
33615,2020Q1,284,0.6322,3.947,14.4
33615,2020Q2,222,0.5945,3.910,16.2
33615,2020Q3,243,0.5350,3.679,22.2
33615,2020Q4,206,0.5341,3.752,18.4
33615,2021Q1,249,0.5492,3.807,18.9
33615,2021Q2,247,0.4542,3.449,25.5
33615,2021Q3,216,0.4816,3.616,23.6
33615,2021Q4,195,0.4852,3.600,24.6
33616,2012Q2,4,0.8645,4.000,0.0
33616,2012Q3,1,0.9328,4.000,0.0
33616,2012Q4,3,0.9540,4.000,0.0
33616,2013Q1,4,0.1055,3.000,50.0
33616,2013Q2,9,0.9052,4.000,0.0
33616,2013Q3,4,0.8512,3.750,0.0
33616,2013Q4,4,0.8343,3.500,0.0
33616,2014Q1,6,0.5529,2.667,16.7
33616,2014Q2,8,0.3587,4.000,37.5
33616,2014Q3,4,0.4627,4.750,25.0
33616,2014Q4,9,0.7818,3.333,11.1
33616,2015Q1,10,0.4171,3.500,30.0
33616,2015Q2,16,0.6575,4.000,6.2
33616,2015Q3,17,0.6133,3.588,17.6
33616,2015Q4,21,0.5835,3.714,23.8
33616,2016Q1,15,0.3531,3.400,26.7
33616,2016Q2,16,0.6728,3.688,12.5
33616,2016Q3,12,0.3820,3.583,33.3
33616,2016Q4,12,0.1666,3.333,41.7
33616,2017Q1,25,0.4662,3.760,24.0
33616,2017Q2,12,0.7980,4.250,8.3
33616,2017Q3,9,0.3969,3.333,33.3
33616,2017Q4,30,0.7038,4.267,13.3
33616,2018Q1,35,0.6189,4.171,17.1
33616,2018Q2,19,0.4951,3.421,21.1
33616,2018Q3,18,0.4129,3.778,27.8
33616,2018Q4,17,0.6148,3.765,17.6
33616,2019Q1,10,0.7067,4.300,20.0
33616,2019Q2,18,0.8171,4.667,5.6
33616,2019Q3,12,0.6412,4.167,16.7
33616,2019Q4,16,0.8411,4.375,0.0
33616,2020Q1,18,0.5948,3.722,16.7
33616,2020Q2,11,0.6206,4.273,18.2
33616,2020Q3,13,0.7170,4.385,15.4
33616,2020Q4,17,0.4408,3.941,29.4
33616,2021Q1,14,0.6759,3.571,14.3
33616,2021Q2,7,0.5392,3.857,14.3
33616,2021Q3,11,0.7997,4.273,0.0
33616,2021Q4,12,0.3695,3.750,25.0
33617,2012Q1,75,0.6453,3.707,13.3
33617,2012Q2,89,0.6915,3.573,12.4
33617,2012Q3,93,0.6144,3.548,16.1
33617,2012Q4,85,0.7447,3.812,7.1
33617,2013Q1,144,0.6708,3.507,11.1
33617,2013Q2,118,0.6187,3.763,15.3
33617,2013Q3,156,0.7238,3.763,9.0
33617,2013Q4,137,0.6972,3.766,10.2
33617,2014Q1,173,0.6108,3.329,14.5
33617,2014Q2,185,0.6557,3.714,14.6
33617,2014Q3,218,0.5716,3.450,17.9
33617,2014Q4,240,0.6406,3.671,13.8
33617,2015Q1,304,0.6849,3.799,11.2
33617,2015Q2,322,0.5993,3.630,17.4
33617,2015Q3,328,0.5996,3.570,17.4
33617,2015Q4,297,0.5828,3.579,17.5
33617,2016Q1,450,0.6304,3.647,13.8
33617,2016Q2,349,0.6187,3.799,14.6
33617,2016Q3,412,0.6017,3.714,16.0
33617,2016Q4,327,0.6458,3.820,14.1
33617,2017Q1,372,0.6245,3.782,16.7
33617,2017Q2,413,0.5459,3.588,19.6
33617,2017Q3,435,0.6524,3.791,13.3
33617,2017Q4,367,0.6110,3.703,15.0
33617,2018Q1,464,0.5619,3.537,17.9
33617,2018Q2,462,0.5764,3.697,19.0
33617,2018Q3,431,0.6281,3.812,14.6
33617,2018Q4,381,0.5827,3.798,16.0
33617,2019Q1,465,0.6044,3.677,16.3
33617,2019Q2,434,0.5307,3.682,20.0
33617,2019Q3,366,0.5414,3.716,20.8
33617,2019Q4,315,0.5085,3.613,21.0
33617,2020Q1,345,0.5948,3.748,16.2
33617,2020Q2,211,0.6773,3.948,10.4
33617,2020Q3,270,0.5351,3.741,20.4
33617,2020Q4,272,0.5610,3.702,18.4
33617,2021Q1,396,0.5290,3.624,21.0
33617,2021Q2,350,0.4787,3.651,24.9
33617,2021Q3,337,0.5909,3.816,16.9
33617,2021Q4,261,0.5267,3.628,20.7
33618,2012Q1,137,0.6560,3.533,13.1
33618,2012Q2,124,0.6845,3.492,12.9
33618,2012Q3,158,0.7271,3.633,11.4
33618,2012Q4,196,0.7898,3.735,4.6
33618,2013Q1,281,0.7597,3.772,7.1
33618,2013Q2,346,0.7617,3.592,7.5
33618,2013Q3,381,0.7191,3.635,10.0
33618,2013Q4,350,0.6321,3.506,14.3
33618,2014Q1,395,0.6620,3.585,12.4
33618,2014Q2,451,0.6457,3.659,13.5
33618,2014Q3,549,0.6578,3.736,12.8
33618,2014Q4,494,0.6782,3.791,13.0
33618,2015Q1,785,0.6838,3.730,11.6
33618,2015Q2,809,0.6674,3.661,12.2
33618,2015Q3,874,0.6210,3.617,15.1
33618,2015Q4,739,0.6689,3.732,12.9
33618,2016Q1,957,0.6436,3.691,14.0
33618,2016Q2,1051,0.6072,3.556,17.0
33618,2016Q3,903,0.5579,3.406,18.5
33618,2016Q4,646,0.5633,3.556,17.8
33618,2017Q1,845,0.5643,3.555,18.6
33618,2017Q2,930,0.5881,3.714,17.5
33618,2017Q3,928,0.6266,3.711,16.1
33618,2017Q4,821,0.6014,3.764,16.6
33618,2018Q1,1109,0.6493,3.789,13.7
33618,2018Q2,1203,0.6755,3.867,12.6
33618,2018Q3,1239,0.6330,3.857,15.5
33618,2018Q4,955,0.6264,3.840,15.4
33618,2019Q1,1116,0.6159,3.808,16.0
33618,2019Q2,1020,0.6178,3.759,15.7
33618,2019Q3,1049,0.5934,3.754,17.2
33618,2019Q4,916,0.6346,3.740,15.3
33618,2020Q1,821,0.6008,3.739,17.3
33618,2020Q2,482,0.5207,3.589,20.5
33618,2020Q3,797,0.5817,3.704,17.1
33618,2020Q4,692,0.5984,3.811,16.9
33618,2021Q1,797,0.6472,3.905,13.9
33618,2021Q2,798,0.5509,3.699,19.0
33618,2021Q3,765,0.5804,3.749,18.6
33618,2021Q4,716,0.5746,3.610,17.9
33619,2012Q1,36,0.7162,3.889,8.3
33619,2012Q2,53,0.6005,3.453,15.1
33619,2012Q3,57,0.5345,3.158,21.1
33619,2012Q4,61,0.6563,3.475,13.1
33619,2013Q1,95,0.6630,3.653,11.6
33619,2013Q2,93,0.5349,3.516,20.4
33619,2013Q3,116,0.5967,3.534,15.5
33619,2013Q4,112,0.5089,2.973,20.5
33619,2014Q1,164,0.6209,3.561,13.4
33619,2014Q2,173,0.5194,3.428,20.2
33619,2014Q3,166,0.5155,3.524,21.1
33619,2014Q4,215,0.5696,3.614,18.1
33619,2015Q1,390,0.5750,3.595,17.2
33619,2015Q2,374,0.6433,3.759,13.9
33619,2015Q3,451,0.5490,3.477,18.8
33619,2015Q4,393,0.5421,3.476,19.8
33619,2016Q1,373,0.5915,3.587,17.4
33619,2016Q2,421,0.5327,3.506,20.9
33619,2016Q3,380,0.5458,3.487,20.0
33619,2016Q4,294,0.4500,3.323,24.8
33619,2017Q1,368,0.4186,3.204,27.4
33619,2017Q2,431,0.4626,3.348,24.1
33619,2017Q3,375,0.4108,3.205,25.9
33619,2017Q4,436,0.4964,3.408,22.5
33619,2018Q1,522,0.4407,3.285,25.5
33619,2018Q2,549,0.5018,3.295,21.9
33619,2018Q3,540,0.4052,3.252,28.0
33619,2018Q4,440,0.4416,3.236,25.9
33619,2019Q1,430,0.4275,3.237,26.3
33619,2019Q2,587,0.4515,3.405,24.7
33619,2019Q3,589,0.4994,3.460,21.9
33619,2019Q4,431,0.5215,3.478,21.8
33619,2020Q1,400,0.4663,3.405,24.0
33619,2020Q2,264,0.3472,3.223,30.7
33619,2020Q3,345,0.3764,3.296,28.1
33619,2020Q4,329,0.4003,3.243,27.4
33619,2021Q1,411,0.4405,3.299,24.8
33619,2021Q2,426,0.3838,3.232,27.9
33619,2021Q3,505,0.4016,3.242,28.1
33619,2021Q4,430,0.4945,3.423,22.6
33620,2012Q1,2,0.9516,4.000,0.0
33620,2012Q2,2,0.1262,4.000,50.0
33620,2012Q3,1,0.9933,4.000,0.0
33620,2012Q4,4,0.1912,2.750,50.0
33620,2013Q1,4,0.8661,4.000,0.0
33620,2013Q2,4,0.8918,4.000,0.0
33620,2013Q3,3,0.9277,4.333,0.0
33620,2013Q4,1,0.9976,4.000,0.0
33620,2014Q1,5,0.8987,3.600,0.0
33620,2014Q2,3,0.5134,4.000,33.3
33620,2014Q3,2,0.2620,3.000,50.0
33620,2014Q4,4,0.4845,3.250,25.0
33620,2015Q1,3,0.0484,3.333,66.7
33620,2015Q2,5,0.9199,4.200,0.0
33620,2015Q3,3,0.7593,4.000,0.0
33620,2015Q4,7,0.9077,4.286,0.0
33620,2016Q1,5,0.8495,4.400,0.0
33620,2016Q2,6,0.5428,4.667,0.0
33620,2016Q3,2,0.3091,2.500,50.0
33620,2016Q4,2,0.7410,4.500,0.0
33620,2017Q1,3,0.3020,4.000,33.3
33620,2017Q2,5,0.2050,2.600,40.0
33620,2017Q3,3,0.3450,2.667,33.3
33620,2017Q4,1,0.9696,4.000,0.0
33620,2018Q1,2,0.9706,4.000,0.0
33620,2018Q2,5,0.6913,3.800,0.0
33620,2018Q3,10,0.5543,3.700,20.0
33620,2018Q4,6,0.5470,3.667,16.7
33620,2019Q1,4,0.8033,3.750,0.0
33620,2019Q2,5,-0.3156,1.800,80.0
33620,2019Q3,6,-0.3252,1.833,66.7
33620,2019Q4,5,0.3482,2.200,40.0
33620,2020Q1,1,0.9374,5.000,0.0
33620,2020Q4,3,0.7611,4.333,0.0
33620,2021Q2,1,0.9718,5.000,0.0
33620,2021Q3,1,-0.3818,1.000,100.0
33620,2021Q4,3,0.8614,3.667,0.0
33621,2012Q4,1,-0.1032,1.000,100.0
33621,2013Q1,1,0.7430,3.000,0.0
33621,2014Q1,1,0.5859,4.000,0.0
33621,2014Q2,2,-0.0425,1.500,50.0
33621,2014Q3,3,0.3479,3.333,33.3
33621,2014Q4,1,0.9888,4.000,0.0
33621,2015Q1,2,0.9119,3.500,0.0
33621,2015Q2,5,0.7132,4.200,0.0
33621,2015Q3,3,0.9054,4.000,0.0
33621,2015Q4,2,-0.0331,1.000,50.0
33621,2016Q2,5,0.9191,4.600,0.0
33621,2016Q3,4,0.5935,3.750,25.0
33621,2016Q4,4,0.5481,4.000,25.0
33621,2017Q1,4,0.4951,3.500,25.0
33621,2017Q2,5,0.4373,2.800,20.0
33621,2017Q3,4,0.3437,3.500,25.0
33621,2017Q4,4,0.6949,4.000,25.0
33621,2018Q1,4,0.8418,4.000,0.0
33621,2018Q2,10,0.5873,3.700,20.0
33621,2018Q3,3,0.7493,4.667,0.0
33621,2018Q4,1,0.9226,3.000,0.0
33621,2019Q1,2,0.8914,5.000,0.0
33621,2019Q2,4,0.9516,4.500,0.0
33621,2019Q3,3,0.9154,4.667,0.0
33621,2019Q4,6,0.4933,2.833,16.7
33621,2020Q1,5,0.8076,3.600,0.0
33621,2020Q3,2,0.8949,1.500,0.0
33621,2020Q4,1,0.9787,5.000,0.0
33621,2021Q1,2,0.4907,3.000,0.0
33621,2021Q3,6,0.8727,4.000,0.0
33622,2014Q2,1,-0.1779,1.000,100.0
33622,2014Q4,1,0.3962,1.000,0.0
33622,2016Q2,2,0.6769,3.000,0.0
33622,2016Q3,1,0.8132,2.000,0.0
33622,2017Q3,1,0.8555,5.000,0.0
33623,2012Q1,3,0.9845,4.333,0.0
33623,2012Q3,1,0.7997,3.000,0.0
33623,2012Q4,2,0.9251,4.000,0.0
33623,2013Q3,1,0.9903,5.000,0.0
33623,2013Q4,2,0.9890,5.000,0.0
33623,2014Q1,2,0.9529,5.000,0.0
33623,2014Q2,4,0.4762,3.500,25.0
33623,2014Q3,7,0.6376,3.571,14.3
33623,2014Q4,1,0.9476,4.000,0.0
33623,2015Q1,3,0.2901,3.667,33.3
33623,2015Q2,2,0.9377,5.000,0.0
33623,2015Q3,3,0.9662,4.667,0.0
33623,2015Q4,4,0.9370,4.750,0.0
33623,2016Q1,3,0.9651,5.000,0.0
33623,2016Q2,5,0.8225,4.000,0.0
33623,2016Q3,6,0.7836,4.333,0.0
33623,2016Q4,6,0.7085,4.333,16.7
33623,2017Q1,2,0.9505,5.000,0.0
33623,2017Q2,1,0.8440,3.000,0.0
33623,2017Q3,11,0.6617,4.545,9.1
33623,2017Q4,5,0.9413,4.600,0.0
33623,2018Q1,3,0.8254,5.000,0.0
33623,2018Q2,8,0.9342,5.000,0.0
33623,2018Q3,4,0.8065,5.000,0.0
33623,2018Q4,6,0.6285,4.333,16.7
33623,2019Q1,7,0.9499,5.000,0.0
33623,2019Q2,7,0.6279,3.857,14.3
33623,2019Q3,6,0.4395,4.333,33.3
33623,2019Q4,4,0.8653,4.500,0.0
33623,2020Q1,6,0.4009,2.333,16.7
33623,2020Q2,1,0.9794,3.000,0.0
33623,2020Q3,5,0.1896,2.600,40.0
33623,2020Q4,3,0.4235,4.000,33.3
33623,2021Q1,6,0.9422,5.000,0.0
33623,2021Q2,1,-0.6449,1.000,100.0
33623,2021Q3,5,0.8016,5.000,0.0
33624,2012Q1,23,0.8280,3.696,4.3
33624,2012Q2,25,0.5869,3.480,20.0
33624,2012Q3,23,0.3178,3.087,34.8
33624,2012Q4,42,0.7554,3.786,9.5
33624,2013Q1,74,0.7753,3.824,6.8
33624,2013Q2,52,0.5194,3.269,21.2
33624,2013Q3,61,0.4922,3.508,24.6
33624,2013Q4,51,0.5426,3.706,19.6
33624,2014Q1,69,0.7190,4.058,11.6
33624,2014Q2,75,0.6291,3.493,14.7
33624,2014Q3,118,0.6447,3.449,11.9
33624,2014Q4,84,0.5992,3.512,19.0
33624,2015Q1,94,0.7089,3.915,11.7
33624,2015Q2,117,0.6020,3.496,18.8
33624,2015Q3,114,0.6569,3.728,14.9
33624,2015Q4,110,0.5958,3.718,16.4
33624,2016Q1,138,0.5904,3.739,17.4
33624,2016Q2,141,0.5872,3.674,17.7
33624,2016Q3,148,0.6414,3.791,14.2
33624,2016Q4,119,0.6571,3.975,14.3
33624,2017Q1,204,0.7072,3.926,10.3
33624,2017Q2,201,0.6818,3.871,11.9
33624,2017Q3,202,0.5989,3.817,17.8
33624,2017Q4,185,0.6107,3.843,16.2
33624,2018Q1,185,0.6932,4.016,11.4
33624,2018Q2,205,0.5941,3.795,16.1
33624,2018Q3,208,0.5467,3.707,21.2
33624,2018Q4,179,0.5596,3.732,19.6
33624,2019Q1,218,0.6137,3.862,16.1
33624,2019Q2,183,0.5022,3.596,22.4
33624,2019Q3,165,0.4968,3.606,23.6
33624,2019Q4,166,0.5392,3.620,17.5
33624,2020Q1,165,0.6723,3.915,10.9
33624,2020Q2,116,0.5147,3.733,19.8
33624,2020Q3,148,0.5600,3.770,18.9
33624,2020Q4,164,0.5087,3.616,21.3
33624,2021Q1,153,0.5626,3.889,17.6
33624,2021Q2,155,0.6106,3.832,16.1
33624,2021Q3,132,0.4662,3.788,24.2
33624,2021Q4,125,0.5256,3.704,20.0
33625,2012Q1,49,0.6532,3.388,12.2
33625,2012Q2,24,0.5384,3.250,20.8
33625,2012Q3,47,0.5216,3.404,19.1
33625,2012Q4,82,0.7194,3.732,8.5
33625,2013Q1,108,0.6885,3.593,7.4
33625,2013Q2,92,0.5316,3.380,19.6
33625,2013Q3,93,0.5551,3.258,17.2
33625,2013Q4,69,0.5325,3.130,18.8
33625,2014Q1,106,0.6029,3.500,15.1
33625,2014Q2,120,0.5963,3.517,15.0
33625,2014Q3,136,0.5362,3.434,19.9
33625,2014Q4,135,0.5833,3.415,17.0
33625,2015Q1,144,0.5599,3.257,16.7
33625,2015Q2,198,0.4366,3.288,27.3
33625,2015Q3,189,0.4829,3.402,23.8
33625,2015Q4,188,0.5781,3.665,17.6
33625,2016Q1,224,0.5696,3.513,19.2
33625,2016Q2,274,0.6183,3.770,14.6
33625,2016Q3,274,0.5104,3.507,21.5
33625,2016Q4,211,0.5541,3.512,18.5
33625,2017Q1,247,0.5827,3.664,18.6
33625,2017Q2,269,0.5379,3.457,20.1
33625,2017Q3,231,0.6167,3.567,15.2
33625,2017Q4,212,0.4837,3.401,23.1
33625,2018Q1,273,0.6187,3.685,15.8
33625,2018Q2,306,0.4996,3.340,22.9
33625,2018Q3,307,0.5430,3.554,21.2
33625,2018Q4,226,0.4757,3.504,23.5
33625,2019Q1,278,0.5726,3.719,18.7
33625,2019Q2,308,0.4930,3.425,22.7
33625,2019Q3,254,0.5126,3.594,20.9
33625,2019Q4,278,0.5533,3.633,19.4
33625,2020Q1,247,0.5939,3.802,18.6
33625,2020Q2,151,0.5610,3.656,20.5
33625,2020Q3,174,0.4042,3.448,29.9
33625,2020Q4,167,0.4934,3.521,21.0
33625,2021Q1,167,0.4495,3.353,25.7
33625,2021Q2,197,0.3467,3.350,30.5
33625,2021Q3,199,0.3306,3.070,33.2
33625,2021Q4,178,0.3398,3.067,29.8
33626,2012Q1,89,0.6698,3.618,10.1
33626,2012Q2,80,0.6900,3.763,11.2
33626,2012Q3,105,0.7831,4.076,5.7
33626,2012Q4,116,0.7976,3.750,6.9
33626,2013Q1,173,0.7152,3.595,8.7
33626,2013Q2,151,0.6818,3.536,11.9
33626,2013Q3,157,0.7376,3.873,8.9
33626,2013Q4,200,0.6674,3.665,11.5
33626,2014Q1,215,0.7195,3.702,8.8
33626,2014Q2,228,0.6932,3.711,12.3
33626,2014Q3,283,0.6955,3.837,12.0
33626,2014Q4,223,0.6855,3.776,12.6
33626,2015Q1,318,0.6593,3.689,13.2
33626,2015Q2,315,0.6080,3.654,16.5
33626,2015Q3,358,0.6392,3.701,14.5
33626,2015Q4,338,0.6843,3.831,11.8
33626,2016Q1,426,0.6131,3.585,16.4
33626,2016Q2,404,0.6402,3.710,16.3
33626,2016Q3,391,0.6164,3.762,17.1
33626,2016Q4,333,0.6858,3.946,12.0
33626,2017Q1,364,0.6282,3.764,15.9
33626,2017Q2,380,0.6347,3.821,14.7
33626,2017Q3,403,0.6703,3.769,13.2
33626,2017Q4,388,0.6328,3.740,15.5
33626,2018Q1,477,0.6709,3.860,13.4
33626,2018Q2,550,0.6895,3.960,12.4
33626,2018Q3,557,0.7086,4.023,10.4
33626,2018Q4,449,0.6431,3.891,14.5
33626,2019Q1,552,0.6846,3.913,12.5
33626,2019Q2,497,0.5947,3.805,15.9
33626,2019Q3,468,0.6582,3.885,13.9
33626,2019Q4,370,0.6516,3.922,14.6
33626,2020Q1,321,0.5945,3.726,16.5
33626,2020Q2,206,0.5455,3.617,20.4
33626,2020Q3,294,0.5973,3.796,17.7
33626,2020Q4,250,0.6271,3.824,16.0
33626,2021Q1,283,0.6188,3.763,15.9
33626,2021Q2,303,0.4937,3.571,21.1
33626,2021Q3,320,0.6043,3.794,16.9
33626,2021Q4,331,0.6023,3.755,16.6
33627,2016Q1,1,0.8422,4.000,0.0
33627,2017Q1,1,0.9768,5.000,0.0
33627,2017Q2,1,0.9923,5.000,0.0
33627,2017Q4,1,0.8270,5.000,0.0
33627,2018Q1,1,0.8172,5.000,0.0
33627,2019Q2,1,0.9914,5.000,0.0
33629,2012Q1,218,0.7581,3.890,7.3
33629,2012Q2,237,0.7498,3.844,8.4
33629,2012Q3,286,0.7265,3.920,9.8
33629,2012Q4,335,0.7811,3.988,6.9
33629,2013Q1,396,0.7423,3.826,9.6
33629,2013Q2,410,0.7500,3.959,8.5
33629,2013Q3,430,0.8112,4.100,4.7
33629,2013Q4,366,0.7892,4.060,6.8
33629,2014Q1,481,0.7711,3.998,8.1
33629,2014Q2,537,0.7840,4.024,7.1
33629,2014Q3,643,0.7207,3.935,10.9
33629,2014Q4,578,0.7126,3.991,10.2
33629,2015Q1,729,0.7334,4.064,9.2
33629,2015Q2,790,0.7080,4.030,10.6
33629,2015Q3,836,0.7541,4.066,8.1
33629,2015Q4,821,0.7387,4.102,8.6
33629,2016Q1,1017,0.7175,4.047,10.5
33629,2016Q2,980,0.7798,4.184,5.8
33629,2016Q3,842,0.7573,4.258,8.1
33629,2016Q4,637,0.7193,4.174,9.6
33629,2017Q1,732,0.7166,4.141,9.7
33629,2017Q2,881,0.7349,4.116,9.9
33629,2017Q3,849,0.6949,4.104,11.8
33629,2017Q4,724,0.7012,4.040,10.9
33629,2018Q1,868,0.7142,4.089,10.4
33629,2018Q2,935,0.7449,4.183,9.2
33629,2018Q3,907,0.7027,4.158,11.2
33629,2018Q4,849,0.6964,4.072,11.7
33629,2019Q1,1043,0.7019,4.066,10.9
33629,2019Q2,902,0.6807,3.952,11.6
33629,2019Q3,864,0.7362,4.262,8.4
33629,2019Q4,682,0.6739,4.003,12.8
33629,2020Q1,703,0.6845,4.000,11.9
33629,2020Q2,437,0.7089,4.167,10.1
33629,2020Q3,615,0.7139,4.107,9.9
33629,2020Q4,609,0.6744,4.171,11.5
33629,2021Q1,613,0.6687,3.993,12.9
33629,2021Q2,565,0.6283,3.917,13.6
33629,2021Q3,568,0.6562,4.005,13.7
33629,2021Q4,468,0.6499,3.996,14.3
33630,2012Q4,2,0.9735,5.000,0.0
33630,2013Q1,1,0.8655,5.000,0.0
33630,2013Q2,1,0.0000,5.000,0.0
33630,2013Q3,2,0.8124,4.500,0.0
33630,2013Q4,1,0.9693,5.000,0.0
33630,2014Q2,1,0.9825,5.000,0.0
33630,2014Q4,6,-0.0129,2.667,33.3
33630,2015Q1,3,0.8152,4.667,0.0
33630,2015Q2,1,0.9590,5.000,0.0
33630,2015Q3,4,0.6052,2.250,0.0
33630,2015Q4,2,0.6407,5.000,0.0
33630,2016Q1,6,-0.3135,1.667,66.7
33630,2016Q2,9,0.3244,2.444,22.2
33630,2016Q3,3,-0.0949,3.000,66.7
33630,2016Q4,1,-0.9628,1.000,100.0
33630,2017Q1,3,0.8988,4.667,0.0
33630,2017Q3,1,0.8778,5.000,0.0
33630,2017Q4,3,-0.0202,1.667,33.3
33630,2018Q1,2,0.2030,3.000,50.0
33630,2018Q2,7,-0.0520,1.000,57.1
33630,2018Q3,2,0.0279,1.000,50.0
33630,2018Q4,6,-0.4744,2.000,83.3
33630,2019Q1,4,-0.2187,1.000,50.0
33630,2019Q2,1,0.9635,5.000,0.0
33630,2019Q3,2,-0.7340,1.000,100.0
33630,2020Q1,4,0.6525,4.000,25.0
33630,2020Q2,1,-0.4885,1.000,100.0
33630,2020Q3,6,0.0104,2.000,50.0
33630,2020Q4,3,0.1463,2.667,33.3
33630,2021Q1,1,-0.7269,1.000,100.0
33630,2021Q2,2,-0.2593,1.000,50.0
33630,2021Q3,4,-0.6984,1.000,100.0
33630,2021Q4,1,-0.8910,1.000,100.0
33631,2012Q4,1,0.7884,5.000,0.0
33631,2013Q2,1,0.8445,1.000,0.0
33631,2015Q2,1,-0.9643,1.000,100.0
33631,2015Q3,1,0.9840,5.000,0.0
33631,2015Q4,1,-0.9253,1.000,100.0
33631,2016Q2,1,-0.5093,2.000,100.0
33631,2016Q4,1,-0.9509,1.000,100.0
33631,2017Q3,1,0.2144,1.000,0.0
33631,2017Q4,1,0.8126,2.000,0.0
33631,2018Q2,2,-0.2290,2.500,50.0
33631,2018Q3,4,-0.1140,2.000,50.0
33631,2019Q1,2,-0.5677,1.000,100.0
33631,2019Q2,1,-0.2532,1.000,100.0
33631,2019Q3,1,-0.5463,1.000,100.0
33631,2019Q4,1,-0.8236,1.000,100.0
33631,2020Q1,1,0.7891,1.000,0.0
33631,2020Q2,1,0.9290,5.000,0.0
33631,2021Q1,1,-0.7096,1.000,100.0
33631,2021Q2,1,0.1338,1.000,0.0
33631,2021Q3,1,-0.6341,1.000,100.0
33631,2021Q4,4,-0.5285,1.000,75.0
33634,2012Q1,64,0.6244,3.531,15.6
33634,2012Q2,62,0.4842,3.177,16.1
33634,2012Q3,59,0.6237,3.271,13.6
33634,2012Q4,74,0.6001,3.608,13.5
33634,2013Q1,105,0.3856,2.838,29.5
33634,2013Q2,98,0.5203,3.224,18.4
33634,2013Q3,107,0.5382,3.439,17.8
33634,2013Q4,134,0.6008,3.366,15.7
33634,2014Q1,147,0.6504,3.660,13.6
33634,2014Q2,148,0.5028,3.351,23.0
33634,2014Q3,189,0.6225,3.619,15.3
33634,2014Q4,241,0.6525,3.618,13.3
33634,2015Q1,271,0.5630,3.664,17.7
33634,2015Q2,343,0.6969,3.816,10.8
33634,2015Q3,407,0.6296,3.749,13.5
33634,2015Q4,392,0.6435,3.875,13.5
33634,2016Q1,431,0.5976,3.780,17.2
33634,2016Q2,446,0.6446,3.960,14.1
33634,2016Q3,395,0.6246,3.830,13.9
33634,2016Q4,305,0.6290,3.843,13.1
33634,2017Q1,359,0.6453,3.819,11.4
33634,2017Q2,371,0.6179,3.822,14.8
33634,2017Q3,369,0.5932,3.724,16.8
33634,2017Q4,324,0.5595,3.651,18.2
33634,2018Q1,367,0.6107,3.959,14.2
33634,2018Q2,460,0.5129,3.663,21.3
33634,2018Q3,404,0.4845,3.520,22.3
33634,2018Q4,350,0.4552,3.474,24.6
33634,2019Q1,357,0.5537,3.633,17.1
33634,2019Q2,449,0.4176,3.252,26.7
33634,2019Q3,382,0.4162,3.291,26.7
33634,2019Q4,282,0.4643,3.543,24.8
33634,2020Q1,298,0.4593,3.443,23.8
33634,2020Q2,193,0.4648,3.477,23.3
33634,2020Q3,242,0.4517,3.504,26.0
33634,2020Q4,209,0.4805,3.565,23.9
33634,2021Q1,255,0.5190,3.545,22.0
33634,2021Q2,284,0.4101,3.465,26.1
33634,2021Q3,278,0.4383,3.198,23.4
33634,2021Q4,195,0.3789,3.303,28.7
33635,2012Q1,18,0.8755,4.167,5.6
33635,2012Q2,11,0.8519,3.909,0.0
33635,2012Q3,17,0.8414,4.176,0.0
33635,2012Q4,34,0.7832,3.618,2.9
33635,2013Q1,32,0.6896,4.000,12.5
33635,2013Q2,42,0.6868,3.619,9.5
33635,2013Q3,39,0.7551,4.051,7.7
33635,2013Q4,54,0.6784,3.926,13.0
33635,2014Q1,68,0.4853,3.426,23.5
33635,2014Q2,67,0.6728,3.537,11.9
33635,2014Q3,73,0.6756,3.603,12.3
33635,2014Q4,66,0.6317,3.818,12.1
33635,2015Q1,87,0.6529,3.793,14.9
33635,2015Q2,100,0.5983,3.420,16.0
33635,2015Q3,126,0.7002,3.635,12.7
33635,2015Q4,132,0.6079,3.598,15.9
33635,2016Q1,180,0.6547,3.872,13.3
33635,2016Q2,131,0.6331,3.855,13.0
33635,2016Q3,147,0.6517,3.810,13.6
33635,2016Q4,130,0.5744,3.738,17.7
33635,2017Q1,121,0.6583,3.893,14.0
33635,2017Q2,141,0.6845,3.674,12.1
33635,2017Q3,127,0.5640,3.795,18.1
33635,2017Q4,117,0.6466,3.590,13.7
33635,2018Q1,134,0.6555,3.649,13.4
33635,2018Q2,139,0.5731,3.568,19.4
33635,2018Q3,159,0.6044,3.610,14.5
33635,2018Q4,116,0.6485,4.026,14.7
33635,2019Q1,155,0.6290,3.742,15.5
33635,2019Q2,211,0.6633,4.009,15.2
33635,2019Q3,190,0.5715,3.695,18.9
33635,2019Q4,151,0.6117,3.775,14.6
33635,2020Q1,127,0.5340,3.724,18.9
33635,2020Q2,84,0.5388,3.440,21.4
33635,2020Q3,127,0.6405,3.921,16.5
33635,2020Q4,123,0.5701,3.821,20.3
33635,2021Q1,134,0.4267,3.358,27.6
33635,2021Q2,123,0.5869,3.675,17.9
33635,2021Q3,134,0.5776,3.716,17.9
33635,2021Q4,139,0.6053,3.835,15.1
33637,2012Q1,9,0.0858,3.111,44.4
33637,2012Q2,6,0.7323,4.167,0.0
33637,2012Q3,17,0.5821,3.765,23.5
33637,2012Q4,13,0.5657,3.538,7.7
33637,2013Q1,10,0.7248,3.700,0.0
33637,2013Q2,18,0.6301,4.000,11.1
33637,2013Q3,16,0.7441,3.438,6.2
33637,2013Q4,23,0.4702,3.130,17.4
33637,2014Q1,24,0.6217,3.708,16.7
33637,2014Q2,21,0.8548,4.000,4.8
33637,2014Q3,37,0.7505,3.703,5.4
33637,2014Q4,31,0.6152,3.581,16.1
33637,2015Q1,50,0.4891,3.220,22.0
33637,2015Q2,56,0.6098,3.607,19.6
33637,2015Q3,35,0.6418,3.714,14.3
33637,2015Q4,39,0.5913,3.692,15.4
33637,2016Q1,63,0.4414,3.508,22.2
33637,2016Q2,68,0.4451,3.221,27.9
33637,2016Q3,59,0.5328,3.610,18.6
33637,2016Q4,46,0.5069,3.522,21.7
33637,2017Q1,74,0.5008,3.514,20.3
33637,2017Q2,47,0.3961,3.234,31.9
33637,2017Q3,49,0.3083,3.184,32.7
33637,2017Q4,51,0.4139,3.275,25.5
33637,2018Q1,73,0.6313,3.849,15.1
33637,2018Q2,68,0.4021,3.221,32.4
33637,2018Q3,81,0.6504,3.716,13.6
33637,2018Q4,56,0.5975,3.482,14.3
33637,2019Q1,77,0.4683,3.442,22.1
33637,2019Q2,81,0.4157,3.259,28.4
33637,2019Q3,71,0.5041,3.310,23.9
33637,2019Q4,46,0.5139,3.435,19.6
33637,2020Q1,52,0.4678,3.692,25.0
33637,2020Q2,40,0.5462,3.850,20.0
33637,2020Q3,47,0.3929,3.277,25.5
33637,2020Q4,65,0.3036,3.277,35.4
33637,2021Q1,64,0.5687,3.703,17.2
33637,2021Q2,56,0.5076,3.661,25.0
33637,2021Q3,62,0.2136,2.887,38.7
33637,2021Q4,48,0.4424,3.146,25.0
33643,2012Q3,1,-0.9468,2.000,100.0
33643,2013Q4,1,0.0989,1.000,0.0
33643,2014Q4,1,0.8825,2.000,0.0
33643,2015Q2,1,0.7964,5.000,0.0
33643,2015Q3,1,0.9100,5.000,0.0
33643,2015Q4,1,-0.6103,1.000,100.0
33643,2016Q2,2,0.2808,4.500,50.0
33643,2016Q4,2,0.2550,3.000,0.0
33643,2017Q3,1,-0.6782,1.000,100.0
33643,2017Q4,1,0.9412,5.000,0.0
33643,2018Q1,1,0.9153,5.000,0.0
33643,2018Q2,1,0.9559,5.000,0.0
33643,2018Q3,1,0.9870,5.000,0.0
33643,2019Q1,1,0.0000,4.000,0.0
33643,2019Q4,2,0.5127,3.000,0.0
33643,2020Q1,1,0.4023,1.000,0.0
33643,2021Q2,1,0.3248,1.000,0.0
33643,2021Q4,1,-0.4501,1.000,100.0
33646,2014Q1,1,0.4186,5.000,0.0
33646,2014Q3,1,0.9467,5.000,0.0
33646,2015Q1,1,0.9845,5.000,0.0
33646,2015Q4,2,0.9453,5.000,0.0
33646,2016Q2,2,0.2980,3.000,50.0
33646,2017Q1,1,0.6114,5.000,0.0
33647,2012Q1,37,0.7603,3.946,10.8
33647,2012Q2,64,0.5740,3.453,20.3
33647,2012Q3,91,0.7138,3.593,8.8
33647,2012Q4,121,0.6266,3.711,14.0
33647,2013Q1,176,0.6911,3.682,11.4
33647,2013Q2,139,0.5854,3.662,15.8
33647,2013Q3,196,0.7193,3.811,12.2
33647,2013Q4,181,0.6933,3.751,11.6
33647,2014Q1,240,0.5568,3.546,18.3
33647,2014Q2,279,0.5798,3.552,17.6
33647,2014Q3,254,0.6917,3.760,12.2
33647,2014Q4,305,0.6289,3.600,15.4
33647,2015Q1,389,0.6702,3.776,13.9
33647,2015Q2,417,0.6235,3.724,14.6
33647,2015Q3,439,0.6424,3.708,14.1
33647,2015Q4,457,0.5628,3.484,19.7
33647,2016Q1,565,0.5991,3.586,16.3
33647,2016Q2,540,0.6074,3.743,15.9
33647,2016Q3,520,0.5992,3.692,17.3
33647,2016Q4,479,0.6085,3.662,15.7
33647,2017Q1,485,0.5723,3.693,17.9
33647,2017Q2,474,0.5790,3.662,18.4
33647,2017Q3,551,0.6323,3.753,15.4
33647,2017Q4,491,0.5697,3.552,17.9
33647,2018Q1,547,0.5857,3.702,15.9
33647,2018Q2,502,0.6001,3.727,16.1
33647,2018Q3,521,0.5838,3.733,18.4
33647,2018Q4,462,0.6099,3.755,16.2
33647,2019Q1,577,0.5448,3.633,20.6
33647,2019Q2,549,0.5710,3.583,18.0
33647,2019Q3,535,0.5652,3.654,20.0
33647,2019Q4,460,0.5702,3.698,18.0
33647,2020Q1,510,0.6187,3.767,15.9
33647,2020Q2,368,0.5855,3.788,18.5
33647,2020Q3,483,0.6585,4.002,12.2
33647,2020Q4,441,0.6572,3.880,12.7
33647,2021Q1,484,0.6344,3.913,14.3
33647,2021Q2,554,0.5463,3.646,19.1
33647,2021Q3,494,0.5110,3.500,21.9
33647,2021Q4,430,0.5793,3.749,19.3
33670,2015Q4,1,0.9402,5.000,0.0
33670,2016Q1,1,0.6908,2.000,0.0
33670,2016Q3,1,0.8374,5.000,0.0
33670,2016Q4,1,-0.9203,1.000,100.0
33670,2017Q1,2,0.9472,5.000,0.0
33670,2017Q2,1,-0.9657,1.000,100.0
33670,2017Q3,1,0.9948,5.000,0.0
33670,2017Q4,1,0.8687,5.000,0.0
33670,2018Q1,2,0.9711,5.000,0.0
33670,2019Q2,2,-0.6593,1.000,100.0
33670,2020Q1,2,-0.9722,1.000,100.0
33670,2021Q1,1,-0.2500,1.000,100.0
33672,2014Q3,2,0.9541,5.000,0.0
33672,2014Q4,3,0.9406,3.333,0.0
33672,2015Q3,5,0.1191,2.400,40.0
33672,2015Q4,2,0.8157,3.000,0.0
33672,2016Q1,2,-0.2574,1.000,50.0
33672,2016Q3,2,0.0750,3.000,50.0
33672,2016Q4,1,-0.6360,1.000,100.0
33672,2017Q1,1,0.9526,5.000,0.0
33672,2017Q2,1,-0.8326,2.000,100.0
33672,2017Q4,3,-0.3259,1.000,66.7
33672,2018Q2,1,-0.0575,1.000,100.0
33672,2018Q3,1,0.9860,5.000,0.0
33672,2018Q4,3,-0.3391,2.333,66.7
33672,2019Q1,1,0.3400,1.000,0.0
33672,2019Q2,4,-0.5279,1.000,75.0
33672,2019Q3,1,0.5080,5.000,0.0
33672,2019Q4,1,-0.9352,1.000,100.0
33672,2021Q1,1,-0.7955,2.000,100.0
33672,2021Q2,7,0.2655,2.714,42.9
33672,2021Q3,5,-0.5385,1.000,80.0
33672,2021Q4,1,-0.5106,1.000,100.0
33674,2018Q2,2,0.0681,5.000,50.0
33674,2018Q3,1,0.9708,5.000,0.0
33674,2018Q4,1,0.9015,5.000,0.0
33674,2019Q2,2,0.6358,1.000,0.0
33677,2012Q1,1,0.0000,5.000,0.0
33677,2013Q3,1,0.9308,5.000,0.0
33677,2014Q4,1,0.8748,5.000,0.0
33677,2016Q3,2,0.8964,5.000,0.0
33677,2017Q4,2,0.8815,5.000,0.0
33677,2019Q1,1,0.7809,2.000,0.0
33677,2019Q2,1,0.9042,5.000,0.0
33677,2019Q3,1,0.8890,5.000,0.0
33677,2020Q1,1,0.9439,5.000,0.0
33677,2020Q2,1,0.9621,5.000,0.0
33677,2020Q3,1,0.5719,3.000,0.0
33677,2021Q2,1,0.9854,5.000,0.0
33679,2014Q3,2,-0.9659,1.000,100.0
33679,2014Q4,1,-0.9169,1.000,100.0
33679,2015Q1,1,-0.9671,1.000,100.0
33679,2015Q2,2,0.0826,1.000,50.0
33679,2016Q1,1,-0.9579,1.000,100.0
33679,2017Q4,1,-0.6229,1.000,100.0
33680,2012Q3,1,0.9239,2.000,0.0
33680,2013Q1,1,0.6948,4.000,0.0
33680,2014Q1,1,0.8122,3.000,0.0
33680,2014Q2,1,-0.8921,1.000,100.0
33680,2015Q1,2,0.4395,3.500,0.0
33680,2015Q3,1,0.5970,3.000,0.0
33680,2018Q2,1,0.9522,4.000,0.0
33680,2018Q3,1,0.9551,5.000,0.0
33680,2018Q4,1,0.3149,1.000,0.0
33680,2020Q1,1,0.9022,5.000,0.0
33681,2013Q3,1,0.6851,2.000,0.0
33681,2014Q2,2,-0.1626,3.000,50.0
33681,2014Q4,1,0.9746,5.000,0.0
33681,2015Q1,1,0.7506,3.000,0.0
33681,2015Q2,2,-0.0137,2.500,50.0
33681,2015Q3,1,0.6701,5.000,0.0
33681,2016Q2,3,0.9129,5.000,0.0
33681,2016Q3,1,0.9489,5.000,0.0
33681,2017Q3,1,0.9901,5.000,0.0
33681,2018Q3,1,0.9488,5.000,0.0
33681,2019Q1,2,0.9514,5.000,0.0
33681,2020Q2,2,0.7483,5.000,0.0
33681,2020Q4,1,0.9157,5.000,0.0
33681,2021Q1,1,0.8750,5.000,0.0
33688,2020Q2,1,0.9153,5.000,0.0
33688,2020Q3,2,0.8890,5.000,0.0
33688,2020Q4,2,0.2032,3.500,50.0
33688,2021Q2,1,0.9653,5.000,0.0
33688,2021Q4,1,0.8598,5.000,0.0
33689,2012Q1,9,0.8684,4.333,0.0
33689,2012Q2,12,0.6372,3.583,16.7
33689,2012Q3,14,0.8484,4.214,0.0
33689,2012Q4,8,0.8770,4.625,0.0
33689,2013Q1,19,0.6768,3.842,10.5
33689,2013Q2,12,0.7833,4.417,0.0
33689,2013Q3,11,0.6178,3.818,18.2
33689,2013Q4,11,0.7208,3.818,9.1
33689,2014Q1,5,0.9480,4.400,0.0
33689,2014Q2,4,0.9419,3.250,0.0
33689,2014Q3,6,0.6150,3.667,16.7
33689,2014Q4,7,0.9247,4.286,0.0
33689,2015Q1,25,0.8415,4.160,4.0
33689,2015Q2,5,0.8712,3.800,0.0
33689,2015Q3,17,0.6268,3.588,17.6
33689,2015Q4,13,0.5455,3.154,15.4
33689,2016Q1,21,0.5544,3.571,19.0
33689,2016Q2,12,0.4010,3.333,25.0
33689,2016Q3,19,0.5487,3.842,21.1
33689,2016Q4,18,0.6754,3.778,11.1
33689,2017Q1,14,0.6935,4.000,14.3
33689,2017Q2,22,0.9308,4.364,0.0
33689,2017Q3,11,0.6307,3.636,18.2
33689,2017Q4,16,0.8266,4.188,6.2
33689,2018Q1,13,0.7871,4.077,7.7
33689,2018Q2,13,0.8932,4.692,0.0
33689,2018Q3,9,0.9349,5.000,0.0
33689,2018Q4,9,0.8459,4.667,0.0
33689,2019Q1,10,0.6434,4.300,20.0
33689,2019Q2,13,0.6333,4.615,7.7
33689,2019Q3,8,0.7322,4.250,12.5
33689,2019Q4,11,0.8894,4.909,0.0
33689,2020Q1,11,0.9473,4.636,0.0
33689,2020Q2,1,0.9538,5.000,0.0
33689,2020Q3,5,-0.0089,1.000,40.0
33689,2020Q4,2,-0.6778,1.000,100.0
33689,2021Q1,5,-0.8366,1.000,100.0
33689,2021Q2,1,0.9712,5.000,0.0
33689,2021Q3,4,0.7944,3.250,0.0
33689,2021Q4,2,-0.0907,1.000,50.0
33694,2013Q3,1,0.8059,1.000,0.0
33694,2013Q4,1,0.8425,5.000,0.0
33694,2015Q2,1,0.8020,5.000,0.0
33694,2015Q3,1,0.9708,5.000,0.0
33694,2016Q1,1,-0.7758,1.000,100.0
33694,2017Q1,2,0.7928,5.000,0.0
33694,2017Q3,1,0.9441,5.000,0.0
33694,2018Q1,1,-0.2732,5.000,100.0
33694,2018Q2,3,-0.2515,2.333,66.7
33694,2018Q4,2,0.9306,5.000,0.0
33694,2019Q1,1,0.9123,5.000,0.0
33694,2019Q3,2,0.0439,3.000,50.0
33694,2020Q2,2,0.6240,3.000,0.0
33694,2020Q4,1,0.9779,5.000,0.0
33694,2021Q1,1,0.5840,1.000,0.0
33694,2021Q2,1,0.9389,5.000,0.0
33694,2021Q4,1,0.8347,5.000,0.0
33701,2012Q1,332,0.7123,3.765,10.2
33701,2012Q2,386,0.7292,3.731,9.6
33701,2012Q3,447,0.7033,3.734,11.0
33701,2012Q4,448,0.7403,3.725,9.2
33701,2013Q1,550,0.7397,3.705,9.3
33701,2013Q2,543,0.7266,3.716,8.8
33701,2013Q3,589,0.7363,3.806,9.5
33701,2013Q4,599,0.7247,3.716,11.0
33701,2014Q1,862,0.7376,3.759,9.6
33701,2014Q2,863,0.7079,3.727,10.7
33701,2014Q3,891,0.7233,3.837,9.2
33701,2014Q4,926,0.7244,3.771,9.8
33701,2015Q1,1251,0.6825,3.787,11.9
33701,2015Q2,1290,0.7124,3.850,9.8
33701,2015Q3,1568,0.7298,3.907,9.5
33701,2015Q4,1445,0.7157,3.815,10.0
33701,2016Q1,1724,0.7476,3.923,9.1
33701,2016Q2,1481,0.7339,3.941,9.8
33701,2016Q3,1463,0.7291,3.966,9.6
33701,2016Q4,1186,0.6977,3.906,11.0
33701,2017Q1,1502,0.7088,3.873,10.8
33701,2017Q2,1589,0.6827,3.876,12.1
33701,2017Q3,1439,0.6970,3.936,10.9
33701,2017Q4,1402,0.6807,3.834,12.4
33701,2018Q1,1900,0.7120,3.918,10.6
33701,2018Q2,2051,0.7228,4.028,10.4
33701,2018Q3,2024,0.7395,4.089,9.1
33701,2018Q4,1689,0.7313,4.064,9.7
33701,2019Q1,2048,0.7157,3.935,10.5
33701,2019Q2,2021,0.7116,3.940,10.4
33701,2019Q3,1763,0.7197,4.027,10.3
33701,2019Q4,1560,0.6911,3.886,12.2
33701,2020Q1,1473,0.6769,3.919,12.4
33701,2020Q2,721,0.6991,4.076,11.5
33701,2020Q3,1278,0.6983,3.977,11.6
33701,2020Q4,1229,0.7167,4.062,10.0
33701,2021Q1,1665,0.6751,3.929,12.6
33701,2021Q2,1704,0.6721,3.903,13.3
33701,2021Q3,1435,0.6976,3.933,11.2
33701,2021Q4,1401,0.6859,3.941,11.9
33702,2012Q1,56,0.6700,3.661,12.5
33702,2012Q2,68,0.7019,3.500,11.8
33702,2012Q3,67,0.5111,3.582,16.4
33702,2012Q4,70,0.6387,3.371,10.0
33702,2013Q1,92,0.8131,3.750,2.2
33702,2013Q2,87,0.6825,3.667,11.5
33702,2013Q3,118,0.7626,3.653,6.8
33702,2013Q4,119,0.6214,3.723,15.1
33702,2014Q1,177,0.6540,3.898,13.6
33702,2014Q2,192,0.6488,3.677,14.1
33702,2014Q3,163,0.7015,3.736,11.0
33702,2014Q4,164,0.6327,3.707,15.2
33702,2015Q1,330,0.7122,3.858,11.2
33702,2015Q2,375,0.7355,3.987,9.6
33702,2015Q3,444,0.6541,3.743,14.2
33702,2015Q4,410,0.6611,3.771,13.2
33702,2016Q1,419,0.7041,3.833,11.2
33702,2016Q2,406,0.7080,3.958,9.9
33702,2016Q3,370,0.6390,3.819,16.2
33702,2016Q4,294,0.6630,3.905,13.6
33702,2017Q1,336,0.6199,3.741,16.1
33702,2017Q2,401,0.6373,3.863,14.5
33702,2017Q3,384,0.6991,3.909,10.4
33702,2017Q4,341,0.6238,3.633,14.4
33702,2018Q1,380,0.6050,3.676,16.6
33702,2018Q2,440,0.6584,3.857,13.9
33702,2018Q3,368,0.6358,3.793,12.8
33702,2018Q4,327,0.6643,3.908,12.2
33702,2019Q1,360,0.6002,3.875,16.4
33702,2019Q2,423,0.5937,3.707,17.0
33702,2019Q3,328,0.5720,3.729,18.9
33702,2019Q4,287,0.5976,3.777,18.5
33702,2020Q1,283,0.6068,3.880,15.5
33702,2020Q2,247,0.5485,3.652,19.0
33702,2020Q3,314,0.5483,3.666,18.5
33702,2020Q4,350,0.5133,3.540,21.7
33702,2021Q1,340,0.5246,3.659,21.2
33702,2021Q2,293,0.4903,3.365,22.2
33702,2021Q3,271,0.5074,3.561,21.8
33702,2021Q4,235,0.5673,3.732,17.4
33703,2012Q1,53,0.6579,3.698,17.0
33703,2012Q2,67,0.7030,3.821,9.0
33703,2012Q3,50,0.6297,3.560,18.0
33703,2012Q4,87,0.7854,3.816,6.9
33703,2013Q1,93,0.7343,3.774,9.7
33703,2013Q2,79,0.6985,3.734,11.4
33703,2013Q3,89,0.7420,3.798,10.1
33703,2013Q4,71,0.7505,3.775,7.0
33703,2014Q1,90,0.6396,3.700,16.7
33703,2014Q2,131,0.5964,3.519,16.8
33703,2014Q3,138,0.5860,3.558,18.8
33703,2014Q4,112,0.6404,3.768,15.2
33703,2015Q1,172,0.5996,3.547,18.6
33703,2015Q2,177,0.6694,3.559,13.0
33703,2015Q3,212,0.5978,3.575,16.0
33703,2015Q4,163,0.6300,3.712,15.3
33703,2016Q1,195,0.6738,3.738,11.8
33703,2016Q2,197,0.6820,3.675,12.2
33703,2016Q3,263,0.6814,3.867,12.9
33703,2016Q4,211,0.6863,3.725,10.4
33703,2017Q1,229,0.6349,3.734,13.5
33703,2017Q2,260,0.6309,3.931,14.2
33703,2017Q3,238,0.6278,3.891,14.3
33703,2017Q4,228,0.6140,3.750,16.2
33703,2018Q1,285,0.6936,3.881,10.5
33703,2018Q2,295,0.6845,3.793,12.2
33703,2018Q3,347,0.6546,3.804,14.4
33703,2018Q4,244,0.6727,3.996,12.7
33703,2019Q1,259,0.6054,3.903,15.8
33703,2019Q2,282,0.6038,3.805,16.0
33703,2019Q3,240,0.6554,3.812,12.1
33703,2019Q4,205,0.6718,3.937,12.7
33703,2020Q1,190,0.5776,3.811,18.4
33703,2020Q2,114,0.4739,3.553,23.7
33703,2020Q3,134,0.5161,3.731,20.9
33703,2020Q4,158,0.6567,4.038,13.3
33703,2021Q1,182,0.5337,3.698,19.8
33703,2021Q2,133,0.5816,3.774,16.5
33703,2021Q3,133,0.5769,3.669,15.0
33703,2021Q4,135,0.3693,3.259,29.6
33704,2012Q1,57,0.7896,3.684,7.0
33704,2012Q2,97,0.7681,3.907,7.2
33704,2012Q3,115,0.7628,3.887,6.1
33704,2012Q4,104,0.7816,3.827,9.6
33704,2013Q1,177,0.7396,3.797,7.9
33704,2013Q2,136,0.7461,3.772,8.1
33704,2013Q3,157,0.7231,3.879,10.2
33704,2013Q4,134,0.7792,3.731,7.5
33704,2014Q1,182,0.6950,3.802,10.4
33704,2014Q2,209,0.6637,3.679,12.9
33704,2014Q3,248,0.6991,3.948,10.5
33704,2014Q4,186,0.6872,3.898,11.3
33704,2015Q1,281,0.6407,3.680,12.8
33704,2015Q2,320,0.6960,3.703,10.9
33704,2015Q3,315,0.7107,3.946,10.5
33704,2015Q4,246,0.6640,3.882,11.4
33704,2016Q1,316,0.6851,3.908,11.1
33704,2016Q2,304,0.6365,3.905,15.1
33704,2016Q3,320,0.7205,3.919,8.8
33704,2016Q4,236,0.6498,3.733,14.0
33704,2017Q1,253,0.6315,3.751,13.4
33704,2017Q2,309,0.6993,3.994,9.7
33704,2017Q3,282,0.6531,3.957,13.5
33704,2017Q4,264,0.6387,3.871,15.2
33704,2018Q1,320,0.5854,3.703,18.1
33704,2018Q2,351,0.6750,3.972,12.0
33704,2018Q3,326,0.6177,3.837,16.9
33704,2018Q4,294,0.5866,3.813,16.7
33704,2019Q1,353,0.6313,3.909,16.7
33704,2019Q2,385,0.6543,4.057,12.5
33704,2019Q3,340,0.6546,3.891,13.2
33704,2019Q4,300,0.6527,3.977,14.3
33704,2020Q1,289,0.6146,3.882,16.3
33704,2020Q2,157,0.6894,4.032,10.8
33704,2020Q3,210,0.6052,4.000,15.7
33704,2020Q4,210,0.6447,3.981,13.8
33704,2021Q1,250,0.6467,4.056,16.0
33704,2021Q2,262,0.5556,3.748,18.3
33704,2021Q3,253,0.6563,3.996,13.4
33704,2021Q4,244,0.5684,3.811,18.0
33705,2012Q1,36,0.5253,3.361,25.0
33705,2012Q2,39,0.7835,3.872,5.1
33705,2012Q3,73,0.6870,3.342,9.6
33705,2012Q4,75,0.5950,3.640,18.7
33705,2013Q1,67,0.7656,3.940,6.0
33705,2013Q2,108,0.7690,3.935,6.5
33705,2013Q3,155,0.7434,3.819,8.4
33705,2013Q4,116,0.7368,4.069,10.3
33705,2014Q1,170,0.8412,4.059,2.9
33705,2014Q2,192,0.8041,4.089,5.7
33705,2014Q3,225,0.7812,4.133,6.2
33705,2014Q4,235,0.7366,4.072,9.8
33705,2015Q1,287,0.7708,4.132,7.0
33705,2015Q2,361,0.7629,4.119,6.9
33705,2015Q3,333,0.7810,4.192,6.9
33705,2015Q4,291,0.7281,4.024,10.0
33705,2016Q1,402,0.7603,4.167,8.2
33705,2016Q2,489,0.7861,4.184,6.7
33705,2016Q3,519,0.7551,4.166,7.3
33705,2016Q4,349,0.7493,4.132,8.9
33705,2017Q1,390,0.7409,4.118,7.4
33705,2017Q2,461,0.7383,4.124,8.7
33705,2017Q3,456,0.7597,4.121,7.5
33705,2017Q4,384,0.7587,4.167,7.0
33705,2018Q1,432,0.7412,4.153,9.7
33705,2018Q2,521,0.7552,4.219,7.1
33705,2018Q3,488,0.7638,4.254,6.4
33705,2018Q4,547,0.7761,4.150,7.1
33705,2019Q1,623,0.7516,4.128,7.7
33705,2019Q2,632,0.7028,4.097,10.0
33705,2019Q3,562,0.7370,4.126,9.1
33705,2019Q4,581,0.6872,3.878,12.6
33705,2020Q1,427,0.6718,3.878,12.6
33705,2020Q2,273,0.6957,4.198,12.1
33705,2020Q3,332,0.7284,4.181,9.0
33705,2020Q4,342,0.7291,4.231,9.4
33705,2021Q1,428,0.6906,4.077,10.5
33705,2021Q2,472,0.6873,3.977,11.9
33705,2021Q3,545,0.6670,4.015,12.1
33705,2021Q4,451,0.6683,3.927,11.8
33706,2012Q1,189,0.7132,3.646,10.6
33706,2012Q2,264,0.6792,3.693,11.0
33706,2012Q3,358,0.7669,3.757,7.0
33706,2012Q4,235,0.7477,3.719,7.7
33706,2013Q1,392,0.7132,3.668,9.9
33706,2013Q2,465,0.6771,3.583,12.0
33706,2013Q3,594,0.7303,3.677,9.1
33706,2013Q4,428,0.7128,3.815,10.3
33706,2014Q1,464,0.7000,3.722,10.8
33706,2014Q2,824,0.7020,3.767,10.9
33706,2014Q3,954,0.7012,3.787,10.8
33706,2014Q4,713,0.7016,3.787,10.9
33706,2015Q1,924,0.7048,3.775,11.0
33706,2015Q2,1298,0.6925,3.740,11.5
33706,2015Q3,1322,0.7027,3.843,10.9
33706,2015Q4,1046,0.7016,3.845,12.0
33706,2016Q1,1290,0.6947,3.874,11.5
33706,2016Q2,1450,0.6901,3.857,11.7
33706,2016Q3,1492,0.7212,3.995,9.5
33706,2016Q4,1030,0.7010,3.959,10.0
33706,2017Q1,1394,0.6937,3.879,11.0
33706,2017Q2,1648,0.6978,3.871,10.7
33706,2017Q3,1477,0.7140,3.898,9.9
33706,2017Q4,1116,0.6904,3.856,11.6
33706,2018Q1,1579,0.7050,3.883,11.3
33706,2018Q2,1998,0.6881,3.845,12.1
33706,2018Q3,1685,0.6933,3.932,11.5
33706,2018Q4,1050,0.7043,3.869,10.7
33706,2019Q1,1444,0.6681,3.794,13.0
33706,2019Q2,1819,0.6863,3.928,12.1
33706,2019Q3,1619,0.7286,3.996,9.9
33706,2019Q4,1101,0.7031,3.911,10.5
33706,2020Q1,1113,0.6579,3.857,14.1
33706,2020Q2,890,0.6081,3.790,16.1
33706,2020Q3,1239,0.6699,3.969,13.0
33706,2020Q4,1018,0.6841,3.972,11.5
33706,2021Q1,1232,0.6280,3.843,14.1
33706,2021Q2,1709,0.6240,3.802,15.4
33706,2021Q3,1290,0.6595,3.940,13.5
33706,2021Q4,982,0.6605,3.919,13.4
33707,2012Q1,83,0.7329,3.867,9.6
33707,2012Q2,77,0.8121,4.065,5.2
33707,2012Q3,88,0.7374,3.750,8.0
33707,2012Q4,76,0.7271,3.803,10.5
33707,2013Q1,104,0.7368,3.779,9.6
33707,2013Q2,123,0.6826,3.553,11.4
33707,2013Q3,112,0.6688,3.759,11.6
33707,2013Q4,110,0.7199,4.045,10.9
33707,2014Q1,147,0.7580,3.912,7.5
33707,2014Q2,176,0.7643,3.898,6.2
33707,2014Q3,185,0.7621,3.984,8.1
33707,2014Q4,209,0.7077,3.995,11.0
33707,2015Q1,263,0.7541,4.011,8.4
33707,2015Q2,268,0.7595,4.071,7.8
33707,2015Q3,298,0.6955,3.883,11.4
33707,2015Q4,248,0.6842,3.871,11.7
33707,2016Q1,314,0.7347,3.863,9.2
33707,2016Q2,313,0.6563,3.946,13.4
33707,2016Q3,273,0.7037,3.960,9.9
33707,2016Q4,257,0.6327,3.961,13.6
33707,2017Q1,364,0.6280,3.854,14.6
33707,2017Q2,384,0.6832,3.911,11.7
33707,2017Q3,328,0.6963,4.070,11.0
33707,2017Q4,247,0.6396,3.996,15.8
33707,2018Q1,390,0.6709,4.023,12.3
33707,2018Q2,389,0.7003,3.979,12.1
33707,2018Q3,336,0.7491,4.214,7.7
33707,2018Q4,285,0.6785,4.077,13.0
33707,2019Q1,402,0.7316,4.204,9.5
33707,2019Q2,421,0.7200,4.154,10.5
33707,2019Q3,311,0.7374,4.135,8.7
33707,2019Q4,313,0.7368,4.141,8.9
33707,2020Q1,339,0.7363,4.112,8.6
33707,2020Q2,197,0.7065,4.117,10.2
33707,2020Q3,242,0.7303,4.281,10.7
33707,2020Q4,262,0.7094,4.103,10.3
33707,2021Q1,334,0.6696,4.006,13.5
33707,2021Q2,354,0.6835,3.960,12.1
33707,2021Q3,290,0.6300,3.962,14.5
33707,2021Q4,261,0.6569,3.981,11.5
33708,2012Q1,100,0.7420,3.640,9.0
33708,2012Q2,100,0.6368,3.420,16.0
33708,2012Q3,140,0.6614,3.579,11.4
33708,2012Q4,94,0.6601,3.543,11.7
33708,2013Q1,160,0.6389,3.631,13.8
33708,2013Q2,175,0.6899,3.543,9.1
33708,2013Q3,243,0.7017,3.778,11.1
33708,2013Q4,164,0.7143,3.988,9.8
33708,2014Q1,209,0.7148,3.722,9.1
33708,2014Q2,333,0.6659,3.652,12.9
33708,2014Q3,406,0.7055,3.771,10.3
33708,2014Q4,324,0.7119,3.951,10.8
33708,2015Q1,418,0.6763,3.876,12.4
33708,2015Q2,556,0.6668,3.741,12.6
33708,2015Q3,648,0.7455,3.912,8.0
33708,2015Q4,476,0.7193,3.876,9.0
33708,2016Q1,571,0.6749,3.856,13.3
33708,2016Q2,730,0.6590,3.803,13.6
33708,2016Q3,618,0.6663,3.841,12.8
33708,2016Q4,486,0.7195,4.062,10.9
33708,2017Q1,626,0.6725,3.856,11.8
33708,2017Q2,838,0.7017,3.937,9.9
33708,2017Q3,783,0.7042,3.946,10.5
33708,2017Q4,620,0.7335,4.042,9.0
33708,2018Q1,742,0.6998,3.996,11.3
33708,2018Q2,899,0.6949,3.971,11.0
33708,2018Q3,910,0.6882,4.010,11.3
33708,2018Q4,525,0.7366,4.116,9.5
33708,2019Q1,779,0.7091,4.023,10.5
33708,2019Q2,892,0.6474,3.828,13.0
33708,2019Q3,817,0.7074,4.060,10.3
33708,2019Q4,562,0.7605,4.144,7.8
33708,2020Q1,586,0.6920,4.067,12.5
33708,2020Q2,431,0.6818,4.049,12.1
33708,2020Q3,709,0.6907,4.039,11.7
33708,2020Q4,554,0.6955,4.088,12.3
33708,2021Q1,702,0.6442,3.926,14.5
33708,2021Q2,1004,0.6331,3.875,14.9
33708,2021Q3,725,0.6519,3.939,14.3
33708,2021Q4,466,0.6244,3.852,14.6
33709,2012Q1,25,0.4706,3.200,24.0
33709,2012Q2,37,0.6615,3.784,10.8
33709,2012Q3,42,0.6716,3.929,11.9
33709,2012Q4,47,0.6108,3.553,19.1
33709,2013Q1,54,0.4538,3.648,22.2
33709,2013Q2,73,0.7469,3.616,9.6
33709,2013Q3,94,0.6034,3.457,14.9
33709,2013Q4,102,0.7024,3.863,10.8
33709,2014Q1,123,0.6886,3.789,10.6
33709,2014Q2,126,0.7127,3.944,9.5
33709,2014Q3,159,0.6641,3.887,12.6
33709,2014Q4,132,0.6806,3.879,12.1
33709,2015Q1,159,0.6915,3.811,10.7
33709,2015Q2,173,0.5837,3.723,15.6
33709,2015Q3,195,0.6694,3.836,12.8
33709,2015Q4,152,0.6164,3.895,15.1
33709,2016Q1,212,0.6244,3.778,15.1
33709,2016Q2,188,0.6206,3.750,17.6
33709,2016Q3,173,0.5840,3.555,16.8
33709,2016Q4,123,0.5388,3.472,19.5
33709,2017Q1,155,0.6470,3.923,14.2
33709,2017Q2,187,0.5938,3.727,15.5
33709,2017Q3,142,0.5743,3.690,19.7
33709,2017Q4,190,0.5830,3.895,15.8
33709,2018Q1,217,0.5808,3.788,17.1
33709,2018Q2,217,0.5388,3.594,19.8
33709,2018Q3,199,0.4928,3.477,22.1
33709,2018Q4,159,0.5234,3.616,22.0
33709,2019Q1,245,0.5987,3.755,16.7
33709,2019Q2,282,0.6077,3.833,14.9
33709,2019Q3,281,0.5331,3.676,18.5
33709,2019Q4,252,0.5482,3.647,19.0
33709,2020Q1,184,0.5424,3.761,17.4
33709,2020Q2,175,0.5419,3.697,19.4
33709,2020Q3,173,0.6471,4.098,13.9
33709,2020Q4,147,0.4452,3.374,25.9
33709,2021Q1,171,0.5331,3.737,20.5
33709,2021Q2,210,0.5039,3.690,21.0
33709,2021Q3,172,0.4637,3.390,22.7
33709,2021Q4,163,0.5539,3.798,19.0
33710,2012Q1,37,0.4971,3.108,24.3
33710,2012Q2,59,0.6626,3.644,11.9
33710,2012Q3,55,0.6724,3.673,9.1
33710,2012Q4,86,0.5884,3.651,17.4
33710,2013Q1,91,0.5963,3.560,12.1
33710,2013Q2,99,0.7383,3.515,8.1
33710,2013Q3,144,0.5728,3.542,17.4
33710,2013Q4,138,0.6417,3.536,12.3
33710,2014Q1,194,0.5741,3.392,16.0
33710,2014Q2,190,0.6809,3.726,10.5
33710,2014Q3,172,0.5825,3.529,17.4
33710,2014Q4,183,0.5839,3.678,18.0
33710,2015Q1,239,0.6406,3.573,13.0
33710,2015Q2,274,0.6017,3.843,17.2
33710,2015Q3,364,0.6533,3.876,14.3
33710,2015Q4,303,0.6245,3.822,16.2
33710,2016Q1,439,0.6277,3.718,14.8
33710,2016Q2,407,0.5787,3.595,17.4
33710,2016Q3,349,0.5445,3.616,19.5
33710,2016Q4,323,0.5157,3.430,20.7
33710,2017Q1,438,0.5992,3.605,16.4
33710,2017Q2,429,0.6076,3.755,16.3
33710,2017Q3,420,0.6248,3.707,15.0
33710,2017Q4,377,0.5469,3.642,20.7
33710,2018Q1,475,0.5795,3.657,18.1
33710,2018Q2,534,0.6377,3.779,14.8
33710,2018Q3,541,0.5263,3.536,19.8
33710,2018Q4,396,0.5581,3.553,19.2
33710,2019Q1,426,0.5314,3.617,20.9
33710,2019Q2,509,0.5906,3.760,17.7
33710,2019Q3,430,0.5644,3.630,18.1
33710,2019Q4,413,0.5532,3.605,19.4
33710,2020Q1,366,0.4969,3.492,23.5
33710,2020Q2,249,0.5084,3.438,20.1
33710,2020Q3,278,0.5646,3.644,18.0
33710,2020Q4,294,0.5306,3.605,20.1
33710,2021Q1,301,0.4858,3.621,22.9
33710,2021Q2,371,0.4835,3.550,23.2
33710,2021Q3,332,0.4866,3.452,22.6
33710,2021Q4,319,0.5156,3.455,19.7
33711,2012Q1,39,0.7710,3.692,7.7
33711,2012Q2,36,0.6074,3.278,13.9
33711,2012Q3,43,0.5808,3.512,14.0
33711,2012Q4,33,0.5972,3.727,18.2
33711,2013Q1,43,0.6659,3.349,11.6
33711,2013Q2,39,0.6015,3.821,12.8
33711,2013Q3,59,0.6778,3.831,13.6
33711,2013Q4,54,0.4307,3.296,24.1
33711,2014Q1,56,0.6105,3.482,14.3
33711,2014Q2,60,0.5697,3.683,18.3
33711,2014Q3,74,0.6218,3.554,13.5
33711,2014Q4,68,0.4363,3.515,23.5
33711,2015Q1,89,0.3757,3.124,28.1
33711,2015Q2,96,0.4700,3.323,26.0
33711,2015Q3,143,0.5123,3.510,21.0
33711,2015Q4,129,0.6257,3.667,15.5
33711,2016Q1,159,0.5039,3.465,20.8
33711,2016Q2,117,0.5389,3.393,18.8
33711,2016Q3,96,0.5053,3.667,20.8
33711,2016Q4,99,0.4016,3.141,28.3
33711,2017Q1,110,0.3311,2.982,31.8
33711,2017Q2,124,0.4407,3.161,24.2
33711,2017Q3,124,0.4590,3.298,25.0
33711,2017Q4,91,0.4690,3.462,26.4
33711,2018Q1,147,0.5136,3.578,21.1
33711,2018Q2,139,0.5596,3.719,18.7
33711,2018Q3,154,0.6000,3.513,14.9
33711,2018Q4,99,0.4531,3.030,23.2
33711,2019Q1,132,0.5214,3.311,20.5
33711,2019Q2,141,0.4259,3.270,27.0
33711,2019Q3,117,0.4591,3.462,25.6
33711,2019Q4,71,0.4197,3.366,23.9
33711,2020Q1,85,0.4859,3.541,22.4
33711,2020Q2,56,0.4765,3.518,21.4
33711,2020Q3,128,0.6165,3.648,17.2
33711,2020Q4,105,0.4430,3.362,25.7
33711,2021Q1,105,0.4679,3.457,28.6
33711,2021Q2,140,0.4538,3.300,25.0
33711,2021Q3,101,0.4892,3.277,21.8
33711,2021Q4,73,0.4840,3.370,20.5
33712,2012Q1,15,0.5335,3.667,26.7
33712,2012Q2,20,0.8068,4.250,10.0
33712,2012Q3,35,0.7619,3.857,5.7
33712,2012Q4,36,0.6745,4.028,13.9
33712,2013Q1,34,0.8496,4.324,5.9
33712,2013Q2,34,0.7625,4.029,5.9
33712,2013Q3,33,0.8250,4.424,6.1
33712,2013Q4,68,0.7978,4.074,5.9
33712,2014Q1,119,0.8428,4.185,3.4
33712,2014Q2,111,0.8141,4.153,4.5
33712,2014Q3,97,0.7720,4.103,5.2
33712,2014Q4,59,0.7434,3.864,10.2
33712,2015Q1,110,0.7711,4.073,7.3
33712,2015Q2,142,0.7303,4.092,9.9
33712,2015Q3,187,0.8319,4.503,5.3
33712,2015Q4,152,0.7970,4.270,5.3
33712,2016Q1,282,0.8062,4.294,5.0
33712,2016Q2,241,0.7716,4.195,7.9
33712,2016Q3,236,0.7736,4.195,6.8
33712,2016Q4,155,0.7577,4.387,7.7
33712,2017Q1,170,0.8020,4.294,4.7
33712,2017Q2,187,0.7202,4.203,10.7
33712,2017Q3,180,0.7561,4.261,8.9
33712,2017Q4,196,0.7941,4.199,6.1
33712,2018Q1,224,0.7793,4.330,8.5
33712,2018Q2,290,0.7873,4.217,6.6
33712,2018Q3,251,0.7630,4.227,8.4
33712,2018Q4,180,0.7446,4.133,9.4
33712,2019Q1,253,0.7091,4.221,11.1
33712,2019Q2,283,0.7017,4.025,10.2
33712,2019Q3,251,0.7650,4.227,8.0
33712,2019Q4,188,0.7880,4.324,6.9
33712,2020Q1,197,0.7967,4.239,6.1
33712,2020Q2,153,0.8011,4.549,5.9
33712,2020Q3,236,0.8212,4.466,6.8
33712,2020Q4,236,0.7886,4.347,6.4
33712,2021Q1,268,0.7406,4.119,10.1
33712,2021Q2,265,0.7531,4.340,7.5
33712,2021Q3,257,0.6937,4.117,12.5
33712,2021Q4,268,0.7582,4.168,8.2
33713,2012Q1,59,0.7438,4.203,5.1
33713,2012Q2,83,0.7406,3.916,7.2
33713,2012Q3,80,0.6138,3.712,16.2
33713,2012Q4,90,0.7257,3.833,7.8
33713,2013Q1,129,0.6284,3.682,14.7
33713,2013Q2,130,0.7167,4.046,9.2
33713,2013Q3,156,0.7896,4.051,5.8
33713,2013Q4,161,0.7235,3.925,10.6
33713,2014Q1,229,0.7268,3.908,9.6
33713,2014Q2,221,0.7005,4.027,12.2
33713,2014Q3,259,0.6656,3.822,12.4
33713,2014Q4,267,0.6130,3.779,16.9
33713,2015Q1,346,0.7627,4.029,6.6
33713,2015Q2,319,0.6316,3.762,15.4
33713,2015Q3,409,0.7405,4.132,7.8
33713,2015Q4,438,0.7370,4.068,8.7
33713,2016Q1,563,0.7345,4.123,9.1
33713,2016Q2,526,0.7380,4.091,8.6
33713,2016Q3,536,0.7211,4.153,9.9
33713,2016Q4,391,0.6537,3.969,14.1
33713,2017Q1,466,0.6463,3.976,13.3
33713,2017Q2,461,0.6512,3.905,14.8
33713,2017Q3,506,0.6485,3.842,13.6
33713,2017Q4,441,0.6293,3.882,14.7
33713,2018Q1,615,0.6891,4.034,12.2
33713,2018Q2,640,0.6168,3.902,15.6
33713,2018Q3,605,0.6075,3.828,15.0
33713,2018Q4,479,0.5712,3.710,18.8
33713,2019Q1,500,0.5765,3.870,17.2
33713,2019Q2,574,0.5540,3.760,18.8
33713,2019Q3,592,0.6002,3.765,16.6
33713,2019Q4,457,0.5727,3.766,18.8
33713,2020Q1,463,0.5996,3.844,17.3
33713,2020Q2,304,0.5520,3.757,20.7
33713,2020Q3,347,0.5779,3.801,18.2
33713,2020Q4,390,0.6016,3.900,16.4
33713,2021Q1,481,0.6231,3.950,14.3
33713,2021Q2,483,0.5898,3.712,16.8
33713,2021Q3,415,0.5342,3.614,19.8
33713,2021Q4,385,0.6066,3.849,15.6
33714,2012Q1,24,0.6525,4.208,12.5
33714,2012Q2,32,0.7513,3.375,6.2
33714,2012Q3,38,0.6304,3.526,15.8
33714,2012Q4,40,0.6774,3.650,15.0
33714,2013Q1,45,0.4427,3.689,26.7
33714,2013Q2,24,0.5631,3.708,20.8
33714,2013Q3,41,0.6026,3.829,14.6
33714,2013Q4,42,0.6149,3.619,16.7
33714,2014Q1,67,0.5875,3.582,16.4
33714,2014Q2,63,0.5434,3.635,19.0
33714,2014Q3,68,0.6910,3.721,10.3
33714,2014Q4,67,0.5548,3.433,17.9
33714,2015Q1,81,0.5002,3.593,22.2
33714,2015Q2,114,0.5882,3.588,15.8
33714,2015Q3,109,0.5413,3.477,19.3
33714,2015Q4,103,0.5099,3.583,16.5
33714,2016Q1,107,0.6006,3.561,17.8
33714,2016Q2,109,0.6571,3.716,9.2
33714,2016Q3,98,0.5068,3.714,24.5
33714,2016Q4,95,0.6388,3.989,13.7
33714,2017Q1,121,0.5739,3.926,14.9
33714,2017Q2,116,0.5872,3.638,15.5
33714,2017Q3,131,0.5700,3.672,18.3
33714,2017Q4,104,0.5300,3.452,20.2
33714,2018Q1,129,0.4438,3.473,26.4
33714,2018Q2,131,0.5869,3.748,17.6
33714,2018Q3,142,0.6531,3.972,14.1
33714,2018Q4,122,0.5355,3.746,21.3
33714,2019Q1,127,0.6057,3.661,16.5
33714,2019Q2,134,0.5604,3.769,18.7
33714,2019Q3,134,0.5770,3.896,17.9
33714,2019Q4,94,0.5952,3.691,16.0
33714,2020Q1,120,0.4941,3.733,23.3
33714,2020Q2,86,0.6130,3.884,16.3
33714,2020Q3,92,0.5698,3.467,15.2
33714,2020Q4,62,0.5016,3.613,22.6
33714,2021Q1,105,0.4919,3.781,21.0
33714,2021Q2,92,0.5410,3.946,18.5
33714,2021Q3,109,0.4764,3.642,22.9
33714,2021Q4,71,0.3430,3.352,31.0
33715,2012Q1,15,0.7589,4.067,6.7
33715,2012Q2,22,0.5666,3.818,18.2
33715,2012Q3,23,0.7633,4.261,8.7
33715,2012Q4,19,0.3784,3.000,26.3
33715,2013Q1,32,0.5777,3.312,18.8
33715,2013Q2,33,0.7695,3.879,3.0
33715,2013Q3,33,0.7856,3.788,6.1
33715,2013Q4,22,0.6902,3.591,9.1
33715,2014Q1,39,0.6196,3.615,17.9
33715,2014Q2,39,0.7572,4.154,7.7
33715,2014Q3,40,0.7436,3.950,10.0
33715,2014Q4,41,0.6529,3.610,12.2
33715,2015Q1,51,0.6939,3.765,11.8
33715,2015Q2,66,0.7408,4.197,9.1
33715,2015Q3,59,0.5742,3.729,20.3
33715,2015Q4,50,0.7676,4.160,10.0
33715,2016Q1,61,0.6974,3.967,11.5
33715,2016Q2,63,0.7221,4.000,9.5
33715,2016Q3,66,0.7758,4.167,6.1
33715,2016Q4,59,0.7208,3.932,11.9
33715,2017Q1,91,0.6135,3.703,16.5
33715,2017Q2,102,0.7740,4.088,5.9
33715,2017Q3,79,0.7557,4.139,10.1
33715,2017Q4,78,0.7001,3.949,11.5
33715,2018Q1,102,0.7287,4.000,10.8
33715,2018Q2,101,0.6598,4.139,10.9
33715,2018Q3,74,0.7683,4.257,8.1
33715,2018Q4,66,0.7143,4.030,10.6
33715,2019Q1,91,0.6810,3.802,11.0
33715,2019Q2,101,0.7450,4.248,5.9
33715,2019Q3,79,0.7326,3.886,10.1
33715,2019Q4,70,0.6479,3.871,15.7
33715,2020Q1,82,0.7186,4.073,11.0
33715,2020Q2,64,0.7299,4.109,9.4
33715,2020Q3,105,0.8366,4.448,4.8
33715,2020Q4,78,0.7553,4.128,9.0
33715,2021Q1,127,0.7239,4.276,9.4
33715,2021Q2,143,0.6951,4.021,11.9
33715,2021Q3,80,0.6346,4.100,15.0
33715,2021Q4,76,0.7144,4.132,13.2
33716,2012Q1,15,0.7042,3.867,13.3
33716,2012Q2,41,0.7030,3.756,9.8
33716,2012Q3,46,0.6240,3.348,15.2
33716,2012Q4,57,0.4440,3.404,26.3
33716,2013Q1,69,0.6617,3.507,14.5
33716,2013Q2,65,0.5863,3.600,16.9
33716,2013Q3,79,0.6744,3.646,12.7
33716,2013Q4,76,0.5707,3.526,19.7
33716,2014Q1,135,0.6010,3.400,15.6
33716,2014Q2,148,0.6143,3.547,16.9
33716,2014Q3,157,0.6949,3.503,10.8
33716,2014Q4,126,0.6033,3.484,16.7
33716,2015Q1,171,0.5450,3.251,21.1
33716,2015Q2,172,0.4843,3.291,20.9
33716,2015Q3,157,0.5752,3.427,14.6
33716,2015Q4,174,0.5243,3.592,20.1
33716,2016Q1,228,0.5601,3.491,18.4
33716,2016Q2,177,0.6536,3.582,11.9
33716,2016Q3,189,0.5641,3.481,18.5
33716,2016Q4,187,0.5820,3.529,17.1
33716,2017Q1,216,0.5965,3.495,17.1
33716,2017Q2,237,0.4759,3.376,22.8
33716,2017Q3,186,0.4481,3.435,24.7
33716,2017Q4,173,0.5198,3.480,21.4
33716,2018Q1,200,0.5677,3.580,18.0
33716,2018Q2,185,0.4472,3.432,25.9
33716,2018Q3,183,0.5470,3.552,18.6
33716,2018Q4,134,0.3812,3.246,29.9
33716,2019Q1,172,0.4953,3.355,22.1
33716,2019Q2,175,0.4878,3.246,21.1
33716,2019Q3,247,0.5296,3.405,20.2
33716,2019Q4,164,0.5146,3.354,18.9
33716,2020Q1,176,0.5143,3.676,22.2
33716,2020Q2,138,0.4889,3.580,23.9
33716,2020Q3,173,0.5305,3.503,19.7
33716,2020Q4,132,0.5659,3.394,17.4
33716,2021Q1,128,0.4039,3.375,27.3
33716,2021Q2,140,0.4661,3.329,24.3
33716,2021Q3,109,0.2620,3.028,37.6
33716,2021Q4,108,0.2766,2.917,35.2
33730,2013Q1,2,0.9865,4.000,0.0
33730,2014Q2,1,-0.5504,4.000,100.0
33730,2015Q4,3,-0.1054,1.000,66.7
33730,2019Q3,1,0.9313,5.000,0.0
33730,2019Q4,1,0.4445,4.000,0.0
33730,2020Q3,1,0.6808,1.000,0.0
33730,2021Q3,1,0.8732,5.000,0.0
33731,2012Q1,1,0.9284,5.000,0.0
33731,2012Q4,1,0.2632,3.000,0.0
33731,2013Q1,3,0.6290,4.000,33.3
33731,2013Q4,1,0.9603,5.000,0.0
33731,2015Q2,2,0.9543,5.000,0.0
33731,2016Q2,1,-0.4215,1.000,100.0
33731,2016Q3,1,0.9793,5.000,0.0
33731,2017Q2,2,0.8149,2.000,0.0
33731,2017Q4,2,0.5450,3.000,0.0
33731,2018Q1,2,0.9435,5.000,0.0
33731,2019Q2,2,0.9858,4.500,0.0
33731,2019Q4,3,0.9666,4.667,0.0
33731,2020Q1,1,0.9616,5.000,0.0
33731,2021Q3,1,-0.8848,1.000,100.0
33731,2021Q4,1,0.7901,4.000,0.0
33732,2015Q1,1,-0.6996,1.000,100.0
33732,2016Q1,2,0.3839,3.000,50.0
33732,2016Q2,1,0.4927,5.000,0.0
33732,2016Q3,1,-0.6776,1.000,100.0
33732,2016Q4,1,0.6975,5.000,0.0
33732,2017Q2,2,0.9698,5.000,0.0
33732,2018Q4,1,0.9781,5.000,0.0
33732,2019Q1,1,-0.4023,1.000,100.0
33732,2019Q2,1,0.9578,5.000,0.0
33732,2019Q4,1,0.9494,5.000,0.0
33732,2020Q1,1,0.8478,5.000,0.0
33732,2020Q2,1,0.9764,5.000,0.0
33733,2012Q3,1,0.6486,1.000,0.0
33733,2012Q4,3,0.9388,4.333,0.0
33733,2015Q3,1,0.0000,1.000,0.0
33733,2016Q3,1,-0.6988,1.000,100.0
33733,2016Q4,4,-0.1610,1.000,50.0
33733,2017Q2,1,-0.9954,1.000,100.0
33733,2017Q3,7,-0.0212,2.143,57.1
33733,2017Q4,2,-0.8894,1.000,100.0
33733,2018Q1,1,0.5822,1.000,0.0
33733,2018Q2,2,-0.5918,1.000,100.0
33733,2018Q3,4,-0.0031,1.000,50.0
33733,2018Q4,2,-0.0470,1.500,50.0
33733,2019Q1,4,-0.3383,1.250,75.0
33733,2019Q2,1,-0.5111,1.000,100.0
33733,2019Q3,2,-0.0078,1.000,50.0
33733,2019Q4,1,-0.3744,1.000,100.0
33733,2020Q1,1,-0.8755,1.000,100.0
33733,2020Q3,3,-0.0891,3.000,66.7
33733,2021Q1,2,-0.0779,1.000,50.0
33733,2021Q2,3,-0.7372,1.000,100.0
33733,2021Q3,2,0.3805,2.000,0.0
33733,2021Q4,2,-0.0845,1.000,50.0
33734,2015Q4,1,0.4335,5.000,0.0
33734,2016Q1,2,0.7021,3.500,0.0
33734,2016Q2,1,0.9759,5.000,0.0
33734,2016Q4,2,0.8434,5.000,0.0
33734,2017Q1,2,0.9652,5.000,0.0
33734,2017Q3,1,0.5499,2.000,0.0
33734,2017Q4,1,0.8290,5.000,0.0
33734,2018Q1,1,0.9741,5.000,0.0
33734,2018Q3,1,0.3786,5.000,0.0
33734,2018Q4,2,0.0103,3.500,50.0
33734,2019Q1,2,0.9307,5.000,0.0
33734,2019Q2,3,0.5665,4.333,33.3
33734,2019Q3,1,0.9867,5.000,0.0
33734,2019Q4,1,0.9805,5.000,0.0
33734,2020Q1,1,0.9881,5.000,0.0
33734,2020Q2,3,0.0326,2.333,33.3
33734,2020Q3,1,0.6542,3.000,0.0
33734,2020Q4,1,0.9595,5.000,0.0
33734,2021Q1,2,0.9464,4.500,0.0
33734,2021Q2,1,0.9894,5.000,0.0
33738,2016Q1,1,0.9524,5.000,0.0
33738,2016Q3,1,0.9198,2.000,0.0
33738,2017Q3,1,-0.9949,1.000,100.0
33738,2018Q3,1,0.8943,5.000,0.0
33738,2019Q2,1,-0.2500,1.000,100.0
33742,2012Q4,1,0.5903,5.000,0.0
33742,2014Q4,1,-0.6369,5.000,100.0
33742,2016Q3,1,-0.6661,1.000,100.0
33742,2016Q4,1,0.7178,5.000,0.0
33742,2017Q2,2,0.7178,3.000,0.0
33742,2018Q3,1,-0.8393,1.000,100.0
33742,2018Q4,1,-0.9796,1.000,100.0
33742,2019Q2,1,0.0000,3.000,0.0
33742,2020Q2,1,-0.5267,1.000,100.0
33742,2021Q3,1,-0.9059,1.000,100.0
33746,2014Q1,1,0.9875,5.000,0.0
33746,2015Q2,1,0.9913,5.000,0.0
33746,2016Q4,1,0.9854,5.000,0.0
33746,2021Q1,1,0.9963,5.000,0.0
33746,2021Q3,1,-0.0330,1.000,0.0
33747,2016Q2,1,0.9453,5.000,0.0
33747,2017Q2,2,0.7870,5.000,0.0
33747,2017Q3,4,0.7856,5.000,0.0
33747,2018Q1,3,0.8161,5.000,0.0
33747,2018Q2,2,0.9470,5.000,0.0
33747,2018Q3,1,0.9804,5.000,0.0
33747,2018Q4,1,0.9184,5.000,0.0
33747,2019Q1,1,0.8720,5.000,0.0
33747,2019Q2,3,0.9275,5.000,0.0
33747,2019Q3,2,0.0376,3.000,50.0
33747,2019Q4,2,0.8895,5.000,0.0
33747,2020Q1,4,0.8642,4.000,0.0
33747,2020Q2,1,0.8750,5.000,0.0
33747,2020Q3,5,0.9655,5.000,0.0
33747,2020Q4,2,0.9684,5.000,0.0
33747,2021Q2,1,0.9959,5.000,0.0
33747,2021Q3,1,0.9917,5.000,0.0
33755,2012Q1,34,0.7324,3.618,8.8
33755,2012Q2,49,0.9194,4.347,0.0
33755,2012Q3,67,0.6806,3.672,11.9
33755,2012Q4,53,0.6278,3.698,18.9
33755,2013Q1,70,0.6938,3.600,8.6
33755,2013Q2,56,0.4685,3.321,25.0
33755,2013Q3,69,0.7048,3.768,8.7
33755,2013Q4,76,0.7032,3.658,7.9
33755,2014Q1,89,0.5968,3.461,19.1
33755,2014Q2,108,0.6513,3.824,14.8
33755,2014Q3,102,0.6389,3.775,13.7
33755,2014Q4,120,0.6782,3.958,13.3
33755,2015Q1,165,0.6740,3.976,13.3
33755,2015Q2,171,0.7330,4.146,11.1
33755,2015Q3,153,0.6886,4.039,13.1
33755,2015Q4,177,0.6833,4.051,10.2
33755,2016Q1,227,0.7008,3.982,10.6
33755,2016Q2,217,0.6711,3.922,15.2
33755,2016Q3,174,0.7086,4.069,10.9
33755,2016Q4,165,0.6988,4.097,10.9
33755,2017Q1,222,0.6739,3.932,13.5
33755,2017Q2,242,0.6573,4.087,13.6
33755,2017Q3,262,0.7427,4.233,9.2
33755,2017Q4,202,0.7065,4.099,9.9
33755,2018Q1,252,0.6851,4.028,12.3
33755,2018Q2,277,0.6755,4.130,12.6
33755,2018Q3,234,0.5991,3.944,16.7
33755,2018Q4,197,0.6540,4.051,14.7
33755,2019Q1,218,0.6777,3.982,11.9
33755,2019Q2,216,0.6408,4.083,13.9
33755,2019Q3,266,0.7283,4.259,10.5
33755,2019Q4,207,0.7385,4.314,7.7
33755,2020Q1,222,0.5891,4.018,18.0
33755,2020Q2,154,0.6863,4.156,13.0
33755,2020Q3,230,0.5998,3.826,17.4
33755,2020Q4,173,0.6548,4.156,13.9
33755,2021Q1,173,0.6793,4.133,12.1
33755,2021Q2,222,0.7015,4.135,10.4
33755,2021Q3,201,0.6098,3.811,14.9
33755,2021Q4,154,0.6011,3.675,14.9
33756,2012Q1,38,0.8645,4.526,0.0
33756,2012Q2,54,0.7888,3.981,5.6
33756,2012Q3,58,0.6455,4.017,17.2
33756,2012Q4,55,0.8576,4.291,1.8
33756,2013Q1,109,0.7519,4.000,10.1
33756,2013Q2,80,0.7709,4.112,7.5
33756,2013Q3,74,0.7607,4.068,8.1
33756,2013Q4,80,0.8165,3.975,5.0
33756,2014Q1,133,0.7186,4.045,10.5
33756,2014Q2,141,0.7736,4.156,7.1
33756,2014Q3,150,0.7790,4.307,7.3
33756,2014Q4,134,0.7246,4.112,7.5
33756,2015Q1,187,0.7166,4.086,8.0
33756,2015Q2,178,0.7120,4.185,10.1
33756,2015Q3,211,0.7464,4.261,9.5
33756,2015Q4,180,0.6547,4.033,14.4
33756,2016Q1,242,0.6625,3.930,12.4
33756,2016Q2,251,0.6997,4.116,11.2
33756,2016Q3,251,0.7507,4.151,8.0
33756,2016Q4,164,0.7126,4.220,9.8
33756,2017Q1,272,0.6836,4.066,11.8
33756,2017Q2,275,0.6813,4.153,10.5
33756,2017Q3,246,0.7121,4.118,9.3
33756,2017Q4,190,0.6294,3.995,15.3
33756,2018Q1,266,0.6567,4.071,13.9
33756,2018Q2,247,0.6262,3.984,15.0
33756,2018Q3,215,0.6930,4.074,10.7
33756,2018Q4,220,0.7119,3.977,8.6
33756,2019Q1,289,0.6497,3.965,13.5
33756,2019Q2,274,0.7327,4.343,9.5
33756,2019Q3,276,0.6161,3.975,15.6
33756,2019Q4,217,0.6272,4.032,15.7
33756,2020Q1,212,0.6157,3.972,16.5
33756,2020Q2,203,0.6283,4.034,15.8
33756,2020Q3,264,0.7227,4.189,11.0
33756,2020Q4,216,0.6519,4.083,14.4
33756,2021Q1,269,0.6807,4.190,11.2
33756,2021Q2,297,0.6665,4.017,12.5
33756,2021Q3,253,0.6793,4.166,13.4
33756,2021Q4,239,0.6852,4.172,12.1
33757,2012Q1,1,0.8815,5.000,0.0
33757,2014Q4,1,0.4324,5.000,0.0
33757,2015Q3,1,0.8955,5.000,0.0
33757,2015Q4,2,0.2582,3.000,50.0
33757,2016Q1,1,0.9061,5.000,0.0
33757,2016Q4,1,0.9618,3.000,0.0
33757,2017Q1,1,0.8807,5.000,0.0
33757,2017Q2,3,0.0503,3.667,33.3
33757,2018Q1,2,0.9073,5.000,0.0
33757,2018Q2,1,0.8702,1.000,0.0
33757,2018Q3,1,0.2732,5.000,0.0
33757,2019Q1,1,-0.5413,1.000,100.0
33757,2019Q2,1,0.8739,5.000,0.0
33757,2019Q4,3,0.4681,2.333,33.3
33757,2020Q1,1,0.9011,5.000,0.0
33757,2021Q1,1,0.9676,5.000,0.0
33758,2014Q1,1,0.9834,5.000,0.0
33758,2015Q2,1,0.8730,5.000,0.0
33758,2016Q3,1,0.9767,5.000,0.0
33758,2017Q4,2,0.5831,5.000,0.0
33758,2018Q3,2,0.9156,3.000,0.0
33758,2019Q1,1,0.9186,5.000,0.0
33758,2019Q2,2,0.0695,3.000,50.0
33758,2019Q3,1,0.9468,5.000,0.0
33758,2020Q1,2,0.7039,3.500,0.0
33758,2020Q3,2,0.1310,3.000,50.0
33758,2021Q4,2,-0.5210,1.500,100.0
33759,2012Q1,83,0.5424,3.253,19.3
33759,2012Q2,89,0.7281,3.663,9.0
33759,2012Q3,73,0.7561,3.521,5.5
33759,2012Q4,97,0.6681,3.392,11.3
33759,2013Q1,148,0.7009,3.682,10.1
33759,2013Q2,122,0.5714,3.393,18.0
33759,2013Q3,142,0.5594,3.366,16.2
33759,2013Q4,138,0.6056,3.558,17.4
33759,2014Q1,217,0.6725,3.576,12.0
33759,2014Q2,210,0.6132,3.395,14.3
33759,2014Q3,242,0.6874,3.698,11.2
33759,2014Q4,238,0.6467,3.592,14.3
33759,2015Q1,296,0.6427,3.689,13.5
33759,2015Q2,286,0.6591,3.766,12.9
33759,2015Q3,306,0.6297,3.686,14.7
33759,2015Q4,278,0.6370,3.763,13.3
33759,2016Q1,406,0.6586,3.776,14.0
33759,2016Q2,363,0.6184,3.763,15.7
33759,2016Q3,353,0.6152,3.754,16.1
33759,2016Q4,305,0.6327,3.738,15.1
33759,2017Q1,389,0.6290,3.779,14.7
33759,2017Q2,418,0.6360,3.811,14.6
33759,2017Q3,338,0.6685,3.855,12.1
33759,2017Q4,328,0.6473,3.747,12.8
33759,2018Q1,379,0.5894,3.649,15.8
33759,2018Q2,360,0.5832,3.678,18.6
33759,2018Q3,358,0.5996,3.651,16.5
33759,2018Q4,285,0.5513,3.582,19.3
33759,2019Q1,329,0.5742,3.641,17.9
33759,2019Q2,362,0.5988,3.693,16.9
33759,2019Q3,348,0.5430,3.549,19.5
33759,2019Q4,277,0.5552,3.606,19.5
33759,2020Q1,277,0.6221,3.838,16.2
33759,2020Q2,188,0.5542,3.718,21.3
33759,2020Q3,246,0.7015,4.065,10.2
33759,2020Q4,249,0.5401,3.775,19.3
33759,2021Q1,256,0.6030,3.812,16.0
33759,2021Q2,281,0.5237,3.544,20.3
33759,2021Q3,249,0.5091,3.578,24.5
33759,2021Q4,278,0.5416,3.590,18.3
33760,2012Q1,15,0.9201,4.000,0.0
33760,2012Q2,13,0.6265,4.000,15.4
33760,2012Q3,25,0.7341,3.800,8.0
33760,2012Q4,28,0.5548,3.750,14.3
33760,2013Q1,43,0.7620,3.581,9.3
33760,2013Q2,34,0.6454,4.000,14.7
33760,2013Q3,30,0.6621,4.000,10.0
33760,2013Q4,56,0.6977,3.875,10.7
33760,2014Q1,62,0.7139,3.613,8.1
33760,2014Q2,75,0.6710,3.413,13.3
33760,2014Q3,59,0.7322,4.220,11.9
33760,2014Q4,61,0.5538,3.590,18.0
33760,2015Q1,75,0.5138,3.427,18.7
33760,2015Q2,86,0.4500,3.302,29.1
33760,2015Q3,99,0.6312,3.818,15.2
33760,2015Q4,85,0.4155,3.494,25.9
33760,2016Q1,119,0.6656,3.639,12.6
33760,2016Q2,99,0.5641,3.646,16.2
33760,2016Q3,89,0.6672,3.753,10.1
33760,2016Q4,68,0.7110,4.191,8.8
33760,2017Q1,149,0.6291,4.034,14.8
33760,2017Q2,154,0.6033,3.896,17.5
33760,2017Q3,137,0.6162,3.774,15.3
33760,2017Q4,123,0.4647,3.220,25.2
33760,2018Q1,134,0.4832,3.388,23.9
33760,2018Q2,132,0.6062,3.712,17.4
33760,2018Q3,113,0.5264,3.602,21.2
33760,2018Q4,114,0.5163,3.596,21.9
33760,2019Q1,138,0.4371,3.514,27.5
33760,2019Q2,126,0.4855,3.500,22.2
33760,2019Q3,125,0.5055,3.568,21.6
33760,2019Q4,74,0.4548,3.568,24.3
33760,2020Q1,86,0.4946,3.581,23.3
33760,2020Q2,48,0.3913,3.354,27.1
33760,2020Q3,59,0.1647,2.814,40.7
33760,2020Q4,52,0.4074,3.462,30.8
33760,2021Q1,60,0.2846,3.017,36.7
33760,2021Q2,60,0.3107,3.150,33.3
33760,2021Q3,52,0.2721,3.000,38.5
33760,2021Q4,66,0.3867,3.167,28.8
33761,2012Q1,79,0.6471,3.367,12.7
33761,2012Q2,85,0.6948,3.565,11.8
33761,2012Q3,103,0.7263,3.796,10.7
33761,2012Q4,121,0.7710,3.802,5.8
33761,2013Q1,172,0.6547,3.547,14.0
33761,2013Q2,184,0.7409,3.679,7.1
33761,2013Q3,212,0.6761,3.571,11.3
33761,2013Q4,211,0.6740,3.436,11.8
33761,2014Q1,266,0.7077,3.635,11.7
33761,2014Q2,264,0.6138,3.485,15.9
33761,2014Q3,319,0.6874,3.721,11.0
33761,2014Q4,291,0.6631,3.770,13.4
33761,2015Q1,360,0.6654,3.597,12.5
33761,2015Q2,274,0.5367,3.464,19.3
33761,2015Q3,403,0.5816,3.665,17.9
33761,2015Q4,339,0.5342,3.534,19.8
33761,2016Q1,422,0.6215,3.581,14.5
33761,2016Q2,429,0.6018,3.688,16.6
33761,2016Q3,387,0.5683,3.605,19.6
33761,2016Q4,338,0.6414,3.769,13.9
33761,2017Q1,403,0.5951,3.702,17.6
33761,2017Q2,471,0.5712,3.544,16.6
33761,2017Q3,380,0.5961,3.634,17.1
33761,2017Q4,359,0.6003,3.666,15.3
33761,2018Q1,483,0.6034,3.625,16.8
33761,2018Q2,527,0.5223,3.480,19.9
33761,2018Q3,432,0.5389,3.530,19.4
33761,2018Q4,367,0.5019,3.520,22.3
33761,2019Q1,402,0.5568,3.567,18.9
33761,2019Q2,485,0.5259,3.627,20.8
33761,2019Q3,446,0.5434,3.529,19.5
33761,2019Q4,382,0.5606,3.607,18.6
33761,2020Q1,351,0.5118,3.493,21.1
33761,2020Q2,213,0.4971,3.366,20.2
33761,2020Q3,307,0.5050,3.570,22.1
33761,2020Q4,243,0.4836,3.514,22.2
33761,2021Q1,330,0.4355,3.282,25.5
33761,2021Q2,378,0.5193,3.569,20.4
33761,2021Q3,278,0.5135,3.457,20.9
33761,2021Q4,251,0.5370,3.458,20.3
33762,2012Q1,41,0.6467,3.439,12.2
33762,2012Q2,36,0.4822,3.222,19.4
33762,2012Q3,50,0.5718,3.320,16.0
33762,2012Q4,50,0.6610,3.500,16.0
33762,2013Q1,75,0.5820,3.653,16.0
33762,2013Q2,91,0.5759,3.495,17.6
33762,2013Q3,88,0.7007,3.523,9.1
33762,2013Q4,84,0.6212,3.440,13.1
33762,2014Q1,127,0.6892,3.528,11.0
33762,2014Q2,143,0.6152,3.608,16.1
33762,2014Q3,146,0.6410,3.527,12.3
33762,2014Q4,114,0.5441,3.640,17.5
33762,2015Q1,231,0.6230,3.654,13.9
33762,2015Q2,209,0.5477,3.541,20.1
33762,2015Q3,189,0.5003,3.386,21.7
33762,2015Q4,162,0.5362,3.494,19.8
33762,2016Q1,263,0.5010,3.297,20.2
33762,2016Q2,214,0.5316,3.584,20.6
33762,2016Q3,210,0.5596,3.524,18.6
33762,2016Q4,174,0.5759,3.724,19.5
33762,2017Q1,242,0.4923,3.446,22.3
33762,2017Q2,257,0.6024,3.805,16.0
33762,2017Q3,243,0.5286,3.576,21.0
33762,2017Q4,221,0.5730,3.579,17.6
33762,2018Q1,264,0.5501,3.720,20.1
33762,2018Q2,295,0.5489,3.708,19.0
33762,2018Q3,242,0.5311,3.612,20.7
33762,2018Q4,249,0.4888,3.502,24.1
33762,2019Q1,259,0.4587,3.394,23.9
33762,2019Q2,250,0.4482,3.444,24.4
33762,2019Q3,221,0.4400,3.403,25.3
33762,2019Q4,204,0.4520,3.353,25.0
33762,2020Q1,245,0.4769,3.510,23.7
33762,2020Q2,137,0.5187,3.788,22.6
33762,2020Q3,203,0.5345,3.773,21.7
33762,2020Q4,158,0.4837,3.538,23.4
33762,2021Q1,206,0.5051,3.447,21.8
33762,2021Q2,266,0.4864,3.444,21.8
33762,2021Q3,263,0.5242,3.517,21.3
33762,2021Q4,187,0.4126,3.176,27.8
33763,2012Q1,7,0.8387,4.286,0.0
33763,2012Q2,10,0.9222,3.700,0.0
33763,2012Q3,4,0.9194,4.750,0.0
33763,2012Q4,12,0.6852,3.917,16.7
33763,2013Q1,19,0.6381,3.947,15.8
33763,2013Q2,14,0.4332,3.429,21.4
33763,2013Q3,36,0.8167,4.250,5.6
33763,2013Q4,51,0.6737,3.902,13.7
33763,2014Q1,45,0.8538,4.022,4.4
33763,2014Q2,79,0.8481,4.278,3.8
33763,2014Q3,79,0.7850,4.241,7.6
33763,2014Q4,70,0.6889,4.000,12.9
33763,2015Q1,100,0.6571,3.610,9.0
33763,2015Q2,86,0.6116,3.721,16.3
33763,2015Q3,101,0.5020,3.624,21.8
33763,2015Q4,66,0.6246,3.712,13.6
33763,2016Q1,89,0.7298,4.067,10.1
33763,2016Q2,96,0.5987,3.781,18.8
33763,2016Q3,146,0.6906,3.966,9.6
33763,2016Q4,89,0.6934,3.921,11.2
33763,2017Q1,114,0.6568,3.632,14.9
33763,2017Q2,112,0.6538,3.705,12.5
33763,2017Q3,113,0.5989,3.761,16.8
33763,2017Q4,89,0.5243,3.236,18.0
33763,2018Q1,92,0.5387,3.457,18.5
33763,2018Q2,129,0.5433,3.488,20.9
33763,2018Q3,138,0.6011,3.804,17.4
33763,2018Q4,104,0.5688,3.663,19.2
33763,2019Q1,130,0.5168,3.838,23.1
33763,2019Q2,120,0.4985,3.575,20.0
33763,2019Q3,123,0.4263,3.390,26.0
33763,2019Q4,105,0.5324,3.819,21.9
33763,2020Q1,90,0.5166,3.278,20.0
33763,2020Q2,76,0.6641,4.092,10.5
33763,2020Q3,110,0.4568,3.509,24.5
33763,2020Q4,88,0.4764,3.636,21.6
33763,2021Q1,89,0.4261,3.281,24.7
33763,2021Q2,77,0.5207,3.429,20.8
33763,2021Q3,75,0.4686,3.680,22.7
33763,2021Q4,85,0.4772,3.388,25.9
33764,2012Q1,21,0.4720,3.381,19.0
33764,2012Q2,21,0.3299,2.952,33.3
33764,2012Q3,41,0.5232,3.512,19.5
33764,2012Q4,32,0.6199,3.469,9.4
33764,2013Q1,51,0.7186,3.765,9.8
33764,2013Q2,48,0.5599,3.417,16.7
33764,2013Q3,52,0.5525,3.423,21.2
33764,2013Q4,58,0.5834,3.431,20.7
33764,2014Q1,87,0.5854,3.586,16.1
33764,2014Q2,67,0.6814,3.582,11.9
33764,2014Q3,86,0.4873,3.488,25.6
33764,2014Q4,91,0.6216,3.692,17.6
33764,2015Q1,96,0.4807,3.354,25.0
33764,2015Q2,91,0.6383,3.967,12.1
33764,2015Q3,158,0.6412,3.842,15.8
33764,2015Q4,153,0.5821,3.680,15.7
33764,2016Q1,214,0.6359,3.855,16.4
33764,2016Q2,211,0.6160,3.957,17.5
33764,2016Q3,196,0.5858,3.781,17.3
33764,2016Q4,170,0.5622,3.647,19.4
33764,2017Q1,189,0.6056,4.005,17.5
33764,2017Q2,210,0.6140,3.986,16.7
33764,2017Q3,194,0.5998,3.680,17.0
33764,2017Q4,210,0.5605,3.686,18.6
33764,2018Q1,275,0.6331,3.898,13.8
33764,2018Q2,270,0.5290,3.737,22.2
33764,2018Q3,241,0.5203,3.560,20.3
33764,2018Q4,222,0.6161,3.653,14.4
33764,2019Q1,216,0.5276,3.509,19.9
33764,2019Q2,328,0.6139,3.814,16.8
33764,2019Q3,290,0.5727,3.724,16.6
33764,2019Q4,226,0.5673,3.801,19.9
33764,2020Q1,202,0.6005,3.901,15.8
33764,2020Q2,162,0.5855,3.759,17.9
33764,2020Q3,225,0.4478,3.600,25.8
33764,2020Q4,170,0.5539,3.688,19.4
33764,2021Q1,203,0.4609,3.567,25.1
33764,2021Q2,221,0.5300,3.751,20.4
33764,2021Q3,193,0.4323,3.472,25.4
33764,2021Q4,150,0.4796,3.500,24.0
33765,2012Q1,45,0.6551,3.622,13.3
33765,2012Q2,64,0.7904,3.938,4.7
33765,2012Q3,71,0.7507,3.789,7.0
33765,2012Q4,78,0.6712,3.551,11.5
33765,2013Q1,109,0.6217,3.725,12.8
33765,2013Q2,112,0.6899,3.786,11.6
33765,2013Q3,116,0.6317,3.707,14.7
33765,2013Q4,142,0.6599,3.556,10.6
33765,2014Q1,215,0.7076,3.744,10.2
33765,2014Q2,200,0.6784,3.680,13.0
33765,2014Q3,244,0.6015,3.594,15.2
33765,2014Q4,206,0.5646,3.641,17.0
33765,2015Q1,322,0.6517,3.764,13.7
33765,2015Q2,312,0.5963,3.772,15.7
33765,2015Q3,295,0.6056,3.712,16.6
33765,2015Q4,327,0.5957,3.673,16.5
33765,2016Q1,447,0.5518,3.642,18.8
33765,2016Q2,386,0.5755,3.661,17.6
33765,2016Q3,344,0.5760,3.776,18.3
33765,2016Q4,326,0.5925,3.752,16.3
33765,2017Q1,347,0.6129,3.804,14.7
33765,2017Q2,417,0.5481,3.633,18.7
33765,2017Q3,439,0.6004,3.743,16.6
33765,2017Q4,363,0.5430,3.702,19.8
33765,2018Q1,475,0.5374,3.577,19.8
33765,2018Q2,461,0.6001,3.779,17.1
33765,2018Q3,477,0.5397,3.751,19.7
33765,2018Q4,396,0.5335,3.578,20.5
33765,2019Q1,494,0.5957,3.796,17.4
33765,2019Q2,536,0.5761,3.774,17.5
33765,2019Q3,438,0.5483,3.710,18.7
33765,2019Q4,386,0.5533,3.710,20.2
33765,2020Q1,338,0.6045,3.769,15.7
33765,2020Q2,293,0.5890,3.573,16.4
33765,2020Q3,351,0.5892,3.801,17.7
33765,2020Q4,349,0.4932,3.602,20.9
33765,2021Q1,318,0.5593,3.682,17.9
33765,2021Q2,378,0.4988,3.529,22.0
33765,2021Q3,338,0.4822,3.521,23.1
33765,2021Q4,289,0.4076,3.478,28.7
33767,2012Q1,178,0.7252,3.579,10.1
33767,2012Q2,220,0.6668,3.586,12.3
33767,2012Q3,249,0.7062,3.554,10.4
33767,2012Q4,161,0.7004,3.665,11.8
33767,2013Q1,262,0.6900,3.779,10.3
33767,2013Q2,363,0.7250,3.656,9.9
33767,2013Q3,417,0.6997,3.659,9.8
33767,2013Q4,304,0.6957,3.717,11.8
33767,2014Q1,416,0.7005,3.736,10.1
33767,2014Q2,557,0.6803,3.691,11.1
33767,2014Q3,527,0.7210,3.674,9.1
33767,2014Q4,434,0.6864,3.700,11.5
33767,2015Q1,719,0.6742,3.680,12.0
33767,2015Q2,917,0.6742,3.768,12.4
33767,2015Q3,950,0.6771,3.832,12.6
33767,2015Q4,670,0.7075,3.794,10.7
33767,2016Q1,884,0.6827,3.775,11.7
33767,2016Q2,1199,0.6834,3.813,12.2
33767,2016Q3,944,0.6544,3.740,13.7
33767,2016Q4,727,0.6808,3.754,12.8
33767,2017Q1,1049,0.7024,3.930,9.5
33767,2017Q2,1541,0.6902,3.897,11.4
33767,2017Q3,1276,0.6843,3.817,12.1
33767,2017Q4,1052,0.7143,3.950,10.6
33767,2018Q1,1385,0.6743,3.861,12.6
33767,2018Q2,1895,0.6943,3.930,11.1
33767,2018Q3,1775,0.6570,3.877,13.1
33767,2018Q4,1097,0.7222,4.030,10.0
33767,2019Q1,1490,0.6963,3.981,11.9
33767,2019Q2,1946,0.7116,3.956,10.2
33767,2019Q3,1620,0.6978,3.980,11.0
33767,2019Q4,1070,0.7125,3.932,9.8
33767,2020Q1,1136,0.7044,4.007,11.4
33767,2020Q2,649,0.6202,3.784,15.3
33767,2020Q3,1022,0.6498,3.910,13.8
33767,2020Q4,870,0.6927,3.993,12.0
33767,2021Q1,1063,0.6619,3.920,12.8
33767,2021Q2,1763,0.6216,3.818,15.3
33767,2021Q3,1156,0.6560,3.806,12.8
33767,2021Q4,849,0.6839,3.958,11.5
33769,2012Q1,1,0.4528,1.000,0.0
33769,2012Q4,1,0.9845,4.000,0.0
33769,2013Q1,3,-0.2415,1.667,66.7
33769,2013Q3,1,0.9121,4.000,0.0
33769,2013Q4,1,0.9795,4.000,0.0
33769,2014Q1,1,0.9915,3.000,0.0
33769,2014Q4,2,0.9589,5.000,0.0
33770,2012Q1,20,0.5918,3.950,20.0
33770,2012Q2,42,0.6190,3.667,19.0
33770,2012Q3,48,0.8006,3.875,6.2
33770,2012Q4,47,0.4929,3.489,21.3
33770,2013Q1,86,0.6195,3.767,12.8
33770,2013Q2,84,0.5702,3.548,20.2
33770,2013Q3,96,0.7525,3.875,7.3
33770,2013Q4,89,0.7164,3.764,9.0
33770,2014Q1,102,0.7186,4.010,9.8
33770,2014Q2,155,0.6794,3.903,11.0
33770,2014Q3,140,0.7049,3.957,10.7
33770,2014Q4,141,0.6954,3.872,11.3
33770,2015Q1,169,0.5608,3.604,18.3
33770,2015Q2,179,0.5723,3.721,17.9
33770,2015Q3,204,0.6737,3.779,12.3
33770,2015Q4,181,0.6293,3.751,14.9
33770,2016Q1,257,0.5808,3.661,17.1
33770,2016Q2,234,0.5984,3.833,17.5
33770,2016Q3,245,0.6082,3.804,15.9
33770,2016Q4,190,0.5886,3.695,17.4
33770,2017Q1,296,0.5795,3.723,18.9
33770,2017Q2,328,0.5846,3.771,16.8
33770,2017Q3,279,0.5995,3.627,17.2
33770,2017Q4,214,0.5553,3.673,18.7
33770,2018Q1,249,0.5854,3.582,15.3
33770,2018Q2,247,0.5729,3.717,16.6
33770,2018Q3,328,0.5680,3.625,17.4
33770,2018Q4,245,0.6136,3.718,15.9
33770,2019Q1,308,0.5563,3.578,18.8
33770,2019Q2,290,0.5924,3.759,16.6
33770,2019Q3,257,0.5827,3.805,16.3
33770,2019Q4,235,0.5089,3.604,22.6
33770,2020Q1,214,0.5360,3.551,21.5
33770,2020Q2,165,0.5835,3.752,17.0
33770,2020Q3,217,0.5597,3.728,18.4
33770,2020Q4,174,0.4633,3.494,24.7
33770,2021Q1,221,0.5176,3.421,22.2
33770,2021Q2,245,0.5721,3.653,18.0
33770,2021Q3,198,0.5429,3.692,19.7
33770,2021Q4,171,0.4440,3.515,25.7
33771,2012Q1,42,0.5764,3.500,16.7
33771,2012Q2,63,0.7140,3.762,9.5
33771,2012Q3,53,0.6118,3.925,11.3
33771,2012Q4,93,0.6828,3.645,11.8
33771,2013Q1,112,0.5186,3.366,19.6
33771,2013Q2,94,0.5258,3.553,19.1
33771,2013Q3,101,0.6465,3.782,13.9
33771,2013Q4,109,0.5906,3.587,16.5
33771,2014Q1,152,0.6126,3.559,14.5
33771,2014Q2,151,0.6351,3.596,13.9
33771,2014Q3,177,0.6184,3.582,15.3
33771,2014Q4,167,0.5942,3.443,16.2
33771,2015Q1,201,0.5034,3.264,20.9
33771,2015Q2,204,0.5521,3.637,19.1
33771,2015Q3,297,0.5900,3.680,16.5
33771,2015Q4,232,0.5871,3.672,15.9
33771,2016Q1,269,0.6073,3.803,17.8
33771,2016Q2,304,0.5554,3.635,19.1
33771,2016Q3,350,0.5914,3.594,18.3
33771,2016Q4,340,0.5906,3.841,15.3
33771,2017Q1,371,0.6059,3.817,15.1
33771,2017Q2,440,0.5994,3.636,16.1
33771,2017Q3,395,0.5712,3.646,17.2
33771,2017Q4,369,0.5490,3.585,19.2
33771,2018Q1,428,0.5261,3.530,21.3
33771,2018Q2,422,0.5756,3.671,16.8
33771,2018Q3,455,0.5839,3.800,16.5
33771,2018Q4,403,0.6026,3.839,16.1
33771,2019Q1,400,0.5251,3.667,21.0
33771,2019Q2,437,0.5673,3.780,18.5
33771,2019Q3,448,0.4618,3.326,23.7
33771,2019Q4,379,0.5147,3.533,23.0
33771,2020Q1,397,0.4943,3.458,20.7
33771,2020Q2,244,0.5106,3.545,20.5
33771,2020Q3,324,0.4461,3.525,26.5
33771,2020Q4,270,0.5310,3.737,21.1
33771,2021Q1,308,0.4491,3.429,22.4
33771,2021Q2,353,0.4176,3.337,26.9
33771,2021Q3,338,0.4302,3.314,25.7
33771,2021Q4,274,0.3730,3.226,28.8
33772,2012Q1,24,0.6869,4.167,12.5
33772,2012Q2,13,0.6594,4.000,15.4
33772,2012Q3,19,0.5610,3.632,15.8
33772,2012Q4,15,0.6337,4.467,6.7
33772,2013Q1,34,0.6824,4.176,8.8
33772,2013Q2,34,0.4603,3.206,23.5
33772,2013Q3,46,0.5630,4.000,19.6
33772,2013Q4,32,0.6970,3.844,9.4
33772,2014Q1,39,0.6053,3.436,15.4
33772,2014Q2,65,0.5885,3.708,18.5
33772,2014Q3,63,0.5361,3.524,19.0
33772,2014Q4,76,0.6324,3.934,15.8
33772,2015Q1,83,0.6628,3.940,15.7
33772,2015Q2,81,0.6445,3.901,12.3
33772,2015Q3,104,0.6702,3.952,11.5
33772,2015Q4,84,0.7181,3.667,10.7
33772,2016Q1,113,0.5317,3.752,23.0
33772,2016Q2,136,0.6203,3.787,14.0
33772,2016Q3,119,0.5126,3.563,21.8
33772,2016Q4,140,0.6320,3.964,13.6
33772,2017Q1,136,0.5595,3.713,19.9
33772,2017Q2,286,0.6237,3.510,14.7
33772,2017Q3,260,0.5533,3.608,19.2
33772,2017Q4,281,0.6004,3.680,15.3
33772,2018Q1,333,0.5741,3.544,16.5
33772,2018Q2,317,0.6099,3.700,15.1
33772,2018Q3,355,0.6330,3.690,13.2
33772,2018Q4,332,0.5977,3.801,17.5
33772,2019Q1,325,0.6005,3.754,16.6
33772,2019Q2,330,0.5249,3.670,19.4
33772,2019Q3,350,0.5816,3.740,18.0
33772,2019Q4,262,0.5015,3.473,21.0
33772,2020Q1,238,0.6194,3.832,15.1
33772,2020Q2,165,0.4615,3.497,26.1
33772,2020Q3,254,0.6166,3.823,16.5
33772,2020Q4,213,0.5390,3.606,19.7
33772,2021Q1,239,0.5321,3.623,18.0
33772,2021Q2,237,0.6283,3.979,16.5
33772,2021Q3,232,0.5163,3.638,21.6
33772,2021Q4,193,0.4937,3.513,21.8
33773,2012Q1,8,0.6763,3.625,12.5
33773,2012Q2,12,0.6871,4.417,8.3
33773,2012Q3,11,0.8938,4.545,0.0
33773,2012Q4,18,0.9343,4.222,0.0
33773,2013Q1,18,0.8312,4.333,5.6
33773,2013Q2,20,0.8555,4.300,5.0
33773,2013Q3,21,0.4970,3.429,23.8
33773,2013Q4,37,0.8008,4.081,5.4
33773,2014Q1,53,0.6203,3.849,13.2
33773,2014Q2,60,0.7137,3.883,11.7
33773,2014Q3,54,0.7041,4.093,13.0
33773,2014Q4,58,0.6649,4.086,10.3
33773,2015Q1,81,0.6847,3.877,12.3
33773,2015Q2,90,0.5784,3.633,18.9
33773,2015Q3,96,0.4013,3.396,28.1
33773,2015Q4,65,0.6547,4.092,15.4
33773,2016Q1,76,0.6140,3.868,14.5
33773,2016Q2,100,0.6026,3.830,17.0
33773,2016Q3,75,0.5633,3.693,20.0
33773,2016Q4,72,0.4086,3.667,26.4
33773,2017Q1,102,0.6275,3.735,15.7
33773,2017Q2,121,0.5318,3.537,19.0
33773,2017Q3,96,0.6150,3.781,14.6
33773,2017Q4,67,0.4855,3.597,22.4
33773,2018Q1,102,0.5905,3.971,13.7
33773,2018Q2,92,0.4923,3.576,21.7
33773,2018Q3,137,0.6731,4.073,13.9
33773,2018Q4,105,0.5653,3.981,19.0
33773,2019Q1,154,0.5131,3.675,20.8
33773,2019Q2,106,0.4889,3.377,22.6
33773,2019Q3,96,0.4832,3.375,25.0
33773,2019Q4,89,0.5913,3.674,16.9
33773,2020Q1,78,0.6131,4.013,14.1
33773,2020Q2,62,0.4773,3.645,21.0
33773,2020Q3,74,0.5540,3.446,17.6
33773,2020Q4,67,0.4688,3.701,22.4
33773,2021Q1,75,0.4076,3.187,28.0
33773,2021Q2,60,0.3105,3.350,33.3
33773,2021Q3,66,0.3402,3.485,31.8
33773,2021Q4,64,0.3954,3.359,28.1
33774,2012Q1,7,0.7209,4.000,14.3
33774,2012Q2,15,0.5383,3.400,20.0
33774,2012Q3,15,0.7949,4.067,0.0
33774,2012Q4,16,0.5605,3.750,18.8
33774,2013Q1,26,0.5901,3.615,19.2
33774,2013Q2,25,0.7331,4.040,8.0
33774,2013Q3,39,0.5277,3.769,23.1
33774,2013Q4,32,0.7599,3.875,6.2
33774,2014Q1,43,0.7219,3.977,9.3
33774,2014Q2,44,0.6354,3.795,15.9
33774,2014Q3,68,0.5255,3.485,20.6
33774,2014Q4,56,0.5442,3.714,21.4
33774,2015Q1,77,0.6173,3.909,14.3
33774,2015Q2,107,0.6239,3.935,14.0
33774,2015Q3,100,0.6210,3.710,16.0
33774,2015Q4,86,0.6484,3.814,14.0
33774,2016Q1,110,0.5521,3.727,20.9
33774,2016Q2,111,0.6070,3.775,16.2
33774,2016Q3,146,0.6831,4.062,11.6
33774,2016Q4,111,0.6436,3.802,13.5
33774,2017Q1,126,0.6917,3.992,11.1
33774,2017Q2,183,0.6520,3.918,13.7
33774,2017Q3,130,0.7104,4.008,7.7
33774,2017Q4,118,0.5927,3.941,16.9
33774,2018Q1,139,0.4873,3.532,23.7
33774,2018Q2,115,0.5956,3.696,15.7
33774,2018Q3,150,0.5259,3.693,21.3
33774,2018Q4,109,0.6031,3.789,15.6
33774,2019Q1,115,0.6560,3.904,13.0
33774,2019Q2,178,0.6357,3.809,12.9
33774,2019Q3,141,0.5656,3.801,17.0
33774,2019Q4,118,0.6590,4.068,15.3
33774,2020Q1,145,0.7541,4.117,7.6
33774,2020Q2,103,0.6804,3.971,12.6
33774,2020Q3,102,0.5670,3.637,18.6
33774,2020Q4,128,0.5423,3.711,21.9
33774,2021Q1,119,0.5316,3.807,20.2
33774,2021Q2,135,0.5723,4.074,20.7
33774,2021Q3,89,0.5333,3.820,20.2
33774,2021Q4,103,0.6736,4.049,10.7
33775,2012Q2,1,0.1539,5.000,0.0
33775,2014Q2,2,0.8233,5.000,0.0
33775,2016Q2,1,0.9618,5.000,0.0
33775,2016Q4,1,0.9829,5.000,0.0
33775,2017Q1,2,0.9543,5.000,0.0
33775,2017Q4,1,0.9666,5.000,0.0
33775,2018Q4,1,0.9709,5.000,0.0
33775,2019Q1,1,0.8479,5.000,0.0
33775,2019Q2,1,-0.2919,5.000,100.0
33775,2019Q3,1,0.9914,5.000,0.0
33775,2020Q2,2,0.9576,5.000,0.0
33775,2020Q4,1,0.9545,5.000,0.0
33775,2021Q2,1,0.9768,5.000,0.0
33776,2012Q1,4,0.4422,3.500,25.0
33776,2012Q2,3,-0.2080,2.333,66.7
33776,2012Q3,3,0.5024,3.333,33.3
33776,2012Q4,8,0.5713,3.625,25.0
33776,2013Q1,8,0.6650,3.500,12.5
33776,2013Q2,4,0.6601,4.500,25.0
33776,2013Q3,5,0.6562,4.000,20.0
33776,2013Q4,12,0.7911,3.667,8.3
33776,2014Q1,21,0.7877,4.143,4.8
33776,2014Q2,21,0.3430,3.238,33.3
33776,2014Q3,12,0.6923,3.750,16.7
33776,2014Q4,17,0.6887,3.882,11.8
33776,2015Q1,15,0.6865,3.800,6.7
33776,2015Q2,30,0.6610,3.900,10.0
33776,2015Q3,19,0.8230,4.684,5.3
33776,2015Q4,45,0.6480,3.867,15.6
33776,2016Q1,34,0.4839,3.324,26.5
33776,2016Q2,26,0.4446,3.538,26.9
33776,2016Q3,39,0.4464,3.487,25.6
33776,2016Q4,25,0.6354,3.560,20.0
33776,2017Q1,47,0.6989,3.979,10.6
33776,2017Q2,39,0.7397,3.744,7.7
33776,2017Q3,36,0.7246,4.222,8.3
33776,2017Q4,38,0.6881,4.000,13.2
33776,2018Q1,45,0.7280,3.978,8.9
33776,2018Q2,42,0.6453,3.786,16.7
33776,2018Q3,59,0.6664,4.000,13.6
33776,2018Q4,36,0.4925,3.306,25.0
33776,2019Q1,51,0.6284,4.039,13.7
33776,2019Q2,53,0.6186,3.981,17.0
33776,2019Q3,54,0.7455,3.926,9.3
33776,2019Q4,47,0.5841,3.340,14.9
33776,2020Q1,29,0.5087,3.000,24.1
33776,2020Q2,37,0.5381,3.541,21.6
33776,2020Q3,42,0.7063,4.095,9.5
33776,2020Q4,29,0.6790,3.931,13.8
33776,2021Q1,42,0.5821,3.690,21.4
33776,2021Q2,43,0.3762,3.442,25.6
33776,2021Q3,34,0.6095,4.147,14.7
33776,2021Q4,28,0.3783,3.679,25.0
33777,2012Q1,7,0.7211,3.571,14.3
33777,2012Q2,14,0.8039,4.143,7.1
33777,2012Q3,15,0.7415,4.200,6.7
33777,2012Q4,16,0.5018,3.812,31.2
33777,2013Q1,24,0.5905,3.917,16.7
33777,2013Q2,22,0.6475,3.545,13.6
33777,2013Q3,37,0.7469,3.946,8.1
33777,2013Q4,20,0.6959,4.250,15.0
33777,2014Q1,39,0.7590,4.051,7.7
33777,2014Q2,45,0.5788,3.711,15.6
33777,2014Q3,43,0.6930,4.163,9.3
33777,2014Q4,55,0.5870,3.855,12.7
33777,2015Q1,55,0.6272,3.873,12.7
33777,2015Q2,62,0.6569,3.677,12.9
33777,2015Q3,70,0.6916,3.943,11.4
33777,2015Q4,59,0.6155,3.864,16.9
33777,2016Q1,69,0.5290,3.478,21.7
33777,2016Q2,75,0.6484,3.933,13.3
33777,2016Q3,84,0.5256,3.595,20.2
33777,2016Q4,49,0.5936,3.837,18.4
33777,2017Q1,65,0.5248,3.538,18.5
33777,2017Q2,84,0.5269,3.560,17.9
33777,2017Q3,74,0.7553,3.905,8.1
33777,2017Q4,61,0.5836,3.541,16.4
33777,2018Q1,103,0.5376,3.699,22.3
33777,2018Q2,67,0.4369,3.343,26.9
33777,2018Q3,81,0.5261,3.667,21.0
33777,2018Q4,86,0.4236,3.233,26.7
33777,2019Q1,72,0.6001,3.833,18.1
33777,2019Q2,78,0.4676,3.500,23.1
33777,2019Q3,92,0.5624,3.989,19.6
33777,2019Q4,65,0.5762,3.769,20.0
33777,2020Q1,56,0.4849,3.839,21.4
33777,2020Q2,50,0.4026,2.980,26.0
33777,2020Q3,61,0.4911,3.426,24.6
33777,2020Q4,65,0.5673,3.692,15.4
33777,2021Q1,41,0.4412,3.293,26.8
33777,2021Q2,46,0.4943,3.130,19.6
33777,2021Q3,57,0.4234,3.491,24.6
33777,2021Q4,81,0.3218,3.309,32.1
33778,2012Q1,5,0.7951,3.600,0.0
33778,2012Q2,9,0.7445,4.111,0.0
33778,2012Q3,9,0.7319,3.556,0.0
33778,2012Q4,11,0.5477,3.818,18.2
33778,2013Q1,18,0.6952,3.222,11.1
33778,2013Q2,15,0.6352,3.400,13.3
33778,2013Q3,20,0.8579,4.000,0.0
33778,2013Q4,21,0.4224,3.286,28.6
33778,2014Q1,25,0.7783,3.520,4.0
33778,2014Q2,36,0.6644,4.000,8.3
33778,2014Q3,42,0.6076,3.595,19.0
33778,2014Q4,43,0.5602,3.698,16.3
33778,2015Q1,59,0.6420,3.458,11.9
33778,2015Q2,78,0.7084,3.974,10.3
33778,2015Q3,90,0.6581,3.933,14.4
33778,2015Q4,108,0.6340,3.694,14.8
33778,2016Q1,80,0.6911,3.775,10.0
33778,2016Q2,104,0.6414,3.885,14.4
33778,2016Q3,87,0.4010,3.609,25.3
33778,2016Q4,97,0.5880,3.784,19.6
33778,2017Q1,110,0.5422,3.391,17.3
33778,2017Q2,104,0.5464,3.808,19.2
33778,2017Q3,111,0.6113,3.712,17.1
33778,2017Q4,113,0.6374,3.850,15.9
33778,2018Q1,172,0.5701,3.884,16.9
33778,2018Q2,154,0.6294,3.994,14.9
33778,2018Q3,180,0.6349,3.933,14.4
33778,2018Q4,183,0.6681,3.995,14.8
33778,2019Q1,180,0.6816,4.011,11.7
33778,2019Q2,168,0.6729,4.006,11.9
33778,2019Q3,173,0.6344,4.081,15.6
33778,2019Q4,137,0.6991,4.022,10.2
33778,2020Q1,138,0.6042,3.790,16.7
33778,2020Q2,100,0.6656,3.960,12.0
33778,2020Q3,125,0.6612,3.904,12.0
33778,2020Q4,102,0.5278,3.853,18.6
33778,2021Q1,104,0.5358,3.644,19.2
33778,2021Q2,106,0.6378,4.208,13.2
33778,2021Q3,146,0.6011,3.726,15.1
33778,2021Q4,97,0.5137,3.784,21.6
33779,2016Q4,1,0.4570,5.000,0.0
33779,2017Q4,1,0.9543,5.000,0.0
33779,2018Q1,1,0.2023,5.000,0.0
33779,2018Q3,1,0.7579,5.000,0.0
33779,2018Q4,1,0.9022,5.000,0.0
33779,2020Q1,1,0.9631,5.000,0.0
33781,2012Q1,65,0.7792,3.769,6.2
33781,2012Q2,127,0.5635,3.449,16.5
33781,2012Q3,109,0.6749,3.725,11.0
33781,2012Q4,128,0.7236,3.859,8.6
33781,2013Q1,149,0.6723,3.799,11.4
33781,2013Q2,171,0.6894,3.673,9.4
33781,2013Q3,222,0.6736,3.748,12.6
33781,2013Q4,200,0.6131,3.585,15.0
33781,2014Q1,243,0.7247,3.864,9.5
33781,2014Q2,307,0.6325,3.694,13.4
33781,2014Q3,326,0.6446,3.709,14.7
33781,2014Q4,335,0.5931,3.690,17.3
33781,2015Q1,395,0.6091,3.653,17.0
33781,2015Q2,418,0.5564,3.567,20.1
33781,2015Q3,477,0.6782,3.717,11.1
33781,2015Q4,417,0.6300,3.734,15.1
33781,2016Q1,483,0.6641,3.857,11.8
33781,2016Q2,479,0.6116,3.666,14.4
33781,2016Q3,445,0.5515,3.591,18.9
33781,2016Q4,353,0.5473,3.612,18.7
33781,2017Q1,462,0.5350,3.556,20.3
33781,2017Q2,536,0.5401,3.668,18.8
33781,2017Q3,487,0.5722,3.585,18.1
33781,2017Q4,383,0.5648,3.632,17.0
33781,2018Q1,498,0.5221,3.550,20.9
33781,2018Q2,477,0.5264,3.528,20.8
33781,2018Q3,490,0.5911,3.841,16.3
33781,2018Q4,401,0.5844,3.773,17.2
33781,2019Q1,560,0.5636,3.727,18.8
33781,2019Q2,568,0.5548,3.665,18.8
33781,2019Q3,582,0.5768,3.718,17.0
33781,2019Q4,505,0.6183,3.848,16.0
33781,2020Q1,502,0.5242,3.625,19.5
33781,2020Q2,291,0.5027,3.519,19.2
33781,2020Q3,365,0.4889,3.501,21.9
33781,2020Q4,355,0.5524,3.704,19.2
33781,2021Q1,384,0.4798,3.438,25.3
33781,2021Q2,413,0.4162,3.346,26.9
33781,2021Q3,424,0.4601,3.283,22.9
33781,2021Q4,356,0.4931,3.492,22.5
33782,2012Q1,9,0.7281,3.889,11.1
33782,2012Q2,13,0.6560,4.077,15.4
33782,2012Q3,18,0.5714,3.389,22.2
33782,2012Q4,9,0.6940,3.111,11.1
33782,2013Q1,30,0.8023,4.067,3.3
33782,2013Q2,20,0.7249,3.200,10.0
33782,2013Q3,23,0.3492,3.174,30.4
33782,2013Q4,28,0.6944,3.893,14.3
33782,2014Q1,32,0.8351,4.344,6.2
33782,2014Q2,42,0.7622,3.810,4.8
33782,2014Q3,43,0.7849,3.930,7.0
33782,2014Q4,45,0.7920,4.022,4.4
33782,2015Q1,53,0.6555,3.792,13.2
33782,2015Q2,62,0.6680,3.887,14.5
33782,2015Q3,78,0.6858,4.103,12.8
33782,2015Q4,69,0.7113,4.072,10.1
33782,2016Q1,111,0.8135,4.315,4.5
33782,2016Q2,108,0.6543,4.120,13.0
33782,2016Q3,89,0.5660,3.528,15.7
33782,2016Q4,68,0.6186,3.809,17.6
33782,2017Q1,66,0.4578,3.591,24.2
33782,2017Q2,109,0.6442,3.780,14.7
33782,2017Q3,91,0.4846,3.637,23.1
33782,2017Q4,100,0.7148,4.160,9.0
33782,2018Q1,109,0.6271,3.844,14.7
33782,2018Q2,118,0.5061,3.797,22.9
33782,2018Q3,122,0.6260,4.000,14.8
33782,2018Q4,103,0.5038,3.660,23.3
33782,2019Q1,90,0.5871,3.844,16.7
33782,2019Q2,127,0.5722,3.717,18.1
33782,2019Q3,106,0.5858,3.821,17.0
33782,2019Q4,104,0.4140,3.385,26.9
33782,2020Q1,95,0.4130,3.474,25.3
33782,2020Q2,67,0.3956,3.567,29.9
33782,2020Q3,79,0.4452,3.380,26.6
33782,2020Q4,77,0.6530,3.870,14.3
33782,2021Q1,80,0.4660,3.725,21.2
33782,2021Q2,75,0.3931,3.427,26.7
33782,2021Q3,70,0.4325,3.500,24.3
33782,2021Q4,65,0.4915,3.708,21.5
33785,2012Q1,64,0.6694,3.688,14.1
33785,2012Q2,98,0.6977,3.786,10.2
33785,2012Q3,113,0.7029,3.681,9.7
33785,2012Q4,62,0.6650,3.968,12.9
33785,2013Q1,107,0.6553,3.673,13.1
33785,2013Q2,132,0.7204,3.720,6.8
33785,2013Q3,177,0.7358,4.017,9.0
33785,2013Q4,137,0.6776,3.832,13.1
33785,2014Q1,189,0.7511,4.085,9.5
33785,2014Q2,252,0.6978,3.845,12.7
33785,2014Q3,269,0.7320,3.862,10.8
33785,2014Q4,204,0.7892,4.132,6.4
33785,2015Q1,290,0.7077,3.931,10.0
33785,2015Q2,408,0.7545,3.993,7.8
33785,2015Q3,435,0.7530,4.057,6.2
33785,2015Q4,313,0.7422,4.070,8.9
33785,2016Q1,348,0.7367,3.989,8.6
33785,2016Q2,433,0.7540,3.942,8.3
33785,2016Q3,430,0.7492,4.040,7.4
33785,2016Q4,241,0.7304,3.963,7.9
33785,2017Q1,373,0.6923,3.850,10.5
33785,2017Q2,499,0.7212,3.956,9.0
33785,2017Q3,396,0.7214,4.063,9.8
33785,2017Q4,336,0.7526,4.098,7.7
33785,2018Q1,399,0.6843,3.940,12.3
33785,2018Q2,483,0.7285,4.077,10.6
33785,2018Q3,524,0.7047,3.971,10.1
33785,2018Q4,335,0.7234,4.042,8.4
33785,2019Q1,491,0.7289,4.081,9.4
33785,2019Q2,650,0.7143,4.031,10.9
33785,2019Q3,577,0.7499,4.154,8.3
33785,2019Q4,343,0.7404,4.152,9.0
33785,2020Q1,401,0.7348,4.190,10.0
33785,2020Q2,269,0.6815,4.019,12.3
33785,2020Q3,415,0.7542,4.195,7.5
33785,2020Q4,340,0.7119,4.121,9.4
33785,2021Q1,390,0.6593,3.923,13.8
33785,2021Q2,573,0.6769,3.930,13.1
33785,2021Q3,389,0.6956,3.995,11.1
33785,2021Q4,319,0.7215,4.132,8.5
33786,2013Q1,1,0.9714,5.000,0.0
33786,2013Q2,1,0.9191,5.000,0.0
33786,2013Q4,2,0.9200,4.500,0.0
33786,2014Q1,1,-0.9502,1.000,100.0
33786,2014Q2,5,0.6187,4.600,20.0
33786,2014Q3,1,0.9213,1.000,0.0
33786,2014Q4,1,0.6158,4.000,0.0
33786,2015Q2,1,0.3536,1.000,0.0
33786,2015Q3,2,0.3224,2.000,50.0
33786,2015Q4,2,0.5967,4.500,0.0
33786,2016Q1,1,0.9920,5.000,0.0
33786,2016Q2,1,-0.0900,4.000,100.0
33786,2016Q3,5,0.4345,4.800,20.0
33786,2016Q4,4,0.7682,3.000,0.0
33786,2017Q1,1,0.8625,5.000,0.0
33786,2017Q2,3,0.4357,3.667,33.3
33786,2017Q3,1,0.9913,5.000,0.0
33786,2017Q4,1,0.9652,5.000,0.0
33786,2018Q1,2,0.5410,4.000,0.0
33786,2018Q2,1,0.9640,5.000,0.0
33786,2018Q3,1,0.9336,5.000,0.0
33786,2019Q1,2,0.9309,5.000,0.0
33786,2019Q3,1,0.6029,3.000,0.0
33786,2019Q4,1,-0.2254,2.000,100.0
33786,2020Q1,1,0.9913,4.000,0.0
33786,2020Q3,2,-0.0287,2.500,50.0
33786,2020Q4,2,0.7092,4.500,0.0
33786,2021Q1,1,0.9805,3.000,0.0
33786,2021Q4,1,-0.9424,2.000,100.0
37201,2012Q1,180,0.6967,3.406,11.1
37201,2012Q2,200,0.6667,3.605,14.0
37201,2012Q3,264,0.7239,3.633,9.8
37201,2012Q4,259,0.7055,3.676,8.9
37201,2013Q1,282,0.7913,3.780,5.0
37201,2013Q2,371,0.7130,3.744,10.0
37201,2013Q3,394,0.7279,3.746,8.6
37201,2013Q4,391,0.6764,3.614,13.6
37201,2014Q1,359,0.7020,3.682,10.9
37201,2014Q2,609,0.7162,3.724,10.0
37201,2014Q3,637,0.6950,3.653,11.8
37201,2014Q4,579,0.6747,3.694,13.0
37201,2015Q1,595,0.7067,3.765,10.1
37201,2015Q2,838,0.7290,3.847,9.3
37201,2015Q3,1004,0.6942,3.870,11.7
37201,2015Q4,846,0.7009,3.895,10.9
37201,2016Q1,917,0.7309,3.906,9.8
37201,2016Q2,1189,0.7284,3.927,9.1
37201,2016Q3,1139,0.7050,3.886,10.8
37201,2016Q4,943,0.6875,3.885,12.2
37201,2017Q1,1066,0.6874,3.854,11.3
37201,2017Q2,1505,0.6671,3.759,12.5
37201,2017Q3,1565,0.6867,3.829,10.8
37201,2017Q4,1231,0.6816,3.825,12.3
37201,2018Q1,1394,0.7167,3.951,10.3
37201,2018Q2,1909,0.6764,3.834,12.8
37201,2018Q3,2076,0.6689,3.806,12.6
37201,2018Q4,1714,0.6480,3.698,13.9
37201,2019Q1,1715,0.6918,3.855,11.7
37201,2019Q2,2200,0.6491,3.798,13.4
37201,2019Q3,2104,0.6691,3.865,12.7
37201,2019Q4,1536,0.6474,3.766,13.8
37201,2020Q1,1337,0.6932,3.915,11.5
37201,2020Q2,264,0.7293,4.072,9.8
37201,2020Q3,665,0.6935,3.980,12.3
37201,2020Q4,861,0.6636,3.942,13.2
37201,2021Q1,738,0.6716,3.905,11.9
37201,2021Q2,1395,0.6759,3.926,12.2
37201,2021Q3,1408,0.6274,3.761,15.1
37201,2021Q4,1068,0.6314,3.790,14.9
37202,2012Q3,1,-0.9424,5.000,100.0
37202,2013Q1,1,0.6249,1.000,0.0
37202,2015Q1,1,0.8398,3.000,0.0
37202,2017Q2,1,-0.8658,1.000,100.0
37202,2018Q1,2,0.7559,3.000,0.0
37202,2018Q3,1,0.9794,5.000,0.0
37202,2020Q2,1,0.8741,5.000,0.0
37202,2020Q4,1,0.8459,5.000,0.0
37202,2021Q1,2,-0.7478,1.000,100.0
37202,2021Q2,4,-0.0085,1.750,50.0
37202,2021Q3,3,-0.6733,1.333,100.0
37202,2021Q4,4,-0.7041,1.000,100.0
37203,2012Q1,993,0.7705,3.765,7.9
37203,2012Q2,929,0.7508,3.712,8.2
37203,2012Q3,1103,0.7349,3.807,9.4
37203,2012Q4,1057,0.7567,3.840,7.8
37203,2013Q1,1214,0.7436,3.722,9.2
37203,2013Q2,1268,0.7254,3.697,9.8
37203,2013Q3,1412,0.7225,3.769,9.3
37203,2013Q4,1406,0.7136,3.779,10.5
37203,2014Q1,1738,0.7317,3.768,9.6
37203,2014Q2,2089,0.7156,3.775,10.5
37203,2014Q3,2028,0.7295,3.845,9.4
37203,2014Q4,2026,0.7249,3.859,9.8
37203,2015Q1,2455,0.7401,3.916,8.6
37203,2015Q2,2910,0.7217,3.897,9.7
37203,2015Q3,3110,0.7150,3.936,10.2
37203,2015Q4,2572,0.7117,3.942,10.2
37203,2016Q1,3015,0.7111,3.893,10.4
37203,2016Q2,3101,0.7067,3.907,10.4
37203,2016Q3,3143,0.6982,3.894,10.9
37203,2016Q4,2659,0.6956,3.897,11.1
37203,2017Q1,2972,0.7098,3.953,10.1
37203,2017Q2,3573,0.6739,3.860,11.7
37203,2017Q3,3884,0.6998,3.889,10.7
37203,2017Q4,3317,0.6843,3.877,11.8
37203,2018Q1,3694,0.7041,3.965,10.7
37203,2018Q2,4472,0.6979,3.934,11.1
37203,2018Q3,4640,0.6818,3.862,12.3
37203,2018Q4,3929,0.6834,3.874,12.3
37203,2019Q1,4140,0.6908,3.929,12.1
37203,2019Q2,4616,0.6784,3.887,12.5
37203,2019Q3,4808,0.6794,3.914,12.4
37203,2019Q4,3841,0.6740,3.880,12.6
37203,2020Q1,3165,0.6947,3.905,11.5
37203,2020Q2,981,0.6588,3.900,13.6
37203,2020Q3,2061,0.6673,3.895,12.6
37203,2020Q4,2114,0.6777,3.945,12.0
37203,2021Q1,2194,0.6538,3.894,13.7
37203,2021Q2,3444,0.6510,3.831,13.9
37203,2021Q3,3553,0.6405,3.798,13.9
37203,2021Q4,3147,0.6426,3.807,14.3
37204,2012Q1,323,0.7521,3.793,9.6
37204,2012Q2,292,0.7636,3.740,6.8
37204,2012Q3,304,0.7421,3.704,8.6
37204,2012Q4,307,0.7369,3.762,9.1
37204,2013Q1,380,0.7446,3.861,8.7
37204,2013Q2,378,0.7206,3.571,9.5
37204,2013Q3,404,0.6836,3.785,11.9
37204,2013Q4,385,0.7576,3.940,7.5
37204,2014Q1,498,0.7429,3.833,8.8
37204,2014Q2,544,0.7429,3.976,9.0
37204,2014Q3,717,0.7088,3.794,10.9
37204,2014Q4,686,0.7081,3.867,10.9
37204,2015Q1,740,0.7175,3.843,10.0
37204,2015Q2,734,0.6945,3.898,10.9
37204,2015Q3,797,0.6704,3.811,12.0
37204,2015Q4,742,0.7051,3.926,10.0
37204,2016Q1,903,0.7016,3.798,11.5
37204,2016Q2,1009,0.7137,3.909,10.2
37204,2016Q3,966,0.6810,3.929,12.2
37204,2016Q4,783,0.6689,3.837,13.3
37204,2017Q1,778,0.6928,3.965,11.3
37204,2017Q2,893,0.6976,3.895,11.2
37204,2017Q3,1029,0.7136,3.944,10.4
37204,2017Q4,889,0.6828,3.943,11.7
37204,2018Q1,926,0.7063,3.987,11.0
37204,2018Q2,1057,0.6738,3.987,12.6
37204,2018Q3,1195,0.6967,3.981,10.7
37204,2018Q4,951,0.7130,4.008,11.1
37204,2019Q1,1008,0.7012,3.976,11.1
37204,2019Q2,1180,0.7029,3.986,10.8
37204,2019Q3,1188,0.6907,3.965,11.6
37204,2019Q4,907,0.6539,3.904,13.3
37204,2020Q1,783,0.6524,3.816,13.4
37204,2020Q2,408,0.6194,3.831,15.7
37204,2020Q3,662,0.6408,3.946,15.0
37204,2020Q4,618,0.6460,3.977,14.6
37204,2021Q1,571,0.6498,3.914,13.3
37204,2021Q2,746,0.6251,3.828,15.4
37204,2021Q3,819,0.5824,3.773,18.3
37204,2021Q4,637,0.5958,3.786,18.4
37205,2012Q1,122,0.7309,3.689,9.8
37205,2012Q2,88,0.6931,3.557,12.5
37205,2012Q3,104,0.7647,4.000,7.7
37205,2012Q4,110,0.8052,3.909,4.5
37205,2013Q1,131,0.7044,3.672,11.5
37205,2013Q2,129,0.7329,3.636,10.1
37205,2013Q3,145,0.7165,3.621,9.0
37205,2013Q4,110,0.6778,3.827,13.6
37205,2014Q1,138,0.7291,3.725,8.0
37205,2014Q2,147,0.7335,3.878,9.5
37205,2014Q3,147,0.6876,3.850,14.3
37205,2014Q4,146,0.6693,3.808,13.0
37205,2015Q1,187,0.6194,3.610,15.5
37205,2015Q2,219,0.6178,3.584,16.0
37205,2015Q3,195,0.6655,3.841,11.8
37205,2015Q4,210,0.5939,3.605,17.6
37205,2016Q1,238,0.6364,3.697,13.9
37205,2016Q2,233,0.6045,3.678,16.3
37205,2016Q3,227,0.6050,3.652,17.6
37205,2016Q4,220,0.6332,3.600,15.9
37205,2017Q1,197,0.6722,3.797,11.2
37205,2017Q2,209,0.5807,3.651,17.2
37205,2017Q3,237,0.6439,3.954,14.3
37205,2017Q4,212,0.5913,3.608,17.0
37205,2018Q1,218,0.6440,3.711,13.8
37205,2018Q2,224,0.6165,3.710,15.2
37205,2018Q3,293,0.6302,3.881,15.4
37205,2018Q4,225,0.5600,3.707,19.1
37205,2019Q1,271,0.5646,3.657,19.6
37205,2019Q2,257,0.5066,3.428,20.6
37205,2019Q3,261,0.6462,3.927,14.6
37205,2019Q4,281,0.5652,3.633,17.8
37205,2020Q1,201,0.5408,3.478,18.9
37205,2020Q2,117,0.5526,3.444,17.9
37205,2020Q3,171,0.6359,3.924,16.4
37205,2020Q4,182,0.6786,3.918,11.0
37205,2021Q1,214,0.6591,3.883,14.5
37205,2021Q2,209,0.5471,3.684,18.2
37205,2021Q3,215,0.5229,3.567,21.4
37205,2021Q4,183,0.5200,3.464,20.2
37206,2012Q1,457,0.8243,3.958,5.3
37206,2012Q2,457,0.7766,3.932,7.9
37206,2012Q3,492,0.7829,3.974,7.3
37206,2012Q4,362,0.7997,3.945,6.6
37206,2013Q1,567,0.8180,3.894,5.6
37206,2013Q2,475,0.7916,3.869,6.7
37206,2013Q3,607,0.7682,3.995,8.4
37206,2013Q4,584,0.8060,4.122,5.5
37206,2014Q1,761,0.8020,4.050,6.2
37206,2014Q2,943,0.8064,4.076,5.6
37206,2014Q3,894,0.7869,4.087,6.0
37206,2014Q4,864,0.7588,4.075,7.6
37206,2015Q1,1063,0.7792,4.085,6.7
37206,2015Q2,1015,0.7588,4.103,7.9
37206,2015Q3,1257,0.7413,4.053,8.0
37206,2015Q4,940,0.7640,4.128,7.3
37206,2016Q1,1099,0.7488,4.116,7.6
37206,2016Q2,1212,0.7373,4.059,7.8
37206,2016Q3,1083,0.7190,4.019,10.2
37206,2016Q4,996,0.7611,4.096,7.4
37206,2017Q1,955,0.7089,4.010,10.2
37206,2017Q2,1210,0.7286,4.088,9.5
37206,2017Q3,1379,0.7270,4.022,9.8
37206,2017Q4,1019,0.7295,4.068,9.5
37206,2018Q1,1148,0.7749,4.156,6.7
37206,2018Q2,1283,0.7605,4.198,8.3
37206,2018Q3,1385,0.7737,4.119,6.6
37206,2018Q4,1109,0.7447,4.126,8.4
37206,2019Q1,1240,0.7181,4.043,10.2
37206,2019Q2,1345,0.7541,4.118,8.3
37206,2019Q3,1382,0.7504,4.118,8.2
37206,2019Q4,1182,0.7487,4.168,7.8
37206,2020Q1,945,0.7508,4.225,8.6
37206,2020Q2,355,0.7756,4.369,5.9
37206,2020Q3,660,0.7419,4.288,8.6
37206,2020Q4,752,0.7236,4.173,10.0
37206,2021Q1,736,0.6859,4.050,12.6
37206,2021Q2,979,0.6988,4.065,10.6
37206,2021Q3,953,0.6902,3.985,11.4
37206,2021Q4,805,0.6780,3.985,11.9
37207,2012Q1,43,0.6864,3.558,7.0
37207,2012Q2,58,0.6050,3.690,17.2
37207,2012Q3,55,0.7088,3.782,9.1
37207,2012Q4,50,0.6384,3.440,12.0
37207,2013Q1,58,0.7085,3.810,12.1
37207,2013Q2,77,0.7165,3.714,10.4
37207,2013Q3,88,0.6565,3.727,14.8
37207,2013Q4,63,0.4637,3.603,20.6
37207,2014Q1,78,0.6093,3.654,14.1
37207,2014Q2,126,0.5857,3.413,15.9
37207,2014Q3,112,0.6188,3.714,16.1
37207,2014Q4,89,0.5277,3.652,20.2
37207,2015Q1,110,0.6205,3.782,12.7
37207,2015Q2,126,0.4493,3.548,25.4
37207,2015Q3,124,0.5958,3.516,14.5
37207,2015Q4,136,0.4482,3.390,22.8
37207,2016Q1,152,0.6023,3.776,15.1
37207,2016Q2,185,0.5655,3.519,18.9
37207,2016Q3,223,0.4669,3.578,23.8
37207,2016Q4,155,0.6083,3.639,14.8
37207,2017Q1,163,0.5051,3.528,20.9
37207,2017Q2,220,0.3514,3.164,32.3
37207,2017Q3,204,0.4100,3.422,26.5
37207,2017Q4,185,0.5651,3.416,17.8
37207,2018Q1,215,0.5577,3.609,19.1
37207,2018Q2,300,0.5823,3.733,17.3
37207,2018Q3,306,0.5681,3.582,19.0
37207,2018Q4,253,0.5783,3.617,17.8
37207,2019Q1,240,0.5258,3.617,21.2
37207,2019Q2,277,0.5484,3.708,20.9
37207,2019Q3,323,0.5553,3.601,18.6
37207,2019Q4,230,0.5512,3.648,21.3
37207,2020Q1,195,0.5576,3.738,20.5
37207,2020Q2,155,0.5246,3.626,21.3
37207,2020Q3,173,0.6586,4.069,12.1
37207,2020Q4,165,0.6105,3.927,14.5
37207,2021Q1,141,0.5795,3.950,19.9
37207,2021Q2,207,0.5271,3.647,20.3
37207,2021Q3,222,0.4553,3.482,26.6
37207,2021Q4,162,0.4853,3.327,20.4
37208,2012Q1,128,0.8288,4.078,6.2
37208,2012Q2,118,0.8208,4.212,3.4
37208,2012Q3,152,0.8297,4.171,5.3
37208,2012Q4,159,0.8189,4.176,5.0
37208,2013Q1,264,0.7528,4.076,9.8
37208,2013Q2,231,0.8014,3.853,6.1
37208,2013Q3,222,0.7575,4.122,8.1
37208,2013Q4,173,0.7717,3.977,5.2
37208,2014Q1,225,0.7973,4.120,6.7
37208,2014Q2,309,0.7901,4.129,6.8
37208,2014Q3,296,0.7816,4.135,7.4
37208,2014Q4,282,0.7722,4.156,7.4
37208,2015Q1,304,0.7951,4.191,5.3
37208,2015Q2,491,0.7618,4.008,8.4
37208,2015Q3,498,0.7824,4.028,5.8
37208,2015Q4,389,0.7870,4.165,6.7
37208,2016Q1,494,0.8266,4.332,5.3
37208,2016Q2,531,0.7458,4.036,8.7
37208,2016Q3,508,0.7734,4.140,7.3
37208,2016Q4,401,0.8079,4.190,5.0
37208,2017Q1,561,0.7738,4.155,8.0
37208,2017Q2,733,0.7796,4.186,6.5
37208,2017Q3,669,0.7638,4.193,7.9
37208,2017Q4,534,0.7585,4.197,8.4
37208,2018Q1,609,0.7739,4.187,7.9
37208,2018Q2,765,0.7466,4.044,8.9
37208,2018Q3,839,0.7666,4.155,7.7
37208,2018Q4,701,0.7551,4.123,8.6
37208,2019Q1,806,0.7750,4.177,6.9
37208,2019Q2,912,0.7588,4.152,8.0
37208,2019Q3,982,0.7442,4.104,9.0
37208,2019Q4,685,0.7570,4.182,9.2
37208,2020Q1,570,0.7341,4.128,9.8
37208,2020Q2,218,0.7943,4.413,4.6
37208,2020Q3,384,0.7555,4.315,9.4
37208,2020Q4,467,0.7563,4.289,8.4
37208,2021Q1,440,0.7716,4.282,8.0
37208,2021Q2,591,0.6975,4.005,11.3
37208,2021Q3,613,0.7135,4.021,10.0
37208,2021Q4,464,0.7287,4.185,9.3
37209,2012Q1,228,0.7239,3.579,10.1
37209,2012Q2,225,0.7065,3.636,9.3
37209,2012Q3,239,0.6437,3.661,13.8
37209,2012Q4,246,0.7747,3.809,6.5
37209,2013Q1,315,0.7443,3.708,9.5
37209,2013Q2,314,0.6852,3.605,12.1
37209,2013Q3,317,0.6897,3.785,11.4
37209,2013Q4,286,0.7086,3.741,9.8
37209,2014Q1,385,0.6989,3.792,12.2
37209,2014Q2,389,0.6928,3.794,11.1
37209,2014Q3,395,0.6348,3.643,14.4
37209,2014Q4,406,0.6517,3.764,14.0
37209,2015Q1,549,0.6111,3.699,15.1
37209,2015Q2,522,0.7003,3.841,10.5
37209,2015Q3,718,0.6774,3.809,12.3
37209,2015Q4,576,0.6204,3.628,15.3
37209,2016Q1,603,0.6655,3.794,13.4
37209,2016Q2,707,0.5735,3.641,18.4
37209,2016Q3,838,0.6550,3.727,13.2
37209,2016Q4,641,0.6042,3.705,15.9
37209,2017Q1,760,0.6425,3.766,13.7
37209,2017Q2,865,0.5900,3.614,17.3
37209,2017Q3,1052,0.6525,3.794,12.9
37209,2017Q4,875,0.7041,3.959,10.7
37209,2018Q1,918,0.6837,3.922,12.1
37209,2018Q2,984,0.6907,4.027,12.0
37209,2018Q3,1058,0.6598,3.940,12.9
37209,2018Q4,853,0.6212,3.809,15.7
37209,2019Q1,960,0.6037,3.820,15.9
37209,2019Q2,954,0.6635,3.875,13.3
37209,2019Q3,983,0.6303,3.791,13.9
37209,2019Q4,966,0.6488,3.961,13.5
37209,2020Q1,833,0.6878,4.028,11.0
37209,2020Q2,539,0.6546,4.026,13.7
37209,2020Q3,792,0.6608,3.977,13.1
37209,2020Q4,701,0.6710,4.067,12.4
37209,2021Q1,738,0.6902,4.039,11.2
37209,2021Q2,916,0.6542,4.040,13.6
37209,2021Q3,846,0.6429,3.898,13.9
37209,2021Q4,787,0.6072,3.839,16.4
37210,2012Q1,63,0.7948,4.063,6.3
37210,2012Q2,55,0.6732,3.927,14.5
37210,2012Q3,72,0.6286,3.875,15.3
37210,2012Q4,64,0.7081,4.000,9.4
37210,2013Q1,75,0.6098,3.707,16.0
37210,2013Q2,99,0.8044,3.869,6.1
37210,2013Q3,144,0.8152,4.056,4.9
37210,2013Q4,171,0.7929,3.912,7.0
37210,2014Q1,231,0.7244,3.874,10.8
37210,2014Q2,238,0.7017,3.878,11.8
37210,2014Q3,221,0.6153,3.783,16.3
37210,2014Q4,209,0.6719,3.794,14.4
37210,2015Q1,303,0.7879,4.145,6.3
37210,2015Q2,322,0.6657,3.783,12.1
37210,2015Q3,317,0.6762,3.845,11.7
37210,2015Q4,260,0.6509,3.762,14.6
37210,2016Q1,301,0.6859,3.880,11.6
37210,2016Q2,325,0.6678,3.766,12.0
37210,2016Q3,303,0.6998,3.931,10.9
37210,2016Q4,304,0.6404,3.806,14.1
37210,2017Q1,298,0.6297,3.842,14.4
37210,2017Q2,354,0.6872,4.000,13.3
37210,2017Q3,377,0.6246,3.714,15.4
37210,2017Q4,306,0.6657,3.961,13.7
37210,2018Q1,310,0.6526,3.990,13.2
37210,2018Q2,328,0.6507,3.887,13.1
37210,2018Q3,362,0.6106,3.837,17.1
37210,2018Q4,307,0.6339,3.717,15.0
37210,2019Q1,361,0.6439,3.878,15.5
37210,2019Q2,363,0.6030,3.736,17.4
37210,2019Q3,408,0.6603,3.855,14.2
37210,2019Q4,341,0.6285,3.868,15.5
37210,2020Q1,228,0.6460,3.978,14.0
37210,2020Q2,105,0.6025,3.848,17.1
37210,2020Q3,205,0.4583,3.615,25.9
37210,2020Q4,202,0.7695,4.361,7.4
37210,2021Q1,209,0.6768,4.148,12.9
37210,2021Q2,256,0.6362,4.090,13.7
37210,2021Q3,266,0.6709,3.955,11.7
37210,2021Q4,222,0.6000,3.842,16.7
37211,2012Q1,248,0.7326,3.823,9.7
37211,2012Q2,230,0.7000,3.639,12.2
37211,2012Q3,238,0.6923,3.588,9.7
37211,2012Q4,236,0.6615,3.691,12.3
37211,2013Q1,275,0.6945,3.709,11.3
37211,2013Q2,278,0.6464,3.622,14.0
37211,2013Q3,351,0.5527,3.396,19.7
37211,2013Q4,308,0.6137,3.633,14.9
37211,2014Q1,392,0.6410,3.801,13.3
37211,2014Q2,403,0.6387,3.717,14.1
37211,2014Q3,433,0.5739,3.644,17.1
37211,2014Q4,411,0.5955,3.603,15.8
37211,2015Q1,487,0.6359,3.786,14.6
37211,2015Q2,540,0.5471,3.659,20.0
37211,2015Q3,585,0.6386,3.868,13.5
37211,2015Q4,489,0.5864,3.726,17.8
37211,2016Q1,571,0.6315,3.872,14.0
37211,2016Q2,672,0.5936,3.820,16.8
37211,2016Q3,889,0.6470,3.926,13.4
37211,2016Q4,671,0.6423,3.896,14.0
37211,2017Q1,702,0.6266,3.913,14.7
37211,2017Q2,753,0.5816,3.765,17.1
37211,2017Q3,733,0.6019,3.839,16.4
37211,2017Q4,660,0.5985,3.744,16.2
37211,2018Q1,705,0.6148,3.922,14.3
37211,2018Q2,828,0.6022,3.822,15.2
37211,2018Q3,942,0.5817,3.861,17.3
37211,2018Q4,694,0.6400,3.873,13.3
37211,2019Q1,808,0.6121,3.782,15.7
37211,2019Q2,883,0.5994,3.815,15.9
37211,2019Q3,883,0.5594,3.703,17.9
37211,2019Q4,684,0.5829,3.734,18.0
37211,2020Q1,566,0.5857,3.845,17.7
37211,2020Q2,476,0.5427,3.788,18.3
37211,2020Q3,627,0.5643,3.769,17.7
37211,2020Q4,634,0.5412,3.762,18.9
37211,2021Q1,544,0.6061,3.958,15.8
37211,2021Q2,684,0.5926,3.876,16.5
37211,2021Q3,632,0.5247,3.767,20.1
37211,2021Q4,445,0.5079,3.721,20.7
37212,2012Q1,416,0.7572,3.644,9.4
37212,2012Q2,350,0.7712,3.700,7.4
37212,2012Q3,387,0.7769,3.739,7.5
37212,2012Q4,302,0.6972,3.666,11.9
37212,2013Q1,378,0.7908,3.788,6.6
37212,2013Q2,378,0.7763,3.717,6.3
37212,2013Q3,433,0.7491,3.824,8.5
37212,2013Q4,371,0.7848,3.817,7.0
37212,2014Q1,443,0.7701,3.790,7.2
37212,2014Q2,585,0.7213,3.795,10.9
37212,2014Q3,516,0.6993,3.748,10.7
37212,2014Q4,412,0.7390,3.881,9.2
37212,2015Q1,470,0.7224,3.872,8.5
37212,2015Q2,566,0.7332,3.848,8.0
37212,2015Q3,517,0.6733,3.754,13.5
37212,2015Q4,493,0.6835,3.874,11.8
37212,2016Q1,622,0.7288,3.883,9.5
37212,2016Q2,575,0.6666,3.739,12.3
37212,2016Q3,628,0.7228,3.885,9.1
37212,2016Q4,517,0.7016,3.851,11.2
37212,2017Q1,579,0.7286,3.983,9.5
37212,2017Q2,598,0.6764,3.839,10.7
37212,2017Q3,562,0.6671,3.872,13.0
37212,2017Q4,629,0.7245,3.909,8.7
37212,2018Q1,697,0.7131,3.907,11.0
37212,2018Q2,676,0.6827,3.938,11.8
37212,2018Q3,689,0.6657,3.896,12.9
37212,2018Q4,601,0.7465,4.057,8.2
37212,2019Q1,668,0.7015,4.061,10.5
37212,2019Q2,704,0.7305,4.116,8.4
37212,2019Q3,764,0.6681,3.958,12.8
37212,2019Q4,590,0.7102,4.064,9.8
37212,2020Q1,470,0.7038,3.966,10.9
37212,2020Q2,195,0.6240,3.897,15.9
37212,2020Q3,394,0.6879,4.000,12.7
37212,2020Q4,385,0.7206,4.109,9.6
37212,2021Q1,404,0.7635,4.181,8.4
37212,2021Q2,578,0.6839,3.974,11.6
37212,2021Q3,545,0.6204,3.756,15.2
37212,2021Q4,443,0.6801,3.826,11.7
37213,2012Q1,29,0.7793,4.069,6.9
37213,2012Q2,26,0.6811,3.731,11.5
37213,2012Q3,23,0.6225,3.478,13.0
37213,2012Q4,28,0.3899,2.929,32.1
37213,2013Q1,37,0.6112,3.351,13.5
37213,2013Q2,36,0.6181,3.278,16.7
37213,2013Q3,30,0.4566,3.233,26.7
37213,2013Q4,29,0.4614,2.759,20.7
37213,2014Q1,46,0.7038,3.348,10.9
37213,2014Q2,56,0.6827,3.625,12.5
37213,2014Q3,48,0.5106,3.250,20.8
37213,2014Q4,46,0.5658,3.935,19.6
37213,2015Q1,33,0.6732,3.515,15.2
37213,2015Q2,61,0.6479,3.459,16.4
37213,2015Q3,56,0.5821,3.768,17.9
37213,2015Q4,57,0.4780,3.053,26.3
37213,2016Q1,44,0.6685,3.432,9.1
37213,2016Q2,53,0.5965,3.509,17.0
37213,2016Q3,53,0.4435,3.321,20.8
37213,2016Q4,41,0.7519,3.634,9.8
37213,2017Q1,41,0.4508,3.171,24.4
37213,2017Q2,47,0.6252,3.532,12.8
37213,2017Q3,56,0.5316,3.554,21.4
37213,2017Q4,38,0.5672,3.526,15.8
37213,2018Q1,42,0.5294,3.095,21.4
37213,2018Q2,53,0.5691,3.811,15.1
37213,2018Q3,58,0.6599,3.879,12.1
37213,2018Q4,48,0.5634,3.125,16.7
37213,2019Q1,30,0.4750,3.333,20.0
37213,2019Q2,43,0.4889,3.209,23.3
37213,2019Q3,30,0.4746,3.400,23.3
37213,2019Q4,24,0.5251,3.875,16.7
37213,2020Q1,12,0.3599,3.833,25.0
37213,2020Q2,6,0.6943,4.000,16.7
37213,2020Q3,11,0.7474,4.636,9.1
37213,2020Q4,9,0.3695,3.778,33.3
37213,2021Q1,9,0.7130,4.111,11.1
37213,2021Q2,22,0.7919,4.227,9.1
37213,2021Q3,40,0.5660,3.800,22.5
37213,2021Q4,15,0.6245,4.400,20.0
37214,2012Q1,254,0.6755,3.315,11.8
37214,2012Q2,312,0.6175,3.327,15.7
37214,2012Q3,346,0.6571,3.393,12.7
37214,2012Q4,277,0.5941,3.289,16.2
37214,2013Q1,336,0.5684,3.304,18.2
37214,2013Q2,434,0.5801,3.320,16.4
37214,2013Q3,461,0.5826,3.236,15.4
37214,2013Q4,452,0.5297,3.184,19.7
37214,2014Q1,518,0.5901,3.305,15.8
37214,2014Q2,644,0.5921,3.307,16.8
37214,2014Q3,691,0.5396,3.317,19.4
37214,2014Q4,643,0.5407,3.255,18.7
37214,2015Q1,694,0.5159,3.167,20.9
37214,2015Q2,907,0.5213,3.256,19.8
37214,2015Q3,934,0.5634,3.320,17.3
37214,2015Q4,849,0.4939,3.212,21.7
37214,2016Q1,801,0.5109,3.301,20.7
37214,2016Q2,1112,0.5654,3.419,17.8
37214,2016Q3,1078,0.5151,3.403,21.2
37214,2016Q4,865,0.4687,3.268,24.4
37214,2017Q1,837,0.5299,3.382,20.5
37214,2017Q2,1113,0.5152,3.375,21.1
37214,2017Q3,1247,0.5184,3.277,20.9
37214,2017Q4,1049,0.4917,3.280,22.1
37214,2018Q1,1147,0.5398,3.441,19.6
37214,2018Q2,1427,0.5073,3.299,21.9
37214,2018Q3,1568,0.5025,3.307,21.9
37214,2018Q4,1311,0.4507,3.258,24.6
37214,2019Q1,1249,0.5242,3.365,20.9
37214,2019Q2,1450,0.4699,3.277,23.2
37214,2019Q3,1513,0.4984,3.340,21.9
37214,2019Q4,1272,0.4264,3.151,26.0
37214,2020Q1,833,0.5358,3.471,19.8
37214,2020Q2,331,0.5205,3.538,21.1
37214,2020Q3,606,0.5269,3.528,20.0
37214,2020Q4,635,0.5551,3.627,19.5
37214,2021Q1,602,0.5087,3.465,22.6
37214,2021Q2,871,0.4447,3.247,24.9
37214,2021Q3,1043,0.4445,3.271,24.9
37214,2021Q4,960,0.5082,3.424,21.2
37215,2012Q1,302,0.7513,3.579,7.9
37215,2012Q2,208,0.6279,3.663,16.8
37215,2012Q3,268,0.7104,3.623,9.7
37215,2012Q4,242,0.7323,3.736,8.7
37215,2013Q1,276,0.6741,3.464,13.0
37215,2013Q2,266,0.7199,3.654,10.5
37215,2013Q3,352,0.6996,3.528,10.8
37215,2013Q4,267,0.6692,3.719,12.0
37215,2014Q1,328,0.6360,3.591,14.3
37215,2014Q2,306,0.6396,3.758,13.7
37215,2014Q3,366,0.6379,3.598,13.9
37215,2014Q4,354,0.6017,3.650,14.4
37215,2015Q1,371,0.6452,3.650,13.5
37215,2015Q2,353,0.6637,3.703,12.7
37215,2015Q3,416,0.6036,3.613,15.6
37215,2015Q4,416,0.6246,3.625,15.4
37215,2016Q1,394,0.6101,3.678,17.3
37215,2016Q2,366,0.6336,3.656,15.3
37215,2016Q3,400,0.5582,3.493,18.5
37215,2016Q4,333,0.5787,3.637,17.1
37215,2017Q1,348,0.5148,3.374,21.0
37215,2017Q2,389,0.5433,3.617,19.0
37215,2017Q3,417,0.5535,3.516,18.0
37215,2017Q4,327,0.5436,3.523,19.9
37215,2018Q1,400,0.5120,3.455,22.8
37215,2018Q2,378,0.4956,3.495,23.3
37215,2018Q3,487,0.5556,3.561,19.3
37215,2018Q4,497,0.5989,3.586,16.5
37215,2019Q1,463,0.5619,3.449,18.6
37215,2019Q2,575,0.5755,3.664,17.7
37215,2019Q3,636,0.5796,3.667,18.2
37215,2019Q4,485,0.6065,3.732,16.9
37215,2020Q1,437,0.5896,3.641,17.6
37215,2020Q2,182,0.5400,3.714,19.2
37215,2020Q3,294,0.6127,3.901,13.9
37215,2020Q4,294,0.6255,3.840,15.6
37215,2021Q1,280,0.6230,3.796,14.6
37215,2021Q2,347,0.5572,3.622,19.6
37215,2021Q3,373,0.4582,3.458,26.3
37215,2021Q4,302,0.4717,3.417,23.8
37216,2012Q1,88,0.8052,3.977,4.5
37216,2012Q2,63,0.7994,4.111,4.8
37216,2012Q3,58,0.7933,4.310,5.2
37216,2012Q4,68,0.6778,4.059,13.2
37216,2013Q1,102,0.7858,4.206,4.9
37216,2013Q2,100,0.7183,4.020,9.0
37216,2013Q3,110,0.7320,4.027,9.1
37216,2013Q4,89,0.6920,4.180,10.1
37216,2014Q1,124,0.7109,3.960,10.5
37216,2014Q2,101,0.7561,4.287,7.9
37216,2014Q3,126,0.6874,3.992,12.7
37216,2014Q4,125,0.7210,4.016,8.8
37216,2015Q1,147,0.7402,4.163,8.2
37216,2015Q2,190,0.7454,4.137,9.5
37216,2015Q3,163,0.7136,4.061,10.4
37216,2015Q4,170,0.7041,4.141,10.0
37216,2016Q1,202,0.6556,4.005,12.9
37216,2016Q2,207,0.6762,4.005,12.6
37216,2016Q3,199,0.7347,4.106,8.0
37216,2016Q4,182,0.6930,3.868,11.5
37216,2017Q1,209,0.6543,3.933,10.5
37216,2017Q2,244,0.7222,4.061,10.2
37216,2017Q3,271,0.6776,3.882,11.4
37216,2017Q4,229,0.6431,3.843,12.7
37216,2018Q1,213,0.5546,3.826,20.2
37216,2018Q2,212,0.7011,3.920,11.3
37216,2018Q3,224,0.6058,3.879,18.3
37216,2018Q4,243,0.6924,4.049,12.8
37216,2019Q1,197,0.6684,3.929,12.2
37216,2019Q2,212,0.6001,3.708,17.5
37216,2019Q3,244,0.6051,3.787,16.4
37216,2019Q4,188,0.5224,3.622,20.7
37216,2020Q1,195,0.7050,4.056,9.2
37216,2020Q2,95,0.6149,3.842,13.7
37216,2020Q3,195,0.5966,3.928,14.9
37216,2020Q4,158,0.5596,3.892,20.9
37216,2021Q1,137,0.5829,3.883,16.1
37216,2021Q2,176,0.6374,4.000,15.9
37216,2021Q3,210,0.5816,3.933,16.2
37216,2021Q4,136,0.5350,3.706,19.1
37217,2012Q1,54,0.6640,3.574,14.8
37217,2012Q2,54,0.7334,3.648,5.6
37217,2012Q3,54,0.6734,3.667,13.0
37217,2012Q4,55,0.6676,3.691,14.5
37217,2013Q1,68,0.6226,3.485,14.7
37217,2013Q2,62,0.5960,3.371,17.7
37217,2013Q3,73,0.4797,3.233,20.5
37217,2013Q4,69,0.5451,3.391,18.8
37217,2014Q1,103,0.6345,3.670,12.6
37217,2014Q2,138,0.5294,3.449,19.6
37217,2014Q3,138,0.5420,3.457,21.0
37217,2014Q4,125,0.5364,3.608,20.0
37217,2015Q1,134,0.4816,3.284,23.1
37217,2015Q2,155,0.4501,3.310,22.6
37217,2015Q3,193,0.4717,3.264,22.8
37217,2015Q4,148,0.5170,3.554,19.6
37217,2016Q1,172,0.5768,3.738,17.4
37217,2016Q2,202,0.3384,3.069,31.7
37217,2016Q3,230,0.4860,3.430,23.0
37217,2016Q4,195,0.5140,3.528,20.5
37217,2017Q1,202,0.4711,3.391,23.8
37217,2017Q2,213,0.4515,3.432,24.4
37217,2017Q3,258,0.3989,3.225,28.3
37217,2017Q4,198,0.5037,3.343,24.7
37217,2018Q1,175,0.5018,3.446,19.4
37217,2018Q2,255,0.4282,3.408,26.3
37217,2018Q3,237,0.4399,3.333,26.2
37217,2018Q4,253,0.5288,3.573,20.2
37217,2019Q1,228,0.4262,3.452,26.3
37217,2019Q2,282,0.4865,3.365,22.0
37217,2019Q3,287,0.5129,3.530,20.6
37217,2019Q4,243,0.4461,3.391,27.2
37217,2020Q1,156,0.5551,3.673,20.5
37217,2020Q2,123,0.3666,3.382,30.1
37217,2020Q3,169,0.4654,3.355,21.9
37217,2020Q4,172,0.5249,3.674,20.3
37217,2021Q1,162,0.3703,3.352,30.2
37217,2021Q2,186,0.3195,3.070,32.8
37217,2021Q3,192,0.3216,3.052,30.2
37217,2021Q4,152,0.2227,2.776,35.5
37218,2012Q1,3,0.6959,4.000,0.0
37218,2012Q3,2,0.9023,4.000,0.0
37218,2012Q4,4,0.9013,3.500,0.0
37218,2013Q1,1,0.6307,4.000,0.0
37218,2013Q2,6,0.3268,2.667,33.3
37218,2013Q3,2,0.7219,4.500,0.0
37218,2013Q4,1,0.9308,5.000,0.0
37218,2014Q1,1,0.9273,5.000,0.0
37218,2014Q3,3,-0.0742,1.667,66.7
37218,2014Q4,5,0.1052,2.800,40.0
37218,2015Q1,6,0.4480,3.333,16.7
37218,2015Q2,9,0.4290,3.000,22.2
37218,2015Q3,3,0.3241,1.667,33.3
37218,2015Q4,21,0.6477,3.952,14.3
37218,2016Q1,20,0.6750,4.100,15.0
37218,2016Q2,21,0.6361,3.810,14.3
37218,2016Q3,19,0.7631,3.737,10.5
37218,2016Q4,16,0.6018,3.500,18.8
37218,2017Q1,15,0.4721,3.400,26.7
37218,2017Q2,18,0.5888,3.722,11.1
37218,2017Q3,24,0.4476,3.500,25.0
37218,2017Q4,13,0.7297,4.308,0.0
37218,2018Q1,15,0.3963,3.067,26.7
37218,2018Q2,26,0.4759,3.269,23.1
37218,2018Q3,24,0.5953,4.000,20.8
37218,2018Q4,19,0.4560,3.158,21.1
37218,2019Q1,23,0.7112,3.957,13.0
37218,2019Q2,18,0.6607,4.111,16.7
37218,2019Q3,21,0.4885,3.619,23.8
37218,2019Q4,19,0.7180,3.368,10.5
37218,2020Q1,14,0.2244,3.000,35.7
37218,2020Q2,13,0.2921,3.308,38.5
37218,2020Q3,9,0.4359,3.667,22.2
37218,2020Q4,13,0.3192,3.308,30.8
37218,2021Q1,18,0.4099,3.000,27.8
37218,2021Q2,27,0.3487,2.963,37.0
37218,2021Q3,22,0.0861,2.545,45.5
37218,2021Q4,17,0.0232,2.824,47.1
37219,2012Q1,135,0.6591,3.726,15.6
37219,2012Q2,130,0.7479,3.808,6.2
37219,2012Q3,144,0.5691,3.451,20.1
37219,2012Q4,143,0.7019,3.811,11.9
37219,2013Q1,199,0.7040,3.698,12.1
37219,2013Q2,184,0.6751,3.658,11.4
37219,2013Q3,221,0.6227,3.507,13.6
37219,2013Q4,202,0.6293,3.515,13.9
37219,2014Q1,236,0.7277,3.818,9.3
37219,2014Q2,310,0.6855,3.861,12.6
37219,2014Q3,317,0.7062,3.776,9.5
37219,2014Q4,279,0.6458,3.627,14.0
37219,2015Q1,288,0.6988,3.840,10.1
37219,2015Q2,343,0.6540,3.711,13.1
37219,2015Q3,373,0.6592,3.799,12.3
37219,2015Q4,327,0.6645,3.832,12.5
37219,2016Q1,371,0.7139,3.989,11.1
37219,2016Q2,417,0.6955,3.882,11.0
37219,2016Q3,396,0.6585,3.889,12.6
37219,2016Q4,342,0.6832,3.708,11.7
37219,2017Q1,344,0.7268,3.942,9.0
37219,2017Q2,373,0.6752,3.815,11.8
37219,2017Q3,428,0.6921,3.846,11.7
37219,2017Q4,460,0.6762,3.911,12.0
37219,2018Q1,500,0.7133,3.940,10.4
37219,2018Q2,655,0.6867,3.849,11.6
37219,2018Q3,731,0.7192,4.067,10.0
37219,2018Q4,654,0.6921,3.930,10.1
37219,2019Q1,615,0.7346,4.042,9.9
37219,2019Q2,664,0.6773,3.917,11.1
37219,2019Q3,630,0.6997,3.949,11.0
37219,2019Q4,580,0.6647,3.864,12.9
37219,2020Q1,423,0.6838,3.875,11.3
37219,2020Q2,111,0.6473,3.874,13.5
37219,2020Q3,200,0.6691,3.880,14.0
37219,2020Q4,296,0.6545,3.909,12.2
37219,2021Q1,295,0.6742,3.892,13.6
37219,2021Q2,432,0.7142,3.938,10.4
37219,2021Q3,485,0.6560,3.796,14.4
37219,2021Q4,425,0.6295,3.821,15.3
37220,2012Q1,9,0.9453,4.222,0.0
37220,2012Q2,12,0.9139,4.167,0.0
37220,2012Q3,6,0.8822,3.833,0.0
37220,2012Q4,6,0.8834,4.000,0.0
37220,2013Q1,8,0.8756,4.625,0.0
37220,2013Q2,9,0.9513,5.000,0.0
37220,2013Q3,11,0.7338,4.455,9.1
37220,2013Q4,8,0.9442,4.875,0.0
37220,2014Q1,12,0.9168,4.500,0.0
37220,2014Q2,13,0.7687,4.385,7.7
37220,2014Q3,17,0.9058,4.765,0.0
37220,2014Q4,11,0.8677,4.000,0.0
37220,2015Q1,21,0.5600,4.333,19.0
37220,2015Q2,16,0.7452,4.500,6.2
37220,2015Q3,18,0.7310,4.333,5.6
37220,2015Q4,23,0.8180,4.304,4.3
37220,2016Q1,16,0.8369,4.750,6.2
37220,2016Q2,16,0.7705,4.250,12.5
37220,2016Q3,21,0.7172,4.048,9.5
37220,2016Q4,9,0.9318,4.333,0.0
37220,2017Q1,16,0.7940,4.125,6.2
37220,2017Q2,16,0.7354,4.125,0.0
37220,2017Q3,12,0.7497,4.167,8.3
37220,2017Q4,14,0.8043,4.500,7.1
37220,2018Q1,11,0.9194,4.909,0.0
37220,2018Q2,22,0.8229,4.636,0.0
37220,2018Q3,17,0.7316,4.706,11.8
37220,2018Q4,15,0.7864,4.800,6.7
37220,2019Q1,13,0.8261,4.615,7.7
37220,2019Q2,14,0.6231,4.857,7.1
37220,2019Q3,18,0.8319,4.667,5.6
37220,2019Q4,16,0.8128,4.750,6.2
37220,2020Q1,15,0.6996,4.333,20.0
37220,2020Q2,12,0.8292,4.583,0.0
37220,2020Q3,32,0.7964,3.969,6.2
37220,2020Q4,17,0.7034,4.412,11.8
37220,2021Q1,11,0.8588,4.727,0.0
37220,2021Q2,46,0.7872,4.652,8.7
37220,2021Q3,25,0.8696,4.440,0.0
37220,2021Q4,14,0.6939,4.143,7.1
37221,2012Q1,110,0.6515,3.745,12.7
37221,2012Q2,106,0.7466,3.642,9.4
37221,2012Q3,78,0.6594,3.628,11.5
37221,2012Q4,101,0.7789,3.851,7.9
37221,2013Q1,167,0.7183,3.749,11.4
37221,2013Q2,160,0.6995,3.562,12.5
37221,2013Q3,161,0.5681,3.503,14.9
37221,2013Q4,120,0.7493,3.967,10.0
37221,2014Q1,189,0.7385,3.810,9.0
37221,2014Q2,236,0.7098,3.767,10.2
37221,2014Q3,214,0.6356,3.682,13.1
37221,2014Q4,232,0.6615,3.707,12.1
37221,2015Q1,251,0.7136,3.713,10.0
37221,2015Q2,257,0.6758,3.813,12.8
37221,2015Q3,269,0.6709,3.833,11.5
37221,2015Q4,229,0.6007,3.703,16.2
37221,2016Q1,266,0.6370,3.643,13.9
37221,2016Q2,289,0.6102,3.692,14.5
37221,2016Q3,297,0.5983,3.478,16.8
37221,2016Q4,279,0.6142,3.821,15.8
37221,2017Q1,292,0.6109,3.764,17.8
37221,2017Q2,352,0.5975,3.784,16.5
37221,2017Q3,325,0.6447,3.674,14.2
37221,2017Q4,330,0.6276,3.748,15.2
37221,2018Q1,368,0.6292,3.696,14.9
37221,2018Q2,450,0.5463,3.518,19.6
37221,2018Q3,529,0.6119,3.752,15.3
37221,2018Q4,504,0.6513,3.873,13.3
37221,2019Q1,488,0.6414,3.801,14.1
37221,2019Q2,451,0.6101,3.836,17.1
37221,2019Q3,479,0.6381,3.683,14.6
37221,2019Q4,389,0.5887,3.787,16.2
37221,2020Q1,389,0.5927,3.787,17.7
37221,2020Q2,221,0.5749,3.760,16.3
37221,2020Q3,285,0.5620,3.768,18.2
37221,2020Q4,278,0.6948,3.921,10.8
37221,2021Q1,256,0.6082,3.770,14.8
37221,2021Q2,286,0.5918,3.850,17.8
37221,2021Q3,327,0.5596,3.633,18.0
37221,2021Q4,242,0.5065,3.479,19.4
37222,2012Q4,1,-0.9698,1.000,100.0
37222,2013Q3,1,-0.8045,1.000,100.0
37222,2014Q2,1,0.9552,5.000,0.0
37222,2015Q4,1,0.9134,5.000,0.0
37222,2016Q1,1,0.5782,1.000,0.0
37222,2017Q3,1,0.7773,5.000,0.0
37228,2012Q1,25,0.5792,2.480,12.0
37228,2012Q2,27,0.4992,2.963,22.2
37228,2012Q3,28,0.6075,3.179,17.9
37228,2012Q4,20,0.4487,2.800,20.0
37228,2013Q1,17,0.5391,2.529,17.6
37228,2013Q2,22,0.3979,2.636,27.3
37228,2013Q3,15,0.5514,2.733,13.3
37228,2013Q4,28,0.3149,2.679,32.1
37228,2014Q1,32,0.2441,2.594,40.6
37228,2014Q2,28,0.2857,3.107,35.7
37228,2014Q3,21,0.0989,2.048,47.6
37228,2014Q4,23,0.2845,2.870,34.8
37228,2015Q1,35,0.2794,2.486,31.4
37228,2015Q2,36,0.4939,3.167,19.4
37228,2015Q3,35,0.2622,2.257,37.1
37228,2015Q4,31,0.1372,2.032,45.2
37228,2016Q1,44,0.3785,2.727,25.0
37228,2016Q2,48,0.2596,2.708,37.5
37228,2016Q3,44,0.3945,2.659,29.5
37228,2016Q4,53,0.2679,2.774,35.8
37228,2017Q1,46,0.2667,2.196,32.6
37228,2017Q2,49,0.2197,2.878,38.8
37228,2017Q3,43,0.2282,1.953,30.2
37228,2017Q4,34,0.1962,2.235,35.3
37228,2018Q1,43,0.1240,2.163,48.8
37228,2018Q2,49,0.3632,3.224,26.5
37228,2018Q3,60,0.3138,2.617,31.7
37228,2018Q4,59,0.0338,2.322,45.8
37228,2019Q1,45,0.0394,2.356,48.9
37228,2019Q2,56,0.2349,2.321,37.5
37228,2019Q3,60,0.2124,2.483,35.0
37228,2019Q4,55,0.0338,2.327,47.3
37228,2020Q1,50,0.3786,2.980,32.0
37228,2020Q2,24,0.3417,3.167,25.0
37228,2020Q3,52,0.3892,2.788,26.9
37228,2020Q4,33,0.1724,2.909,39.4
37228,2021Q1,58,0.1723,2.379,37.9
37228,2021Q2,74,-0.1151,2.054,59.5
37228,2021Q3,84,0.0848,2.274,41.7
37228,2021Q4,73,0.0697,2.260,43.8
37229,2012Q3,3,0.6435,4.000,0.0
37229,2012Q4,1,-0.7164,1.000,100.0
37229,2013Q1,2,0.8225,4.500,0.0
37229,2013Q2,3,0.4235,3.667,33.3
37229,2013Q3,1,0.8687,5.000,0.0
37229,2013Q4,3,0.9115,4.000,0.0
37229,2014Q1,3,0.9284,4.000,0.0
37229,2014Q2,5,0.9602,4.000,0.0
37229,2014Q4,7,0.6484,4.143,14.3
37229,2015Q1,15,0.8754,4.800,0.0
37229,2015Q2,11,0.9439,4.636,0.0
37229,2015Q3,10,0.7645,4.100,10.0
37229,2015Q4,16,0.8931,4.750,0.0
37229,2016Q1,7,0.6977,4.286,14.3
37229,2016Q2,22,0.7620,4.091,0.0
37229,2016Q3,16,0.7778,4.438,6.2
37229,2016Q4,13,0.7987,4.154,7.7
37229,2017Q1,4,0.9054,4.000,0.0
37229,2017Q2,6,0.3626,3.500,33.3
37229,2017Q3,8,0.8942,4.875,0.0
37229,2017Q4,8,0.6461,4.000,12.5
37229,2018Q1,4,0.6989,4.000,0.0
37229,2018Q2,8,0.7851,4.500,0.0
37229,2018Q3,8,0.5060,3.125,25.0
37229,2018Q4,5,0.5702,4.200,20.0
37229,2019Q1,2,0.9460,4.000,0.0
37229,2019Q2,7,0.8447,4.429,0.0
37229,2019Q3,9,0.7775,4.889,0.0
37229,2019Q4,7,0.9507,4.714,0.0
37229,2020Q1,2,0.6543,5.000,0.0
37229,2020Q2,4,0.5392,3.500,25.0
37229,2020Q3,2,0.0001,3.000,50.0
37229,2020Q4,3,0.8997,4.667,0.0
37229,2021Q1,2,-0.2442,1.500,50.0
37229,2021Q2,1,0.9810,5.000,0.0
37229,2021Q3,1,0.4404,5.000,0.0
37230,2014Q3,1,0.3806,1.000,0.0
37230,2016Q1,2,-0.2983,1.000,50.0
37230,2017Q1,1,-0.3391,1.000,100.0
37230,2017Q4,1,-0.6249,1.000,100.0
37230,2018Q4,1,-0.5106,1.000,100.0
37230,2019Q1,1,0.2846,1.000,0.0
37230,2019Q2,2,0.8113,3.000,0.0
37230,2020Q2,1,0.8267,1.000,0.0
37230,2020Q3,2,-0.0080,3.000,50.0
37230,2020Q4,1,0.7129,1.000,0.0
37230,2021Q2,3,-0.3352,2.000,66.7
37230,2021Q3,1,-0.9824,1.000,100.0
37230,2021Q4,1,-0.3480,1.000,100.0
37232,2012Q1,2,0.9865,4.500,0.0
37232,2012Q2,8,0.8510,4.625,0.0
37232,2012Q3,8,0.7136,4.375,0.0
37232,2012Q4,4,0.6511,4.000,25.0
37232,2013Q1,5,0.9510,4.800,0.0
37232,2013Q2,3,0.9071,4.333,0.0
37232,2013Q3,4,0.0280,2.250,50.0
37232,2013Q4,2,0.6618,5.000,0.0
37232,2014Q2,9,0.6697,3.667,11.1
37232,2014Q3,8,0.3384,3.750,37.5
37232,2014Q4,2,0.0103,3.000,50.0
37232,2015Q1,8,0.4969,3.500,12.5
37232,2015Q2,5,0.3786,3.000,20.0
37232,2015Q3,4,0.0280,3.500,50.0
37232,2015Q4,4,0.4947,3.750,25.0
37232,2016Q1,5,0.3841,2.600,20.0
37232,2016Q2,5,0.2517,4.200,40.0
37232,2016Q3,9,0.6941,3.667,11.1
37232,2016Q4,6,0.1657,3.333,33.3
37232,2017Q1,8,0.4507,3.000,37.5
37232,2017Q2,13,0.4781,2.769,23.1
37232,2017Q3,9,0.2822,3.556,33.3
37232,2017Q4,7,-0.0656,2.714,57.1
37232,2018Q1,8,0.3944,3.250,25.0
37232,2018Q2,5,0.1247,3.400,40.0
37232,2018Q3,5,0.1383,3.400,40.0
37232,2018Q4,6,0.0103,2.833,50.0
37232,2019Q1,4,0.0278,2.750,50.0
37232,2019Q2,6,-0.0282,3.167,66.7
37232,2019Q3,10,0.3925,2.500,30.0
37232,2019Q4,6,0.0019,3.000,50.0
37232,2020Q1,9,0.1625,2.000,44.4
37232,2020Q2,5,0.9535,3.800,0.0
37232,2020Q3,4,0.1001,3.000,50.0
37232,2020Q4,5,0.1913,2.800,40.0
37232,2021Q1,1,0.9092,1.000,0.0
37232,2021Q2,2,-0.9366,1.000,100.0
37232,2021Q3,7,0.1624,2.857,42.9
37232,2021Q4,2,-0.1890,1.500,50.0
37235,2013Q1,1,0.8750,4.000,0.0
37238,2017Q3,22,0.8271,4.545,4.5
37238,2017Q4,9,0.9183,4.778,0.0
37238,2018Q1,12,0.5400,4.417,25.0
37238,2018Q2,5,0.9600,4.600,0.0
37238,2018Q3,5,0.6137,4.200,20.0
37238,2018Q4,10,0.6383,4.300,20.0
37238,2019Q1,3,0.9438,5.000,0.0
37238,2019Q2,4,0.9635,4.000,0.0
37238,2019Q3,6,0.6734,3.667,16.7
37238,2020Q1,2,0.3894,3.000,0.0
37240,2012Q2,2,0.9157,4.000,0.0
37240,2013Q3,1,0.9485,4.000,0.0
37240,2014Q1,3,0.9757,4.333,0.0
37240,2015Q1,3,0.7431,4.000,0.0
37240,2015Q3,1,0.9081,4.000,0.0
37240,2015Q4,1,0.9684,4.000,0.0
37240,2016Q2,3,0.9255,4.667,0.0
37240,2016Q4,1,0.2244,3.000,0.0
37240,2017Q1,1,0.9850,5.000,0.0
37240,2017Q2,2,0.8337,4.000,0.0
37240,2017Q4,1,0.6580,2.000,0.0
37240,2018Q1,3,0.8451,3.333,0.0
37240,2018Q3,1,0.9813,5.000,0.0
37240,2019Q2,2,0.9594,5.000,0.0
37240,2019Q4,1,0.7753,5.000,0.0
37240,2020Q1,1,0.9061,5.000,0.0
37240,2020Q2,1,0.8858,3.000,0.0
37240,2020Q4,2,0.7041,3.000,0.0
37240,2021Q1,1,0.9690,5.000,0.0
37243,2012Q1,20,0.7894,3.800,5.0
37243,2012Q2,14,0.6841,3.714,14.3
37243,2012Q3,11,0.7892,4.273,9.1
37243,2012Q4,10,0.7220,4.600,0.0
37243,2013Q1,13,0.6557,3.462,15.4
37243,2013Q2,11,0.5753,4.727,18.2
37243,2013Q3,10,0.9026,4.700,0.0
37243,2013Q4,9,0.6346,3.889,0.0
37243,2014Q1,12,0.6676,4.000,16.7
37243,2014Q2,17,0.7308,4.294,11.8
37243,2014Q3,13,0.8953,4.462,0.0
37243,2014Q4,13,0.8290,4.385,0.0
37243,2015Q1,10,0.8297,4.400,0.0
37243,2015Q2,13,0.6206,3.923,15.4
37243,2015Q3,25,0.7077,3.760,12.0
37243,2015Q4,18,0.6492,3.833,11.1
37243,2016Q1,14,0.9017,4.143,0.0
37243,2016Q2,11,0.6838,4.364,9.1
37243,2016Q3,13,0.9049,4.385,0.0
37243,2016Q4,18,0.7191,4.222,5.6
37243,2017Q1,14,0.8062,4.357,7.1
37243,2017Q2,11,0.6647,4.000,9.1
37243,2017Q3,15,0.8677,4.600,0.0
37243,2017Q4,12,0.8173,4.750,0.0
37243,2018Q1,15,0.5345,4.133,20.0
37243,2018Q2,36,0.7011,4.250,11.1
37243,2018Q3,31,0.7489,4.290,6.5
37243,2018Q4,31,0.7989,4.452,6.5
37243,2019Q1,20,0.8724,4.700,0.0
37243,2019Q2,19,0.6754,4.526,10.5
37243,2019Q3,25,0.5524,3.840,16.0
37243,2019Q4,17,0.6818,4.353,5.9
37243,2020Q1,21,0.7559,4.048,4.8
37243,2020Q2,9,0.8218,3.556,0.0
37243,2020Q3,15,0.7113,4.600,13.3
37243,2020Q4,17,0.6965,4.471,11.8
37243,2021Q1,11,0.6413,4.182,9.1
37243,2021Q2,17,0.4963,4.176,23.5
37243,2021Q3,14,0.7588,4.500,7.1
37243,2021Q4,10,0.2654,3.300,30.0
37246,2012Q1,20,0.8043,3.800,5.0
37246,2012Q2,13,0.6133,3.385,15.4
37246,2012Q3,16,0.8385,3.938,0.0
37246,2012Q4,19,0.4743,3.579,21.1
37246,2013Q1,12,0.6737,3.583,8.3
37246,2013Q2,23,0.5441,3.348,21.7
37246,2013Q3,17,0.7165,4.059,5.9
37246,2013Q4,12,0.4465,3.333,25.0
37246,2014Q1,15,0.8068,4.067,6.7
37246,2014Q2,20,0.6153,4.150,20.0
37246,2014Q3,22,0.6036,3.818,13.6
37246,2014Q4,15,0.5639,3.667,20.0
37246,2015Q1,18,0.5272,3.111,16.7
37246,2015Q2,31,0.6726,4.000,6.5
37246,2015Q3,25,0.4758,3.560,16.0
37246,2015Q4,19,0.7869,3.632,5.3
37246,2016Q1,12,0.3880,3.250,33.3
37246,2016Q2,23,0.5981,3.565,17.4
37246,2016Q3,27,0.5808,3.593,22.2
37246,2016Q4,28,0.6320,4.179,14.3
37246,2017Q1,26,0.6741,3.808,7.7
37246,2017Q2,12,0.6380,3.250,8.3
37246,2017Q3,23,0.4971,2.783,13.0
37246,2017Q4,17,0.3881,2.294,29.4
37246,2018Q1,24,0.6431,3.708,12.5
37246,2018Q2,23,0.2087,3.174,39.1
37246,2018Q3,22,0.3386,2.909,31.8
37246,2018Q4,11,0.6211,3.273,18.2
37246,2019Q1,10,0.5397,3.800,20.0
37246,2019Q2,14,0.1709,2.643,42.9
37246,2019Q3,9,0.4943,2.889,22.2
37246,2019Q4,9,0.6291,4.111,11.1
37246,2020Q1,7,0.8380,3.143,0.0
37246,2020Q2,14,0.2617,3.429,42.9
37246,2020Q3,14,0.5925,4.357,14.3
37246,2020Q4,14,0.3117,3.071,35.7
37246,2021Q1,9,0.5558,4.222,22.2
37246,2021Q2,13,0.5585,3.923,23.1
37246,2021Q3,7,0.2257,3.143,28.6
37246,2021Q4,12,0.5565,3.833,25.0
37248,2014Q1,2,0.3344,3.000,50.0
37248,2014Q2,10,0.7157,3.400,10.0
37248,2014Q3,5,0.8646,4.200,0.0
37248,2014Q4,8,0.2889,3.125,25.0
37248,2015Q1,5,0.7939,3.200,0.0
37248,2015Q2,5,0.6871,2.200,20.0
37248,2015Q3,2,-0.0160,3.000,50.0
37248,2015Q4,2,-0.1706,1.000,50.0
37248,2016Q1,4,0.4420,3.000,25.0
37248,2016Q2,4,0.1306,2.750,50.0
37248,2016Q3,1,0.8552,5.000,0.0
37248,2016Q4,2,0.3695,1.000,50.0
37248,2017Q2,2,-0.1983,1.000,50.0
37248,2017Q3,1,0.8357,1.000,0.0
37248,2017Q4,1,-0.4321,1.000,100.0
37248,2018Q1,1,-0.9255,1.000,100.0
37248,2018Q2,3,-0.7426,1.000,100.0
37248,2018Q3,2,-0.7540,1.000,100.0
37248,2018Q4,3,0.0881,2.000,33.3
37248,2019Q2,1,-0.3365,1.000,100.0
37248,2019Q3,1,-0.8611,1.000,100.0
37248,2020Q4,2,-0.1085,1.000,50.0
37248,2021Q1,1,-0.7935,2.000,100.0
37248,2021Q2,2,-0.5045,1.500,100.0
37248,2021Q3,1,-0.8126,1.000,100.0
37250,2012Q3,1,-0.3074,2.000,100.0
37250,2013Q2,1,-0.6249,1.000,100.0
37250,2014Q3,1,-0.2960,2.000,100.0
37250,2014Q4,1,-0.7326,1.000,100.0
37250,2015Q1,1,-0.8172,1.000,100.0
37250,2015Q4,1,-0.9313,1.000,100.0
37250,2016Q2,2,-0.8083,1.000,100.0
37250,2016Q3,2,-0.5571,1.000,100.0
37250,2017Q1,2,-0.8838,1.000,100.0
37250,2017Q4,1,-0.6894,1.000,100.0
37250,2018Q2,1,-0.6159,1.000,100.0
37250,2018Q3,1,-0.8413,1.000,100.0
37250,2018Q4,1,-0.9334,1.000,100.0
37250,2019Q3,2,-0.3851,1.000,50.0
37250,2020Q1,1,-0.7768,1.000,100.0
37250,2021Q2,1,-0.8511,1.000,100.0
70112,2012Q1,489,0.7247,3.730,8.4
70112,2012Q2,487,0.7301,3.747,9.0
70112,2012Q3,469,0.7041,3.736,9.4
70112,2012Q4,517,0.7272,3.749,9.3
70112,2013Q1,623,0.7228,3.862,11.1
70112,2013Q2,685,0.7207,3.854,9.3
70112,2013Q3,567,0.6876,3.847,12.0
70112,2013Q4,723,0.7169,3.830,10.1
70112,2014Q1,848,0.7377,3.895,8.3
70112,2014Q2,925,0.6767,3.835,12.0
70112,2014Q3,830,0.6856,3.867,11.8
70112,2014Q4,1013,0.7123,3.962,9.6
70112,2015Q1,1194,0.6773,3.854,12.2
70112,2015Q2,1183,0.6962,3.883,11.2
70112,2015Q3,1091,0.6870,3.913,11.0
70112,2015Q4,1255,0.7102,3.961,10.3
70112,2016Q1,1372,0.6937,3.992,10.9
70112,2016Q2,1308,0.6827,3.892,11.5
70112,2016Q3,1196,0.6764,3.933,12.8
70112,2016Q4,1174,0.6710,3.868,12.6
70112,2017Q1,1430,0.6626,3.880,13.4
70112,2017Q2,1560,0.6646,3.888,12.8
70112,2017Q3,1320,0.6887,3.936,11.4
70112,2017Q4,1324,0.6569,3.851,13.9
70112,2018Q1,1652,0.6939,3.930,11.8
70112,2018Q2,1871,0.6716,3.974,12.4
70112,2018Q3,1811,0.6766,3.953,12.2
70112,2018Q4,1724,0.6592,3.899,13.5
70112,2019Q1,1946,0.6713,3.931,13.0
70112,2019Q2,1828,0.6678,3.924,12.4
70112,2019Q3,1585,0.6700,3.961,13.2
70112,2019Q4,1516,0.6705,3.903,12.5
70112,2020Q1,1401,0.6641,3.975,12.6
70112,2020Q2,196,0.5721,3.857,19.9
70112,2020Q3,365,0.6370,4.003,15.1
70112,2020Q4,443,0.6476,3.998,15.1
70112,2021Q1,550,0.6712,4.011,12.7
70112,2021Q2,901,0.6484,3.902,14.1
70112,2021Q3,657,0.6245,3.887,15.7
70112,2021Q4,805,0.6499,3.955,13.9
70113,2012Q1,61,0.6053,3.459,16.4
70113,2012Q2,62,0.5990,3.194,21.0
70113,2012Q3,48,0.6851,3.292,12.5
70113,2012Q4,66,0.7764,3.288,6.1
70113,2013Q1,60,0.5900,3.483,18.3
70113,2013Q2,68,0.6610,3.588,11.8
70113,2013Q3,122,0.6804,3.500,13.1
70113,2013Q4,123,0.8011,3.748,6.5
70113,2014Q1,132,0.7017,3.629,9.8
70113,2014Q2,106,0.5748,3.547,16.0
70113,2014Q3,127,0.7645,4.000,9.4
70113,2014Q4,132,0.6742,3.561,13.6
70113,2015Q1,157,0.6785,3.688,10.2
70113,2015Q2,193,0.7350,3.845,8.8
70113,2015Q3,305,0.6960,3.813,11.1
70113,2015Q4,272,0.6714,3.702,12.9
70113,2016Q1,322,0.7732,3.935,8.1
70113,2016Q2,317,0.7500,4.041,8.2
70113,2016Q3,282,0.7354,4.025,9.9
70113,2016Q4,308,0.7389,4.133,8.8
70113,2017Q1,503,0.7555,4.062,8.2
70113,2017Q2,543,0.7317,4.020,9.6
70113,2017Q3,405,0.6875,3.751,12.1
70113,2017Q4,463,0.6977,3.924,11.2
70113,2018Q1,530,0.7312,4.098,10.0
70113,2018Q2,622,0.7395,4.125,9.0
70113,2018Q3,567,0.7281,4.162,9.5
70113,2018Q4,502,0.7233,4.078,9.6
70113,2019Q1,610,0.7187,4.075,10.3
70113,2019Q2,660,0.7170,4.120,10.5
70113,2019Q3,548,0.6838,4.020,12.4
70113,2019Q4,512,0.7183,4.012,9.6
70113,2020Q1,519,0.7206,4.143,10.8
70113,2020Q2,117,0.6499,3.940,15.4
70113,2020Q3,150,0.6720,4.073,12.7
70113,2020Q4,177,0.7425,4.164,9.6
70113,2021Q1,225,0.6509,4.151,13.8
70113,2021Q2,318,0.6979,4.088,10.4
70113,2021Q3,259,0.6745,4.054,12.4
70113,2021Q4,208,0.6861,4.163,11.5
70114,2012Q1,29,0.6924,4.069,6.9
70114,2012Q2,36,0.7213,3.806,5.6
70114,2012Q3,10,0.7953,4.200,10.0
70114,2012Q4,37,0.6089,3.568,13.5
70114,2013Q1,47,0.6872,3.957,8.5
70114,2013Q2,29,0.8167,3.931,3.4
70114,2013Q3,51,0.6369,4.098,13.7
70114,2013Q4,47,0.5373,3.532,17.0
70114,2014Q1,34,0.5384,3.559,20.6
70114,2014Q2,50,0.6967,3.780,12.0
70114,2014Q3,46,0.5533,3.522,19.6
70114,2014Q4,48,0.4223,3.438,29.2
70114,2015Q1,62,0.5092,3.726,22.6
70114,2015Q2,68,0.3912,3.265,29.4
70114,2015Q3,50,0.6519,4.060,14.0
70114,2015Q4,65,0.5148,3.646,21.5
70114,2016Q1,101,0.6155,3.921,14.9
70114,2016Q2,78,0.6098,3.846,15.4
70114,2016Q3,80,0.4588,3.712,25.0
70114,2016Q4,62,0.4631,3.468,25.8
70114,2017Q1,79,0.5980,3.734,17.7
70114,2017Q2,83,0.6157,3.614,15.7
70114,2017Q3,113,0.6423,3.973,15.0
70114,2017Q4,78,0.5613,3.500,16.7
70114,2018Q1,100,0.6073,3.810,16.0
70114,2018Q2,119,0.6303,3.857,12.6
70114,2018Q3,79,0.6009,3.696,17.7
70114,2018Q4,99,0.4528,3.566,25.3
70114,2019Q1,83,0.4290,3.373,26.5
70114,2019Q2,110,0.5203,3.545,21.8
70114,2019Q3,103,0.5409,3.874,20.4
70114,2019Q4,71,0.3923,3.338,31.0
70114,2020Q1,91,0.5854,3.824,17.6
70114,2020Q2,26,0.4111,3.577,23.1
70114,2020Q3,48,0.5156,3.688,25.0
70114,2020Q4,51,0.4256,3.667,23.5
70114,2021Q1,51,0.6160,3.667,13.7
70114,2021Q2,45,0.4656,3.600,24.4
70114,2021Q3,53,0.6634,3.962,13.2
70114,2021Q4,35,0.4943,3.743,22.9
70115,2012Q1,1156,0.7670,3.905,6.9
70115,2012Q2,1078,0.7494,3.894,7.7
70115,2012Q3,783,0.7278,3.870,8.8
70115,2012Q4,791,0.7225,3.745,9.7
70115,2013Q1,1126,0.7302,3.846,9.4
70115,2013Q2,1190,0.7230,3.912,10.7
70115,2013Q3,1095,0.7353,3.894,10.2
70115,2013Q4,1090,0.7334,3.894,8.9
70115,2014Q1,1417,0.7290,3.924,9.3
70115,2014Q2,1353,0.7538,3.994,7.9
70115,2014Q3,1501,0.7365,3.953,9.0
70115,2014Q4,1336,0.7522,4.028,8.8
70115,2015Q1,1532,0.7310,3.955,8.5
70115,2015Q2,1739,0.7367,4.011,9.1
70115,2015Q3,1723,0.7450,4.082,8.2
70115,2015Q4,1803,0.7290,4.018,9.3
70115,2016Q1,1936,0.7265,3.954,9.7
70115,2016Q2,1919,0.7185,4.040,10.3
70115,2016Q3,1627,0.7307,4.061,9.1
70115,2016Q4,1551,0.7008,4.033,10.8
70115,2017Q1,1872,0.7340,4.060,9.3
70115,2017Q2,2017,0.7072,4.076,11.0
70115,2017Q3,1712,0.7441,4.108,8.5
70115,2017Q4,1747,0.7318,4.092,9.6
70115,2018Q1,1993,0.7211,4.069,9.5
70115,2018Q2,2313,0.7349,4.146,8.9
70115,2018Q3,1985,0.7668,4.196,7.6
70115,2018Q4,1730,0.7265,4.153,9.8
70115,2019Q1,2135,0.7188,4.148,10.1
70115,2019Q2,2183,0.7590,4.213,8.2
70115,2019Q3,1778,0.7439,4.192,8.8
70115,2019Q4,1638,0.6905,4.016,11.6
70115,2020Q1,1515,0.7471,4.149,8.8
70115,2020Q2,594,0.6378,3.970,14.5
70115,2020Q3,949,0.7055,4.148,10.7
70115,2020Q4,1142,0.7294,4.153,9.5
70115,2021Q1,1167,0.6982,4.063,10.7
70115,2021Q2,1539,0.7131,4.075,10.7
70115,2021Q3,1133,0.7062,4.114,10.8
70115,2021Q4,1100,0.6985,4.017,11.7
70116,2012Q1,1404,0.7077,3.850,10.3
70116,2012Q2,1314,0.7185,3.932,9.6
70116,2012Q3,1071,0.7032,3.957,10.8
70116,2012Q4,1240,0.7251,3.882,9.3
70116,2013Q1,1719,0.7125,3.869,9.2
70116,2013Q2,1677,0.7188,3.887,9.9
70116,2013Q3,1496,0.6894,3.879,11.3
70116,2013Q4,1632,0.7049,3.897,9.9
70116,2014Q1,2060,0.6983,3.910,10.5
70116,2014Q2,2210,0.7128,3.921,9.8
70116,2014Q3,2198,0.6938,3.905,10.9
70116,2014Q4,2172,0.7077,3.903,10.1
70116,2015Q1,2721,0.7084,3.947,9.7
70116,2015Q2,2815,0.6799,3.956,11.7
70116,2015Q3,2600,0.7078,3.999,9.7
70116,2015Q4,2796,0.7017,4.007,10.3
70116,2016Q1,3398,0.7122,3.985,9.6
70116,2016Q2,2968,0.7092,4.020,10.2
70116,2016Q3,2422,0.7074,4.020,10.1
70116,2016Q4,2418,0.6821,3.958,11.5
70116,2017Q1,2949,0.6924,4.017,10.6
70116,2017Q2,3222,0.7064,4.066,9.9
70116,2017Q3,2639,0.7121,4.148,9.7
70116,2017Q4,2827,0.7128,4.055,9.6
70116,2018Q1,3449,0.6939,3.985,10.7
70116,2018Q2,3925,0.6821,4.036,11.1
70116,2018Q3,3093,0.7052,4.094,10.2
70116,2018Q4,3072,0.6787,4.051,11.7
70116,2019Q1,3565,0.6889,4.010,11.1
70116,2019Q2,3371,0.6767,4.020,11.7
70116,2019Q3,2652,0.7048,4.035,10.4
70116,2019Q4,2773,0.6754,4.031,12.0
70116,2020Q1,2698,0.7037,4.115,10.1
70116,2020Q2,350,0.6920,4.311,11.1
70116,2020Q3,639,0.7116,4.247,10.6
70116,2020Q4,828,0.7247,4.246,9.2
70116,2021Q1,1147,0.7287,4.279,9.1
70116,2021Q2,1889,0.6865,4.091,10.3
70116,2021Q3,1325,0.6854,4.112,11.3
70116,2021Q4,1523,0.6949,4.153,10.8
70117,2012Q1,295,0.8019,4.163,5.4
70117,2012Q2,311,0.8235,4.190,3.9
70117,2012Q3,244,0.7616,3.934,9.0
70117,2012Q4,292,0.7945,4.120,6.2
70117,2013Q1,417,0.7505,4.048,9.1
70117,2013Q2,401,0.7909,4.117,6.2
70117,2013Q3,354,0.7738,3.992,7.6
70117,2013Q4,308,0.7412,3.935,8.4
70117,2014Q1,473,0.7577,4.049,7.0
70117,2014Q2,520,0.7524,3.925,8.1
70117,2014Q3,478,0.7356,4.048,10.0
70117,2014Q4,508,0.7629,4.069,8.7
70117,2015Q1,661,0.7334,4.009,8.9
70117,2015Q2,807,0.7867,4.175,6.7
70117,2015Q3,651,0.7925,4.247,6.3
70117,2015Q4,612,0.7783,4.252,7.0
70117,2016Q1,809,0.7770,4.197,7.5
70117,2016Q2,798,0.7523,4.231,8.1
70117,2016Q3,614,0.7357,4.164,8.5
70117,2016Q4,662,0.7443,4.029,7.6
70117,2017Q1,809,0.7631,4.273,7.8
70117,2017Q2,762,0.7843,4.261,7.0
70117,2017Q3,618,0.7621,4.220,7.4
70117,2017Q4,672,0.7230,4.153,9.4
70117,2018Q1,831,0.7364,4.252,8.4
70117,2018Q2,915,0.7306,4.158,9.8
70117,2018Q3,761,0.7293,4.155,8.8
70117,2018Q4,724,0.7435,4.221,8.8
70117,2019Q1,967,0.7275,4.143,9.3
70117,2019Q2,948,0.7387,4.228,9.5
70117,2019Q3,737,0.7713,4.228,6.9
70117,2019Q4,760,0.7412,4.184,8.7
70117,2020Q1,727,0.7388,4.172,9.6
70117,2020Q2,159,0.6301,4.031,13.2
70117,2020Q3,295,0.6414,4.085,15.6
70117,2020Q4,324,0.6540,4.102,13.6
70117,2021Q1,464,0.7284,4.149,9.9
70117,2021Q2,563,0.6892,4.082,12.3
70117,2021Q3,393,0.6929,4.135,10.9
70117,2021Q4,383,0.6947,4.167,10.7
70118,2012Q1,573,0.7435,3.778,8.2
70118,2012Q2,555,0.7683,3.840,8.6
70118,2012Q3,428,0.7176,3.855,9.6
70118,2012Q4,439,0.7273,3.911,10.0
70118,2013Q1,631,0.7546,3.849,7.9
70118,2013Q2,657,0.7348,3.784,9.6
70118,2013Q3,601,0.7141,3.797,10.3
70118,2013Q4,551,0.7096,3.893,10.9
70118,2014Q1,662,0.7426,3.843,8.2
70118,2014Q2,681,0.7435,3.994,8.2
70118,2014Q3,787,0.7196,3.935,9.7
70118,2014Q4,721,0.7128,3.900,10.4
70118,2015Q1,822,0.7531,3.945,7.4
70118,2015Q2,834,0.6881,3.933,11.3
70118,2015Q3,880,0.7034,3.945,10.3
70118,2015Q4,711,0.7144,3.965,10.3
70118,2016Q1,905,0.7176,3.969,9.3
70118,2016Q2,829,0.7022,4.013,11.0
70118,2016Q3,774,0.7420,4.008,8.8
70118,2016Q4,687,0.6524,3.853,13.4
70118,2017Q1,774,0.6560,3.925,13.3
70118,2017Q2,751,0.6817,3.947,12.0
70118,2017Q3,661,0.7156,4.095,9.2
70118,2017Q4,665,0.6902,4.015,12.5
70118,2018Q1,819,0.7172,3.973,11.2
70118,2018Q2,938,0.7043,4.022,9.9
70118,2018Q3,841,0.6981,4.080,11.5
70118,2018Q4,744,0.7221,4.062,9.4
70118,2019Q1,869,0.6812,3.959,12.3
70118,2019Q2,826,0.7116,4.085,10.7
70118,2019Q3,740,0.7009,4.147,10.9
70118,2019Q4,706,0.7221,4.163,10.3
70118,2020Q1,634,0.6945,4.106,11.7
70118,2020Q2,253,0.6794,4.063,11.9
70118,2020Q3,367,0.6588,4.011,12.8
70118,2020Q4,364,0.5877,3.995,16.5
70118,2021Q1,436,0.6612,3.947,13.1
70118,2021Q2,516,0.6110,3.835,15.9
70118,2021Q3,342,0.5947,4.020,16.7
70118,2021Q4,399,0.6359,3.975,14.5
70119,2012Q1,444,0.7497,3.856,8.3
70119,2012Q2,499,0.6896,3.856,11.4
70119,2012Q3,370,0.7160,3.881,9.7
70119,2012Q4,435,0.6924,3.805,11.0
70119,2013Q1,521,0.7324,3.883,9.8
70119,2013Q2,562,0.7152,3.931,10.3
70119,2013Q3,660,0.7290,3.853,9.5
70119,2013Q4,626,0.7176,3.851,10.1
70119,2014Q1,876,0.7230,3.858,9.8
70119,2014Q2,782,0.7123,3.904,10.7
70119,2014Q3,906,0.7360,3.975,8.6
70119,2014Q4,847,0.6925,3.945,10.9
70119,2015Q1,1067,0.7192,3.945,9.7
70119,2015Q2,1100,0.7221,4.045,9.4
70119,2015Q3,1096,0.7304,3.993,8.3
70119,2015Q4,1088,0.6966,3.983,11.1
70119,2016Q1,1288,0.7001,4.015,11.0
70119,2016Q2,1293,0.7154,4.051,9.7
70119,2016Q3,1160,0.7242,4.054,9.6
70119,2016Q4,1181,0.6920,3.942,11.1
70119,2017Q1,1382,0.7225,4.050,9.6
70119,2017Q2,1516,0.7083,4.076,9.6
70119,2017Q3,1154,0.7133,4.114,9.9
70119,2017Q4,1212,0.7176,4.079,9.8
70119,2018Q1,1539,0.7209,4.089,9.2
70119,2018Q2,1731,0.7146,4.128,9.5
70119,2018Q3,1783,0.6968,4.100,10.9
70119,2018Q4,1588,0.6986,4.059,10.7
70119,2019Q1,1923,0.7111,4.090,10.5
70119,2019Q2,1953,0.7146,4.093,10.1
70119,2019Q3,1626,0.6925,4.067,11.2
70119,2019Q4,1429,0.6963,4.094,11.1
70119,2020Q1,1400,0.7305,4.161,9.1
70119,2020Q2,499,0.6320,4.002,15.6
70119,2020Q3,763,0.6098,3.974,16.1
70119,2020Q4,825,0.6928,4.057,11.9
70119,2021Q1,991,0.6728,4.022,12.8
70119,2021Q2,1138,0.6233,3.933,15.1
70119,2021Q3,820,0.6298,3.932,13.7
70119,2021Q4,872,0.6636,4.015,13.5
70121,2012Q1,69,0.5658,3.551,17.4
70121,2012Q2,67,0.7993,3.776,4.5
70121,2012Q3,59,0.6957,3.644,8.5
70121,2012Q4,74,0.6056,3.757,16.2
70121,2013Q1,63,0.6948,3.556,11.1
70121,2013Q2,59,0.7106,3.576,6.8
70121,2013Q3,86,0.4831,3.291,23.3
70121,2013Q4,74,0.5020,3.473,20.3
70121,2014Q1,82,0.7145,3.573,11.0
70121,2014Q2,96,0.6219,3.656,14.6
70121,2014Q3,93,0.5478,3.344,19.4
70121,2014Q4,95,0.4937,3.568,18.9
70121,2015Q1,122,0.4390,3.434,24.6
70121,2015Q2,113,0.5561,3.372,18.6
70121,2015Q3,116,0.4299,3.379,24.1
70121,2015Q4,90,0.5537,3.611,17.8
70121,2016Q1,164,0.4741,3.640,22.0
70121,2016Q2,125,0.5554,3.608,17.6
70121,2016Q3,121,0.5078,3.545,22.3
70121,2016Q4,110,0.4964,3.609,21.8
70121,2017Q1,123,0.6269,3.659,13.8
70121,2017Q2,120,0.5774,3.917,17.5
70121,2017Q3,86,0.6236,3.814,12.8
70121,2017Q4,97,0.4599,3.340,24.7
70121,2018Q1,129,0.5235,3.388,20.9
70121,2018Q2,135,0.5304,3.600,19.3
70121,2018Q3,153,0.5412,3.595,19.0
70121,2018Q4,107,0.4210,3.374,27.1
70121,2019Q1,143,0.4860,3.273,21.7
70121,2019Q2,153,0.4938,3.667,22.2
70121,2019Q3,137,0.4403,3.474,24.1
70121,2019Q4,138,0.5736,3.587,18.8
70121,2020Q1,141,0.5034,3.518,22.0
70121,2020Q2,52,0.4224,3.404,26.9
70121,2020Q3,93,0.3899,3.194,24.7
70121,2020Q4,73,0.4897,3.589,21.9
70121,2021Q1,97,0.4765,3.340,23.7
70121,2021Q2,109,0.5463,3.853,18.3
70121,2021Q3,95,0.3544,3.189,27.4
70121,2021Q4,80,0.3755,3.075,32.5
70122,2012Q1,26,0.6339,3.500,7.7
70122,2012Q2,30,0.8276,4.233,3.3
70122,2012Q3,32,0.7160,3.906,6.2
70122,2012Q4,35,0.6495,3.971,11.4
70122,2013Q1,50,0.6577,3.980,14.0
70122,2013Q2,49,0.7022,4.102,10.2
70122,2013Q3,53,0.8232,4.094,5.7
70122,2013Q4,47,0.7071,3.979,8.5
70122,2014Q1,60,0.5881,3.583,15.0
70122,2014Q2,59,0.5959,3.864,16.9
70122,2014Q3,73,0.6852,3.753,11.0
70122,2014Q4,57,0.6046,3.509,17.5
70122,2015Q1,83,0.6886,3.843,10.8
70122,2015Q2,108,0.7210,4.093,7.4
70122,2015Q3,121,0.6990,3.744,9.9
70122,2015Q4,100,0.5120,3.700,22.0
70122,2016Q1,121,0.6228,3.917,14.0
70122,2016Q2,127,0.7162,3.811,8.7
70122,2016Q3,118,0.6736,3.822,12.7
70122,2016Q4,87,0.7077,3.908,8.0
70122,2017Q1,119,0.4164,3.471,27.7
70122,2017Q2,120,0.4850,3.492,21.7
70122,2017Q3,95,0.5892,3.558,14.7
70122,2017Q4,97,0.5888,3.711,17.5
70122,2018Q1,126,0.5914,3.563,15.1
70122,2018Q2,169,0.6650,3.947,11.8
70122,2018Q3,162,0.5892,3.796,16.0
70122,2018Q4,129,0.5374,3.698,20.2
70122,2019Q1,106,0.5567,3.679,18.9
70122,2019Q2,148,0.6848,4.054,10.1
70122,2019Q3,148,0.5813,3.736,16.2
70122,2019Q4,134,0.5470,3.649,19.4
70122,2020Q1,86,0.6121,3.767,14.0
70122,2020Q2,52,0.6182,3.885,19.2
70122,2020Q3,66,0.3947,3.106,28.8
70122,2020Q4,66,0.5700,4.045,18.2
70122,2021Q1,101,0.5541,3.703,19.8
70122,2021Q2,86,0.5214,3.593,19.8
70122,2021Q3,64,0.3065,3.234,34.4
70122,2021Q4,82,0.4204,3.159,23.2
70123,2012Q1,75,0.6607,3.787,12.0
70123,2012Q2,115,0.6873,3.574,10.4
70123,2012Q3,86,0.5584,3.407,19.8
70123,2012Q4,117,0.6128,3.342,14.5
70123,2013Q1,126,0.5561,3.405,17.5
70123,2013Q2,127,0.5776,3.299,17.3
70123,2013Q3,144,0.6281,3.347,14.6
70123,2013Q4,149,0.6485,3.698,11.4
70123,2014Q1,177,0.6052,3.582,18.1
70123,2014Q2,225,0.6491,3.609,13.8
70123,2014Q3,200,0.5434,3.545,20.5
70123,2014Q4,176,0.5439,3.375,19.3
70123,2015Q1,277,0.6046,3.570,14.1
70123,2015Q2,263,0.5571,3.513,17.9
70123,2015Q3,294,0.5636,3.541,17.7
70123,2015Q4,246,0.6125,3.724,17.1
70123,2016Q1,325,0.5757,3.772,17.2
70123,2016Q2,288,0.5401,3.674,19.8
70123,2016Q3,298,0.5726,3.674,18.1
70123,2016Q4,251,0.5911,3.649,16.7
70123,2017Q1,298,0.5893,3.725,16.4
70123,2017Q2,331,0.6014,3.749,16.3
70123,2017Q3,318,0.6043,3.830,15.7
70123,2017Q4,304,0.6236,3.793,15.5
70123,2018Q1,393,0.6276,3.901,15.8
70123,2018Q2,385,0.6022,3.714,16.9
70123,2018Q3,421,0.6222,3.912,15.2
70123,2018Q4,301,0.6375,3.801,13.6
70123,2019Q1,371,0.6571,3.873,14.0
70123,2019Q2,414,0.6110,3.855,16.4
70123,2019Q3,373,0.5103,3.477,21.2
70123,2019Q4,305,0.5954,3.626,17.0
70123,2020Q1,241,0.6537,3.888,13.7
70123,2020Q2,190,0.5058,3.674,20.0
70123,2020Q3,249,0.4594,3.394,24.5
70123,2020Q4,216,0.5742,3.685,17.1
70123,2021Q1,219,0.5095,3.543,21.5
70123,2021Q2,244,0.4974,3.451,22.1
70123,2021Q3,200,0.4689,3.380,23.5
70123,2021Q4,190,0.3615,3.105,29.5
70124,2012Q1,85,0.6641,3.647,12.9
70124,2012Q2,92,0.6872,3.609,12.0
70124,2012Q3,57,0.7667,3.895,7.0
70124,2012Q4,108,0.7053,3.759,11.1
70124,2013Q1,133,0.7388,3.820,6.8
70124,2013Q2,138,0.7556,3.775,7.2
70124,2013Q3,204,0.7039,3.706,11.3
70124,2013Q4,185,0.6597,3.665,14.6
70124,2014Q1,181,0.7241,3.751,10.5
70124,2014Q2,238,0.5633,3.538,19.3
70124,2014Q3,263,0.6839,3.844,11.0
70124,2014Q4,241,0.6612,3.676,14.9
70124,2015Q1,253,0.6504,3.854,13.8
70124,2015Q2,323,0.6676,3.734,13.6
70124,2015Q3,303,0.7085,3.667,9.6
70124,2015Q4,314,0.6851,3.914,12.7
70124,2016Q1,319,0.6960,3.903,11.3
70124,2016Q2,344,0.6884,3.863,11.3
70124,2016Q3,325,0.6588,3.720,12.9
70124,2016Q4,318,0.6559,3.642,12.9
70124,2017Q1,404,0.7041,3.787,11.6
70124,2017Q2,401,0.6310,3.751,14.5
70124,2017Q3,361,0.7079,3.850,10.2
70124,2017Q4,304,0.6784,3.688,11.5
70124,2018Q1,384,0.6474,3.781,13.3
70124,2018Q2,387,0.7005,3.889,10.9
70124,2018Q3,504,0.6932,3.891,11.5
70124,2018Q4,342,0.6840,4.009,11.4
70124,2019Q1,417,0.6926,3.894,10.8
70124,2019Q2,437,0.6798,3.908,13.0
70124,2019Q3,405,0.6552,3.780,13.3
70124,2019Q4,326,0.6878,3.902,12.6
70124,2020Q1,318,0.6870,3.931,12.6
70124,2020Q2,138,0.6368,3.964,13.0
70124,2020Q3,245,0.6408,3.865,14.3
70124,2020Q4,220,0.6184,3.795,15.5
70124,2021Q1,255,0.6809,4.059,12.2
70124,2021Q2,336,0.6328,3.854,15.2
70124,2021Q3,216,0.6336,3.884,13.0
70124,2021Q4,206,0.5372,3.592,20.9
70125,2012Q1,56,0.7529,3.786,5.4
70125,2012Q2,64,0.6329,3.750,12.5
70125,2012Q3,63,0.7353,3.825,7.9
70125,2012Q4,67,0.4333,3.358,26.9
70125,2013Q1,82,0.5516,3.573,18.3
70125,2013Q2,79,0.5604,3.734,20.3
70125,2013Q3,68,0.6949,4.059,11.8
70125,2013Q4,73,0.6162,3.644,16.4
70125,2014Q1,105,0.6048,3.590,15.2
70125,2014Q2,102,0.7491,3.971,8.8
70125,2014Q3,129,0.6933,3.791,10.9
70125,2014Q4,108,0.5941,3.833,15.7
70125,2015Q1,151,0.5550,3.563,19.9
70125,2015Q2,166,0.6587,3.837,12.0
70125,2015Q3,191,0.6140,3.754,14.7
70125,2015Q4,203,0.5376,3.458,19.7
70125,2016Q1,225,0.6267,3.862,15.6
70125,2016Q2,169,0.6014,3.627,15.4
70125,2016Q3,157,0.5939,3.777,16.6
70125,2016Q4,147,0.6722,3.823,12.9
70125,2017Q1,154,0.6134,3.630,14.9
70125,2017Q2,194,0.5794,3.716,16.0
70125,2017Q3,160,0.5941,3.869,16.9
70125,2017Q4,186,0.6414,3.898,15.1
70125,2018Q1,206,0.6688,3.947,13.1
70125,2018Q2,231,0.6006,3.823,15.6
70125,2018Q3,248,0.6007,3.891,16.1
70125,2018Q4,178,0.5842,3.719,18.0
70125,2019Q1,210,0.6000,3.738,15.7
70125,2019Q2,203,0.6359,3.911,15.3
70125,2019Q3,222,0.6112,3.955,16.2
70125,2019Q4,204,0.6707,4.142,13.7
70125,2020Q1,181,0.5964,3.790,18.2
70125,2020Q2,92,0.5004,3.859,22.8
70125,2020Q3,140,0.4898,3.729,22.1
70125,2020Q4,130,0.5111,3.669,22.3
70125,2021Q1,153,0.5709,3.667,17.6
70125,2021Q2,178,0.5988,3.826,15.7
70125,2021Q3,147,0.4737,3.755,22.4
70125,2021Q4,115,0.4853,3.487,25.2
70126,2012Q1,12,0.5536,3.833,16.7
70126,2012Q2,12,0.2253,3.250,41.7
70126,2012Q3,10,0.3052,2.900,40.0
70126,2012Q4,20,0.6087,3.300,15.0
70126,2013Q1,12,0.4268,2.667,25.0
70126,2013Q2,11,0.3846,3.091,36.4
70126,2013Q3,23,0.6833,3.826,13.0
70126,2013Q4,22,0.4360,3.455,27.3
70126,2014Q1,25,0.5442,3.520,20.0
70126,2014Q2,23,0.2927,3.217,30.4
70126,2014Q3,27,0.5905,3.407,14.8
70126,2014Q4,38,0.6672,3.632,13.2
70126,2015Q1,34,0.4232,3.294,29.4
70126,2015Q2,45,0.6039,3.644,13.3
70126,2015Q3,40,0.4810,3.325,25.0
70126,2015Q4,36,0.6017,3.694,16.7
70126,2016Q1,57,0.5642,3.596,21.1
70126,2016Q2,74,0.6946,3.892,10.8
70126,2016Q3,51,0.6227,3.686,11.8
70126,2016Q4,60,0.4020,3.333,26.7
70126,2017Q1,63,0.6159,3.635,12.7
70126,2017Q2,82,0.5651,3.610,17.1
70126,2017Q3,69,0.7102,4.000,10.1
70126,2017Q4,64,0.5769,3.422,15.6
70126,2018Q1,71,0.4858,3.239,22.5
70126,2018Q2,92,0.5092,3.576,16.3
70126,2018Q3,87,0.4818,3.299,24.1
70126,2018Q4,63,0.5022,3.556,22.2
70126,2019Q1,83,0.4683,3.301,24.1
70126,2019Q2,101,0.5212,3.535,18.8
70126,2019Q3,74,0.4283,3.486,25.7
70126,2019Q4,76,0.4971,3.539,23.7
70126,2020Q1,72,0.6036,3.694,16.7
70126,2020Q2,46,0.2745,2.565,30.4
70126,2020Q3,30,0.4619,3.400,23.3
70126,2020Q4,44,0.4527,3.523,25.0
70126,2021Q1,70,0.4806,3.557,24.3
70126,2021Q2,74,0.4875,3.635,24.3
70126,2021Q3,42,0.4117,2.905,26.2
70126,2021Q4,55,0.3918,2.982,25.5
70127,2012Q1,12,0.7736,3.667,0.0
70127,2012Q2,8,0.5507,4.250,12.5
70127,2012Q3,12,0.6033,4.083,16.7
70127,2012Q4,10,0.6422,3.400,10.0
70127,2013Q1,13,0.7324,3.923,7.7
70127,2013Q2,11,0.3226,3.000,36.4
70127,2013Q3,15,0.0006,2.800,53.3
70127,2013Q4,13,0.5819,4.000,23.1
70127,2014Q1,26,0.7596,4.308,11.5
70127,2014Q2,34,0.6372,4.088,11.8
70127,2014Q3,35,0.7146,3.486,8.6
70127,2014Q4,20,0.7789,3.800,5.0
70127,2015Q1,33,0.4984,3.394,21.2
70127,2015Q2,40,0.3898,3.550,27.5
70127,2015Q3,23,0.5993,3.652,17.4
70127,2015Q4,26,0.5432,3.808,23.1
70127,2016Q1,36,0.5531,3.611,19.4
70127,2016Q2,42,0.6385,4.024,11.9
70127,2016Q3,42,0.6431,3.667,11.9
70127,2016Q4,25,0.6809,3.800,12.0
70127,2017Q1,41,0.6156,3.829,14.6
70127,2017Q2,50,0.4581,3.640,24.0
70127,2017Q3,63,0.4859,3.667,25.4
70127,2017Q4,28,0.5823,3.821,17.9
70127,2018Q1,58,0.4492,3.569,25.9
70127,2018Q2,67,0.5532,3.552,20.9
70127,2018Q3,89,0.5884,3.899,13.5
70127,2018Q4,48,0.4888,3.458,18.8
70127,2019Q1,77,0.3480,3.519,31.2
70127,2019Q2,82,0.4884,3.573,20.7
70127,2019Q3,66,0.6502,4.167,13.6
70127,2019Q4,58,0.4106,3.276,25.9
70127,2020Q1,75,0.5950,3.907,14.7
70127,2020Q2,26,0.4089,3.269,30.8
70127,2020Q3,33,0.2939,3.152,33.3
70127,2020Q4,25,0.3851,3.400,28.0
70127,2021Q1,27,0.5892,3.889,14.8
70127,2021Q2,37,0.5075,3.486,16.2
70127,2021Q3,30,0.5992,3.833,10.0
70127,2021Q4,10,0.3603,3.700,30.0
70128,2012Q1,2,0.1476,3.000,50.0
70128,2012Q2,2,-0.1632,2.000,50.0
70128,2012Q3,7,-0.2450,2.000,71.4
70128,2012Q4,1,-0.9819,1.000,100.0
70128,2013Q1,5,0.2972,3.200,40.0
70128,2013Q2,9,-0.0840,2.000,55.6
70128,2013Q3,6,0.0725,1.500,33.3
70128,2013Q4,13,0.1765,2.308,38.5
70128,2014Q1,16,0.2621,2.500,37.5
70128,2014Q2,16,0.4683,3.062,25.0
70128,2014Q3,17,0.6061,3.235,11.8
70128,2014Q4,17,0.4010,3.000,29.4
70128,2015Q1,20,0.4314,3.000,20.0
70128,2015Q2,23,0.1664,2.522,39.1
70128,2015Q3,20,0.0117,2.700,50.0
70128,2015Q4,24,0.0423,2.542,41.7
70128,2016Q1,31,0.3369,2.935,29.0
70128,2016Q2,15,0.4507,2.600,20.0
70128,2016Q3,30,0.2650,2.800,36.7
70128,2016Q4,33,0.1646,2.152,42.4
70128,2017Q1,46,0.4401,2.913,23.9
70128,2017Q2,48,0.4396,3.062,25.0
70128,2017Q3,47,0.3884,2.979,25.5
70128,2017Q4,39,0.5625,3.564,17.9
70128,2018Q1,46,0.5255,3.478,17.4
70128,2018Q2,60,0.3837,3.083,28.3
70128,2018Q3,90,0.4279,3.022,27.8
70128,2018Q4,49,0.3869,2.673,26.5
70128,2019Q1,68,0.3977,2.926,29.4
70128,2019Q2,56,0.2724,3.000,33.9
70128,2019Q3,80,0.4195,2.987,27.5
70128,2019Q4,43,0.3447,3.070,32.6
70128,2020Q1,53,0.3431,2.887,32.1
70128,2020Q2,15,0.1536,2.333,40.0
70128,2020Q3,27,0.1644,2.778,40.7
70128,2020Q4,16,0.1460,2.625,37.5
70128,2021Q1,25,0.0073,2.360,48.0
70128,2021Q2,22,-0.0459,2.227,50.0
70128,2021Q3,18,0.2342,2.833,33.3
70128,2021Q4,17,0.3837,3.176,23.5
70129,2012Q1,5,0.5482,4.000,20.0
70129,2012Q2,5,0.4498,4.400,20.0
70129,2012Q3,11,0.6067,4.273,18.2
70129,2012Q4,7,0.8312,4.000,0.0
70129,2013Q1,16,0.6349,3.125,0.0
70129,2013Q2,11,0.6206,4.182,9.1
70129,2013Q3,8,0.6983,3.875,12.5
70129,2013Q4,15,0.6910,4.267,6.7
70129,2014Q1,11,0.5837,3.727,18.2
70129,2014Q2,18,0.6953,3.833,11.1
70129,2014Q3,11,0.4710,3.455,18.2
70129,2014Q4,20,0.5662,3.650,15.0
70129,2015Q1,16,0.6368,4.062,12.5
70129,2015Q2,9,0.5413,4.333,22.2
70129,2015Q3,19,0.5625,3.632,21.1
70129,2015Q4,10,0.8548,4.200,0.0
70129,2016Q1,22,0.7002,4.182,9.1
70129,2016Q2,10,0.7351,4.000,10.0
70129,2016Q3,17,0.2470,2.882,29.4
70129,2016Q4,4,0.3545,3.250,25.0
70129,2017Q1,21,0.7500,4.381,4.8
70129,2017Q2,20,0.6275,3.950,15.0
70129,2017Q3,19,0.4049,3.895,31.6
70129,2017Q4,17,0.5316,3.824,17.6
70129,2018Q1,42,0.7783,4.357,2.4
70129,2018Q2,28,0.4855,3.821,21.4
70129,2018Q3,24,0.6725,3.958,12.5
70129,2018Q4,14,0.8589,4.071,0.0
70129,2019Q1,40,0.7932,4.500,5.0
70129,2019Q2,19,0.4575,3.842,15.8
70129,2019Q3,14,0.6135,3.571,14.3
70129,2019Q4,21,0.3075,3.429,28.6
70129,2020Q1,34,0.6490,4.000,14.7
70129,2020Q2,9,0.6977,4.111,11.1
70129,2020Q3,12,0.7902,4.417,0.0
70129,2020Q4,19,0.8092,4.474,5.3
70129,2021Q1,22,0.7119,4.591,13.6
70129,2021Q2,14,0.2598,3.500,35.7
70129,2021Q3,14,0.5280,3.857,21.4
70129,2021Q4,6,0.7532,4.500,16.7
70130,2012Q1,3034,0.7087,3.678,10.0
70130,2012Q2,2883,0.7202,3.739,9.7
70130,2012Q3,2467,0.7192,3.745,9.7
70130,2012Q4,2861,0.7173,3.750,9.4
70130,2013Q1,3756,0.7107,3.738,10.1
70130,2013Q2,3911,0.7085,3.746,10.1
70130,2013Q3,3522,0.7056,3.799,10.2
70130,2013Q4,4127,0.6927,3.763,10.8
70130,2014Q1,5017,0.6966,3.794,11.1
70130,2014Q2,5314,0.6968,3.806,10.9
70130,2014Q3,5135,0.7029,3.849,10.9
70130,2014Q4,5528,0.6851,3.812,11.6
70130,2015Q1,6657,0.7080,3.875,10.3
70130,2015Q2,7494,0.7173,3.886,9.7
70130,2015Q3,6840,0.7027,3.910,10.3
70130,2015Q4,7268,0.6856,3.882,11.6
70130,2016Q1,8461,0.6968,3.878,10.9
70130,2016Q2,8027,0.6990,3.915,10.7
70130,2016Q3,6878,0.7012,3.968,10.7
70130,2016Q4,6839,0.6870,3.908,11.2
70130,2017Q1,7845,0.6900,3.946,11.4
70130,2017Q2,8639,0.6931,3.962,11.3
70130,2017Q3,7234,0.6936,3.948,10.9
70130,2017Q4,7503,0.7030,3.966,10.9
70130,2018Q1,9590,0.6913,3.934,11.1
70130,2018Q2,10647,0.6933,3.991,11.0
70130,2018Q3,8942,0.6919,3.990,10.8
70130,2018Q4,8964,0.6906,3.965,11.4
70130,2019Q1,10085,0.7047,4.011,10.6
70130,2019Q2,9755,0.6946,3.984,11.0
70130,2019Q3,8088,0.7219,4.043,9.7
70130,2019Q4,8127,0.6785,3.934,12.0
70130,2020Q1,7373,0.6951,4.000,11.1
70130,2020Q2,1024,0.7481,4.171,8.0
70130,2020Q3,2160,0.7193,4.154,10.4
70130,2020Q4,2673,0.7247,4.172,9.6
70130,2021Q1,3427,0.6875,4.081,11.8
70130,2021Q2,5214,0.6829,3.960,11.7
70130,2021Q3,3677,0.6664,3.980,13.0
70130,2021Q4,4035,0.6831,3.998,11.9
70131,2012Q1,6,0.7342,3.500,0.0
70131,2012Q2,7,0.4862,3.714,28.6
70131,2012Q3,6,0.7592,4.167,0.0
70131,2012Q4,1,0.9763,4.000,0.0
70131,2013Q1,7,0.3223,2.571,42.9
70131,2013Q2,5,0.8349,3.200,0.0
70131,2013Q3,11,0.6818,3.727,9.1
70131,2013Q4,9,0.7352,4.111,11.1
70131,2014Q1,12,0.4391,3.500,25.0
70131,2014Q2,24,0.6653,3.708,16.7
70131,2014Q3,43,0.5184,3.628,23.3
70131,2014Q4,23,0.7419,3.696,13.0
70131,2015Q1,37,0.6775,3.378,13.5
70131,2015Q2,37,0.4087,3.189,27.0
70131,2015Q3,32,0.7683,4.156,3.1
70131,2015Q4,40,0.3307,3.125,32.5
70131,2016Q1,38,0.5606,3.342,18.4
70131,2016Q2,37,0.7728,4.405,5.4
70131,2016Q3,41,0.7039,4.000,9.8
70131,2016Q4,33,0.7079,3.848,15.2
70131,2017Q1,27,0.6695,3.667,7.4
70131,2017Q2,35,0.8206,4.029,2.9
70131,2017Q3,34,0.4849,3.324,17.6
70131,2017Q4,29,0.3556,3.414,27.6
70131,2018Q1,31,0.6014,3.548,19.4
70131,2018Q2,30,0.5400,3.433,23.3
70131,2018Q3,26,0.6316,4.000,19.2
70131,2018Q4,29,0.5517,3.552,20.7
70131,2019Q1,55,0.5769,3.782,18.2
70131,2019Q2,59,0.5151,3.763,22.0
70131,2019Q3,52,0.4619,3.019,26.9
70131,2019Q4,36,0.3533,3.278,33.3
70131,2020Q1,27,0.2466,3.481,40.7
70131,2020Q2,13,0.2657,3.462,38.5
70131,2020Q3,19,0.2917,2.895,31.6
70131,2020Q4,17,0.4837,3.176,17.6
70131,2021Q1,24,0.4554,3.750,20.8
70131,2021Q2,25,0.4684,3.440,20.0
70131,2021Q3,12,0.1060,2.667,50.0
70131,2021Q4,21,0.2801,2.619,38.1
70132,2014Q1,2,0.6091,4.500,0.0
70132,2014Q3,1,-0.4811,2.000,100.0
70132,2015Q3,1,0.5980,5.000,0.0
70132,2016Q3,2,0.8109,4.000,0.0
70132,2016Q4,2,0.8504,4.500,0.0
70132,2017Q1,1,0.9098,4.000,0.0
70132,2017Q2,4,0.8351,4.250,0.0
70132,2017Q3,2,0.4240,5.000,0.0
70132,2018Q1,1,0.9647,4.000,0.0
70132,2018Q2,1,-0.9659,1.000,100.0
70132,2018Q3,1,0.9485,5.000,0.0
70132,2019Q2,1,0.5927,5.000,0.0
70132,2019Q3,3,0.0339,2.667,33.3
70132,2021Q4,1,-0.1761,1.000,100.0
70139,2012Q1,3,0.4248,3.667,33.3
70139,2012Q2,5,0.2116,3.000,40.0
70139,2012Q3,4,0.6293,4.000,0.0
70139,2012Q4,7,0.8048,4.000,0.0
70139,2013Q1,7,0.3377,3.429,28.6
70139,2013Q2,2,0.9742,4.500,0.0
70139,2013Q3,6,0.3170,3.167,50.0
70139,2013Q4,5,0.2088,3.000,40.0
70139,2014Q1,7,0.1383,2.714,57.1
70139,2014Q2,4,0.4490,3.250,25.0
70139,2014Q3,7,0.8261,4.143,0.0
70139,2014Q4,8,0.5769,4.500,12.5
70139,2015Q1,10,0.4361,3.200,20.0
70139,2015Q2,7,0.9200,4.714,0.0
70139,2015Q3,9,0.6502,3.333,11.1
70139,2015Q4,8,0.4088,3.625,25.0
70139,2016Q1,5,0.7657,5.000,0.0
70139,2016Q2,8,0.8006,4.000,0.0
70139,2016Q3,6,0.8286,5.000,0.0
70139,2016Q4,9,0.9185,4.444,0.0
70139,2017Q1,5,0.6676,3.200,20.0
70139,2017Q2,11,0.7444,4.364,9.1
70139,2017Q3,6,0.3999,3.500,16.7
70139,2017Q4,6,0.7849,4.000,0.0
70139,2018Q1,5,0.6211,4.000,0.0
70139,2018Q2,5,0.3098,3.200,40.0
70139,2018Q3,6,0.4688,4.333,16.7
70139,2018Q4,9,0.5203,4.111,22.2
70139,2019Q1,18,0.6542,4.389,11.1
70139,2019Q2,2,0.2363,3.500,50.0
70139,2019Q3,4,0.3994,3.000,25.0
70139,2019Q4,7,0.6083,4.286,14.3
70139,2020Q1,9,0.6051,4.000,11.1
70139,2020Q2,9,0.2833,3.111,33.3
70139,2020Q3,4,0.7936,4.000,0.0
70139,2020Q4,1,-0.7810,1.000,100.0
70139,2021Q1,3,0.3250,3.667,33.3
70139,2021Q2,2,0.8651,5.000,0.0
70139,2021Q3,3,0.4366,4.333,33.3
70139,2021Q4,3,0.6629,4.333,0.0
70140,2012Q1,37,0.7304,3.595,10.8
70140,2012Q2,28,0.6676,3.857,10.7
70140,2012Q3,29,0.4634,3.069,24.1
70140,2012Q4,32,0.7020,3.344,9.4
70140,2013Q1,36,0.7119,3.417,5.6
70140,2013Q2,45,0.6709,3.644,11.1
70140,2013Q3,49,0.6442,3.327,12.2
70140,2013Q4,44,0.6225,3.318,15.9
70140,2014Q1,59,0.7866,3.814,6.8
70140,2014Q2,65,0.6051,3.400,15.4
70140,2014Q3,78,0.6859,3.449,9.0
70140,2014Q4,82,0.5462,3.293,17.1
70140,2015Q1,79,0.4862,3.177,19.0
70140,2015Q2,77,0.4844,3.766,23.4
70140,2015Q3,87,0.5749,3.517,14.9
70140,2015Q4,88,0.5927,3.239,15.9
70140,2016Q1,98,0.6834,3.806,9.2
70140,2016Q2,76,0.6400,3.487,14.5
70140,2016Q3,90,0.5416,3.389,14.4
70140,2016Q4,95,0.4676,3.211,18.9
70140,2017Q1,85,0.5997,3.529,15.3
70140,2017Q2,104,0.5690,3.433,16.3
70140,2017Q3,92,0.6002,3.457,10.9
70140,2017Q4,113,0.4051,3.327,28.3
70140,2018Q1,107,0.6505,3.523,10.3
70140,2018Q2,163,0.5850,3.626,17.2
70140,2018Q3,154,0.6145,3.610,14.3
70140,2018Q4,134,0.6548,3.799,14.2
70140,2019Q1,138,0.6780,3.891,10.9
70140,2019Q2,130,0.6312,3.900,14.6
70140,2019Q3,131,0.6303,3.756,12.2
70140,2019Q4,110,0.5978,3.836,13.6
70140,2020Q1,84,0.6820,3.964,11.9
70140,2020Q2,4,0.8328,5.000,0.0
70140,2020Q3,9,0.6907,4.333,11.1
70140,2020Q4,5,0.5944,4.200,20.0
70140,2021Q1,15,0.4017,3.733,33.3
70140,2021Q2,34,0.7347,3.647,8.8
70140,2021Q3,37,0.5959,3.757,16.2
70140,2021Q4,35,0.6646,3.886,14.3
70141,2015Q1,2,-0.9829,1.000,100.0
70141,2016Q1,2,0.6813,1.000,0.0
70141,2016Q2,1,0.9600,5.000,0.0
70141,2016Q4,2,0.5139,5.000,0.0
70141,2017Q1,2,-0.1668,3.000,50.0
70141,2017Q2,1,0.9453,5.000,0.0
70141,2017Q3,2,0.9320,5.000,0.0
70141,2017Q4,2,0.9014,5.000,0.0
70141,2018Q1,3,0.9665,5.000,0.0
70141,2018Q2,1,0.8898,5.000,0.0
70141,2019Q2,1,0.9470,5.000,0.0
70141,2019Q4,1,-0.7813,2.000,100.0
70148,2012Q1,2,-0.0373,2.500,50.0
70148,2012Q3,1,0.9936,4.000,0.0
70148,2012Q4,1,0.9313,4.000,0.0
70148,2013Q3,1,0.9861,5.000,0.0
70148,2014Q1,1,0.9750,5.000,0.0
70148,2014Q3,1,0.9648,3.000,0.0
70148,2015Q2,2,-0.0736,1.000,50.0
70148,2015Q3,1,-0.9562,1.000,100.0
70148,2015Q4,3,0.3093,2.667,33.3
70148,2016Q1,4,-0.2765,2.000,75.0
70148,2016Q2,5,-0.4126,1.600,80.0
70148,2016Q3,3,-0.2997,1.000,66.7
70148,2016Q4,4,0.1076,1.750,50.0
70148,2017Q2,3,-0.3479,1.000,66.7
70148,2017Q3,5,0.5462,3.000,20.0
70148,2017Q4,2,-0.0259,3.000,50.0
70148,2018Q2,1,-0.4956,1.000,100.0
70148,2018Q3,3,-0.2017,2.000,66.7
70148,2018Q4,1,0.3182,1.000,0.0
70148,2019Q2,1,-0.9337,1.000,100.0
70148,2019Q3,5,0.2260,2.600,40.0
70148,2019Q4,2,-0.0529,2.500,50.0
70148,2020Q1,1,0.5574,4.000,0.0
70148,2020Q2,1,0.5859,1.000,0.0
70148,2020Q4,1,-0.8118,1.000,100.0
70148,2021Q1,1,-0.9483,1.000,100.0
70148,2021Q2,2,-0.9312,1.000,100.0
70151,2014Q2,2,0.9843,5.000,0.0
70151,2014Q4,1,0.8883,5.000,0.0
70151,2015Q1,1,-0.4730,5.000,100.0
70151,2015Q2,1,0.9493,5.000,0.0
70151,2015Q3,1,0.9621,5.000,0.0
70151,2015Q4,2,0.8879,5.000,0.0
70151,2016Q1,2,0.8532,5.000,0.0
70151,2016Q4,5,0.9145,5.000,0.0
70151,2017Q2,3,0.9597,5.000,0.0
70151,2017Q3,2,0.9616,5.000,0.0
70151,2017Q4,2,0.7645,5.000,0.0
70151,2018Q2,5,0.8101,5.000,0.0
70151,2018Q3,1,0.5849,5.000,0.0
70151,2018Q4,2,0.8361,5.000,0.0
70151,2019Q1,4,0.8229,5.000,0.0
70151,2019Q2,3,0.6544,5.000,0.0
70151,2020Q1,2,0.9802,5.000,0.0
70151,2020Q4,1,0.9847,5.000,0.0
70151,2021Q4,1,0.8516,5.000,0.0
70152,2012Q1,2,0.8126,3.500,0.0
70152,2013Q1,1,0.9524,4.000,0.0
70152,2017Q1,1,0.9590,3.000,0.0
70156,2012Q1,1,0.5449,3.000,0.0
70156,2012Q2,2,0.9683,4.500,0.0
70156,2012Q3,1,0.9473,5.000,0.0
70156,2012Q4,2,0.9753,5.000,0.0
70156,2013Q1,3,0.8909,4.667,0.0
70156,2013Q2,3,0.7866,4.667,0.0
70156,2013Q3,4,0.6761,4.750,0.0
70156,2013Q4,1,0.9931,5.000,0.0
70156,2014Q1,6,0.6622,5.000,16.7
70156,2014Q2,3,0.9242,5.000,0.0
70156,2014Q3,4,0.8357,4.500,0.0
70156,2014Q4,4,0.8773,4.750,0.0
70156,2015Q1,6,0.8820,4.667,0.0
70156,2015Q2,5,0.8525,4.800,0.0
70156,2015Q3,7,0.9301,4.857,0.0
70156,2015Q4,9,0.9482,4.889,0.0
70156,2016Q1,13,0.6454,4.615,15.4
70156,2016Q2,14,0.8733,4.786,0.0
70156,2016Q3,8,0.7639,4.500,12.5
70156,2016Q4,12,0.6327,3.750,8.3
70156,2017Q1,8,0.7469,4.625,0.0
70156,2017Q2,15,0.8469,4.600,0.0
70156,2017Q3,13,0.8270,4.615,7.7
70156,2017Q4,15,0.9350,4.867,0.0
70156,2018Q1,9,0.5710,4.333,22.2
70156,2018Q2,12,0.7251,4.667,8.3
70156,2018Q3,5,0.8445,5.000,0.0
70156,2018Q4,6,0.9282,5.000,0.0
70156,2019Q1,7,0.9463,5.000,0.0
70156,2019Q2,4,0.8925,4.500,0.0
70156,2019Q3,6,0.7165,4.500,16.7
70156,2019Q4,2,0.9758,5.000,0.0
70156,2020Q1,4,0.9396,5.000,0.0
70156,2020Q4,1,0.7313,5.000,0.0
70156,2021Q1,1,0.9341,5.000,0.0
70156,2021Q3,1,0.8948,5.000,0.0
70156,2021Q4,1,0.9570,5.000,0.0
70157,2018Q2,1,0.9496,5.000,0.0
70158,2016Q1,1,0.9808,5.000,0.0
70158,2017Q2,1,0.9865,5.000,0.0
70158,2017Q4,2,0.9950,5.000,0.0
70158,2018Q2,2,0.3800,3.000,50.0
70158,2018Q3,2,0.9038,5.000,0.0
70158,2019Q3,1,0.9744,5.000,0.0
70163,2012Q1,1,0.8733,1.000,0.0
70163,2012Q2,3,0.3810,2.333,33.3
70163,2013Q2,1,0.9829,4.000,0.0
70163,2013Q3,1,0.8544,5.000,0.0
70163,2013Q4,1,-0.3769,1.000,100.0
70163,2014Q4,1,0.9432,4.000,0.0
70163,2015Q1,1,0.8221,4.000,0.0
70163,2015Q2,2,0.1019,2.500,50.0
70163,2015Q3,2,0.2525,2.500,50.0
70163,2015Q4,1,0.8842,4.000,0.0
70163,2016Q1,5,0.9298,4.200,0.0
70163,2016Q2,19,0.6821,4.105,10.5
70163,2016Q3,9,0.6762,3.778,11.1
70163,2016Q4,7,0.6275,3.286,14.3
70163,2017Q1,10,0.4647,3.700,20.0
70163,2017Q2,4,0.2397,3.750,50.0
70163,2017Q3,6,0.1520,2.500,33.3
70163,2017Q4,1,-0.5221,1.000,100.0
70163,2018Q3,1,-0.5598,2.000,100.0
70163,2019Q1,1,0.3197,4.000,0.0
70165,2012Q1,1,0.2884,1.000,0.0
70165,2012Q3,4,0.2004,1.000,25.0
70165,2013Q1,2,0.5079,1.500,0.0
70165,2013Q2,2,-0.9329,1.000,100.0
70165,2013Q3,1,-0.6840,1.000,100.0
70165,2013Q4,1,-0.4696,1.000,100.0
70165,2014Q2,1,0.9919,4.000,0.0
70165,2014Q4,1,0.5890,1.000,0.0
70165,2015Q3,3,-0.0530,1.000,66.7
70165,2015Q4,1,-0.4404,1.000,100.0
70165,2016Q1,1,0.7684,5.000,0.0
70165,2016Q4,5,-0.0088,1.200,60.0
70165,2017Q1,3,-0.5030,1.000,66.7
70165,2017Q2,4,-0.1326,1.750,50.0
70165,2017Q3,8,-0.7259,1.125,87.5
70165,2017Q4,1,0.6157,1.000,0.0
70165,2018Q1,3,-0.5734,1.000,66.7
70165,2018Q2,2,-0.2382,1.000,50.0
70165,2018Q3,1,-0.7091,1.000,100.0
70165,2019Q1,1,-0.8316,2.000,100.0
70165,2019Q2,1,-0.9192,1.000,100.0
70165,2019Q3,4,-0.3289,1.000,50.0
70165,2019Q4,1,-0.8705,1.000,100.0
70165,2020Q1,3,-0.1773,2.000,66.7
70165,2020Q3,1,-0.5267,1.000,100.0
70165,2020Q4,1,-0.9032,1.000,100.0
70165,2021Q2,1,0.9125,4.000,0.0
70165,2021Q3,2,-0.1250,1.000,50.0
70170,2012Q1,1,0.9665,5.000,0.0
70170,2012Q2,2,0.6750,4.500,0.0
70170,2012Q3,1,0.9788,5.000,0.0
70170,2012Q4,3,0.4251,2.000,0.0
70170,2013Q1,7,0.6545,4.429,14.3
70170,2013Q2,3,0.9629,4.333,0.0
70170,2013Q3,9,0.8186,3.889,0.0
70170,2013Q4,8,0.5943,3.750,12.5
70170,2014Q1,15,0.9033,4.400,0.0
70170,2014Q2,12,0.8421,4.417,8.3
70170,2014Q3,27,0.7270,4.185,11.1
70170,2014Q4,32,0.8335,4.438,3.1
70170,2015Q1,37,0.5564,3.919,18.9
70170,2015Q2,33,0.7224,4.394,12.1
70170,2015Q3,31,0.7566,4.323,6.5
70170,2015Q4,25,0.7368,4.440,8.0
70170,2016Q1,35,0.5726,4.257,20.0
70170,2016Q2,35,0.8150,4.457,5.7
70170,2016Q3,49,0.8075,4.694,4.1
70170,2016Q4,45,0.7344,4.244,8.9
70170,2017Q1,44,0.7750,4.477,6.8
70170,2017Q2,34,0.8542,4.794,0.0
70170,2017Q3,39,0.7470,4.282,10.3
70170,2017Q4,38,0.7250,4.474,7.9
70170,2018Q1,45,0.8465,4.644,4.4
70170,2018Q2,50,0.8228,4.660,2.0
70170,2018Q3,40,0.7145,4.150,12.5
70170,2018Q4,30,0.7543,4.400,6.7
70170,2019Q1,43,0.7949,4.535,4.7
70170,2019Q2,45,0.8056,4.400,8.9
70170,2019Q3,43,0.8266,4.209,2.3
70170,2019Q4,33,0.7413,4.212,9.1
70170,2020Q1,20,0.7725,4.200,5.0
70170,2020Q2,11,0.9175,4.909,0.0
70170,2020Q3,11,0.5908,4.273,18.2
70170,2020Q4,3,0.1146,3.667,33.3
70170,2021Q1,14,0.3269,2.929,35.7
70170,2021Q2,22,0.7745,4.818,9.1
70170,2021Q3,8,0.7829,4.500,0.0
70170,2021Q4,13,0.6105,4.231,15.4
70172,2015Q4,1,0.9867,4.000,0.0
70172,2016Q1,3,0.6566,5.000,0.0
70172,2018Q1,1,0.6597,5.000,0.0
70172,2018Q2,1,-0.8243,3.000,100.0
70172,2018Q4,1,0.7178,5.000,0.0
70174,2012Q1,2,0.7402,3.500,0.0
70174,2012Q3,2,0.3371,3.000,50.0
70174,2013Q1,1,0.9880,5.000,0.0
70174,2013Q3,1,0.9832,5.000,0.0
70174,2013Q4,3,0.8830,4.667,0.0
70174,2014Q1,5,0.8457,5.000,0.0
70174,2014Q2,3,0.3459,3.667,33.3
70174,2014Q3,4,0.9182,5.000,0.0
70174,2014Q4,2,0.8998,5.000,0.0
70174,2015Q1,3,0.8884,5.000,0.0
70174,2015Q2,2,0.9880,5.000,0.0
70174,2015Q4,6,0.8770,4.500,0.0
70174,2016Q1,7,0.9091,4.286,0.0
70174,2016Q2,4,0.9801,4.250,0.0
70174,2016Q3,7,0.9356,5.000,0.0
70174,2016Q4,14,0.7926,4.786,7.1
70174,2017Q1,15,0.9013,4.933,0.0
70174,2017Q2,17,0.8235,4.294,5.9
70174,2017Q3,9,0.9579,4.778,0.0
70174,2017Q4,10,0.7542,4.300,10.0
70174,2018Q1,16,0.6652,4.500,12.5
70174,2018Q2,15,0.9452,4.667,0.0
70174,2018Q3,10,0.8978,4.600,0.0
70174,2018Q4,11,0.8546,4.909,0.0
70174,2019Q1,11,0.8450,4.364,9.1
70174,2019Q2,10,0.9347,4.900,0.0
70174,2019Q3,9,0.9443,5.000,0.0
70174,2019Q4,9,0.7781,4.889,0.0
70174,2020Q3,1,0.9748,5.000,0.0
70174,2020Q4,2,0.1135,3.000,50.0
70174,2021Q1,2,0.9851,5.000,0.0
70174,2021Q2,3,0.9386,5.000,0.0
70174,2021Q4,2,0.9498,5.000,0.0
70175,2014Q1,1,0.9834,5.000,0.0
70175,2014Q2,1,0.4754,5.000,0.0
70175,2015Q1,1,-0.7783,1.000,100.0
70175,2018Q3,1,0.5367,5.000,0.0
70175,2019Q4,1,-0.5682,2.000,100.0
70175,2021Q1,1,0.9772,5.000,0.0
70177,2016Q4,1,0.4213,5.000,0.0
70177,2017Q4,2,0.9708,4.500,0.0
70177,2018Q1,4,0.8266,5.000,0.0
70177,2018Q2,2,0.8960,5.000,0.0
70177,2018Q3,2,0.3632,5.000,0.0
70177,2018Q4,4,0.7261,5.000,0.0
70177,2019Q1,5,0.5072,5.000,20.0
70177,2019Q2,6,0.7107,4.333,0.0
70177,2019Q3,7,0.5086,3.714,14.3
70177,2019Q4,4,0.4682,5.000,25.0
70177,2020Q1,2,0.9084,5.000,0.0
70177,2020Q2,3,0.8399,4.667,0.0
70177,2020Q3,2,0.4952,3.000,0.0
70177,2020Q4,5,0.4040,3.400,20.0
70177,2021Q1,8,0.1818,3.500,37.5
70177,2021Q2,5,0.3543,4.000,20.0
70177,2021Q3,9,0.5848,4.556,22.2
70177,2021Q4,2,0.7393,5.000,0.0
70179,2012Q1,2,0.8374,3.500,0.0
70179,2012Q2,3,0.8843,4.667,0.0
70179,2012Q3,9,0.9320,4.667,0.0
70179,2012Q4,6,0.3048,3.000,33.3
70179,2013Q1,12,0.7655,4.250,8.3
70179,2013Q2,4,0.9227,4.250,0.0
70179,2013Q3,4,0.2862,3.750,25.0
70179,2013Q4,8,0.7044,3.875,12.5
70179,2014Q1,5,0.7790,4.200,0.0
70179,2014Q2,8,0.8716,4.750,0.0
70179,2014Q3,9,0.8080,4.222,0.0
70179,2014Q4,4,0.8271,5.000,0.0
70179,2015Q1,10,0.8748,4.300,0.0
70179,2015Q2,13,0.9407,4.923,0.0
70179,2015Q3,8,0.8861,4.875,0.0
70179,2015Q4,10,0.6722,4.600,10.0
70179,2016Q1,12,0.8493,5.000,0.0
70179,2016Q2,6,0.6967,5.000,0.0
70179,2016Q3,5,0.6822,4.200,0.0
70179,2016Q4,4,0.8268,4.500,0.0
70179,2017Q1,3,0.9480,5.000,0.0
70179,2017Q2,3,0.9007,5.000,0.0
70179,2017Q3,6,0.9615,5.000,0.0
70179,2017Q4,2,0.9566,3.000,0.0
70179,2018Q1,5,0.9505,5.000,0.0
70179,2018Q2,3,0.5976,2.667,0.0
70179,2018Q3,3,0.9325,5.000,0.0
70179,2018Q4,4,0.9773,5.000,0.0
70179,2019Q1,3,0.9705,5.000,0.0
70179,2019Q2,4,0.6131,4.000,25.0
70179,2019Q3,1,0.9871,5.000,0.0
70179,2019Q4,3,0.4634,4.333,0.0
70179,2020Q1,3,0.9296,5.000,0.0
70179,2020Q3,2,0.9644,5.000,0.0
70179,2020Q4,1,0.9516,5.000,0.0
70179,2021Q2,4,0.4922,5.000,25.0
70179,2021Q4,1,0.9013,5.000,0.0
70185,2012Q2,1,0.9949,3.000,0.0
70185,2013Q2,1,0.9735,4.000,0.0
70185,2014Q2,1,0.9944,5.000,0.0
70185,2015Q2,2,-0.0265,3.000,50.0
70185,2016Q2,1,0.8268,5.000,0.0
70185,2016Q3,1,0.9966,4.000,0.0
70185,2018Q2,1,0.9875,5.000,0.0
70185,2019Q2,1,0.9968,5.000,0.0
70187,2012Q2,1,0.9655,5.000,0.0
70187,2012Q4,1,0.9844,5.000,0.0
70187,2013Q3,1,0.7425,5.000,0.0
70187,2014Q1,1,0.9850,5.000,0.0
70187,2015Q1,1,0.9431,5.000,0.0
70187,2015Q2,1,0.9562,5.000,0.0
70187,2015Q3,1,0.8970,5.000,0.0
70187,2015Q4,1,0.9089,5.000,0.0
70187,2016Q1,1,0.8158,5.000,0.0
70187,2016Q2,2,-0.9615,1.000,100.0
70187,2016Q3,1,0.9218,5.000,0.0
70187,2017Q2,2,0.8630,5.000,0.0
70187,2018Q3,1,0.6047,5.000,0.0
70187,2018Q4,1,0.4461,5.000,0.0
70187,2019Q2,1,-0.0542,2.000,100.0
70187,2021Q3,1,0.9837,5.000,0.0
70195,2012Q1,70,0.6190,3.529,17.1
70195,2012Q2,72,0.6919,4.042,11.1
70195,2012Q3,54,0.6631,3.852,11.1
70195,2012Q4,48,0.6119,3.625,16.7
70195,2013Q1,75,0.7142,4.053,8.0
70195,2013Q2,78,0.7171,4.013,9.0
70195,2013Q3,61,0.7457,4.033,6.6
70195,2013Q4,75,0.6843,3.880,10.7
70195,2014Q1,102,0.5246,3.676,18.6
70195,2014Q2,86,0.7288,4.151,7.0
70195,2014Q3,84,0.5881,3.821,16.7
70195,2014Q4,81,0.6455,4.012,12.3
70195,2015Q1,83,0.6671,4.145,10.8
70195,2015Q2,82,0.6602,4.085,12.2
70195,2015Q3,74,0.6370,3.973,14.9
70195,2015Q4,80,0.4104,3.425,27.5
70195,2016Q1,83,0.6924,4.024,10.8
70195,2016Q2,90,0.6995,4.111,12.2
70195,2016Q3,69,0.5278,3.826,20.3
70195,2016Q4,55,0.6209,4.109,18.2
70195,2017Q1,97,0.4455,3.711,24.7
70195,2017Q2,70,0.5976,4.186,17.1
70195,2017Q3,64,0.6702,4.094,10.9
70195,2017Q4,61,0.6401,4.098,14.8
70195,2018Q1,85,0.5736,3.965,16.5
70195,2018Q2,91,0.6106,4.000,15.4
70195,2018Q3,57,0.6309,4.246,14.0
70195,2018Q4,63,0.6167,3.730,12.7
70195,2019Q1,78,0.6410,3.885,11.5
70195,2019Q2,62,0.6249,4.129,11.3
70195,2019Q3,37,0.4865,3.730,18.9
70195,2019Q4,63,0.5187,3.889,20.6
70195,2020Q1,58,0.6094,4.000,15.5
70195,2020Q2,13,0.6590,4.077,15.4
70195,2020Q3,13,0.7011,4.462,15.4
70195,2020Q4,17,0.6162,4.294,11.8
70195,2021Q1,29,0.7158,4.310,10.3
70195,2021Q2,40,0.3653,3.700,27.5
70195,2021Q3,28,0.2253,2.964,39.3
70195,2021Q4,22,0.7721,4.182,4.5
85701,2012Q1,497,0.8011,4.018,6.6
85701,2012Q2,293,0.7760,3.833,7.5
85701,2012Q3,301,0.7821,3.870,7.6
85701,2012Q4,290,0.7712,3.921,7.6
85701,2013Q1,375,0.7570,3.768,8.3
85701,2013Q2,485,0.7804,3.781,7.0
85701,2013Q3,492,0.7895,3.835,6.5
85701,2013Q4,607,0.7666,3.865,8.6
85701,2014Q1,670,0.7745,3.912,7.8
85701,2014Q2,697,0.7600,3.900,7.6
85701,2014Q3,721,0.7544,3.835,8.7
85701,2014Q4,591,0.7543,3.926,9.0
85701,2015Q1,762,0.7231,3.814,9.4
85701,2015Q2,770,0.7890,4.101,6.4
85701,2015Q3,794,0.7535,4.010,7.8
85701,2015Q4,725,0.7286,3.996,9.5
85701,2016Q1,843,0.7196,3.851,10.6
85701,2016Q2,865,0.7011,3.812,11.2
85701,2016Q3,815,0.6988,3.944,10.8
85701,2016Q4,775,0.7083,3.983,10.8
85701,2017Q1,948,0.7419,3.956,8.6
85701,2017Q2,1054,0.7421,4.014,8.9
85701,2017Q3,847,0.7668,4.089,8.3
85701,2017Q4,868,0.7348,4.008,9.6
85701,2018Q1,1000,0.7305,4.020,9.1
85701,2018Q2,1008,0.7310,4.006,9.8
85701,2018Q3,842,0.7036,4.046,12.0
85701,2018Q4,758,0.6872,3.854,12.5
85701,2019Q1,1007,0.6918,3.951,12.0
85701,2019Q2,835,0.7194,3.984,9.9
85701,2019Q3,725,0.7424,3.968,8.7
85701,2019Q4,722,0.6898,3.983,11.9
85701,2020Q1,788,0.7082,3.958,11.0
85701,2020Q2,198,0.7301,4.298,11.1
85701,2020Q3,304,0.6868,4.214,11.8
85701,2020Q4,347,0.7600,4.213,8.1
85701,2021Q1,457,0.6992,4.094,11.6
85701,2021Q2,479,0.6980,4.113,11.3
85701,2021Q3,438,0.6751,4.018,12.6
85701,2021Q4,553,0.6625,3.915,13.6
85702,2012Q1,2,0.1989,3.000,50.0
85702,2012Q3,1,0.3798,5.000,0.0
85702,2012Q4,1,0.9324,5.000,0.0
85702,2013Q1,2,0.7794,5.000,0.0
85702,2013Q2,2,0.9205,4.500,0.0
85702,2013Q3,3,-0.2712,2.333,66.7
85702,2013Q4,3,0.9859,5.000,0.0
85702,2014Q1,1,0.5218,5.000,0.0
85702,2014Q3,2,0.9625,4.500,0.0
85702,2014Q4,7,0.8181,4.714,0.0
85702,2015Q1,3,0.2756,2.667,33.3
85702,2015Q2,4,0.9226,4.750,0.0
85702,2015Q3,4,0.0638,2.000,50.0
85702,2015Q4,4,0.5239,3.750,25.0
85702,2016Q1,2,0.9137,3.500,0.0
85702,2016Q2,2,0.8557,3.500,0.0
85702,2016Q3,1,0.7882,5.000,0.0
85702,2016Q4,6,0.2886,3.000,33.3
85702,2017Q1,2,0.8053,4.500,0.0
85702,2017Q2,2,0.8439,4.000,0.0
85702,2017Q3,2,0.3995,2.000,0.0
85702,2017Q4,3,0.9178,4.333,0.0
85702,2018Q1,2,0.9508,3.000,0.0
85702,2018Q2,2,0.4094,5.000,0.0
85702,2018Q3,13,0.3686,2.692,23.1
85702,2018Q4,5,0.4327,2.600,20.0
85702,2019Q1,6,0.3591,4.000,33.3
85702,2019Q2,2,0.6876,2.500,0.0
85702,2019Q3,2,-0.5847,1.500,100.0
85702,2019Q4,5,0.3892,3.400,20.0
85702,2020Q1,2,0.1900,1.000,50.0
85702,2020Q2,2,0.5454,5.000,0.0
85702,2020Q4,1,0.8999,5.000,0.0
85702,2021Q1,1,0.9920,5.000,0.0
85702,2021Q2,4,-0.4573,1.250,75.0
85702,2021Q3,2,-0.4873,1.000,100.0
85702,2021Q4,2,0.7879,5.000,0.0
85703,2014Q3,1,-0.7563,1.000,100.0
85703,2014Q4,1,-0.6832,1.000,100.0
85703,2016Q1,1,0.9687,5.000,0.0
85703,2016Q3,1,-0.7621,5.000,100.0
85703,2017Q2,1,0.8268,5.000,0.0
85703,2019Q1,1,-0.9875,1.000,100.0
85703,2020Q4,1,0.9510,5.000,0.0
85704,2012Q1,381,0.7839,3.924,6.8
85704,2012Q2,327,0.7632,3.862,8.3
85704,2012Q3,318,0.7258,3.777,10.7
85704,2012Q4,322,0.6734,3.720,12.7
85704,2013Q1,393,0.7353,3.751,10.7
85704,2013Q2,372,0.7219,3.849,10.5
85704,2013Q3,431,0.6823,3.684,11.1
85704,2013Q4,463,0.7418,3.706,8.6
85704,2014Q1,535,0.6732,3.733,12.5
85704,2014Q2,548,0.6907,3.821,11.5
85704,2014Q3,570,0.6229,3.714,15.3
85704,2014Q4,502,0.6270,3.735,15.5
85704,2015Q1,556,0.6486,3.721,13.1
85704,2015Q2,594,0.6171,3.641,15.0
85704,2015Q3,596,0.6647,3.851,13.1
85704,2015Q4,573,0.6562,3.817,13.6
85704,2016Q1,689,0.6462,3.836,14.4
85704,2016Q2,794,0.6464,3.841,13.7
85704,2016Q3,763,0.6599,3.796,13.2
85704,2016Q4,648,0.6216,3.821,15.4
85704,2017Q1,783,0.6425,3.810,14.7
85704,2017Q2,931,0.6112,3.656,16.0
85704,2017Q3,926,0.5870,3.722,17.2
85704,2017Q4,934,0.6614,3.918,13.4
85704,2018Q1,1092,0.6367,3.844,14.7
85704,2018Q2,981,0.6012,3.773,16.1
85704,2018Q3,1046,0.6495,3.882,14.0
85704,2018Q4,941,0.5986,3.770,16.5
85704,2019Q1,1059,0.5971,3.697,16.0
85704,2019Q2,1049,0.5780,3.690,17.4
85704,2019Q3,1110,0.6130,3.738,15.9
85704,2019Q4,859,0.5838,3.666,17.1
85704,2020Q1,872,0.6408,3.854,14.4
85704,2020Q2,562,0.5180,3.754,22.1
85704,2020Q3,732,0.5212,3.661,21.2
85704,2020Q4,682,0.5584,3.761,19.8
85704,2021Q1,844,0.5729,3.773,17.7
85704,2021Q2,866,0.5105,3.580,21.5
85704,2021Q3,826,0.5362,3.616,20.8
85704,2021Q4,839,0.5591,3.685,19.2
85705,2012Q1,579,0.7075,3.680,9.7
85705,2012Q2,463,0.6842,3.665,11.0
85705,2012Q3,477,0.6642,3.767,12.8
85705,2012Q4,398,0.6685,3.721,12.1
85705,2013Q1,537,0.6885,3.724,11.9
85705,2013Q2,549,0.6246,3.641,14.8
85705,2013Q3,639,0.6486,3.653,12.4
85705,2013Q4,643,0.6528,3.694,12.9
85705,2014Q1,739,0.6329,3.748,15.3
85705,2014Q2,805,0.6384,3.704,13.9
85705,2014Q3,865,0.6022,3.705,15.8
85705,2014Q4,794,0.6233,3.757,15.0
85705,2015Q1,914,0.6182,3.726,14.3
85705,2015Q2,1060,0.6148,3.758,15.3
85705,2015Q3,956,0.5835,3.642,18.0
85705,2015Q4,870,0.6263,3.795,15.7
85705,2016Q1,1081,0.6474,3.764,14.2
85705,2016Q2,1081,0.6260,3.754,14.7
85705,2016Q3,1027,0.5606,3.676,17.5
85705,2016Q4,956,0.5734,3.642,17.4
85705,2017Q1,1102,0.6333,3.810,14.2
85705,2017Q2,1228,0.6130,3.750,16.0
85705,2017Q3,1234,0.5786,3.696,17.2
85705,2017Q4,1267,0.6274,3.755,14.2
85705,2018Q1,1391,0.5957,3.631,16.5
85705,2018Q2,1364,0.5677,3.591,18.0
85705,2018Q3,1199,0.5559,3.635,19.3
85705,2018Q4,1130,0.5707,3.610,18.4
85705,2019Q1,1314,0.5384,3.648,19.4
85705,2019Q2,1376,0.5513,3.616,19.1
85705,2019Q3,1297,0.5357,3.609,19.4
85705,2019Q4,1167,0.5901,3.722,16.9
85705,2020Q1,1198,0.5752,3.644,18.1
85705,2020Q2,712,0.5297,3.730,19.2
85705,2020Q3,900,0.4862,3.549,23.1
85705,2020Q4,850,0.5358,3.641,19.9
85705,2021Q1,1056,0.5588,3.707,19.0
85705,2021Q2,1060,0.4800,3.452,22.6
85705,2021Q3,1027,0.4801,3.507,22.7
85705,2021Q4,908,0.5401,3.642,19.3
85706,2012Q1,86,0.7301,3.779,9.3
85706,2012Q2,86,0.6642,3.767,12.8
85706,2012Q3,66,0.5433,3.515,18.2
85706,2012Q4,60,0.6274,3.633,11.7
85706,2013Q1,83,0.6690,3.554,10.8
85706,2013Q2,102,0.6525,3.598,12.7
85706,2013Q3,107,0.6700,3.607,10.3
85706,2013Q4,108,0.6356,3.528,13.9
85706,2014Q1,130,0.6041,3.631,16.2
85706,2014Q2,141,0.6489,3.872,12.8
85706,2014Q3,132,0.6486,3.917,11.4
85706,2014Q4,132,0.6792,3.818,10.6
85706,2015Q1,171,0.5493,3.485,18.1
85706,2015Q2,221,0.5545,3.575,17.2
85706,2015Q3,205,0.6072,3.717,14.1
85706,2015Q4,185,0.4178,3.357,24.9
85706,2016Q1,217,0.5778,3.553,16.6
85706,2016Q2,243,0.5412,3.572,17.7
85706,2016Q3,192,0.5169,3.516,17.7
85706,2016Q4,187,0.6082,3.684,16.6
85706,2017Q1,242,0.5310,3.570,19.0
85706,2017Q2,260,0.5655,3.673,17.3
85706,2017Q3,258,0.5347,3.508,20.9
85706,2017Q4,240,0.6064,3.746,16.2
85706,2018Q1,306,0.5355,3.418,19.6
85706,2018Q2,320,0.5504,3.519,18.4
85706,2018Q3,247,0.5393,3.449,18.6
85706,2018Q4,242,0.4873,3.521,21.1
85706,2019Q1,327,0.5875,3.777,16.8
85706,2019Q2,295,0.5128,3.414,20.0
85706,2019Q3,286,0.5056,3.524,20.3
85706,2019Q4,267,0.5952,3.682,16.1
85706,2020Q1,239,0.5418,3.682,19.7
85706,2020Q2,195,0.4526,3.441,24.1
85706,2020Q3,226,0.4709,3.584,20.4
85706,2020Q4,200,0.5201,3.750,19.0
85706,2021Q1,194,0.4546,3.567,23.7
85706,2021Q2,231,0.3888,3.216,26.4
85706,2021Q3,207,0.4650,3.295,22.7
85706,2021Q4,211,0.3987,3.403,27.5
85707,2012Q1,47,0.6243,3.447,17.0
85707,2012Q2,30,0.7243,3.900,13.3
85707,2012Q3,34,0.7886,3.500,5.9
85707,2012Q4,23,0.7635,3.957,8.7
85707,2013Q1,46,0.6533,3.326,13.0
85707,2013Q2,25,0.6964,3.320,8.0
85707,2013Q3,35,0.5861,3.514,17.1
85707,2013Q4,35,0.5982,3.257,14.3
85707,2014Q1,46,0.6764,3.696,13.0
85707,2014Q2,32,0.4875,3.344,21.9
85707,2014Q3,26,0.7548,3.962,7.7
85707,2014Q4,24,0.5001,3.542,20.8
85707,2015Q1,34,0.6126,3.500,14.7
85707,2015Q2,25,0.4695,3.280,24.0
85707,2015Q3,25,0.7431,4.000,8.0
85707,2015Q4,17,0.6554,3.765,11.8
85707,2016Q1,28,0.6806,4.071,10.7
85707,2016Q2,15,0.3228,3.733,33.3
85707,2016Q3,10,0.6067,4.300,10.0
85707,2016Q4,10,0.9050,4.900,0.0
85707,2017Q1,14,0.5641,3.857,21.4
85707,2017Q2,16,0.7516,3.750,12.5
85707,2017Q3,13,0.8973,4.231,0.0
85707,2017Q4,16,0.8199,4.375,6.2
85707,2018Q1,17,0.6213,4.059,17.6
85707,2018Q2,21,0.5921,3.905,19.0
85707,2018Q3,15,0.7138,4.267,6.7
85707,2018Q4,14,0.5659,3.929,21.4
85707,2019Q1,15,0.7329,4.000,6.7
85707,2019Q2,20,0.6105,4.000,15.0
85707,2019Q3,19,0.7181,4.368,10.5
85707,2019Q4,15,0.7325,3.867,13.3
85707,2020Q1,21,0.6285,3.714,14.3
85707,2020Q2,14,0.5649,3.857,21.4
85707,2020Q3,4,-0.0144,2.750,50.0
85707,2020Q4,8,0.3645,3.625,37.5
85707,2021Q1,12,0.5761,3.917,16.7
85707,2021Q2,18,0.4053,3.111,33.3
85707,2021Q3,13,0.6501,4.077,15.4
85707,2021Q4,24,0.4795,3.500,20.8
85708,2014Q1,1,0.4588,5.000,0.0
85708,2015Q1,1,0.9176,5.000,0.0
85708,2017Q3,1,0.9208,5.000,0.0
85708,2020Q4,1,-0.9667,1.000,100.0
85708,2021Q2,1,0.8720,5.000,0.0
85709,2012Q1,1,-0.2635,4.000,100.0
85709,2012Q2,1,0.9925,4.000,0.0
85709,2012Q4,3,0.0762,2.667,33.3
85709,2013Q1,3,0.8137,3.667,0.0
85709,2013Q3,1,0.8934,4.000,0.0
85709,2014Q1,2,0.3761,1.000,50.0
85709,2014Q2,1,0.9118,5.000,0.0
85709,2014Q3,2,0.8688,4.500,0.0
85709,2014Q4,1,0.8643,5.000,0.0
85709,2015Q1,1,-0.7896,3.000,100.0
85709,2016Q1,1,-0.9593,1.000,100.0
85709,2016Q2,1,0.9663,4.000,0.0
85709,2017Q4,1,-0.2960,1.000,100.0
85709,2018Q4,1,0.7455,4.000,0.0
85709,2019Q1,1,-0.9467,1.000,100.0
85709,2019Q2,1,-0.7665,1.000,100.0
85709,2020Q2,1,-0.5984,1.000,100.0
85709,2020Q3,1,0.4033,1.000,0.0
85709,2021Q1,1,-0.8913,1.000,100.0
85710,2012Q1,302,0.6460,3.573,13.6
85710,2012Q2,232,0.6452,3.556,15.1
85710,2012Q3,217,0.6224,3.369,14.3
85710,2012Q4,181,0.5927,3.387,17.7
85710,2013Q1,241,0.5453,3.452,18.3
85710,2013Q2,262,0.5793,3.492,18.3
85710,2013Q3,289,0.5937,3.478,15.9
85710,2013Q4,361,0.5751,3.421,18.3
85710,2014Q1,376,0.5927,3.630,15.4
85710,2014Q2,436,0.6410,3.599,13.5
85710,2014Q3,522,0.6013,3.672,16.1
85710,2014Q4,388,0.5176,3.420,20.9
85710,2015Q1,505,0.5497,3.386,18.4
85710,2015Q2,536,0.5446,3.418,19.6
85710,2015Q3,616,0.5684,3.591,17.2
85710,2015Q4,503,0.6055,3.732,16.3
85710,2016Q1,641,0.6110,3.624,15.8
85710,2016Q2,772,0.5984,3.733,15.9
85710,2016Q3,707,0.5595,3.620,17.7
85710,2016Q4,571,0.6209,3.699,14.5
85710,2017Q1,690,0.5554,3.642,18.6
85710,2017Q2,739,0.5928,3.686,17.1
85710,2017Q3,771,0.5879,3.704,16.1
85710,2017Q4,703,0.5946,3.649,16.1
85710,2018Q1,805,0.6058,3.708,16.1
85710,2018Q2,817,0.5741,3.623,17.7
85710,2018Q3,838,0.5723,3.692,18.5
85710,2018Q4,714,0.5739,3.693,17.9
85710,2019Q1,807,0.5745,3.771,18.0
85710,2019Q2,859,0.5587,3.687,17.7
85710,2019Q3,888,0.5703,3.705,18.8
85710,2019Q4,725,0.5383,3.614,19.4
85710,2020Q1,700,0.5618,3.724,18.9
85710,2020Q2,571,0.4384,3.387,25.4
85710,2020Q3,609,0.4809,3.545,22.8
85710,2020Q4,569,0.4512,3.455,24.6
85710,2021Q1,632,0.4631,3.361,24.1
85710,2021Q2,609,0.4564,3.317,24.3
85710,2021Q3,554,0.3717,3.213,28.5
85710,2021Q4,511,0.4104,3.247,27.4
85711,2012Q1,453,0.7023,3.570,9.9
85711,2012Q2,410,0.6724,3.532,12.7
85711,2012Q3,384,0.6831,3.531,12.0
85711,2012Q4,361,0.6144,3.546,16.3
85711,2013Q1,440,0.6472,3.498,13.6
85711,2013Q2,480,0.6652,3.585,12.1
85711,2013Q3,529,0.6267,3.495,14.7
85711,2013Q4,504,0.6586,3.669,13.5
85711,2014Q1,585,0.6662,3.677,12.1
85711,2014Q2,652,0.6559,3.644,13.5
85711,2014Q3,733,0.6262,3.484,14.5
85711,2014Q4,643,0.6041,3.572,15.6
85711,2015Q1,787,0.5643,3.526,18.4
85711,2015Q2,861,0.6294,3.679,15.0
85711,2015Q3,862,0.6114,3.608,15.7
85711,2015Q4,773,0.5845,3.596,17.6
85711,2016Q1,954,0.5883,3.631,17.7
85711,2016Q2,977,0.5604,3.560,18.5
85711,2016Q3,868,0.5637,3.598,18.2
85711,2016Q4,765,0.5696,3.587,18.0
85711,2017Q1,873,0.6032,3.676,16.0
85711,2017Q2,934,0.5539,3.593,19.5
85711,2017Q3,943,0.5721,3.600,17.3
85711,2017Q4,907,0.5488,3.553,19.2
85711,2018Q1,1236,0.6199,3.591,14.4
85711,2018Q2,1084,0.5652,3.577,19.0
85711,2018Q3,983,0.5461,3.543,19.5
85711,2018Q4,1059,0.5435,3.561,19.5
85711,2019Q1,1140,0.5416,3.520,19.4
85711,2019Q2,1171,0.5875,3.620,16.7
85711,2019Q3,1109,0.5349,3.489,19.7
85711,2019Q4,921,0.5594,3.520,19.3
85711,2020Q1,985,0.5697,3.654,18.4
85711,2020Q2,618,0.4977,3.526,22.5
85711,2020Q3,754,0.5492,3.592,19.4
85711,2020Q4,705,0.5389,3.569,19.0
85711,2021Q1,826,0.5615,3.645,18.9
85711,2021Q2,872,0.4718,3.484,23.3
85711,2021Q3,765,0.4701,3.426,23.0
85711,2021Q4,772,0.4543,3.440,24.4
85712,2012Q1,435,0.6733,3.738,13.3
85712,2012Q2,363,0.6785,3.755,12.1
85712,2012Q3,346,0.6410,3.668,14.2
85712,2012Q4,335,0.6305,3.487,14.3
85712,2013Q1,407,0.6297,3.545,15.7
85712,2013Q2,428,0.6698,3.689,12.4
85712,2013Q3,424,0.6512,3.729,13.9
85712,2013Q4,468,0.6243,3.632,15.2
85712,2014Q1,550,0.6843,3.767,12.5
85712,2014Q2,567,0.6449,3.718,13.9
85712,2014Q3,675,0.6121,3.610,16.6
85712,2014Q4,651,0.6659,3.725,13.4
85712,2015Q1,701,0.5655,3.613,18.8
85712,2015Q2,744,0.6426,3.767,14.8
85712,2015Q3,768,0.6356,3.816,13.7
85712,2015Q4,661,0.5482,3.641,19.1
85712,2016Q1,800,0.6080,3.755,17.0
85712,2016Q2,882,0.5955,3.722,16.6
85712,2016Q3,807,0.6377,3.952,14.4
85712,2016Q4,661,0.6015,3.812,15.7
85712,2017Q1,849,0.6130,3.804,15.3
85712,2017Q2,965,0.6161,3.820,14.2
85712,2017Q3,904,0.6209,3.877,15.0
85712,2017Q4,884,0.5985,3.782,17.0
85712,2018Q1,1023,0.6152,3.840,15.2
85712,2018Q2,1054,0.6476,3.924,13.6
85712,2018Q3,1085,0.6369,3.791,13.9
85712,2018Q4,961,0.6453,3.909,14.6
85712,2019Q1,1064,0.5786,3.743,17.3
85712,2019Q2,1102,0.5588,3.640,18.1
85712,2019Q3,984,0.5948,3.779,16.9
85712,2019Q4,890,0.6128,3.794,15.4
85712,2020Q1,923,0.6104,3.754,16.4
85712,2020Q2,497,0.5154,3.594,20.9
85712,2020Q3,673,0.5287,3.733,20.7
85712,2020Q4,749,0.5929,3.812,16.6
85712,2021Q1,934,0.5938,3.837,16.5
85712,2021Q2,862,0.5314,3.579,19.6
85712,2021Q3,792,0.5017,3.559,21.7
85712,2021Q4,789,0.5440,3.645,19.4
85713,2012Q1,108,0.7211,3.889,10.2
85713,2012Q2,76,0.5535,3.566,18.4
85713,2012Q3,74,0.4199,3.230,24.3
85713,2012Q4,81,0.6053,3.593,16.0
85713,2013Q1,99,0.6273,3.616,14.1
85713,2013Q2,98,0.5676,3.612,18.4
85713,2013Q3,138,0.6162,3.572,14.5
85713,2013Q4,128,0.5968,3.555,15.6
85713,2014Q1,168,0.5568,3.577,16.1
85713,2014Q2,153,0.5731,3.425,16.3
85713,2014Q3,172,0.5935,3.738,17.4
85713,2014Q4,166,0.4834,3.482,21.1
85713,2015Q1,184,0.5194,3.402,20.7
85713,2015Q2,213,0.5908,3.620,16.9
85713,2015Q3,197,0.5876,3.726,16.2
85713,2015Q4,209,0.5129,3.593,21.1
85713,2016Q1,248,0.4829,3.524,22.2
85713,2016Q2,263,0.5251,3.468,20.2
85713,2016Q3,265,0.5386,3.502,19.2
85713,2016Q4,199,0.5867,3.673,16.6
85713,2017Q1,334,0.5375,3.578,18.3
85713,2017Q2,399,0.5812,3.526,17.3
85713,2017Q3,310,0.5149,3.503,20.6
85713,2017Q4,265,0.4632,3.377,20.4
85713,2018Q1,369,0.5297,3.699,20.9
85713,2018Q2,402,0.5726,3.629,16.9
85713,2018Q3,405,0.5919,3.716,17.3
85713,2018Q4,364,0.5988,3.723,16.5
85713,2019Q1,449,0.5391,3.661,19.8
85713,2019Q2,416,0.4948,3.450,21.6
85713,2019Q3,403,0.4741,3.598,22.6
85713,2019Q4,332,0.5691,3.608,18.1
85713,2020Q1,399,0.5786,3.667,16.0
85713,2020Q2,244,0.4477,3.557,24.2
85713,2020Q3,320,0.4639,3.484,23.1
85713,2020Q4,279,0.4420,3.466,24.4
85713,2021Q1,286,0.5125,3.601,19.9
85713,2021Q2,289,0.4727,3.561,22.8
85713,2021Q3,301,0.3780,3.352,26.2
85713,2021Q4,284,0.5399,3.708,20.4
85714,2012Q1,55,0.6836,3.636,9.1
85714,2012Q2,36,0.6491,3.694,13.9
85714,2012Q3,49,0.5588,3.673,8.2
85714,2012Q4,32,0.5454,3.625,18.8
85714,2013Q1,58,0.5160,3.431,20.7
85714,2013Q2,49,0.5141,2.735,20.4
85714,2013Q3,62,0.5592,3.274,19.4
85714,2013Q4,65,0.5828,3.308,18.5
85714,2014Q1,102,0.4499,3.275,24.5
85714,2014Q2,97,0.6549,3.680,13.4
85714,2014Q3,80,0.4306,3.300,28.8
85714,2014Q4,71,0.3493,3.070,31.0
85714,2015Q1,89,0.4734,3.303,28.1
85714,2015Q2,94,0.3722,2.979,24.5
85714,2015Q3,101,0.4063,3.257,26.7
85714,2015Q4,99,0.3425,3.051,29.3
85714,2016Q1,125,0.4337,3.088,26.4
85714,2016Q2,108,0.5678,3.398,17.6
85714,2016Q3,115,0.4812,3.348,22.6
85714,2016Q4,97,0.3560,3.330,26.8
85714,2017Q1,161,0.5139,3.516,20.5
85714,2017Q2,153,0.2458,3.137,35.9
85714,2017Q3,156,0.4151,3.147,26.9
85714,2017Q4,133,0.4761,3.489,23.3
85714,2018Q1,263,0.6331,3.829,14.1
85714,2018Q2,257,0.5258,3.494,19.5
85714,2018Q3,199,0.5180,3.437,20.1
85714,2018Q4,184,0.5054,3.565,23.9
85714,2019Q1,270,0.5572,3.763,19.3
85714,2019Q2,277,0.5427,3.516,18.4
85714,2019Q3,229,0.4842,3.450,22.3
85714,2019Q4,218,0.4799,3.372,22.0
85714,2020Q1,243,0.5366,3.556,20.2
85714,2020Q2,170,0.4209,3.047,25.9
85714,2020Q3,210,0.3980,3.119,25.2
85714,2020Q4,184,0.4755,3.370,24.5
85714,2021Q1,184,0.5352,3.543,19.0
85714,2021Q2,252,0.3041,2.901,34.1
85714,2021Q3,209,0.3654,3.234,28.2
85714,2021Q4,164,0.2831,3.091,32.3
85715,2012Q1,213,0.7438,3.770,9.4
85715,2012Q2,162,0.7453,3.722,8.6
85715,2012Q3,139,0.6915,3.683,11.5
85715,2012Q4,103,0.6837,3.738,13.6
85715,2013Q1,166,0.6563,3.705,12.7
85715,2013Q2,195,0.6552,3.703,13.8
85715,2013Q3,209,0.6459,3.464,13.9
85715,2013Q4,206,0.6771,3.757,11.2
85715,2014Q1,253,0.6995,3.842,11.1
85715,2014Q2,250,0.7180,3.908,10.4
85715,2014Q3,217,0.6226,3.636,15.7
85715,2014Q4,264,0.6084,3.614,15.2
85715,2015Q1,358,0.6344,3.573,15.1
85715,2015Q2,341,0.6279,3.698,14.4
85715,2015Q3,306,0.6212,3.631,16.7
85715,2015Q4,265,0.6165,3.623,15.1
85715,2016Q1,304,0.6188,3.579,15.1
85715,2016Q2,347,0.5982,3.718,17.6
85715,2016Q3,401,0.6230,3.738,15.2
85715,2016Q4,284,0.6395,3.743,15.1
85715,2017Q1,333,0.6764,3.829,13.2
85715,2017Q2,400,0.6110,3.850,16.0
85715,2017Q3,349,0.6609,3.842,12.9
85715,2017Q4,352,0.6107,3.773,15.9
85715,2018Q1,390,0.6520,3.869,12.8
85715,2018Q2,469,0.6305,3.825,15.4
85715,2018Q3,434,0.6188,3.848,15.7
85715,2018Q4,374,0.6008,3.735,16.0
85715,2019Q1,440,0.6071,3.764,16.1
85715,2019Q2,413,0.6353,3.852,15.0
85715,2019Q3,417,0.6323,3.791,13.9
85715,2019Q4,343,0.5749,3.752,19.8
85715,2020Q1,301,0.5571,3.664,19.6
85715,2020Q2,238,0.5384,3.718,19.7
85715,2020Q3,256,0.6304,3.949,14.5
85715,2020Q4,254,0.5194,3.697,20.1
85715,2021Q1,287,0.5548,3.718,20.2
85715,2021Q2,343,0.6024,3.653,15.2
85715,2021Q3,313,0.5152,3.610,21.7
85715,2021Q4,272,0.6280,3.665,13.6
85716,2012Q1,458,0.7646,3.869,7.9
85716,2012Q2,383,0.7566,3.731,7.6
85716,2012Q3,389,0.6892,3.787,10.8
85716,2012Q4,344,0.6900,3.625,12.2
85716,2013Q1,416,0.7126,3.827,10.8
85716,2013Q2,428,0.7186,3.869,9.3
85716,2013Q3,483,0.7181,3.867,10.1
85716,2013Q4,477,0.6987,3.813,10.7
85716,2014Q1,616,0.6753,3.795,13.1
85716,2014Q2,552,0.6709,3.868,12.9
85716,2014Q3,610,0.6448,3.695,14.4
85716,2014Q4,537,0.6670,3.912,12.3
85716,2015Q1,776,0.6345,3.686,14.8
85716,2015Q2,815,0.6229,3.671,15.3
85716,2015Q3,714,0.6131,3.815,14.8
85716,2015Q4,694,0.6656,3.837,13.5
85716,2016Q1,747,0.6599,3.867,12.9
85716,2016Q2,872,0.6277,3.773,14.3
85716,2016Q3,766,0.6482,3.903,12.7
85716,2016Q4,648,0.6783,3.900,12.5
85716,2017Q1,730,0.6567,3.864,13.8
85716,2017Q2,807,0.6242,3.783,14.9
85716,2017Q3,722,0.6672,3.871,13.2
85716,2017Q4,879,0.6494,3.807,14.8
85716,2018Q1,1204,0.6727,3.861,12.8
85716,2018Q2,1104,0.6910,4.024,11.4
85716,2018Q3,988,0.6962,3.940,11.3
85716,2018Q4,950,0.6415,3.963,13.8
85716,2019Q1,970,0.6395,3.920,13.7
85716,2019Q2,908,0.6516,3.878,14.0
85716,2019Q3,942,0.6544,3.912,13.0
85716,2019Q4,811,0.6328,3.874,14.4
85716,2020Q1,798,0.6818,4.001,11.4
85716,2020Q2,446,0.6215,3.991,14.6
85716,2020Q3,636,0.6235,3.965,16.2
85716,2020Q4,604,0.6626,4.058,13.1
85716,2021Q1,685,0.6271,4.010,15.2
85716,2021Q2,761,0.6773,4.042,12.2
85716,2021Q3,696,0.6255,3.888,14.4
85716,2021Q4,627,0.6258,3.935,15.5
85717,2014Q1,1,0.7184,1.000,0.0
85717,2015Q2,1,-0.6402,1.000,100.0
85717,2017Q2,2,0.9471,5.000,0.0
85717,2017Q3,3,0.5633,3.333,33.3
85717,2017Q4,5,0.8585,5.000,0.0
85717,2018Q1,4,0.3401,3.750,25.0
85717,2018Q2,1,0.7841,5.000,0.0
85717,2018Q3,1,0.9096,2.000,0.0
85717,2019Q1,3,0.4635,3.667,33.3
85717,2019Q2,2,0.8593,5.000,0.0
85717,2019Q3,2,0.4864,5.000,0.0
85717,2019Q4,2,0.8116,5.000,0.0
85717,2020Q1,2,0.7571,5.000,0.0
85717,2020Q2,4,0.9203,4.750,0.0
85717,2020Q3,5,0.5181,4.200,20.0
85717,2020Q4,2,0.0867,3.000,0.0
85717,2021Q1,2,-0.2267,1.000,50.0
85717,2021Q2,6,0.3003,5.000,33.3
85717,2021Q3,4,-0.1815,2.000,75.0
85717,2021Q4,2,0.6031,3.000,0.0
85718,2012Q1,348,0.8120,3.848,6.3
85718,2012Q2,307,0.7818,3.746,7.8
85718,2012Q3,273,0.7188,3.780,10.3
85718,2012Q4,221,0.7516,3.710,8.6
85718,2013Q1,339,0.7262,3.652,10.3
85718,2013Q2,385,0.7310,3.704,9.6
85718,2013Q3,347,0.6617,3.683,13.0
85718,2013Q4,363,0.7406,3.763,9.6
85718,2014Q1,466,0.7452,3.742,9.7
85718,2014Q2,536,0.7226,3.701,10.3
85718,2014Q3,484,0.6981,3.669,12.8
85718,2014Q4,405,0.6862,3.743,11.9
85718,2015Q1,514,0.7289,3.794,9.9
85718,2015Q2,502,0.7101,3.861,11.8
85718,2015Q3,493,0.7081,3.905,10.8
85718,2015Q4,491,0.6863,3.802,13.2
85718,2016Q1,624,0.6572,3.643,13.6
85718,2016Q2,576,0.7149,3.828,11.3
85718,2016Q3,573,0.6561,3.864,14.0
85718,2016Q4,446,0.6300,3.673,14.3
85718,2017Q1,630,0.6768,3.878,12.5
85718,2017Q2,640,0.6543,3.772,14.7
85718,2017Q3,617,0.7042,3.809,10.7
85718,2017Q4,691,0.6948,3.763,11.4
85718,2018Q1,761,0.6659,3.752,13.0
85718,2018Q2,747,0.7109,3.900,11.4
85718,2018Q3,635,0.7050,3.904,11.3
85718,2018Q4,627,0.6965,3.860,11.6
85718,2019Q1,728,0.6732,3.793,12.6
85718,2019Q2,645,0.6451,3.797,14.0
85718,2019Q3,635,0.6475,3.795,13.9
85718,2019Q4,504,0.6322,3.720,14.9
85718,2020Q1,492,0.6607,3.823,14.6
85718,2020Q2,314,0.6454,3.841,14.6
85718,2020Q3,451,0.5942,3.725,17.5
85718,2020Q4,416,0.6008,3.750,16.3
85718,2021Q1,496,0.5643,3.698,18.1
85718,2021Q2,597,0.5553,3.573,20.1
85718,2021Q3,437,0.6052,3.700,15.8
85718,2021Q4,490,0.6185,3.669,16.5
85719,2012Q1,684,0.7046,3.759,10.5
85719,2012Q2,588,0.6822,3.716,12.4
85719,2012Q3,626,0.6754,3.778,11.3
85719,2012Q4,590,0.6851,3.708,12.9
85719,2013Q1,700,0.6817,3.757,11.9
85719,2013Q2,651,0.7089,3.679,10.1
85719,2013Q3,771,0.7043,3.792,10.1
85719,2013Q4,733,0.6580,3.752,12.6
85719,2014Q1,903,0.7192,3.863,10.4
85719,2014Q2,967,0.6470,3.702,13.7
85719,2014Q3,1099,0.6828,3.833,11.8
85719,2014Q4,1004,0.6585,3.792,12.9
85719,2015Q1,1163,0.6898,3.781,12.1
85719,2015Q2,1158,0.6389,3.810,14.0
85719,2015Q3,1132,0.6721,3.830,12.3
85719,2015Q4,1082,0.6020,3.735,16.4
85719,2016Q1,1249,0.6548,3.757,12.7
85719,2016Q2,1271,0.6526,3.914,13.6
85719,2016Q3,1306,0.6467,3.913,14.7
85719,2016Q4,1145,0.6276,3.783,15.0
85719,2017Q1,1258,0.6795,3.922,12.5
85719,2017Q2,1394,0.6564,3.875,13.1
85719,2017Q3,1295,0.6497,3.890,13.6
85719,2017Q4,1230,0.6342,3.841,14.7
85719,2018Q1,1434,0.6423,3.821,14.4
85719,2018Q2,1431,0.6482,3.887,13.5
85719,2018Q3,1393,0.6374,3.861,14.6
85719,2018Q4,1358,0.6270,3.839,15.3
85719,2019Q1,1629,0.6587,3.923,12.6
85719,2019Q2,1469,0.5625,3.672,18.9
85719,2019Q3,1475,0.6265,3.871,14.8
85719,2019Q4,1389,0.5806,3.755,18.1
85719,2020Q1,1254,0.5884,3.750,17.1
85719,2020Q2,692,0.5682,3.746,18.1
85719,2020Q3,888,0.5672,3.709,18.1
85719,2020Q4,850,0.5883,3.826,17.6
85719,2021Q1,1091,0.6042,3.903,16.0
85719,2021Q2,1154,0.5606,3.683,18.3
85719,2021Q3,938,0.5128,3.604,20.9
85719,2021Q4,924,0.5249,3.602,20.3
85721,2012Q1,19,0.9187,4.368,0.0
85721,2012Q2,4,0.7975,3.750,0.0
85721,2012Q3,6,0.7954,3.833,0.0
85721,2012Q4,6,0.8996,4.333,0.0
85721,2013Q1,5,0.5629,4.000,20.0
85721,2013Q2,11,0.7552,4.455,9.1
85721,2013Q3,6,0.4316,3.500,16.7
85721,2013Q4,10,0.6461,3.800,10.0
85721,2014Q1,12,0.7330,4.083,8.3
85721,2014Q2,8,0.5137,3.500,25.0
85721,2014Q3,5,0.7682,4.400,0.0
85721,2014Q4,13,0.8084,4.385,7.7
85721,2015Q1,9,0.8854,4.444,0.0
85721,2015Q2,14,0.8123,3.929,7.1
85721,2015Q3,9,0.5013,3.556,22.2
85721,2015Q4,11,0.5336,3.455,27.3
85721,2016Q1,7,0.7118,3.286,14.3
85721,2016Q2,13,0.6175,4.000,15.4
85721,2016Q3,5,0.6543,2.600,20.0
85721,2016Q4,12,0.6079,3.250,16.7
85721,2017Q1,8,0.1220,3.000,37.5
85721,2017Q2,7,0.9064,4.714,0.0
85721,2017Q3,10,0.8547,4.000,0.0
85721,2017Q4,15,0.8228,4.000,0.0
85721,2018Q1,9,0.4733,3.000,22.2
85721,2018Q2,11,0.6077,3.455,18.2
85721,2018Q3,9,0.7329,4.222,11.1
85721,2018Q4,10,0.3302,2.900,30.0
85721,2019Q1,11,0.4924,3.727,27.3
85721,2019Q2,12,0.6954,4.000,8.3
85721,2019Q3,9,0.6147,4.111,11.1
85721,2019Q4,12,0.5429,4.500,25.0
85721,2020Q1,7,0.6196,3.286,28.6
85721,2020Q2,4,0.4546,3.500,25.0
85721,2020Q3,9,0.3333,3.222,33.3
85721,2020Q4,1,0.9215,5.000,0.0
85721,2021Q1,4,0.7107,4.250,0.0
85721,2021Q2,7,0.2535,4.000,42.9
85721,2021Q3,5,0.4264,3.400,20.0
85721,2021Q4,8,0.4978,3.500,12.5
85723,2012Q2,1,0.9872,5.000,0.0
85723,2015Q1,1,0.9900,4.000,0.0
85723,2015Q4,1,-0.9714,1.000,100.0
85723,2016Q1,1,-0.9134,1.000,100.0
85723,2016Q3,1,0.9707,4.000,0.0
85723,2017Q2,2,0.2095,3.000,50.0
85723,2017Q3,1,-0.3637,4.000,100.0
85723,2018Q1,1,0.2606,5.000,0.0
85723,2018Q2,4,0.5819,3.000,25.0
85723,2018Q3,1,-0.5530,1.000,100.0
85723,2018Q4,2,0.9281,4.000,0.0
85723,2019Q1,4,0.8960,2.000,0.0
85723,2019Q2,2,0.0414,3.500,50.0
85723,2019Q3,6,0.2091,2.833,50.0
85723,2019Q4,1,-0.7941,1.000,100.0
85723,2020Q1,2,0.9449,4.500,0.0
85723,2020Q2,2,0.9515,4.500,0.0
85723,2020Q3,2,-0.1908,1.000,50.0
85723,2020Q4,1,0.5719,5.000,0.0
85723,2021Q1,2,0.7943,5.000,0.0
85723,2021Q2,2,0.1042,5.000,50.0
85723,2021Q4,1,0.3506,2.000,0.0
85724,2012Q1,1,0.9770,4.000,0.0
85724,2012Q2,1,0.8470,4.000,0.0
85724,2012Q3,1,0.9923,4.000,0.0
85724,2012Q4,1,0.8750,4.000,0.0
85724,2013Q1,2,0.9507,4.000,0.0
85724,2013Q4,2,0.8827,4.000,0.0
85724,2014Q3,1,0.6369,4.000,0.0
85724,2015Q2,1,0.9516,4.000,0.0
85724,2015Q3,1,0.9480,4.000,0.0
85724,2015Q4,1,0.9328,5.000,0.0
85724,2016Q2,1,0.8898,1.000,0.0
85724,2017Q1,1,0.8258,2.000,0.0
85724,2017Q4,1,0.8962,5.000,0.0
85724,2018Q1,1,0.8685,4.000,0.0
85724,2018Q3,1,0.8122,5.000,0.0
85724,2019Q2,1,0.9821,5.000,0.0
85724,2019Q4,2,0.7298,1.500,0.0
85724,2020Q2,1,-0.8711,1.000,100.0
85724,2021Q3,2,0.1024,3.000,50.0
85724,2021Q4,1,-0.9580,1.000,100.0
85726,2012Q1,1,0.8189,3.000,0.0
85726,2012Q2,2,0.0952,2.500,50.0
85726,2013Q4,1,-0.8486,1.000,100.0
85726,2014Q1,1,-0.6405,1.000,100.0
85726,2014Q2,1,0.0000,1.000,0.0
85726,2014Q3,1,-0.9668,1.000,100.0
85726,2015Q1,3,0.1608,2.333,33.3
85726,2015Q2,2,-0.4632,1.000,50.0
85726,2015Q3,2,0.3080,3.000,0.0
85726,2015Q4,4,0.4222,2.500,25.0
85726,2016Q1,1,0.3400,1.000,0.0
85726,2016Q2,2,0.2520,3.000,50.0
85726,2016Q3,2,-0.8901,1.000,100.0
85726,2016Q4,1,0.9313,5.000,0.0
85726,2017Q2,1,-0.9595,1.000,100.0
85726,2017Q3,2,-0.0765,2.500,50.0
85726,2017Q4,1,-0.1303,2.000,100.0
85726,2018Q1,5,-0.0365,1.000,40.0
85726,2018Q2,3,-0.1908,2.333,66.7
85726,2018Q3,4,-0.0262,2.000,50.0
85726,2018Q4,2,0.3993,1.000,0.0
85726,2019Q1,5,-0.1593,1.800,60.0
85726,2019Q2,3,0.2405,2.333,0.0
85726,2019Q3,3,-0.0550,1.667,66.7
85726,2019Q4,1,0.6959,1.000,0.0
85726,2020Q1,5,-0.2228,1.600,80.0
85726,2020Q2,3,-0.1279,1.000,66.7
85726,2020Q3,4,-0.3806,2.000,75.0
85726,2020Q4,2,0.0265,3.000,50.0
85726,2021Q1,6,-0.2176,1.667,66.7
85726,2021Q2,2,-0.5522,1.000,100.0
85726,2021Q3,5,-0.0162,1.800,40.0
85726,2021Q4,3,-0.7118,1.000,100.0
85728,2012Q3,1,0.9416,5.000,0.0
85728,2013Q1,1,0.9900,5.000,0.0
85728,2013Q3,3,0.9595,5.000,0.0
85728,2013Q4,1,0.9725,5.000,0.0
85728,2014Q1,1,0.9749,5.000,0.0
85728,2014Q3,2,0.9693,5.000,0.0
85728,2014Q4,1,0.9538,4.000,0.0
85728,2015Q1,2,0.9375,5.000,0.0
85728,2015Q2,2,0.9065,5.000,0.0
85728,2015Q3,1,0.9788,5.000,0.0
85728,2015Q4,1,0.9549,5.000,0.0
85728,2016Q1,3,0.9541,5.000,0.0
85728,2016Q3,2,0.8978,5.000,0.0
85728,2016Q4,2,0.9286,4.500,0.0
85728,2017Q1,2,0.8900,3.500,0.0
85728,2017Q2,1,0.9563,5.000,0.0
85728,2017Q3,2,0.8798,5.000,0.0
85728,2017Q4,6,0.8292,4.833,0.0
85728,2018Q1,3,0.3971,3.667,33.3
85728,2018Q2,3,0.8282,5.000,0.0
85728,2018Q3,2,0.7238,5.000,0.0
85728,2018Q4,5,0.3931,4.200,20.0
85728,2019Q1,1,0.8979,5.000,0.0
85728,2019Q4,4,0.7258,4.750,0.0
85728,2020Q1,2,0.9378,5.000,0.0
85728,2020Q3,2,0.7702,5.000,0.0
85728,2020Q4,5,0.7486,4.600,0.0
85728,2021Q1,2,0.7469,4.500,0.0
85728,2021Q2,4,0.8533,5.000,0.0
85728,2021Q3,2,0.3033,3.000,50.0
85728,2021Q4,6,0.7896,5.000,0.0
85730,2012Q1,43,0.7014,3.837,11.6
85730,2012Q2,28,0.7676,3.536,3.6
85730,2012Q3,42,0.4469,3.333,26.2
85730,2012Q4,16,0.4950,3.500,25.0
85730,2013Q1,23,0.6758,3.957,8.7
85730,2013Q2,48,0.6677,3.229,8.3
85730,2013Q3,49,0.5723,3.347,12.2
85730,2013Q4,61,0.6279,3.639,13.1
85730,2014Q1,58,0.6733,3.707,12.1
85730,2014Q2,84,0.5244,3.310,17.9
85730,2014Q3,86,0.4122,3.151,23.3
85730,2014Q4,59,0.4437,3.288,23.7
85730,2015Q1,89,0.4203,3.202,25.8
85730,2015Q2,93,0.5309,3.409,20.4
85730,2015Q3,93,0.5420,3.634,18.3
85730,2015Q4,84,0.5893,3.690,15.5
85730,2016Q1,108,0.6180,3.639,16.7
85730,2016Q2,116,0.5238,3.647,20.7
85730,2016Q3,115,0.4789,3.487,22.6
85730,2016Q4,95,0.4690,3.421,23.2
85730,2017Q1,132,0.6064,3.568,15.2
85730,2017Q2,152,0.4684,3.493,22.4
85730,2017Q3,133,0.6255,3.624,15.0
85730,2017Q4,119,0.5984,3.765,17.6
85730,2018Q1,165,0.5248,3.497,19.4
85730,2018Q2,171,0.5907,3.591,14.0
85730,2018Q3,173,0.5220,3.451,19.1
85730,2018Q4,166,0.5174,3.614,20.5
85730,2019Q1,161,0.5392,3.497,20.5
85730,2019Q2,176,0.5098,3.494,21.6
85730,2019Q3,176,0.5564,3.534,19.3
85730,2019Q4,140,0.4875,3.643,24.3
85730,2020Q1,172,0.5652,3.651,18.6
85730,2020Q2,136,0.5452,3.735,19.9
85730,2020Q3,144,0.4584,3.528,25.0
85730,2020Q4,133,0.4453,3.489,25.6
85730,2021Q1,149,0.4863,3.423,21.5
85730,2021Q2,143,0.5159,3.448,21.0
85730,2021Q3,124,0.4393,3.597,24.2
85730,2021Q4,133,0.4418,3.331,24.8
85731,2012Q1,1,0.8689,5.000,0.0
85731,2013Q4,1,0.4939,5.000,0.0
85731,2014Q2,1,-0.9807,1.000,100.0
85731,2014Q3,2,0.8724,5.000,0.0
85731,2015Q1,1,0.9670,5.000,0.0
85731,2015Q2,4,0.5235,5.000,25.0
85731,2015Q3,1,0.9589,5.000,0.0
85731,2015Q4,5,0.1037,3.000,40.0
85731,2016Q1,4,-0.0291,3.250,50.0
85731,2016Q2,6,0.8812,4.500,0.0
85731,2016Q3,4,-0.0441,3.250,50.0
85731,2016Q4,3,0.3769,3.667,33.3
85731,2017Q1,4,0.6967,5.000,0.0
85731,2017Q2,4,0.0114,4.000,50.0
85731,2017Q3,5,0.4915,4.400,20.0
85731,2017Q4,2,0.6934,3.500,0.0
85731,2018Q1,6,0.8733,5.000,0.0
85731,2018Q2,3,0.9513,5.000,0.0
85731,2018Q3,2,-0.3079,1.000,50.0
85731,2019Q1,3,0.8330,4.000,0.0
85731,2019Q2,2,0.7646,5.000,0.0
85731,2019Q3,2,0.2877,4.500,50.0
85731,2019Q4,1,0.6677,5.000,0.0
85731,2020Q1,4,0.3532,4.000,25.0
85731,2020Q3,3,0.2318,2.667,0.0
85731,2020Q4,2,0.5030,5.000,0.0
85731,2021Q1,1,0.9787,5.000,0.0
85731,2021Q2,1,0.8020,5.000,0.0
85731,2021Q3,2,-0.6663,1.000,100.0
85731,2021Q4,1,0.2382,5.000,0.0
85732,2012Q1,1,0.9287,5.000,0.0
85732,2013Q3,1,0.9346,5.000,0.0
85732,2014Q4,1,0.6114,5.000,0.0
85732,2015Q1,2,0.9043,5.000,0.0
85732,2016Q3,3,0.9034,5.000,0.0
85732,2016Q4,1,0.9782,5.000,0.0
85732,2017Q2,1,0.6697,5.000,0.0
85732,2017Q4,2,0.9127,5.000,0.0
85732,2018Q2,2,0.9206,5.000,0.0
85732,2018Q3,1,0.9595,5.000,0.0
85732,2019Q1,4,0.8955,5.000,0.0
85732,2019Q2,1,0.9466,5.000,0.0
85732,2019Q3,4,0.8541,5.000,0.0
85732,2019Q4,2,0.8659,5.000,0.0
85732,2020Q1,1,0.7570,5.000,0.0
85732,2020Q3,4,0.3248,4.000,25.0
85732,2020Q4,3,0.9410,5.000,0.0
85732,2021Q1,3,0.2511,2.667,33.3
85732,2021Q2,1,0.9551,5.000,0.0
85732,2021Q3,1,0.2876,1.000,0.0
85733,2012Q2,2,0.8537,3.000,0.0
85733,2013Q3,1,0.9441,5.000,0.0
85733,2014Q1,1,0.9752,5.000,0.0
85733,2015Q2,1,0.7650,5.000,0.0
85733,2015Q4,1,0.9627,4.000,0.0
85733,2016Q1,1,0.0000,1.000,0.0
85733,2016Q2,1,-0.5591,5.000,100.0
85733,2017Q1,1,-0.4215,1.000,100.0
85733,2018Q1,1,0.9752,5.000,0.0
85733,2019Q3,1,0.8619,5.000,0.0
85733,2021Q1,1,0.7650,5.000,0.0
85733,2021Q2,2,-0.2077,1.500,100.0
85733,2021Q3,3,0.2949,2.333,33.3
85733,2021Q4,2,-0.2578,1.000,50.0
85735,2012Q1,7,0.9277,3.714,0.0
85735,2012Q2,8,0.9273,4.125,0.0
85735,2012Q3,5,0.9596,4.800,0.0
85735,2012Q4,8,0.8458,4.375,0.0
85735,2013Q1,9,0.8176,3.000,11.1
85735,2013Q2,11,0.3898,4.091,27.3
85735,2013Q3,6,0.9674,4.500,0.0
85735,2013Q4,11,0.7371,3.273,9.1
85735,2014Q1,17,0.8250,4.353,5.9
85735,2014Q2,11,0.5656,4.273,18.2
85735,2014Q3,5,0.9177,4.000,0.0
85735,2014Q4,14,0.3985,3.786,21.4
85735,2015Q1,26,0.6284,3.769,15.4
85735,2015Q2,19,0.7183,4.368,10.5
85735,2015Q3,10,0.8446,4.600,0.0
85735,2015Q4,24,0.6798,3.917,12.5
85735,2016Q1,18,0.6491,3.889,11.1
85735,2016Q2,18,0.9043,4.389,0.0
85735,2016Q3,15,0.7299,4.600,13.3
85735,2016Q4,15,0.2723,3.333,33.3
85735,2017Q1,20,0.9033,4.500,0.0
85735,2017Q2,21,0.6052,3.762,19.0
85735,2017Q3,10,0.5272,3.100,20.0
85735,2017Q4,16,0.6065,3.500,18.8
85735,2018Q1,26,0.4951,3.423,23.1
85735,2018Q2,13,0.7765,4.154,7.7
85735,2018Q3,20,0.8820,4.350,0.0
85735,2018Q4,20,0.7206,4.100,5.0
85735,2019Q1,26,0.7284,4.423,7.7
85735,2019Q2,19,0.7826,4.000,5.3
85735,2019Q3,17,0.9295,4.706,0.0
85735,2019Q4,22,0.5767,3.591,22.7
85735,2020Q1,25,0.6435,4.160,20.0
85735,2020Q2,10,0.9295,4.900,0.0
85735,2020Q3,12,0.5520,3.833,16.7
85735,2020Q4,14,0.7181,4.071,7.1
85735,2021Q1,9,0.7268,4.556,11.1
85735,2021Q2,13,0.6332,3.769,15.4
85735,2021Q3,9,0.9336,4.444,0.0
85735,2021Q4,13,0.4985,3.923,23.1
85737,2012Q1,84,0.7607,3.464,8.3
85737,2012Q2,58,0.6752,3.655,12.1
85737,2012Q3,59,0.5774,3.576,16.9
85737,2012Q4,53,0.5251,3.057,20.8
85737,2013Q1,73,0.5365,3.192,20.5
85737,2013Q2,102,0.6263,3.402,15.7
85737,2013Q3,110,0.7288,3.691,10.0
85737,2013Q4,98,0.6680,3.724,11.2
85737,2014Q1,147,0.6560,3.871,15.0
85737,2014Q2,126,0.6085,3.516,17.5
85737,2014Q3,154,0.6300,3.578,14.9
85737,2014Q4,136,0.5615,3.434,19.1
85737,2015Q1,211,0.6120,3.545,17.1
85737,2015Q2,209,0.6330,3.823,15.8
85737,2015Q3,228,0.6241,3.750,14.9
85737,2015Q4,154,0.5587,3.487,19.5
85737,2016Q1,217,0.6117,3.627,17.1
85737,2016Q2,214,0.5648,3.565,20.6
85737,2016Q3,233,0.6226,3.738,15.0
85737,2016Q4,234,0.5422,3.568,18.8
85737,2017Q1,262,0.6247,3.687,14.1
85737,2017Q2,292,0.5196,3.469,20.9
85737,2017Q3,273,0.6135,3.681,16.5
85737,2017Q4,257,0.5833,3.595,18.3
85737,2018Q1,366,0.6293,3.645,14.8
85737,2018Q2,305,0.5871,3.574,17.4
85737,2018Q3,311,0.5185,3.569,20.3
85737,2018Q4,283,0.5034,3.470,20.5
85737,2019Q1,375,0.5626,3.568,18.4
85737,2019Q2,381,0.5856,3.549,16.8
85737,2019Q3,384,0.6121,3.776,15.6
85737,2019Q4,290,0.5939,3.724,17.6
85737,2020Q1,284,0.5631,3.563,18.0
85737,2020Q2,228,0.4042,3.307,28.5
85737,2020Q3,260,0.5260,3.581,20.0
85737,2020Q4,206,0.5175,3.466,20.4
85737,2021Q1,302,0.5224,3.659,21.5
85737,2021Q2,319,0.5516,3.643,20.7
85737,2021Q3,288,0.5804,3.556,16.0
85737,2021Q4,253,0.5368,3.395,19.0
85739,2012Q1,21,0.7937,4.000,4.8
85739,2012Q2,28,0.7654,4.143,7.1
85739,2012Q3,14,0.8509,4.214,7.1
85739,2012Q4,17,0.6245,3.412,11.8
85739,2013Q1,26,0.6655,3.385,11.5
85739,2013Q2,32,0.8216,4.000,3.1
85739,2013Q3,27,0.6387,3.556,14.8
85739,2013Q4,30,0.6338,3.767,16.7
85739,2014Q1,43,0.5973,3.465,18.6
85739,2014Q2,44,0.6996,3.909,9.1
85739,2014Q3,38,0.6710,3.658,13.2
85739,2014Q4,55,0.6581,3.618,14.5
85739,2015Q1,45,0.7780,3.978,6.7
85739,2015Q2,50,0.7082,3.760,12.0
85739,2015Q3,52,0.5017,3.365,19.2
85739,2015Q4,62,0.7617,4.081,6.5
85739,2016Q1,80,0.6197,3.750,15.0
85739,2016Q2,60,0.6802,4.017,15.0
85739,2016Q3,49,0.6968,3.714,10.2
85739,2016Q4,52,0.5842,3.577,19.2
85739,2017Q1,51,0.4895,3.000,21.6
85739,2017Q2,59,0.5870,3.797,16.9
85739,2017Q3,74,0.5311,3.608,21.6
85739,2017Q4,72,0.6220,3.819,16.7
85739,2018Q1,93,0.6496,3.903,11.8
85739,2018Q2,98,0.6815,4.020,13.3
85739,2018Q3,93,0.4966,3.527,21.5
85739,2018Q4,93,0.6304,4.022,17.2
85739,2019Q1,98,0.6580,3.735,14.3
85739,2019Q2,98,0.6607,3.816,13.3
85739,2019Q3,79,0.5373,3.696,17.7
85739,2019Q4,80,0.5586,3.575,18.8
85739,2020Q1,77,0.6111,3.714,16.9
85739,2020Q2,102,0.5315,3.559,17.6
85739,2020Q3,95,0.4849,3.453,23.2
85739,2020Q4,67,0.4956,3.836,25.4
85739,2021Q1,88,0.4752,3.545,21.6
85739,2021Q2,95,0.4315,3.474,28.4
85739,2021Q3,65,0.4710,3.200,21.5
85739,2021Q4,73,0.5269,3.658,20.5
85740,2014Q3,1,0.9149,5.000,0.0
85740,2014Q4,1,0.6990,5.000,0.0
85740,2015Q4,2,0.8851,5.000,0.0
85740,2016Q1,1,0.9569,5.000,0.0
85740,2016Q2,2,-0.0005,3.500,50.0
85740,2016Q4,1,0.9245,5.000,0.0
85740,2017Q2,1,0.5434,5.000,0.0
85740,2017Q4,1,0.9818,5.000,0.0
85740,2018Q2,3,0.9746,5.000,0.0
85740,2018Q3,1,0.8806,1.000,0.0
85740,2018Q4,1,0.9827,5.000,0.0
85740,2019Q1,1,0.9464,5.000,0.0
85740,2019Q2,3,0.6383,5.000,33.3
85740,2019Q4,1,0.9295,5.000,0.0
85740,2020Q4,2,0.9441,5.000,0.0
85740,2021Q2,2,-0.0528,1.000,50.0
85740,2021Q4,2,0.7352,3.500,0.0
85741,2012Q1,174,0.6616,3.454,13.8
85741,2012Q2,147,0.6475,3.762,12.2
85741,2012Q3,169,0.5576,3.444,17.8
85741,2012Q4,147,0.5691,3.156,18.4
85741,2013Q1,186,0.6108,3.392,16.1
85741,2013Q2,205,0.6132,3.541,15.6
85741,2013Q3,252,0.6173,3.540,15.9
85741,2013Q4,261,0.5702,3.418,17.6
85741,2014Q1,295,0.6037,3.417,16.3
85741,2014Q2,358,0.5905,3.545,16.2
85741,2014Q3,370,0.6201,3.684,14.9
85741,2014Q4,302,0.6262,3.560,13.2
85741,2015Q1,383,0.5821,3.595,17.2
85741,2015Q2,401,0.5768,3.486,17.7
85741,2015Q3,441,0.5453,3.483,18.6
85741,2015Q4,415,0.5363,3.528,19.5
85741,2016Q1,442,0.5473,3.400,17.9
85741,2016Q2,513,0.5940,3.708,15.8
85741,2016Q3,483,0.5443,3.623,18.8
85741,2016Q4,384,0.4448,3.260,25.3
85741,2017Q1,456,0.5485,3.474,18.4
85741,2017Q2,543,0.4894,3.366,21.2
85741,2017Q3,508,0.5020,3.461,21.7
85741,2017Q4,500,0.5476,3.608,18.0
85741,2018Q1,677,0.5770,3.710,17.9
85741,2018Q2,654,0.5478,3.622,19.9
85741,2018Q3,710,0.5519,3.580,18.6
85741,2018Q4,605,0.5512,3.650,19.5
85741,2019Q1,670,0.5476,3.612,18.4
85741,2019Q2,665,0.5069,3.526,20.6
85741,2019Q3,762,0.4639,3.320,23.8
85741,2019Q4,527,0.4561,3.414,25.0
85741,2020Q1,506,0.4743,3.427,23.9
85741,2020Q2,451,0.4248,3.346,25.9
85741,2020Q3,475,0.4480,3.423,23.8
85741,2020Q4,443,0.4187,3.413,27.1
85741,2021Q1,483,0.4829,3.534,21.9
85741,2021Q2,508,0.4597,3.386,23.8
85741,2021Q3,493,0.3935,3.235,25.4
85741,2021Q4,436,0.4598,3.404,24.1
85742,2012Q1,21,0.8340,4.238,4.8
85742,2012Q2,16,0.8232,4.125,6.2
85742,2012Q3,20,0.7902,4.300,5.0
85742,2012Q4,20,0.9288,4.500,0.0
85742,2013Q1,16,0.6358,3.500,12.5
85742,2013Q2,25,0.7203,4.080,12.0
85742,2013Q3,39,0.7375,4.231,10.3
85742,2013Q4,34,0.3771,3.088,29.4
85742,2014Q1,38,0.7141,4.000,10.5
85742,2014Q2,29,0.7525,4.483,6.9
85742,2014Q3,43,0.6374,3.605,11.6
85742,2014Q4,50,0.6578,3.720,16.0
85742,2015Q1,42,0.5571,3.619,21.4
85742,2015Q2,59,0.6674,4.254,11.9
85742,2015Q3,58,0.6661,4.103,13.8
85742,2015Q4,55,0.6447,3.564,14.5
85742,2016Q1,48,0.5410,3.812,20.8
85742,2016Q2,70,0.6747,4.000,11.4
85742,2016Q3,65,0.7200,4.154,10.8
85742,2016Q4,53,0.6835,4.151,9.4
85742,2017Q1,68,0.7437,4.221,8.8
85742,2017Q2,102,0.6510,4.127,13.7
85742,2017Q3,92,0.6613,3.967,13.0
85742,2017Q4,80,0.5740,3.837,18.8
85742,2018Q1,91,0.5656,3.857,17.6
85742,2018Q2,82,0.4705,3.415,24.4
85742,2018Q3,131,0.6234,3.809,14.5
85742,2018Q4,109,0.6697,4.073,11.9
85742,2019Q1,146,0.6732,3.932,13.0
85742,2019Q2,108,0.6805,4.074,13.0
85742,2019Q3,128,0.5570,3.812,18.8
85742,2019Q4,85,0.5493,3.800,20.0
85742,2020Q1,119,0.5685,3.840,18.5
85742,2020Q2,68,0.6418,3.956,14.7
85742,2020Q3,101,0.4743,3.703,24.8
85742,2020Q4,98,0.6165,4.020,16.3
85742,2021Q1,77,0.6558,3.935,9.1
85742,2021Q2,101,0.4970,3.663,19.8
85742,2021Q3,104,0.5671,3.721,17.3
85742,2021Q4,92,0.4321,3.576,22.8
85743,2012Q1,89,0.7447,3.730,9.0
85743,2012Q2,100,0.6320,3.810,15.0
85743,2012Q3,72,0.5875,3.542,16.7
85743,2012Q4,61,0.6691,3.770,13.1
85743,2013Q1,87,0.5994,3.632,18.4
85743,2013Q2,85,0.6020,3.435,17.6
85743,2013Q3,104,0.5037,3.413,23.1
85743,2013Q4,116,0.5308,3.353,22.4
85743,2014Q1,123,0.4959,3.423,22.0
85743,2014Q2,136,0.5879,3.544,16.9
85743,2014Q3,149,0.4884,3.383,23.5
85743,2014Q4,156,0.5368,3.647,19.2
85743,2015Q1,197,0.5801,3.492,18.3
85743,2015Q2,191,0.6059,3.628,16.8
85743,2015Q3,210,0.5506,3.676,19.5
85743,2015Q4,182,0.5312,3.467,18.7
85743,2016Q1,220,0.5348,3.418,21.4
85743,2016Q2,241,0.5435,3.610,18.3
85743,2016Q3,227,0.4922,3.419,23.3
85743,2016Q4,192,0.5242,3.438,21.9
85743,2017Q1,275,0.5875,3.618,16.4
85743,2017Q2,261,0.5941,3.667,16.9
85743,2017Q3,272,0.5812,3.544,17.6
85743,2017Q4,278,0.5336,3.507,20.5
85743,2018Q1,346,0.5739,3.581,17.3
85743,2018Q2,350,0.5162,3.554,20.6
85743,2018Q3,311,0.5523,3.563,19.0
85743,2018Q4,265,0.5480,3.630,19.2
85743,2019Q1,372,0.4822,3.476,21.8
85743,2019Q2,290,0.5194,3.566,20.0
85743,2019Q3,274,0.4123,3.212,25.5
85743,2019Q4,246,0.5769,3.663,17.9
85743,2020Q1,229,0.5027,3.437,22.3
85743,2020Q2,227,0.5401,3.427,20.3
85743,2020Q3,220,0.5445,3.673,21.4
85743,2020Q4,200,0.5162,3.460,19.5
85743,2021Q1,198,0.5245,3.601,19.7
85743,2021Q2,240,0.4508,3.092,24.6
85743,2021Q3,208,0.3369,3.091,31.2
85743,2021Q4,243,0.4270,3.424,27.2
85745,2012Q1,121,0.7447,3.876,8.3
85745,2012Q2,128,0.7588,3.773,7.0
85745,2012Q3,107,0.6565,3.617,13.1
85745,2012Q4,115,0.6857,3.713,13.9
85745,2013Q1,120,0.7001,3.742,9.2
85745,2013Q2,143,0.6475,3.510,13.3
85745,2013Q3,137,0.6860,3.650,10.2
85745,2013Q4,132,0.6987,3.758,10.6
85745,2014Q1,220,0.6169,3.664,16.4
85745,2014Q2,225,0.6906,3.782,12.4
85745,2014Q3,270,0.6302,3.663,16.3
85745,2014Q4,221,0.6874,3.742,10.0
85745,2015Q1,283,0.6528,3.852,13.1
85745,2015Q2,294,0.6525,3.741,13.6
85745,2015Q3,342,0.6816,3.883,11.4
85745,2015Q4,276,0.7004,3.975,12.0
85745,2016Q1,332,0.6450,3.738,13.3
85745,2016Q2,292,0.5810,3.688,17.5
85745,2016Q3,286,0.5604,3.605,18.9
85745,2016Q4,277,0.5619,3.682,18.4
85745,2017Q1,311,0.6125,3.662,15.8
85745,2017Q2,370,0.6371,3.800,14.9
85745,2017Q3,348,0.5749,3.603,17.5
85745,2017Q4,370,0.5879,3.597,17.6
85745,2018Q1,438,0.5863,3.689,16.4
85745,2018Q2,415,0.6489,3.778,13.0
85745,2018Q3,437,0.6233,3.870,16.0
85745,2018Q4,434,0.5798,3.682,17.7
85745,2019Q1,541,0.6103,3.750,16.3
85745,2019Q2,435,0.6048,3.841,16.1
85745,2019Q3,468,0.5548,3.718,18.4
85745,2019Q4,366,0.5752,3.672,16.4
85745,2020Q1,438,0.6435,3.897,14.4
85745,2020Q2,278,0.5531,3.799,19.4
85745,2020Q3,359,0.5229,3.596,19.5
85745,2020Q4,326,0.5183,3.604,20.9
85745,2021Q1,399,0.5773,3.742,18.5
85745,2021Q2,420,0.5171,3.595,19.5
85745,2021Q3,394,0.4908,3.607,22.3
85745,2021Q4,314,0.4949,3.360,20.4
85746,2012Q1,28,0.6284,3.571,10.7
85746,2012Q2,20,0.6100,3.350,15.0
85746,2012Q3,14,0.4753,3.429,21.4
85746,2012Q4,14,0.7947,3.214,7.1
85746,2013Q1,23,0.3853,3.348,21.7
85746,2013Q2,21,0.3303,3.238,28.6
85746,2013Q3,26,0.2356,2.731,38.5
85746,2013Q4,31,0.5323,3.258,19.4
85746,2014Q1,61,0.5031,3.098,19.7
85746,2014Q2,47,0.3665,3.234,27.7
85746,2014Q3,34,0.3963,3.471,29.4
85746,2014Q4,55,0.5696,3.200,16.4
85746,2015Q1,56,0.5488,3.143,17.9
85746,2015Q2,61,0.3864,2.754,27.9
85746,2015Q3,70,0.4289,3.257,24.3
85746,2015Q4,41,0.5134,3.146,22.0
85746,2016Q1,69,0.3540,3.130,30.4
85746,2016Q2,78,0.3043,3.090,35.9
85746,2016Q3,86,0.3385,2.826,30.2
85746,2016Q4,54,0.3961,3.093,25.9
85746,2017Q1,72,0.4133,3.083,26.4
85746,2017Q2,72,0.4115,3.417,29.2
85746,2017Q3,86,0.4620,3.419,24.4
85746,2017Q4,70,0.3022,2.829,32.9
85746,2018Q1,82,0.4263,2.927,23.2
85746,2018Q2,113,0.3591,3.195,29.2
85746,2018Q3,107,0.2018,2.841,40.2
85746,2018Q4,86,0.2957,2.826,33.7
85746,2019Q1,124,0.2500,2.798,36.3
85746,2019Q2,113,0.3663,3.062,31.9
85746,2019Q3,113,0.3997,3.062,27.4
85746,2019Q4,118,0.2983,3.025,33.9
85746,2020Q1,84,0.3054,3.131,33.3
85746,2020Q2,65,0.1809,2.862,38.5
85746,2020Q3,81,0.1654,2.556,40.7
85746,2020Q4,80,0.2802,2.725,35.0
85746,2021Q1,113,0.4020,3.177,24.8
85746,2021Q2,89,0.2879,3.034,32.6
85746,2021Q3,84,0.2661,2.917,34.5
85746,2021Q4,95,0.1935,2.800,41.1
85747,2012Q1,43,0.7309,4.209,9.3
85747,2012Q2,26,0.7168,4.154,11.5
85747,2012Q3,65,0.7424,3.600,12.3
85747,2012Q4,47,0.6961,3.532,10.6
85747,2013Q1,67,0.6899,3.716,14.9
85747,2013Q2,78,0.7317,3.872,10.3
85747,2013Q3,87,0.6739,3.782,11.5
85747,2013Q4,81,0.6453,3.765,14.8
85747,2014Q1,90,0.5467,3.411,16.7
85747,2014Q2,80,0.5876,3.562,17.5
85747,2014Q3,114,0.6320,3.482,14.0
85747,2014Q4,113,0.5112,3.575,20.4
85747,2015Q1,122,0.6748,3.680,10.7
85747,2015Q2,138,0.7358,3.891,9.4
85747,2015Q3,151,0.5954,3.470,18.5
85747,2015Q4,120,0.6337,3.608,14.2
85747,2016Q1,182,0.5454,3.560,20.3
85747,2016Q2,251,0.5590,3.498,18.3
85747,2016Q3,166,0.6317,3.536,13.9
85747,2016Q4,142,0.5355,3.627,20.4
85747,2017Q1,177,0.4917,3.525,23.7
85747,2017Q2,183,0.5281,3.393,18.6
85747,2017Q3,167,0.5095,3.665,21.6
85747,2017Q4,184,0.5213,3.446,20.7
85747,2018Q1,246,0.6181,3.634,15.0
85747,2018Q2,204,0.4988,3.422,20.1
85747,2018Q3,264,0.5503,3.402,17.0
85747,2018Q4,259,0.6256,3.784,15.1
85747,2019Q1,295,0.5177,3.468,20.3
85747,2019Q2,329,0.5537,3.477,18.2
85747,2019Q3,255,0.5613,3.671,17.3
85747,2019Q4,215,0.5430,3.479,20.0
85747,2020Q1,240,0.4611,3.462,24.2
85747,2020Q2,148,0.4557,3.250,25.0
85747,2020Q3,184,0.5286,3.603,20.7
85747,2020Q4,169,0.4548,3.361,23.7
85747,2021Q1,174,0.5006,3.402,22.4
85747,2021Q2,182,0.3701,3.088,29.1
85747,2021Q3,190,0.3844,3.274,28.9
85747,2021Q4,186,0.3804,3.167,29.6
85748,2012Q1,62,0.6912,3.661,9.7
85748,2012Q2,26,0.6217,3.731,15.4
85748,2012Q3,28,0.4863,3.107,17.9
85748,2012Q4,30,0.2987,3.233,36.7
85748,2013Q1,28,0.3591,3.179,25.0
85748,2013Q2,34,0.4195,2.971,26.5
85748,2013Q3,30,0.4887,3.167,23.3
85748,2013Q4,53,0.5957,3.472,15.1
85748,2014Q1,68,0.5134,3.206,20.6
85748,2014Q2,71,0.6082,3.606,16.9
85748,2014Q3,86,0.7091,3.965,10.5
85748,2014Q4,88,0.7024,3.943,10.2
85748,2015Q1,91,0.6450,3.824,13.2
85748,2015Q2,91,0.7058,3.934,11.0
85748,2015Q3,102,0.6244,3.833,12.7
85748,2015Q4,96,0.6503,4.021,11.5
85748,2016Q1,97,0.6084,3.680,16.5
85748,2016Q2,123,0.6003,3.585,17.1
85748,2016Q3,102,0.5853,3.716,17.6
85748,2016Q4,112,0.5811,3.839,17.0
85748,2017Q1,99,0.5485,3.424,15.2
85748,2017Q2,116,0.6421,3.517,14.7
85748,2017Q3,89,0.5329,3.798,20.2
85748,2017Q4,119,0.5733,3.487,18.5
85748,2018Q1,156,0.6376,3.776,14.1
85748,2018Q2,138,0.5919,3.797,14.5
85748,2018Q3,134,0.5793,3.746,16.4
85748,2018Q4,153,0.5767,3.569,17.6
85748,2019Q1,141,0.5217,3.603,22.7
85748,2019Q2,147,0.5644,3.653,17.7
85748,2019Q3,136,0.5836,3.831,17.6
85748,2019Q4,110,0.4740,3.527,24.5
85748,2020Q1,112,0.6570,3.750,14.3
85748,2020Q2,82,0.5212,3.561,20.7
85748,2020Q3,104,0.4577,3.442,21.2
85748,2020Q4,76,0.4908,3.618,22.4
85748,2021Q1,79,0.4309,3.468,25.3
85748,2021Q2,83,0.3343,3.217,30.1
85748,2021Q3,93,0.4724,3.409,24.7
85748,2021Q4,87,0.4888,3.414,21.8
85749,2012Q1,36,0.7011,3.861,13.9
85749,2012Q2,24,0.7138,3.833,8.3
85749,2012Q3,20,0.7507,3.900,10.0
85749,2012Q4,23,0.6623,3.609,13.0
85749,2013Q1,47,0.7519,4.043,8.5
85749,2013Q2,24,0.4875,3.250,25.0
85749,2013Q3,37,0.7005,3.649,13.5
85749,2013Q4,44,0.5820,3.682,18.2
85749,2014Q1,63,0.6853,3.810,14.3
85749,2014Q2,40,0.5061,3.550,20.0
85749,2014Q3,65,0.5862,3.738,13.8
85749,2014Q4,44,0.4681,3.455,25.0
85749,2015Q1,93,0.6008,3.366,17.2
85749,2015Q2,73,0.6855,3.973,12.3
85749,2015Q3,82,0.7016,3.878,9.8
85749,2015Q4,68,0.6852,4.074,14.7
85749,2016Q1,73,0.7073,3.959,9.6
85749,2016Q2,91,0.6656,3.868,15.4
85749,2016Q3,64,0.6819,3.922,9.4
85749,2016Q4,109,0.7303,4.037,11.0
85749,2017Q1,93,0.7792,4.118,5.4
85749,2017Q2,107,0.6619,3.757,13.1
85749,2017Q3,117,0.6061,3.726,17.9
85749,2017Q4,83,0.5570,3.795,19.3
85749,2018Q1,79,0.5232,3.709,21.5
85749,2018Q2,115,0.6842,4.130,13.9
85749,2018Q3,108,0.5998,3.565,16.7
85749,2018Q4,90,0.6396,3.811,12.2
85749,2019Q1,87,0.6275,3.805,13.8
85749,2019Q2,96,0.5953,3.740,17.7
85749,2019Q3,93,0.5704,3.753,16.1
85749,2019Q4,75,0.7148,3.760,9.3
85749,2020Q1,65,0.6110,3.800,13.8
85749,2020Q2,57,0.6746,3.982,12.3
85749,2020Q3,53,0.6717,4.151,11.3
85749,2020Q4,77,0.6479,3.766,11.7
85749,2021Q1,60,0.6728,4.150,11.7
85749,2021Q2,120,0.7040,3.892,10.0
85749,2021Q3,130,0.6502,3.923,15.4
85749,2021Q4,90,0.5492,3.356,17.8
85750,2012Q1,107,0.7090,3.710,12.1
85750,2012Q2,85,0.7939,3.871,7.1
85750,2012Q3,79,0.6372,3.646,17.7
85750,2012Q4,60,0.5843,3.600,16.7
85750,2013Q1,96,0.6888,3.719,12.5
85750,2013Q2,100,0.6383,3.600,13.0
85750,2013Q3,110,0.7808,4.027,7.3
85750,2013Q4,121,0.7560,3.959,9.1
85750,2014Q1,133,0.6812,3.677,13.5
85750,2014Q2,125,0.7248,4.048,9.6
85750,2014Q3,148,0.7116,3.743,11.5
85750,2014Q4,102,0.6320,3.686,13.7
85750,2015Q1,139,0.6682,3.741,10.1
85750,2015Q2,173,0.7140,3.803,9.8
85750,2015Q3,185,0.7512,3.919,7.6
85750,2015Q4,146,0.7000,4.034,11.6
85750,2016Q1,202,0.7391,3.896,10.9
85750,2016Q2,141,0.6947,3.894,12.8
85750,2016Q3,160,0.7003,4.037,11.2
85750,2016Q4,151,0.7092,3.987,12.6
85750,2017Q1,166,0.6347,3.705,14.5
85750,2017Q2,198,0.6511,3.657,14.1
85750,2017Q3,195,0.6874,3.928,10.3
85750,2017Q4,180,0.7139,4.006,10.0
85750,2018Q1,240,0.6756,4.025,12.9
85750,2018Q2,233,0.7305,4.013,10.7
85750,2018Q3,190,0.7700,4.274,8.4
85750,2018Q4,191,0.7347,4.068,9.9
85750,2019Q1,212,0.6526,3.920,13.7
85750,2019Q2,197,0.7155,3.914,10.7
85750,2019Q3,193,0.7077,4.000,10.4
85750,2019Q4,175,0.6511,3.891,13.7
85750,2020Q1,163,0.6338,4.018,15.3
85750,2020Q2,90,0.6084,3.922,16.7
85750,2020Q3,122,0.6438,3.795,12.3
85750,2020Q4,119,0.5401,3.731,21.0
85750,2021Q1,155,0.7305,4.148,10.3
85750,2021Q2,166,0.5895,3.777,16.9
85750,2021Q3,137,0.6041,3.679,16.8
85750,2021Q4,144,0.6056,3.785,16.0
85751,2013Q2,1,0.2263,5.000,0.0
85751,2013Q4,1,0.2716,5.000,0.0
85751,2014Q4,1,0.9295,5.000,0.0
85751,2015Q2,1,-0.9093,2.000,100.0
85751,2015Q3,1,0.8399,5.000,0.0
85751,2015Q4,1,0.9938,5.000,0.0
85751,2016Q2,2,-0.0058,3.000,50.0
85751,2016Q3,1,0.8777,5.000,0.0
85751,2016Q4,2,0.8199,5.000,0.0
85751,2017Q2,4,0.9049,5.000,0.0
85751,2017Q3,4,0.4693,3.000,0.0
85751,2017Q4,2,0.6856,3.000,0.0
85751,2018Q1,1,0.9784,5.000,0.0
85751,2018Q2,1,0.2003,5.000,0.0
85751,2018Q3,2,0.9346,5.000,0.0
85751,2018Q4,4,0.9062,5.000,0.0
85751,2019Q2,4,0.2548,5.000,25.0
85751,2019Q3,3,0.2594,2.333,33.3
85751,2019Q4,2,0.0527,3.500,50.0
85751,2020Q1,1,0.7264,5.000,0.0
85751,2020Q2,1,0.9494,5.000,0.0
85751,2020Q3,1,0.4577,5.000,0.0
85751,2020Q4,1,0.9312,5.000,0.0
85751,2021Q1,5,0.8666,4.800,0.0
85751,2021Q2,2,0.8385,5.000,0.0
85751,2021Q3,2,0.8247,5.000,0.0
85751,2021Q4,2,0.9351,5.000,0.0
85752,2013Q3,1,0.9392,5.000,0.0
85752,2014Q3,1,0.9060,5.000,0.0
85752,2015Q2,1,0.9216,5.000,0.0
85752,2016Q1,1,0.9418,5.000,0.0
85752,2016Q2,1,0.8858,5.000,0.0
85752,2016Q3,1,0.9278,5.000,0.0
85752,2016Q4,1,0.9826,5.000,0.0
85752,2017Q1,2,0.8710,5.000,0.0
85752,2017Q2,2,0.6764,5.000,0.0
85752,2017Q3,3,0.7577,5.000,0.0
85752,2017Q4,3,0.7950,5.000,0.0
85752,2018Q1,3,0.8824,5.000,0.0
85752,2018Q2,6,0.8542,4.333,0.0
85752,2018Q3,4,0.7024,4.750,0.0
85752,2018Q4,5,0.6647,5.000,20.0
85752,2019Q1,2,0.3358,3.000,50.0
85752,2019Q2,8,0.8711,5.000,0.0
85752,2019Q3,7,0.6684,5.000,14.3
85752,2019Q4,3,0.8700,5.000,0.0
85752,2020Q1,1,0.9255,5.000,0.0
85752,2020Q2,1,0.7184,5.000,0.0
85752,2020Q3,3,0.7321,5.000,0.0
85752,2020Q4,2,0.9063,5.000,0.0
85752,2021Q1,1,0.9538,5.000,0.0
85752,2021Q2,2,0.9542,5.000,0.0
85752,2021Q3,6,0.9045,4.667,0.0
85752,2021Q4,1,0.9846,5.000,0.0
85754,2014Q2,1,0.4103,1.000,0.0
85754,2014Q4,1,-0.7964,1.000,100.0
85754,2015Q1,1,-0.4404,1.000,100.0
85754,2015Q2,1,-0.9253,1.000,100.0
85754,2015Q3,2,-0.3958,1.500,100.0
85754,2015Q4,1,-0.9921,1.000,100.0
85754,2016Q2,2,-0.0311,1.000,50.0
85754,2016Q3,2,-0.0045,1.000,50.0
85754,2017Q4,1,-0.8606,1.000,100.0
85754,2018Q1,1,-0.1571,1.000,100.0
85754,2018Q2,1,-0.9914,1.000,100.0
85754,2019Q1,1,-0.6794,1.000,100.0
85754,2019Q3,1,-0.8670,1.000,100.0
85754,2019Q4,1,-0.8976,1.000,100.0
85754,2020Q3,2,0.2277,1.000,0.0
85754,2021Q2,1,-0.8046,1.000,100.0
85754,2021Q4,1,0.9295,1.000,0.0
85755,2012Q1,14,0.5947,3.500,21.4
85755,2012Q2,14,0.4070,3.071,35.7
85755,2012Q3,18,0.4433,3.222,27.8
85755,2012Q4,23,0.4252,3.043,30.4
85755,2013Q1,15,0.7499,4.067,6.7
85755,2013Q2,28,0.5652,3.429,21.4
85755,2013Q3,26,0.3767,3.038,30.8
85755,2013Q4,25,0.6969,3.440,8.0
85755,2014Q1,27,0.7623,3.741,7.4
85755,2014Q2,21,0.7071,3.762,9.5
85755,2014Q3,42,0.6810,3.571,9.5
85755,2014Q4,39,0.3752,2.949,28.2
85755,2015Q1,36,0.5273,3.528,19.4
85755,2015Q2,28,0.5333,3.607,21.4
85755,2015Q3,44,0.7465,4.364,9.1
85755,2015Q4,41,0.7150,4.293,7.3
85755,2016Q1,56,0.6032,3.911,16.1
85755,2016Q2,41,0.5908,3.976,17.1
85755,2016Q3,45,0.7080,4.089,11.1
85755,2016Q4,35,0.7102,4.200,5.7
85755,2017Q1,37,0.5511,3.811,24.3
85755,2017Q2,50,0.6967,3.640,12.0
85755,2017Q3,65,0.5728,3.677,20.0
85755,2017Q4,71,0.5035,3.380,21.1
85755,2018Q1,74,0.5396,3.514,18.9
85755,2018Q2,62,0.6156,3.968,11.3
85755,2018Q3,83,0.6914,4.060,10.8
85755,2018Q4,69,0.6215,4.130,18.8
85755,2019Q1,79,0.6598,3.810,12.7
85755,2019Q2,72,0.6334,4.028,16.7
85755,2019Q3,58,0.6948,3.724,10.3
85755,2019Q4,65,0.5815,3.769,15.4
85755,2020Q1,46,0.6801,3.804,10.9
85755,2020Q2,47,0.5773,3.830,19.1
85755,2020Q3,48,0.4916,3.708,22.9
85755,2020Q4,44,0.5569,3.318,18.2
85755,2021Q1,43,0.5967,3.860,16.3
85755,2021Q2,58,0.5340,3.879,24.1
85755,2021Q3,50,0.5561,4.000,18.0
85755,2021Q4,84,0.5167,3.619,20.2
85756,2012Q1,27,0.7409,3.556,11.1
85756,2012Q2,18,0.3705,3.611,27.8
85756,2012Q3,26,0.6051,3.385,15.4
85756,2012Q4,31,0.5076,3.452,19.4
85756,2013Q1,31,0.6292,3.452,16.1
85756,2013Q2,36,0.6302,3.389,13.9
85756,2013Q3,33,0.3762,3.273,27.3
85756,2013Q4,48,0.5197,3.250,20.8
85756,2014Q1,62,0.5691,3.613,19.4
85756,2014Q2,69,0.5578,3.609,20.3
85756,2014Q3,74,0.5904,3.622,17.6
85756,2014Q4,72,0.4954,3.444,25.0
85756,2015Q1,85,0.3227,2.671,31.8
85756,2015Q2,94,0.3962,3.074,30.9
85756,2015Q3,86,0.4300,3.035,20.9
85756,2015Q4,76,0.4968,3.303,19.7
85756,2016Q1,106,0.3943,2.962,26.4
85756,2016Q2,123,0.5118,3.455,18.7
85756,2016Q3,103,0.4642,3.282,23.3
85756,2016Q4,63,0.4901,3.508,22.2
85756,2017Q1,84,0.5237,3.345,19.0
85756,2017Q2,87,0.4909,3.195,23.0
85756,2017Q3,76,0.4387,3.132,25.0
85756,2017Q4,82,0.4284,3.341,28.0
85756,2018Q1,96,0.4403,3.219,22.9
85756,2018Q2,92,0.5301,3.359,20.7
85756,2018Q3,99,0.2023,2.697,38.4
85756,2018Q4,119,0.4220,3.042,26.9
85756,2019Q1,166,0.5155,3.380,20.5
85756,2019Q2,117,0.4369,3.222,25.6
85756,2019Q3,111,0.3951,3.153,27.9
85756,2019Q4,109,0.4715,3.284,20.2
85756,2020Q1,96,0.4319,3.250,25.0
85756,2020Q2,42,0.2095,2.619,38.1
85756,2020Q3,69,0.1940,2.783,40.6
85756,2020Q4,57,0.2971,3.088,31.6
85756,2021Q1,87,0.3006,3.057,31.0
85756,2021Q2,87,0.1954,2.920,42.5
85756,2021Q3,84,0.2520,2.631,36.9
85756,2021Q4,95,0.2869,3.042,33.7
85757,2012Q1,28,0.8330,4.107,7.1
85757,2012Q2,8,0.8711,3.625,0.0
85757,2012Q3,18,0.4939,3.167,22.2
85757,2012Q4,7,0.9059,3.857,0.0
85757,2013Q1,24,0.7087,4.208,12.5
85757,2013Q2,19,0.6703,3.632,5.3
85757,2013Q3,28,0.8935,3.464,0.0
85757,2013Q4,23,0.7848,3.565,8.7
85757,2014Q1,17,0.5105,3.353,23.5
85757,2014Q2,29,0.5599,2.966,20.7
85757,2014Q3,35,0.7149,3.371,8.6
85757,2014Q4,22,0.5805,2.591,18.2
85757,2015Q1,30,0.5797,3.300,16.7
85757,2015Q2,25,0.6025,3.600,20.0
85757,2015Q3,23,0.7627,3.783,8.7
85757,2015Q4,29,0.4786,3.276,24.1
85757,2016Q1,15,0.6320,3.333,6.7
85757,2016Q2,26,0.6242,3.000,15.4
85757,2016Q3,17,0.5842,3.059,11.8
85757,2016Q4,25,0.5018,3.200,24.0
85757,2017Q1,20,0.4339,3.100,25.0
85757,2017Q2,24,0.5874,3.333,16.7
85757,2017Q3,39,0.4026,3.000,28.2
85757,2017Q4,29,0.6285,3.448,17.2
85757,2018Q1,26,0.6660,3.923,11.5
85757,2018Q2,24,0.7504,3.667,8.3
85757,2018Q3,32,0.5744,3.406,15.6
85757,2018Q4,27,0.5347,3.148,22.2
85757,2019Q1,37,0.7371,3.405,8.1
85757,2019Q2,28,0.4540,2.821,25.0
85757,2019Q3,45,0.4206,2.778,24.4
85757,2019Q4,34,0.5997,3.353,11.8
85757,2020Q1,34,0.5594,3.000,20.6
85757,2020Q2,14,0.1937,2.286,42.9
85757,2020Q3,20,0.4836,3.050,20.0
85757,2020Q4,15,0.2992,3.000,33.3
85757,2021Q1,27,0.3181,2.481,33.3
85757,2021Q2,23,0.1631,2.652,39.1
85757,2021Q3,33,0.3476,2.727,30.3
85757,2021Q4,19,0.4355,3.474,26.3
